candidate_pair_id,left_source_system,left_record_id,left_business_name,right_source_system,right_record_id,right_business_name,pin_code,match_score,decision,name_score,address_score,identifier_score,phone_score,same_entity_ground_truth,explanation
PAIR-000001,UDYAM,UDYAM-KR-BLRU-2016-000006,NAVEEN FASHIONS TRADERS,GST,GST-KA-BLRU-2019-000008,Naveen Fashions Traders,560076,100,AUTO_LINK,100.0,100,100,100,True,auto-link candidate: high name similarity (100.0); similar address/PIN (100); strong hashed PAN/GSTIN/Udyam match; same phone number
PAIR-000002,GST,GST-KA-BLRU-2022-000013,MYSORE MOLD SOLUTIONS,BBMP,BBMP-TL-MAHA-2015-000007,Mysore Mold Solutions,560066,100,AUTO_LINK,100.0,100,100,100,True,auto-link candidate: high name similarity (100.0); similar address/PIN (100); strong hashed PAN/GSTIN/Udyam match; same phone number
PAIR-000003,GST,GST-KA-BLRR-2019-000024,OMKAR LLP,LABOUR,LAB-KA-BLRR-2021-000017,Omkar LLP,561203,100,AUTO_LINK,100.0,100,100,100,True,auto-link candidate: high name similarity (100.0); similar address/PIN (100); strong hashed PAN/GSTIN/Udyam match; same phone number
PAIR-000004,GST,GST-KA-BLRR-2024-000029,M/S Kaveri Cafe LLP,FACTORY,KFBIS-FAC-BLRR-2025-000018,M/S Kaveri Cafe LLP,562114,100,AUTO_LINK,100.0,100,100,100,True,auto-link candidate: high name similarity (100.0); similar address/PIN (100); strong hashed PAN/GSTIN/Udyam match; same phone number
PAIR-000005,UDYAM,UDYAM-KR-TUM-2021-000074,Bangalore Machining Co,GST,GST-KA-TUM-2018-000122,Bangalore Machining Co,572106,100,AUTO_LINK,100.0,100,100,100,True,auto-link candidate: high name similarity (100.0); similar address/PIN (100); strong hashed PAN/GSTIN/Udyam match; same phone number
PAIR-000006,GST,GST-KA-MYS-2021-000140,Sree Associates,UDYAM,UDYAM-KR-MYS-2023-000085,M/S Sree Associates,570018,100,AUTO_LINK,100.0,100,100,100,True,auto-link candidate: high name similarity (100.0); similar address/PIN (100); strong hashed PAN/GSTIN/Udyam match; same phone number
PAIR-000007,BBMP,BBMP-TL-SOUT-2022-000069,Srinidhi Injection Enterprises,KSPCB,PCB/BLRU/CTE/2018/00082,Srinidhi Injection Enterprises,560076,100,AUTO_LINK,100.0,100,100,100,True,auto-link candidate: high name similarity (100.0); similar address/PIN (100); strong hashed PAN/GSTIN/Udyam match; same phone number
PAIR-000008,SHOP,KAR-SHOP-BLRU-2016-000132,Sri Foods Company,GST,GST-KA-BLRU-2022-000150,Sri Foods Company,560100,100,AUTO_LINK,100.0,100,100,100,True,auto-link candidate: high name similarity (100.0); similar address/PIN (100); strong hashed PAN/GSTIN/Udyam match; same phone number
PAIR-000009,UDYAM,UDYAM-KR-MYS-2020-000113,M/S Srinidhi Traders,KSPCB,PCB/MYS/CTE/2020/00100,Srinidhi Traders,570016,100,AUTO_LINK,100.0,100,100,100,True,auto-link candidate: high name similarity (100.0); similar address/PIN (100); strong hashed PAN/GSTIN/Udyam match; same phone number
PAIR-000010,KSPCB,PCB/MYS/CTE/2020/00100,Srinidhi Traders,GST,GST-KA-MYS-2023-000181,Srinidhi Traders,570016,100,AUTO_LINK,100.0,100,100,100,True,auto-link candidate: high name similarity (100.0); similar address/PIN (100); strong hashed PAN/GSTIN/Udyam match; same phone number
PAIR-000011,GST,GST-KA-BLRR-2025-000195,Kaveri Associates,SHOP,KAR-SHOP-BLRR-2022-000162,M/S Kaveri Associates,562110,100,AUTO_LINK,100.0,100,100,100,True,auto-link candidate: high name similarity (100.0); similar address/PIN (100); strong hashed PAN/GSTIN/Udyam match; same phone number
PAIR-000012,GST,GST-KA-BLRU-2018-000227,Ananya Chem Industries,KSPCB,PCB/BLRU/CTO/2015/00127,Ananya Chem Industries,560059,100,AUTO_LINK,100.0,100,100,100,True,auto-link candidate: high name similarity (100.0); similar address/PIN (100); strong hashed PAN/GSTIN/Udyam match; same phone number
PAIR-000013,SHOP,KAR-SHOP-BLRU-2015-000200,Lakshmi Kitchen Pvt Ltd,BBMP,BBMP-TL-YELA-2022-000121,Lakshmi Kitchen Pvt Ltd,560024,100,AUTO_LINK,100.0,100,100,100,True,auto-link candidate: high name similarity (100.0); similar address/PIN (100); strong hashed PAN/GSTIN/Udyam match; same phone number
PAIR-000014,LABOUR,LAB-KA-BLRU-2020-000150,Udupi Cafe Pvt Ltd,GST,GST-KA-BLRU-2025-000245,M/S Udupi Cafe Pvt Ltd,560102,100,AUTO_LINK,100.0,100,100,100,True,auto-link candidate: high name similarity (100.0); similar address/PIN (100); strong hashed PAN/GSTIN/Udyam match; same phone number
PAIR-000015,BBMP,BBMP-TL-MAHA-2018-000126,Bangalore Industries LLP,GST,GST-KA-BLRU-2017-000249,BANGALORE INDUSTRIES LLP,560066,100,AUTO_LINK,100.0,100,100,100,True,auto-link candidate: high name similarity (100.0); similar address/PIN (100); strong hashed PAN/GSTIN/Udyam match; same phone number
PAIR-000016,SHOP,KAR-SHOP-BLRU-2025-000035,Ananya Print Works,UDYAM,UDYAM-KR-BLRU-2019-000027,Ananya Print Works,560102,99,AUTO_LINK,100.0,95.2,100,100,True,auto-link candidate: high name similarity (100.0); similar address/PIN (95.2); strong hashed PAN/GSTIN/Udyam match; same phone number
PAIR-000017,FACTORY,KFBIS-FAC-BLRU-2019-000024,Bharath Machining Company,GST,GST-KA-BLRU-2016-000043,Bharath Machining Company,560029|560059,99,AUTO_LINK,100.0,95.0,100,100,True,auto-link candidate: high name similarity (100.0); similar address/PIN (95.0); strong hashed PAN/GSTIN/Udyam match; same phone number
PAIR-000018,FACTORY,KFBIS-FAC-MYS-2021-000039,Prakruthi Packaging Solutins,KSPCB,PCB/MYS/CTE/2023/00035,Prakruthi Packaging Solutions,570016,99,AUTO_LINK,98.2,98.1,100,100,True,auto-link candidate: high name similarity (98.2); similar address/PIN (98.1); strong hashed PAN/GSTIN/Udyam match; same phone number
PAIR-000019,GST,GST-KA-BLRR-2015-000114,Lakshmi Graphics Solutions,KSPCB,PCB/BLRR/CTO/2019/00066,Lakshmi Graphics Solutions,562114,99,AUTO_LINK,100.0,95.2,100,100,True,auto-link candidate: high name similarity (100.0); similar address/PIN (95.2); strong hashed PAN/GSTIN/Udyam match; same phone number
PAIR-000020,GST,GST-KA-BLRU-2018-000120,Naveen Coatings Co,KSPCB,PCB/BLRU/CTE/2025/00070,Naveen Coatngs Co,560059,99,AUTO_LINK,96.6,100,100,100,True,auto-link candidate: high name similarity (96.6); similar address/PIN (100); strong hashed PAN/GSTIN/Udyam match; same phone number
PAIR-000021,KSPCB,PCB/BLRU/CTE/2025/00070,Naveen Coatngs Co,FACTORY,KFBIS-FAC-BLRU-2020-000077,M/S Naveen Coatings Co,560059,99,AUTO_LINK,96.6,98.3,100,100,True,auto-link candidate: high name similarity (96.6); similar address/PIN (98.3); strong hashed PAN/GSTIN/Udyam match; same phone number
PAIR-000022,GST,GST-KA-TUM-2018-000122,Bangalore Machining Co,FACTORY,KFBIS-FAC-TUM-2025-000079,Bangalore Machining Co,572106,99,AUTO_LINK,100.0,97.4,100,100,True,auto-link candidate: high name similarity (100.0); similar address/PIN (97.4); strong hashed PAN/GSTIN/Udyam match; same phone number
PAIR-000023,BBMP,BBMP-TL-YELA-2022-000101,Siddhi Enterprises,SHOP,KAR-SHOP-BLRU-2020-000170,Siddhi Enteprises,560064,99,AUTO_LINK,97.1,100,100,100,True,auto-link candidate: high name similarity (97.1); similar address/PIN (100); strong hashed PAN/GSTIN/Udyam match; same phone number
PAIR-000024,UDYAM,UDYAM-KR-BLRU-2018-000150,Mysore Health Industries,GST,GST-KA-BLRU-2019-000237,M/S MYSORE HEALTH INDUSTRIES,560064|560068,99,AUTO_LINK,100.0,94.6,100,100,True,auto-link candidate: high name similarity (100.0); similar address/PIN (94.6); strong hashed PAN/GSTIN/Udyam match; same phone number
PAIR-000025,GST,GST-KA-BLRU-2019-000237,M/S MYSORE HEALTH INDUSTRIES,SHOP,KAR-SHOP-BLRU-2019-000201,Mysore Health Industries,560068,99,AUTO_LINK,100.0,97.2,100,100,True,auto-link candidate: high name similarity (100.0); similar address/PIN (97.2); strong hashed PAN/GSTIN/Udyam match; same phone number
PAIR-000026,FACTORY,KFBIS-FAC-BLRU-2023-000004,Naveen Fashions Traders,LABOUR,LAB-KA-BLRU-2020-000004,Naveen Fashions Traders,560076,98,AUTO_LINK,100.0,100,95,100,True,auto-link candidate: high name similarity (100.0); similar address/PIN (100); strong hashed PAN/GSTIN/Udyam match; same phone number
PAIR-000027,SHOP,KAR-SHOP-BLRU-2017-000010,Siddhi Industrial Industries,UDYAM,UDYAM-KR-BLRU-2016-000008,Siddhi Industrial Industries,560100,98,AUTO_LINK,100.0,100,95,100,True,auto-link candidate: high name similarity (100.0); similar address/PIN (100); strong hashed PAN/GSTIN/Udyam match; same phone number
PAIR-000028,KSPCB,PCB/MYS/CTO/2016/00010,M/S Prakruthi Packaging Solutions,GST,GST-KA-MYS-2022-000016,Prakruthi Packaging Solutions,570016,98,AUTO_LINK,100.0,99.9,95,100,True,auto-link candidate: high name similarity (100.0); similar address/PIN (99.9); strong hashed PAN/GSTIN/Udyam match; same phone number
PAIR-000029,UDYAM,UDYAM-KR-BLRU-2018-000013,Bangalore Moulding Associates,KSPCB,PCB/BLRU/CTO/2024/00012,Bangalore Moulding Associates,560043|560068,98,AUTO_LINK,100.0,97.6,95,100,True,auto-link candidate: high name similarity (100.0); similar address/PIN (97.6); strong hashed PAN/GSTIN/Udyam match; same phone number
PAIR-000030,KSPCB,PCB/BLRR/CTE/2019/00024,M/S Veda Stitch LLP,SHOP,KAR-SHOP-BLRR-2017-000044,Veda Stitch LLP,562114,98,AUTO_LINK,100.0,100,95,100,True,auto-link candidate: high name similarity (100.0); similar address/PIN (100); strong hashed PAN/GSTIN/Udyam match; same phone number
PAIR-000031,SHOP,KAR-SHOP-BLRR-2017-000044,Veda Stitch LLP,UDYAM,UDYAM-KR-BLRR-2023-000034,M/S Veda Stitch LLP,562114,98,AUTO_LINK,100.0,100,95,100,True,auto-link candidate: high name similarity (100.0); similar address/PIN (100); strong hashed PAN/GSTIN/Udyam match; same phone number
PAIR-000032,UDYAM,UDYAM-KR-BLRU-2024-000040,SRINIDHI COMPANY,GST,GST-KA-BLRU-2023-000057,Srinidhi Co,560037,98,AUTO_LINK,100.0,98.7,95,100,True,auto-link candidate: high name similarity (100.0); similar address/PIN (98.7); strong hashed PAN/GSTIN/Udyam match; same phone number
PAIR-000033,LABOUR,LAB-KA-BLRU-2018-000049,Navya Printers Traders,FACTORY,KFBIS-FAC-BLRU-2015-000051,Navya Printers Traders,560100,98,AUTO_LINK,100.0,98.1,95,100,True,auto-link candidate: high name similarity (100.0); similar address/PIN (98.1); strong hashed PAN/GSTIN/Udyam match; same phone number
PAIR-000034,UDYAM,UDYAM-KR-BLRU-2021-000054,Sharma Chem LLP,GST,GST-KA-BLRU-2025-000082,Sharma Chem LLP,560085,98,AUTO_LINK,100.0,100,95,100,True,auto-link candidate: high name similarity (100.0); similar address/PIN (100); strong hashed PAN/GSTIN/Udyam match; same phone number
PAIR-000035,GST,GST-KA-BLRU-2020-000090,M/S Sree Clini Industries,BBMP,BBMP-TL-BOMM-2025-000043,M/S Sree Clinic Industries,560102,98,AUTO_LINK,97.7,100,95,100,True,auto-link candidate: high name similarity (97.7); similar address/PIN (100); strong hashed PAN/GSTIN/Udyam match; same phone number
PAIR-000036,UDYAM,UDYAM-KR-BLRR-2017-000071,LAKSHMI GRAPHICS SOLUTIONS,LABOUR,LAB-KA-BLRR-2025-000071,M/S Lakshmi Graphics Solutions,562114,98,AUTO_LINK,100.0,100,95,100,True,auto-link candidate: high name similarity (100.0); similar address/PIN (100); strong hashed PAN/GSTIN/Udyam match; same phone number
PAIR-000037,UDYAM,UDYAM-KR-BLRU-2020-000073,NAVEEN COATINGS CO,GST,GST-KA-BLRU-2018-000120,Naveen Coatings Co,560059,98,AUTO_LINK,100.0,100,95,100,True,auto-link candidate: high name similarity (100.0); similar address/PIN (100); strong hashed PAN/GSTIN/Udyam match; same phone number
PAIR-000038,LABOUR,LAB-KA-BLRU-2019-000091,Sahana Apparels Co,UDYAM,UDYAM-KR-BLRU-2024-000091,Sahana Apparels Co,560037,98,AUTO_LINK,100.0,100,95,100,True,auto-link candidate: high name similarity (100.0); similar address/PIN (100); strong hashed PAN/GSTIN/Udyam match; same phone number
PAIR-000039,GST,GST-KA-BLRU-2022-000150,Sri Foods Company,FACTORY,KFBIS-FAC-BLRU-2024-000094,M/S Sr Foods Company,560100,98,AUTO_LINK,94.1,99.1,100,100,True,auto-link candidate: high name similarity (94.1); similar address/PIN (99.1); strong hashed PAN/GSTIN/Udyam match; same phone number
PAIR-000040,LABOUR,LAB-KA-TUM-2016-000103,Udupi Sstems Traders,UDYAM,UDYAM-KR-TUM-2017-000105,Udupi Systems Traders,572101,98,AUTO_LINK,97.6,100,95,100,True,auto-link candidate: high name similarity (97.6); similar address/PIN (100); strong hashed PAN/GSTIN/Udyam match; same phone number
PAIR-000041,SHOP,KAR-SHOP-BLRU-2023-000166,Sree Pharma Pvt. Ltd.,UDYAM,UDYAM-KR-BLRU-2019-000124,Sree Pharma Pvt Ltd,560068,98,AUTO_LINK,100.0,100,95,100,True,auto-link candidate: high name similarity (100.0); similar address/PIN (100); strong hashed PAN/GSTIN/Udyam match; same phone number
PAIR-000042,UDYAM,UDYAM-KR-BLRU-2019-000124,Sree Pharma Pvt Ltd,GST,GST-KA-BLRU-2025-000200,M/S Sree Pharma Pvt Ltd,560068,98,AUTO_LINK,100.0,98.9,95,100,True,auto-link candidate: high name similarity (100.0); similar address/PIN (98.9); strong hashed PAN/GSTIN/Udyam match; same phone number
PAIR-000043,BBMP,BBMP-TL-BOMM-2022-000105,Sree Print Co,GST,GST-KA-BLRU-2015-000209,M/S Sree Print Co,560102,98,AUTO_LINK,100.0,100,95,100,True,auto-link candidate: high name similarity (100.0); similar address/PIN (100); strong hashed PAN/GSTIN/Udyam match; same phone number
PAIR-000044,GST,GST-KA-BLRU-2015-000209,M/S Sree Print Co,UDYAM,UDYAM-KR-BLRU-2021-000131,M/S Sree Print Co,560102,98,AUTO_LINK,100.0,100,95,100,True,auto-link candidate: high name similarity (100.0); similar address/PIN (100); strong hashed PAN/GSTIN/Udyam match; same phone number
PAIR-000045,UDYAM,UDYAM-KR-BLRU-2021-000131,M/S Sree Print Co,KSPCB,PCB/BLRU/CTE/2022/00119,M/S Sree Print Co,560102,98,AUTO_LINK,100.0,100,95,100,True,auto-link candidate: high name similarity (100.0); similar address/PIN (100); strong hashed PAN/GSTIN/Udyam match; same phone number
PAIR-000046,LABOUR,LAB-KA-BLRU-2022-000136,M/S Aditya Meds Co,GST,GST-KA-BLRU-2025-000225,ADITYA MEDS CO,560024,98,AUTO_LINK,100.0,97.9,95,100,True,auto-link candidate: high name similarity (100.0); similar address/PIN (97.9); strong hashed PAN/GSTIN/Udyam match; same phone number
PAIR-000047,GST,GST-KA-BLRU-2025-000225,ADITYA MEDS CO,BBMP,BBMP-TL-YELA-2025-000115,M/S Aditya Meds Co,560024,98,AUTO_LINK,100.0,100,95,100,True,auto-link candidate: high name similarity (100.0); similar address/PIN (100); strong hashed PAN/GSTIN/Udyam match; same phone number
PAIR-000048,SHOP,KAR-SHOP-MYS-2024-000213,Lakshmi LLP,UDYAM,UDYAM-KR-MYS-2018-000161,Lakshmi LLP,570016,98,AUTO_LINK,100.0,99.3,95,100,True,auto-link candidate: high name similarity (100.0); similar address/PIN (99.3); strong hashed PAN/GSTIN/Udyam match; same phone number
PAIR-000049,LABOUR,LAB-KA-MYS-2016-000002,Deccan Industres,UDYAM,UDYAM-KR-MYS-2023-000003,Deccan Industries,570001,97,AUTO_LINK,97.0,100,95,100,True,auto-link candidate: high name similarity (97.0); similar address/PIN (100); strong hashed PAN/GSTIN/Udyam match; same phone number
PAIR-000050,LABOUR,LAB-KA-BLRU-2020-000004,Naveen Fashions Traders,UDYAM,UDYAM-KR-BLRU-2016-000006,NAVEEN FASHIONS TRADERS,560076,97,AUTO_LINK,100.0,95.2,95,100,True,auto-link candidate: high name similarity (100.0); similar address/PIN (95.2); strong hashed PAN/GSTIN/Udyam match; same phone number
PAIR-000051,GST,GST-KA-BLRU-2023-000057,Srinidhi Co,FACTORY,KFBIS-FAC-BLRU-2022-000033,Srinidhi Company,560037,97,AUTO_LINK,100.0,96.8,95,100,True,auto-link candidate: high name similarity (100.0); similar address/PIN (96.8); strong hashed PAN/GSTIN/Udyam match; same phone number
PAIR-000052,UDYAM,UDYAM-KR-BLRU-2020-000047,M/S Kavei Systems Pvt Ltd,LABOUR,LAB-KA-BLRU-2023-000043,Kaveri Systems Pvt. Ltd.,560102,97,AUTO_LINK,96.3,100,95,100,True,auto-link candidate: high name similarity (96.3); similar address/PIN (100); strong hashed PAN/GSTIN/Udyam match; same phone number
PAIR-000053,GST,GST-KA-BLRU-2025-000245,M/S Udupi Cafe Pvt Ltd,UDYAM,UDYAM-KR-BLRU-2016-000156,Udupi Cafe Pvt Ltd,560102,97,AUTO_LINK,100.0,94.8,95,100,True,auto-link candidate: high name similarity (100.0); similar address/PIN (94.8); strong hashed PAN/GSTIN/Udyam match; same phone number
PAIR-000054,GST,GST-KA-BLRU-2025-000082,Sharma Chem LLP,FACTORY,KFBIS-FAC-BLRU-2018-000055,M/S Sharma Chem LP,560085,96,AUTO_LINK,88.0,100,100,100,True,auto-link candidate: high name similarity (88.0); similar address/PIN (100); strong hashed PAN/GSTIN/Udyam match; same phone number
PAIR-000055,KSPCB,PCB/BLRU/CTE/2025/00049,Naveen Polymers Solutions,GST,GST-KA-BLRU-2015-000083,Naveen Polymers Solutions,560102,96,AUTO_LINK,100.0,92.8,95,100,True,auto-link candidate: high name similarity (100.0); similar address/PIN (92.8); strong hashed PAN/GSTIN/Udyam match; same phone number
PAIR-000056,BBMP,BBMP-TL-YELA-2025-000115,M/S Aditya Meds Co,SHOP,KAR-SHOP-BLRU-2015-000190,Aditya Meds Co,560024|560064,96,AUTO_LINK,100.0,89.7,95,100,True,auto-link candidate: high name similarity (100.0); similar address/PIN (89.7); strong hashed PAN/GSTIN/Udyam match; same phone number
PAIR-000057,SHOP,KAR-SHOP-BLRU-2023-000179,Ananya Cafe Enterprises,GST,GST-KA-BLRU-2021-000213,M/S Ananya Cafe Entp,560058,95,AUTO_LINK,82.1,100,100,100,True,auto-link candidate: high name similarity (82.1); similar address/PIN (100); strong hashed PAN/GSTIN/Udyam match; same phone number
PAIR-000058,GST,GST-KA-BLRU-2018-000227,Ananya Chem Industries,UDYAM,UDYAM-KR-BLRU-2015-000140,Ananya Chem Inds,560059,95,AUTO_LINK,84.2,100,100,100,True,auto-link candidate: high name similarity (84.2); similar address/PIN (100); strong hashed PAN/GSTIN/Udyam match; same phone number
PAIR-000059,SHOP,KAR-SHOP-BLRU-2016-000215,Asha Packaging Enterprises,GST,GST-KA-BLRU-2025-000254,Asha Packaging Entp,560066,95,AUTO_LINK,84.4,100,100,100,True,auto-link candidate: high name similarity (84.4); similar address/PIN (100); strong hashed PAN/GSTIN/Udyam match; same phone number
PAIR-000060,UDYAM,UDYAM-KR-BLRU-2024-000147,Siddhi Works Entp,KSPCB,PCB/BLRU/CTO/2020/00131,Siddhi Works Enterprises,560076,94,AUTO_LINK,82.9,95.0,100,100,True,auto-link candidate: high name similarity (82.9); similar address/PIN (95.0); strong hashed PAN/GSTIN/Udyam match; same phone number
PAIR-000061,UDYAM,UDYAM-KR-TUM-2015-000022,Kaveri Press Enterprises,GST,GST-KA-TUM-2018-000033,Kaveri Press Entp,572101,93,AUTO_LINK,82.9,91.5,100,100,True,auto-link candidate: high name similarity (82.9); similar address/PIN (91.5); strong hashed PAN/GSTIN/Udyam match; same phone number
PAIR-000062,FACTORY,KFBIS-FAC-BLRU-2021-000070,Omkar Agro Company,UDYAM,UDYAM-KR-BLRU-2022-000067,Omkar Agro Company,560068,93,AUTO_LINK,100.0,100,80,100,True,auto-link candidate: high name similarity (100.0); similar address/PIN (100); strong hashed PAN/GSTIN/Udyam match; same phone number
PAIR-000063,UDYAM,UDYAM-KR-BLRU-2024-000091,Sahana Apparels Co,SHOP,KAR-SHOP-BLRU-2016-000127,Sahan Apparels Co,560037,92,AUTO_LINK,96.6,100,80,100,True,auto-link candidate: high name similarity (96.6); similar address/PIN (100); strong hashed PAN/GSTIN/Udyam match; same phone number
PAIR-000064,UDYAM,UDYAM-KR-BLRU-2017-000154,Omkar Health Enterprises,GST,GST-KA-BLRU-2024-000243,M/S Omkar Healt Entp,560064,92,AUTO_LINK,80.0,100,95,100,True,auto-link candidate: high name similarity (80.0); similar address/PIN (100); strong hashed PAN/GSTIN/Udyam match; same phone number
PAIR-000065,SHOP,KAR-SHOP-BLRU-2015-000012,Mysore Mold Solutions,GST,GST-KA-BLRU-2022-000013,MYSORE MOLD SOLUTIONS,560066,90,AUTO_LINK,100.0,100,100,0,True,auto-link candidate: high name similarity (100.0); similar address/PIN (100); strong hashed PAN/GSTIN/Udyam match
PAIR-000066,BBMP,BBMP-TL-MAHA-2015-000007,Mysore Mold Solutions,UDYAM,UDYAM-KR-BLRU-2018-000010,MYSORE MOLD SOLUTIONS,560066,90,AUTO_LINK,100.0,100,100,0,True,auto-link candidate: high name similarity (100.0); similar address/PIN (100); strong hashed PAN/GSTIN/Udyam match
PAIR-000067,LABOUR,LAB-KA-MYS-2024-000010,Ravi Plastics Works,FACTORY,KFBIS-FAC-MYS-2023-000010,Ravi Plastics Works,570016,90,AUTO_LINK,100.0,100,100,0,True,auto-link candidate: high name similarity (100.0); similar address/PIN (100); strong hashed PAN/GSTIN/Udyam match
PAIR-000068,GST,GST-KA-BLRU-2017-000017,Sri Devices Solutions,UDYAM,UDYAM-KR-BLRU-2025-000012,Sri Devices Solutions,560102,90,AUTO_LINK,100.0,100,100,0,True,auto-link candidate: high name similarity (100.0); similar address/PIN (100); strong hashed PAN/GSTIN/Udyam match
PAIR-000069,SHOP,KAR-SHOP-BLRU-2025-000015,Sri Devices Solutions,LABOUR,LAB-KA-BLRU-2024-000011,Sri Devices Solutions,560102,90,AUTO_LINK,100.0,100,100,0,True,auto-link candidate: high name similarity (100.0); similar address/PIN (100); strong hashed PAN/GSTIN/Udyam match
PAIR-000070,SHOP,KAR-SHOP-BLRR-2022-000022,Omkar LLP,GST,GST-KA-BLRR-2019-000024,OMKAR LLP,561203,90,AUTO_LINK,100.0,100,100,0,True,auto-link candidate: high name similarity (100.0); similar address/PIN (100); strong hashed PAN/GSTIN/Udyam match
PAIR-000071,KSPCB,PCB/BLRU/CTO/2020/00015,Nisarga Industrial Co,FACTORY,KFBIS-FAC-BLRU-2022-000019,Nisarga Industrial Co,560024,90,AUTO_LINK,100.0,100,100,0,True,auto-link candidate: high name similarity (100.0); similar address/PIN (100); strong hashed PAN/GSTIN/Udyam match
PAIR-000072,GST,GST-KA-BLRU-2025-000039,Ananya Print Works,SHOP,KAR-SHOP-BLRU-2025-000035,Ananya Print Works,560102,90,AUTO_LINK,100.0,100,100,0,True,auto-link candidate: high name similarity (100.0); similar address/PIN (100); strong hashed PAN/GSTIN/Udyam match
PAIR-000073,LABOUR,LAB-KA-BLRU-2024-000027,Harsha Packaging Enterprises,KSPCB,PCB/BLRU/CTO/2017/00020,Harsha Packaging Enterprises,560059,90,AUTO_LINK,100.0,100,100,0,True,auto-link candidate: high name similarity (100.0); similar address/PIN (100); strong hashed PAN/GSTIN/Udyam match
PAIR-000074,UDYAM,UDYAM-KR-BLRU-2017-000036,VEDA DEVICES CO,GST,GST-KA-BLRU-2021-000051,M/S Veda Devices Co,560034,90,AUTO_LINK,100.0,100,100,0,True,auto-link candidate: high name similarity (100.0); similar address/PIN (100); strong hashed PAN/GSTIN/Udyam match
PAIR-000075,KSPCB,PCB/TUM/CTE/2023/00033,Bangalore Coatings Co,FACTORY,KFBIS-FAC-TUM-2016-000036,M/S Bangalore Coatings Co,572106,90,AUTO_LINK,100.0,98.4,100,0,True,auto-link candidate: high name similarity (100.0); similar address/PIN (98.4); strong hashed PAN/GSTIN/Udyam match
PAIR-000076,GST,GST-KA-BLRR-2017-000059,Aditya Medical Pvt. Ltd.,BBMP,BBMP-TL-BENG-2023-000025,M/S Aditya Medical Pvt Ltd,562114,90,AUTO_LINK,100.0,100,100,0,True,auto-link candidate: high name similarity (100.0); similar address/PIN (100); strong hashed PAN/GSTIN/Udyam match
PAIR-000077,GST,GST-KA-MYS-2019-000066,Bangalore Works,FACTORY,KFBIS-FAC-MYS-2023-000043,M/S Bangalore Works,570016,90,AUTO_LINK,100.0,100,100,0,True,auto-link candidate: high name similarity (100.0); similar address/PIN (100); strong hashed PAN/GSTIN/Udyam match
PAIR-000078,FACTORY,KFBIS-FAC-MYS-2024-000048,Ananya Devices Solutions,GST,GST-KA-MYS-2017-000072,M/S Ananya Devices Solutions,570016,90,AUTO_LINK,100.0,100,100,0,True,auto-link candidate: high name similarity (100.0); similar address/PIN (100); strong hashed PAN/GSTIN/Udyam match
PAIR-000079,BBMP,BBMP-TL-SOUT-2024-000035,M/S Ananya Labs Pvt Ltd,FACTORY,KFBIS-FAC-BLRU-2017-000049,M/S Ananya Labs Pvt Ltd,560085,90,AUTO_LINK,100.0,100,100,0,True,auto-link candidate: high name similarity (100.0); similar address/PIN (100); strong hashed PAN/GSTIN/Udyam match
PAIR-000080,GST,GST-KA-BLRR-2018-000073,Mysore Cargo Solutions,SHOP,KAR-SHOP-BLRR-2019-000069,Mysore Cargo Solutions,562114,90,AUTO_LINK,100.0,99.7,100,0,True,auto-link candidate: high name similarity (100.0); similar address/PIN (99.7); strong hashed PAN/GSTIN/Udyam match
PAIR-000081,LABOUR,LAB-KA-BLRU-2018-000048,Aditya Garments Industries,GST,GST-KA-BLRU-2024-000077,ADITYA GARMENTS INDUSTRIES,560064,90,AUTO_LINK,100.0,100,100,0,True,auto-link candidate: high name similarity (100.0); similar address/PIN (100); strong hashed PAN/GSTIN/Udyam match
PAIR-000082,LABOUR,LAB-KA-BLRU-2020-000066,M/S Aarohi Bakery Industries,GST,GST-KA-BLRU-2015-000102,Aarohi Bakery Industries,560064,90,AUTO_LINK,100.0,100,100,0,True,auto-link candidate: high name similarity (100.0); similar address/PIN (100); strong hashed PAN/GSTIN/Udyam match
PAIR-000083,UDYAM,UDYAM-KR-MYS-2016-000068,M/S NISARGA PACKAGING TRADERS,KSPCB,PCB/MYS/CTE/2025/00063,Nisarga Packaging Traders,570001,90,AUTO_LINK,100.0,100,100,0,True,auto-link candidate: high name similarity (100.0); similar address/PIN (100); strong hashed PAN/GSTIN/Udyam match
PAIR-000084,KSPCB,PCB/MYS/CTE/2025/00063,Nisarga Packaging Traders,FACTORY,KFBIS-FAC-MYS-2025-000071,Nisarga Packaging Traders,570001,90,AUTO_LINK,100.0,100,100,0,True,auto-link candidate: high name similarity (100.0); similar address/PIN (100); strong hashed PAN/GSTIN/Udyam match
PAIR-000085,FACTORY,KFBIS-FAC-MYS-2025-000071,Nisarga Packaging Traders,LABOUR,LAB-KA-MYS-2022-000067,Nisarga Packaging Traders,570001,90,AUTO_LINK,100.0,100,100,0,True,auto-link candidate: high name similarity (100.0); similar address/PIN (100); strong hashed PAN/GSTIN/Udyam match
PAIR-000086,GST,GST-KA-BLRU-2016-000115,Meghana Machining Works,KSPCB,PCB/BLRU/CTO/2025/00067,Meghana Machining Works,560066,90,AUTO_LINK,100.0,99.7,100,0,True,auto-link candidate: high name similarity (100.0); similar address/PIN (99.7); strong hashed PAN/GSTIN/Udyam match
PAIR-000087,SHOP,KAR-SHOP-BLRU-2023-000102,Sahana Kitchen Solutions,LABOUR,LAB-KA-BLRU-2018-000073,Sahana Kitchen Solutions,560058,90,AUTO_LINK,100.0,100,100,0,True,auto-link candidate: high name similarity (100.0); similar address/PIN (100); strong hashed PAN/GSTIN/Udyam match
PAIR-000088,LABOUR,LAB-KA-BLRR-2017-000074,Aditya Chem Co,GST,GST-KA-BLRR-2025-000118,Aditya Chem Co,561203,90,AUTO_LINK,100.0,100,100,0,True,auto-link candidate: high name similarity (100.0); similar address/PIN (100); strong hashed PAN/GSTIN/Udyam match
PAIR-000089,UDYAM,UDYAM-KR-BLRU-2025-000077,M/S Ananya CNC LLP,GST,GST-KA-BLRU-2018-000125,M/S Ananya CNC LLP,560037,90,AUTO_LINK,100.0,100,100,0,True,auto-link candidate: high name similarity (100.0); similar address/PIN (100); strong hashed PAN/GSTIN/Udyam match
PAIR-000090,GST,GST-KA-MYS-2025-000131,Asha Bakery Co,KSPCB,PCB/MYS/CTE/2021/00076,Asha Bakery Co,570001,90,AUTO_LINK,100.0,100,100,0,True,auto-link candidate: high name similarity (100.0); similar address/PIN (100); strong hashed PAN/GSTIN/Udyam match
PAIR-000091,GST,GST-KA-BLRU-2020-000151,PRAKRUTHI BITES COMPANY,BBMP,BBMP-TL-SOUT-2016-000076,Prakruthi Bites Company,560068,90,AUTO_LINK,100.0,100,100,0,True,auto-link candidate: high name similarity (100.0); similar address/PIN (100); strong hashed PAN/GSTIN/Udyam match
PAIR-000092,GST,GST-KA-BLRR-2022-000154,M/S SRI MOULDING WORKS,KSPCB,PCB/BLRR/CTE/2025/00088,Sri Moulding Works,562157,90,AUTO_LINK,100.0,100,100,0,True,auto-link candidate: high name similarity (100.0); similar address/PIN (100); strong hashed PAN/GSTIN/Udyam match
PAIR-000093,SHOP,KAR-SHOP-BLRU-2024-000136,Nisarga Clinic LLP,GST,GST-KA-BLRU-2022-000157,Nisarga Clinic LLP,560068,90,AUTO_LINK,100.0,100,100,0,True,auto-link candidate: high name similarity (100.0); similar address/PIN (100); strong hashed PAN/GSTIN/Udyam match
PAIR-000094,GST,GST-KA-BLRU-2015-000165,M/S Srinidhi Works,LABOUR,LAB-KA-BLRU-2021-000105,Srinidhi Works,560043,90,AUTO_LINK,100.0,100,100,0,True,auto-link candidate: high name similarity (100.0); similar address/PIN (100); strong hashed PAN/GSTIN/Udyam match
PAIR-000095,FACTORY,KFBIS-FAC-BLRU-2025-000099,Ananya Resins Industries,LABOUR,LAB-KA-BLRU-2021-000106,M/S Ananya Resins Industries,560064,90,AUTO_LINK,100.0,100,100,0,True,auto-link candidate: high name similarity (100.0); similar address/PIN (100); strong hashed PAN/GSTIN/Udyam match
PAIR-000096,GST,GST-KA-BLRU-2024-000166,Ananya Resins Industries,LABOUR,LAB-KA-BLRU-2021-000106,M/S Ananya Resins Industries,560064,90,AUTO_LINK,100.0,100,100,0,True,auto-link candidate: high name similarity (100.0); similar address/PIN (100); strong hashed PAN/GSTIN/Udyam match
PAIR-000097,GST,GST-KA-BLRU-2015-000168,Siddhi Industries,KSPCB,PCB/BLRU/CTO/2019/00093,M/S Siddhi Industries,560029,90,AUTO_LINK,100.0,100,100,0,True,auto-link candidate: high name similarity (100.0); similar address/PIN (100); strong hashed PAN/GSTIN/Udyam match
PAIR-000098,GST,GST-KA-BLRU-2024-000172,Lakshmi Works,FACTORY,KFBIS-FAC-BLRU-2018-000102,Lakshmi Works,560085,90,AUTO_LINK,100.0,100,100,0,True,auto-link candidate: high name similarity (100.0); similar address/PIN (100); strong hashed PAN/GSTIN/Udyam match
PAIR-000099,GST,GST-KA-BLRU-2025-000182,M/S Prakruthi Biryani Solutions,BBMP,BBMP-TL-YELA-2022-000089,M/S Prakruthi Biryani Solutions,560064,90,AUTO_LINK,100.0,100,100,0,True,auto-link candidate: high name similarity (100.0); similar address/PIN (100); strong hashed PAN/GSTIN/Udyam match
PAIR-000100,GST,GST-KA-BLRU-2025-000189,M/S Mysore Biryani Associates,SHOP,KAR-SHOP-BLRU-2023-000160,Mysore Biryani Associates,560066,90,AUTO_LINK,100.0,100,100,0,True,auto-link candidate: high name similarity (100.0); similar address/PIN (100); strong hashed PAN/GSTIN/Udyam match
PAIR-000101,GST,GST-KA-BLRU-2020-000196,Veda Precision Company,UDYAM,UDYAM-KR-BLRU-2015-000122,Veda Precision Company,560058,90,AUTO_LINK,100.0,100,100,0,True,auto-link candidate: high name similarity (100.0); similar address/PIN (100); strong hashed PAN/GSTIN/Udyam match
PAIR-000102,FACTORY,KFBIS-FAC-BLRU-2024-000117,Veda Print Enterprises,GST,GST-KA-BLRU-2018-000206,M/S Veda Print Enterprises,560029,90,AUTO_LINK,100.0,100,100,0,True,auto-link candidate: high name similarity (100.0); similar address/PIN (100); strong hashed PAN/GSTIN/Udyam match
PAIR-000103,GST,GST-KA-MYS-2021-000207,Aditya Polymers Associates,LABOUR,LAB-KA-MYS-2020-000128,Aditya Polymers Associates,570001,90,AUTO_LINK,100.0,100,100,0,True,auto-link candidate: high name similarity (100.0); similar address/PIN (100); strong hashed PAN/GSTIN/Udyam match
PAIR-000104,LABOUR,LAB-KA-MYS-2020-000128,Aditya Polymers Associates,FACTORY,KFBIS-FAC-MYS-2017-000118,M/S Aditya Polymers Associates,570001,90,AUTO_LINK,100.0,100,100,0,True,auto-link candidate: high name similarity (100.0); similar address/PIN (100); strong hashed PAN/GSTIN/Udyam match
PAIR-000105,GST,GST-KA-BLRU-2019-000215,M/S Ganesh Care Company,SHOP,KAR-SHOP-BLRU-2018-000181,Ganesh Care Company,560034,90,AUTO_LINK,100.0,100,100,0,True,auto-link candidate: high name similarity (100.0); similar address/PIN (100); strong hashed PAN/GSTIN/Udyam match
PAIR-000106,BBMP,BBMP-TL-MAHA-2017-000112,Bharath Clinic Associates,SHOP,KAR-SHOP-BLRU-2017-000186,Bharath Clinic Associates,560037,90,AUTO_LINK,100.0,100,100,0,True,auto-link candidate: high name similarity (100.0); similar address/PIN (100); strong hashed PAN/GSTIN/Udyam match
PAIR-000107,FACTORY,KFBIS-FAC-MYS-2018-000125,Prakruthi Packaging Eterprises,GST,GST-KA-MYS-2020-000226,Prakruthi Packaging Enterprises,570001,90,AUTO_LINK,98.4,100,100,0,True,auto-link candidate: high name similarity (98.4); similar address/PIN (100); strong hashed PAN/GSTIN/Udyam match
PAIR-000108,GST,GST-KA-BLRU-2020-000239,Srinidhi Press Works,FACTORY,KFBIS-FAC-BLRU-2016-000131,M/S Srinidhi Press Works,560078,90,AUTO_LINK,100.0,100,100,0,True,auto-link candidate: high name similarity (100.0); similar address/PIN (100); strong hashed PAN/GSTIN/Udyam match
PAIR-000109,GST,GST-KA-BLRU-2024-000243,M/S Omkar Healt Entp,SHOP,KAR-SHOP-BLRU-2021-000207,M/S Omkar Health Enterprises,560064,90,AUTO_LINK,80.0,92.9,95,100,True,auto-link candidate: high name similarity (80.0); similar address/PIN (92.9); strong hashed PAN/GSTIN/Udyam match; same phone number
PAIR-000110,KSPCB,PCB/BLRU/CTE/2018/00007,Siddhi Industrial Inds,UDYAM,UDYAM-KR-BLRU-2016-000008,Siddhi Industrial Industries,560100,89,AUTO_LINK,88.0,96.4,80,100,True,auto-link candidate: high name similarity (88.0); similar address/PIN (96.4); strong hashed PAN/GSTIN/Udyam match; same phone number
PAIR-000111,FACTORY,KFBIS-FAC-MYS-2023-000010,Ravi Plastics Works,SHOP,KAR-SHOP-MYS-2015-000014,Ravi lastics Works,570016,89,AUTO_LINK,97.3,98.9,100,0,True,auto-link candidate: high name similarity (97.3); similar address/PIN (98.9); strong hashed PAN/GSTIN/Udyam match
PAIR-000112,SHOP,KAR-SHOP-BLRU-2025-000015,Sri Devices Solutions,GST,GST-KA-BLRU-2017-000017,Sri Devices Solutions,560102,89,AUTO_LINK,100.0,94.0,100,0,True,auto-link candidate: high name similarity (100.0); similar address/PIN (94.0); strong hashed PAN/GSTIN/Udyam match
PAIR-000113,SHOP,KAR-SHOP-MYS-2016-000042,M/S Prakruthi Electronics Industries,UDYAM,UDYAM-KR-MYS-2024-000032,M/S Prakruthi Electronics Industries,570016,89,AUTO_LINK,100.0,96.9,100,0,True,auto-link candidate: high name similarity (100.0); similar address/PIN (96.9); strong hashed PAN/GSTIN/Udyam match
PAIR-000114,GST,GST-KA-BLRU-2015-000046,Siddhi Systems LLP,KSPCB,PCB/BLRU/CTO/2017/00023,Siddhi Systems LLP,560059|560043,89,AUTO_LINK,100.0,94.2,100,0,True,auto-link candidate: high name similarity (100.0); similar address/PIN (94.2); strong hashed PAN/GSTIN/Udyam match
PAIR-000115,FACTORY,KFBIS-FAC-BLRU-2015-000035,Rai Tech Associates,GST,GST-KA-BLRU-2016-000058,Ravi Tech Associates,560066,89,AUTO_LINK,97.4,100,100,0,True,auto-link candidate: high name similarity (97.4); similar address/PIN (100); strong hashed PAN/GSTIN/Udyam match
PAIR-000116,GST,GST-KA-BLRU-2016-000058,Ravi Tech Associates,KSPCB,PCB/BLRU/CTE/2019/00032,Ravi Tech Associates,560066,89,AUTO_LINK,100.0,96.4,100,0,True,auto-link candidate: high name similarity (100.0); similar address/PIN (96.4); strong hashed PAN/GSTIN/Udyam match
PAIR-000117,GST,GST-KA-BLRU-2024-000103,OMKAR AGRO CO,KSPCB,PCB/BLRU/CTE/2019/00060,Omkar Agro Co,560100,89,AUTO_LINK,100.0,95.5,100,0,True,auto-link candidate: high name similarity (100.0); similar address/PIN (95.5); strong hashed PAN/GSTIN/Udyam match
PAIR-000118,GST,GST-KA-MYS-2018-000105,M/S NISARGA PCKAGING TRADERS,UDYAM,UDYAM-KR-MYS-2016-000068,M/S NISARGA PACKAGING TRADERS,570001,89,AUTO_LINK,98.0,100,100,0,True,auto-link candidate: high name similarity (98.0); similar address/PIN (100); strong hashed PAN/GSTIN/Udyam match
PAIR-000119,GST,GST-KA-MYS-2018-000105,M/S NISARGA PCKAGING TRADERS,LABOUR,LAB-KA-MYS-2022-000067,Nisarga Packaging Traders,570001,89,AUTO_LINK,98.0,100,100,0,True,auto-link candidate: high name similarity (98.0); similar address/PIN (100); strong hashed PAN/GSTIN/Udyam match
PAIR-000120,LABOUR,LAB-KA-BLRR-2017-000074,Aditya Chem Co,FACTORY,KFBIS-FAC-BLRR-2024-000076,M/S Aditya Chem Co,561203,89,AUTO_LINK,100.0,96.7,100,0,True,auto-link candidate: high name similarity (100.0); similar address/PIN (96.7); strong hashed PAN/GSTIN/Udyam match
PAIR-000121,FACTORY,KFBIS-FAC-TUM-2025-000079,Bangalore Machining Co,LABOUR,LAB-KA-TUM-2024-000076,Bangalore Machining Co,572106,89,AUTO_LINK,100.0,97.4,100,0,True,auto-link candidate: high name similarity (100.0); similar address/PIN (97.4); strong hashed PAN/GSTIN/Udyam match
PAIR-000122,GST,GST-KA-BLRU-2018-000125,M/S Ananya CNC LLP,KSPCB,PCB/BLRU/CTO/2020/00073,Ananya CNC LLP,560037,89,AUTO_LINK,100.0,96.8,100,0,True,auto-link candidate: high name similarity (100.0); similar address/PIN (96.8); strong hashed PAN/GSTIN/Udyam match
PAIR-000123,KSPCB,PCB/BLRU/CTE/2022/00085,Navya Solvents Pvt Ltd,GST,GST-KA-BLRU-2020-000146,Navya Solvents Pvt Ltd,560059,89,AUTO_LINK,100.0,96.1,100,0,True,auto-link candidate: high name similarity (100.0); similar address/PIN (96.1); strong hashed PAN/GSTIN/Udyam match
PAIR-000124,KSPCB,PCB/BLRU/CTO/2019/00093,M/S Siddhi Industries,UDYAM,UDYAM-KR-BLRU-2017-000107,Siddhi Industries,560029,89,AUTO_LINK,100.0,95.7,100,0,True,auto-link candidate: high name similarity (100.0); similar address/PIN (95.7); strong hashed PAN/GSTIN/Udyam match
PAIR-000125,UDYAM,UDYAM-KR-BLRU-2017-000001,M/S Vijaya Associates,GST,GST-KA-BLRU-2015-000001,Vijaya Associates,560068,88,AUTO_LINK,100.0,100,95,0,True,auto-link candidate: high name similarity (100.0); similar address/PIN (100); strong hashed PAN/GSTIN/Udyam match
PAIR-000126,GST,GST-KA-BLRU-2025-000007,Ganesh Dine LLP,UDYAM,UDYAM-KR-BLRU-2015-000005,Ganesh Dine LLP,560085,88,AUTO_LINK,100.0,100,95,0,True,auto-link candidate: high name similarity (100.0); similar address/PIN (100); strong hashed PAN/GSTIN/Udyam match
PAIR-000127,UDYAM,UDYAM-KR-MYS-2020-000007,Naveen Systems Pvt. Ltd.,KSPCB,PCB/MYS/CTO/2023/00006,Naveen Systems Pvt Ltd,570001,88,AUTO_LINK,100.0,100,95,0,True,auto-link candidate: high name similarity (100.0); similar address/PIN (100); strong hashed PAN/GSTIN/Udyam match
PAIR-000128,GST,GST-KA-BLRR-2023-000010,MEGHANA WAREHOUSE TRADERS,UDYAM,UDYAM-KR-BLRR-2023-000009,MEGHANA WAREHOUSE TRADERS,562110,88,AUTO_LINK,100.0,98.9,95,0,True,auto-link candidate: high name similarity (100.0); similar address/PIN (98.9); strong hashed PAN/GSTIN/Udyam match
PAIR-000129,UDYAM,UDYAM-KR-BLRR-2023-000009,MEGHANA WAREHOUSE TRADERS,BBMP,BBMP-TL-BENG-2020-000005,Meghana Warehouse Traders,562110,88,AUTO_LINK,100.0,100,95,0,True,auto-link candidate: high name similarity (100.0); similar address/PIN (100); strong hashed PAN/GSTIN/Udyam match
PAIR-000130,BBMP,BBMP-TL-BENG-2020-000005,Meghana Warehouse Traders,LABOUR,LAB-KA-BLRR-2022-000006,M/S Meghana Warehouse Traders,562110,88,AUTO_LINK,100.0,100,95,0,True,auto-link candidate: high name similarity (100.0); similar address/PIN (100); strong hashed PAN/GSTIN/Udyam match
PAIR-000131,GST,GST-KA-MYS-2022-000016,Prakruthi Packaging Solutions,LABOUR,LAB-KA-MYS-2015-000009,M/S Praruthi Packaging Solutions,570016,88,AUTO_LINK,98.2,100,95,0,True,auto-link candidate: high name similarity (98.2); similar address/PIN (100); strong hashed PAN/GSTIN/Udyam match
PAIR-000132,UDYAM,UDYAM-KR-BLRU-2025-000012,Sri Devices Solutions,BBMP,BBMP-TL-BOMM-2019-000008,Sri Devices Slutions,560102,88,AUTO_LINK,97.6,100,95,0,True,auto-link candidate: high name similarity (97.6); similar address/PIN (100); strong hashed PAN/GSTIN/Udyam match
PAIR-000133,LABOUR,LAB-KA-BLRU-2015-000012,M/S Sree Solutions,GST,GST-KA-BLRU-2018-000018,SREE SOLUTIONS,560085,88,AUTO_LINK,100.0,100,95,0,True,auto-link candidate: high name similarity (100.0); similar address/PIN (100); strong hashed PAN/GSTIN/Udyam match
PAIR-000134,SHOP,KAR-SHOP-BLRR-2017-000020,Bharath Garments Traders,UDYAM,UDYAM-KR-BLRR-2019-000015,M/S Bharath Garments Traders,562110,88,AUTO_LINK,100.0,100,95,0,True,auto-link candidate: high name similarity (100.0); similar address/PIN (100); strong hashed PAN/GSTIN/Udyam match
PAIR-000135,UDYAM,UDYAM-KR-BLRR-2019-000015,M/S Bharath Garments Traders,FACTORY,KFBIS-FAC-BLRR-2022-000016,Bharath Garments Traders,562110,88,AUTO_LINK,100.0,100,95,0,True,auto-link candidate: high name similarity (100.0); similar address/PIN (100); strong hashed PAN/GSTIN/Udyam match
PAIR-000136,FACTORY,KFBIS-FAC-BLRR-2022-000016,Bharath Garments Traders,GST,GST-KA-BLRR-2020-000022,BHARATH GARMENTS TRADERS,562110,88,AUTO_LINK,100.0,100,95,0,True,auto-link candidate: high name similarity (100.0); similar address/PIN (100); strong hashed PAN/GSTIN/Udyam match
PAIR-000137,GST,GST-KA-BLRR-2020-000022,BHARATH GARMENTS TRADERS,LABOUR,LAB-KA-BLRR-2018-000015,M/S Bharath Garments Traders,562110,88,AUTO_LINK,100.0,100,95,0,True,auto-link candidate: high name similarity (100.0); similar address/PIN (100); strong hashed PAN/GSTIN/Udyam match
PAIR-000138,GST,GST-KA-BLRU-2016-000023,M/S Mysore Enterprises,LABOUR,LAB-KA-BLRU-2025-000016,Mysore Enterprises,560102,88,AUTO_LINK,100.0,100,95,0,True,auto-link candidate: high name similarity (100.0); similar address/PIN (100); strong hashed PAN/GSTIN/Udyam match
PAIR-000139,SHOP,KAR-SHOP-BLRR-2024-000025,Kaveri Cafe LLP,GST,GST-KA-BLRR-2024-000029,M/S Kaveri Cafe LLP,562114,88,AUTO_LINK,100.0,100,95,0,True,auto-link candidate: high name similarity (100.0); similar address/PIN (100); strong hashed PAN/GSTIN/Udyam match
PAIR-000140,UDYAM,UDYAM-KR-MYS-2021-000021,Aditya Circuits Works,LABOUR,LAB-KA-MYS-2015-000021,Aditya Circuits Works,570016,88,AUTO_LINK,100.0,100,95,0,True,auto-link candidate: high name similarity (100.0); similar address/PIN (100); strong hashed PAN/GSTIN/Udyam match
PAIR-000141,LABOUR,LAB-KA-MYS-2015-000021,Aditya Circuits Works,GST,GST-KA-MYS-2023-000032,ADITYA CIRCUITS WORKS,570016,88,AUTO_LINK,100.0,100,95,0,True,auto-link candidate: high name similarity (100.0); similar address/PIN (100); strong hashed PAN/GSTIN/Udyam match
PAIR-000142,SHOP,KAR-SHOP-BLRU-2023-000032,Ravi LLP,GST,GST-KA-BLRU-2018-000036,Ravi LLP,560043,88,AUTO_LINK,100.0,100,95,0,True,auto-link candidate: high name similarity (100.0); similar address/PIN (100); strong hashed PAN/GSTIN/Udyam match
PAIR-000143,GST,GST-KA-BLRU-2018-000036,Ravi LLP,UDYAM,UDYAM-KR-BLRU-2018-000025,Ravi LLP,560043,88,AUTO_LINK,100.0,100,95,0,True,auto-link candidate: high name similarity (100.0); similar address/PIN (100); strong hashed PAN/GSTIN/Udyam match
PAIR-000144,FACTORY,KFBIS-FAC-BLRU-2016-000022,M/S Omkar Pvt Ltd,KSPCB,PCB/BLRU/CTE/2024/00018,Omkar Pvt Ltd,560043,88,AUTO_LINK,100.0,100,95,0,True,auto-link candidate: high name similarity (100.0); similar address/PIN (100); strong hashed PAN/GSTIN/Udyam match
PAIR-000145,FACTORY,KFBIS-FAC-BLRU-2015-000023,M/S Harsha Packaging Enterprises,UDYAM,UDYAM-KR-BLRU-2016-000030,Harsha Packaging Enterprises,560059,88,AUTO_LINK,100.0,100,95,0,True,auto-link candidate: high name similarity (100.0); similar address/PIN (100); strong hashed PAN/GSTIN/Udyam match
PAIR-000146,UDYAM,UDYAM-KR-BLRU-2016-000030,Harsha Packaging Enterprises,LABOUR,LAB-KA-BLRU-2024-000027,Harsha Packaging Enterprises,560059,88,AUTO_LINK,100.0,99.4,95,0,True,auto-link candidate: high name similarity (100.0); similar address/PIN (99.4); strong hashed PAN/GSTIN/Udyam match
PAIR-000147,LABOUR,LAB-KA-BLRU-2021-000029,Siddhi Systems LLP,GST,GST-KA-BLRU-2015-000046,Siddhi Systems LLP,560043|560059,88,AUTO_LINK,100.0,91.5,100,0,True,auto-link candidate: high name similarity (100.0); similar address/PIN (91.5); strong hashed PAN/GSTIN/Udyam match
PAIR-000148,KSPCB,PCB/BLRU/CTO/2025/00027,Veda Devices Co,SHOP,KAR-SHOP-BLRU-2017-000045,Veda Devices Co,560034,88,AUTO_LINK,100.0,100,95,0,True,auto-link candidate: high name similarity (100.0); similar address/PIN (100); strong hashed PAN/GSTIN/Udyam match
PAIR-000149,SHOP,KAR-SHOP-BLRU-2017-000045,Veda Devices Co,GST,GST-KA-BLRU-2021-000051,M/S Veda Devices Co,560034,88,AUTO_LINK,100.0,100,95,0,True,auto-link candidate: high name similarity (100.0); similar address/PIN (100); strong hashed PAN/GSTIN/Udyam match
PAIR-000150,GST,GST-KA-BLRU-2020-000052,M/S Sri Agro Industries,SHOP,KAR-SHOP-BLRU-2018-000046,M/S Sri Agro Industries,560076,88,AUTO_LINK,100.0,100,95,0,True,auto-link candidate: high name similarity (100.0); similar address/PIN (100); strong hashed PAN/GSTIN/Udyam match
PAIR-000151,KSPCB,PCB/BLRU/CTE/2023/00030,M/S Srinidhi Co,UDYAM,UDYAM-KR-BLRU-2024-000040,SRINIDHI COMPANY,560037,88,AUTO_LINK,100.0,98.9,95,0,True,auto-link candidate: high name similarity (100.0); similar address/PIN (98.9); strong hashed PAN/GSTIN/Udyam match
PAIR-000152,FACTORY,KFBIS-FAC-BLRU-2017-000037,Meghana Coatings Traders,KSPCB,PCB/BLRU/CTO/2016/00034,Meghana Coatings Traders,560068,88,AUTO_LINK,100.0,100,95,0,True,auto-link candidate: high name similarity (100.0); similar address/PIN (100); strong hashed PAN/GSTIN/Udyam match
PAIR-000153,KSPCB,PCB/BLRU/CTO/2016/00034,Meghana Coatings Traders,GST,GST-KA-BLRU-2020-000061,MEGHANA COATINGS TRADERS,560068,88,AUTO_LINK,100.0,100,95,0,True,auto-link candidate: high name similarity (100.0); similar address/PIN (100); strong hashed PAN/GSTIN/Udyam match
PAIR-000154,SHOP,KAR-SHOP-BLRR-2019-000069,Mysore Cargo Solutions,BBMP,BBMP-TL-BENG-2020-000036,Mysore Cargo Solutions,562114,88,AUTO_LINK,100.0,91.6,100,0,True,auto-link candidate: high name similarity (100.0); similar address/PIN (91.6); strong hashed PAN/GSTIN/Udyam match
PAIR-000155,UDYAM,UDYAM-KR-TUM-2024-000050,Sharma CNC Enterprises,LABOUR,LAB-KA-TUM-2016-000047,Sharma CNC Enterprises,572106,88,AUTO_LINK,100.0,98.9,95,0,True,auto-link candidate: high name similarity (100.0); similar address/PIN (98.9); strong hashed PAN/GSTIN/Udyam match
PAIR-000156,LABOUR,LAB-KA-TUM-2016-000047,Sharma CNC Enterprises,GST,GST-KA-TUM-2020-000076,SHARMA CNC ENTERPRISES,572106,88,AUTO_LINK,100.0,100,95,0,True,auto-link candidate: high name similarity (100.0); similar address/PIN (100); strong hashed PAN/GSTIN/Udyam match
PAIR-000157,UDYAM,UDYAM-KR-TUM-2024-000050,Sharma CNC Enterprises,KSPCB,PCB/TUM/CTE/2023/00044,M/S Sharma CNC Enterprises,572106,88,AUTO_LINK,100.0,100,95,0,True,auto-link candidate: high name similarity (100.0); similar address/PIN (100); strong hashed PAN/GSTIN/Udyam match
PAIR-000158,BBMP,BBMP-TL-YELA-2017-000038,Aditya Garments Industries,LABOUR,LAB-KA-BLRU-2018-000048,Aditya Garments Industries,560064,88,AUTO_LINK,100.0,100,95,0,True,auto-link candidate: high name similarity (100.0); similar address/PIN (100); strong hashed PAN/GSTIN/Udyam match
PAIR-000159,FACTORY,KFBIS-FAC-BLRU-2015-000051,Navya Printers Traders,GST,GST-KA-BLRU-2020-000078,M/S Navya Printers Traders,560100,88,AUTO_LINK,100.0,100,95,0,True,auto-link candidate: high name similarity (100.0); similar address/PIN (100); strong hashed PAN/GSTIN/Udyam match
PAIR-000160,FACTORY,KFBIS-FAC-BLRU-2022-000052,Kaveri Pvt Ltd,GST,GST-KA-BLRU-2021-000079,Kaveri Pvt Ltd,560029,88,AUTO_LINK,100.0,100,95,0,True,auto-link candidate: high name similarity (100.0); similar address/PIN (100); strong hashed PAN/GSTIN/Udyam match
PAIR-000161,UDYAM,UDYAM-KR-BLRU-2023-000053,Mysore Fashions Enterprises,GST,GST-KA-BLRU-2019-000080,M/S Mysore Fashions Enterprises,560064,88,AUTO_LINK,100.0,98.1,95,0,True,auto-link candidate: high name similarity (100.0); similar address/PIN (98.1); strong hashed PAN/GSTIN/Udyam match
PAIR-000162,FACTORY,KFBIS-FAC-BLRU-2022-000058,Harsha Tools Associates,SHOP,KAR-SHOP-BLRU-2024-000074,Harsha Tools Associates,560001,88,AUTO_LINK,100.0,100,95,0,True,auto-link candidate: high name similarity (100.0); similar address/PIN (100); strong hashed PAN/GSTIN/Udyam match
PAIR-000163,GST,GST-KA-BLRU-2025-000086,PRAKRUTHI PACKAGING INDUSTRIES,KSPCB,PCB/BLRU/CTE/2022/00052,Prakruthi Packaging Industries,560043,88,AUTO_LINK,100.0,100,95,0,True,auto-link candidate: high name similarity (100.0); similar address/PIN (100); strong hashed PAN/GSTIN/Udyam match
PAIR-000164,KSPCB,PCB/BLRU/CTE/2022/00052,Prakruthi Packaging Industries,SHOP,KAR-SHOP-BLRU-2025-000077,M/S Prakruthi Packaging Industries,560043,88,AUTO_LINK,100.0,100,95,0,True,auto-link candidate: high name similarity (100.0); similar address/PIN (100); strong hashed PAN/GSTIN/Udyam match
PAIR-000165,SHOP,KAR-SHOP-BLRR-2016-000079,M/S Aarohi Medical Works,BBMP,BBMP-TL-BENG-2016-000042,M/S Aarohi Medical Works,562110,88,AUTO_LINK,100.0,99.7,95,0,True,auto-link candidate: high name similarity (100.0); similar address/PIN (99.7); strong hashed PAN/GSTIN/Udyam match
PAIR-000166,BBMP,BBMP-TL-BENG-2016-000042,M/S Aarohi Medical Works,GST,GST-KA-BLRR-2022-000089,Aarohi Medical Works,562110,88,AUTO_LINK,100.0,100,95,0,True,auto-link candidate: high name similarity (100.0); similar address/PIN (100); strong hashed PAN/GSTIN/Udyam match
PAIR-000167,LABOUR,LAB-KA-BLRU-2019-000058,Aarohi Apparels Company,UDYAM,UDYAM-KR-BLRU-2024-000059,Aarohi Apparels Company,560076,88,AUTO_LINK,100.0,100,95,0,True,auto-link candidate: high name similarity (100.0); similar address/PIN (100); strong hashed PAN/GSTIN/Udyam match
PAIR-000168,KSPCB,PCB/MYS/CTO/2020/00056,Omkar Graphics Indstries,GST,GST-KA-MYS-2025-000094,Omkar Graphics Industries,570016,88,AUTO_LINK,98.0,100,95,0,True,auto-link candidate: high name similarity (98.0); similar address/PIN (100); strong hashed PAN/GSTIN/Udyam match
PAIR-000169,UDYAM,UDYAM-KR-MYS-2018-000064,ADITYA SYSTEMS LLP,KSPCB,PCB/MYS/CTO/2021/00058,Aditya Systems LLP,570001,88,AUTO_LINK,100.0,100,95,0,True,auto-link candidate: high name similarity (100.0); similar address/PIN (100); strong hashed PAN/GSTIN/Udyam match
PAIR-000170,GST,GST-KA-BLRR-2017-000101,M/S Kaveri Textiles Enterprises,FACTORY,KFBIS-FAC-BLRR-2021-000068,Kaveri Textiles Enterprises,562110,88,AUTO_LINK,100.0,100,95,0,True,auto-link candidate: high name similarity (100.0); similar address/PIN (100); strong hashed PAN/GSTIN/Udyam match
PAIR-000171,FACTORY,KFBIS-FAC-BLRU-2017-000069,Aarohi Bakery Industries,LABOUR,LAB-KA-BLRU-2020-000066,M/S Aarohi Bakery Industries,560064,88,AUTO_LINK,100.0,100,95,0,True,auto-link candidate: high name similarity (100.0); similar address/PIN (100); strong hashed PAN/GSTIN/Udyam match
PAIR-000172,GST,GST-KA-BLRU-2017-000106,Siddhi Pvt.Ltd.,FACTORY,KFBIS-FAC-BLRU-2024-000072,Siddhi Pvt Ltd,560078,88,AUTO_LINK,100.0,100,95,0,True,auto-link candidate: high name similarity (100.0); similar address/PIN (100); strong hashed PAN/GSTIN/Udyam match
PAIR-000173,SHOP,KAR-SHOP-BLRU-2022-000096,Siddhi Pvt Ltd,FACTORY,KFBIS-FAC-BLRU-2024-000072,Siddhi Pvt Ltd,560078,88,AUTO_LINK,100.0,100,95,0,True,auto-link candidate: high name similarity (100.0); similar address/PIN (100); strong hashed PAN/GSTIN/Udyam match
PAIR-000174,SHOP,KAR-SHOP-BLRU-2021-000101,Meghana Machining Works,GST,GST-KA-BLRU-2016-000115,Meghana Machining Works,560066,88,AUTO_LINK,100.0,100,95,0,True,auto-link candidate: high name similarity (100.0); similar address/PIN (100); strong hashed PAN/GSTIN/Udyam match
PAIR-000175,UDYAM,UDYAM-KR-BLRU-2016-000076,Bangalore Apparels Enterprises,GST,GST-KA-BLRU-2019-000124,BANGALORE APPARELS ENTERPRISES,560064,88,AUTO_LINK,100.0,100,95,0,True,auto-link candidate: high name similarity (100.0); similar address/PIN (100); strong hashed PAN/GSTIN/Udyam match
PAIR-000176,GST,GST-KA-BLRR-2020-000126,Asha Clinic Solutions,UDYAM,UDYAM-KR-BLRR-2017-000078,Asha Clinic Solutions,562114,88,AUTO_LINK,100.0,98.9,95,0,True,auto-link candidate: high name similarity (100.0); similar address/PIN (98.9); strong hashed PAN/GSTIN/Udyam match
PAIR-000177,KSPCB,PCB/BLRU/CTO/2025/00075,M/S Asha Labs Solutions,GST,GST-KA-BLRU-2021-000129,Asha Labs Solutions,560024,88,AUTO_LINK,100.0,100,95,0,True,auto-link candidate: high name similarity (100.0); similar address/PIN (100); strong hashed PAN/GSTIN/Udyam match
PAIR-000178,GST,GST-KA-BLRR-2023-000130,Ganesh Kitchen LLP,SHOP,KAR-SHOP-BLRR-2020-000113,Ganesh Kitchen LLP,562110,88,AUTO_LINK,100.0,100,95,0,True,auto-link candidate: high name similarity (100.0); similar address/PIN (100); strong hashed PAN/GSTIN/Udyam match
PAIR-000179,KSPCB,PCB/MYS/CTE/2021/00076,Asha Bakery Co,UDYAM,UDYAM-KR-MYS-2021-000081,M/S Asha Bakery Co,570001,88,AUTO_LINK,100.0,100,95,0,True,auto-link candidate: high name similarity (100.0); similar address/PIN (100); strong hashed PAN/GSTIN/Udyam match
PAIR-000180,UDYAM,UDYAM-KR-TUM-2021-000082,M/S VIJAYA FASHIONS WORKS,GST,GST-KA-TUM-2018-000133,Vijaya Fashions Works,572106,88,AUTO_LINK,100.0,100,95,0,True,auto-link candidate: high name similarity (100.0); similar address/PIN (100); strong hashed PAN/GSTIN/Udyam match
PAIR-000181,GST,GST-KA-TUM-2018-000133,Vijaya Fashions Works,FACTORY,KFBIS-FAC-TUM-2021-000082,Vijaya Fashions Works,572106,88,AUTO_LINK,100.0,100,95,0,True,auto-link candidate: high name similarity (100.0); similar address/PIN (100); strong hashed PAN/GSTIN/Udyam match
PAIR-000182,FACTORY,KFBIS-FAC-TUM-2021-000082,Vijaya Fashions Works,LABOUR,LAB-KA-TUM-2025-000081,Vijaya Fashions Works,572106,88,AUTO_LINK,100.0,100,95,0,True,auto-link candidate: high name similarity (100.0); similar address/PIN (100); strong hashed PAN/GSTIN/Udyam match
PAIR-000183,KSPCB,PCB/BLRU/CTE/2018/00078,Asha Solutions,GST,GST-KA-BLRU-2021-000134,M/S Asha Solutions,560024,88,AUTO_LINK,100.0,100,95,0,True,auto-link candidate: high name similarity (100.0); similar address/PIN (100); strong hashed PAN/GSTIN/Udyam match
PAIR-000184,GST,GST-KA-MYS-2022-000138,SRINIDHI HEALTH TRADERS,SHOP,KAR-SHOP-MYS-2017-000119,Srinidhi Health Traders,570001,88,AUTO_LINK,100.0,100,95,0,True,auto-link candidate: high name similarity (100.0); similar address/PIN (100); strong hashed PAN/GSTIN/Udyam match
PAIR-000185,SHOP,KAR-SHOP-BLRR-2022-000122,Ravi Agro Associates,KSPCB,PCB/BLRR/CTO/2021/00083,Rav Agro Associates,562114,88,AUTO_LINK,97.4,96.3,100,0,True,auto-link candidate: high name similarity (97.4); similar address/PIN (96.3); strong hashed PAN/GSTIN/Udyam match
PAIR-000186,GST,GST-KA-BLRU-2021-000143,Varun Components LLP,UDYAM,UDYAM-KR-BLRU-2017-000087,Varun Components LLP,560066,88,AUTO_LINK,100.0,100,95,0,True,auto-link candidate: high name similarity (100.0); similar address/PIN (100); strong hashed PAN/GSTIN/Udyam match
PAIR-000187,SHOP,KAR-SHOP-MYS-2021-000124,Sharma Pvt. Ltd.,UDYAM,UDYAM-KR-MYS-2015-000088,SHARMA PVT LTD,570018,88,AUTO_LINK,100.0,100,95,0,True,auto-link candidate: high name similarity (100.0); similar address/PIN (100); strong hashed PAN/GSTIN/Udyam match
PAIR-000188,UDYAM,UDYAM-KR-BLRU-2017-000090,Lakshmi Solvents Company,FACTORY,KFBIS-FAC-BLRU-2025-000090,Lakshmi Solvents Company,560029,88,AUTO_LINK,100.0,100,95,0,True,auto-link candidate: high name similarity (100.0); similar address/PIN (100); strong hashed PAN/GSTIN/Udyam match
PAIR-000189,FACTORY,KFBIS-FAC-BLRU-2025-000090,Lakshmi Solvents Company,GST,GST-KA-BLRU-2025-000144,LAKSHMI SOLVENTS COMPANY,560029,88,AUTO_LINK,100.0,100,95,0,True,auto-link candidate: high name similarity (100.0); similar address/PIN (100); strong hashed PAN/GSTIN/Udyam match
PAIR-000190,GST,GST-KA-BLRU-2020-000146,Navya Solvents Pvt Ltd,BBMP,BBMP-TL-WEST-2022-000075,M/S Navya Solvents Pvt Ltd,560059,88,AUTO_LINK,100.0,100,95,0,True,auto-link candidate: high name similarity (100.0); similar address/PIN (100); strong hashed PAN/GSTIN/Udyam match
PAIR-000191,BBMP,BBMP-TL-WEST-2022-000075,M/S Navya Solvents Pvt Ltd,SHOP,KAR-SHOP-BLRU-2024-000129,M/S Navya Solvents Pvt Ltd,560059,88,AUTO_LINK,100.0,98.1,95,0,True,auto-link candidate: high name similarity (100.0); similar address/PIN (98.1); strong hashed PAN/GSTIN/Udyam match
PAIR-000192,GST,GST-KA-BLRU-2020-000152,Kaveri Bakery LLP,BBMP,BBMP-TL-WEST-2018-000077,Kaveri Bakery LLP,560059,88,AUTO_LINK,100.0,100,95,0,True,auto-link candidate: high name similarity (100.0); similar address/PIN (100); strong hashed PAN/GSTIN/Udyam match
PAIR-000193,UDYAM,UDYAM-KR-BLRR-2018-000096,M/S Sri Moulding Works,SHOP,KAR-SHOP-BLRR-2018-000133,Sri Moulding Works,562110|562157,88,AUTO_LINK,100.0,90.7,100,0,True,auto-link candidate: high name similarity (100.0); similar address/PIN (90.7); strong hashed PAN/GSTIN/Udyam match
PAIR-000194,FACTORY,KFBIS-FAC-BLRR-2017-000096,Sri Moulding Works,KSPCB,PCB/BLRR/CTE/2025/00088,Sri Moulding Works,562157,88,AUTO_LINK,100.0,100,95,0,True,auto-link candidate: high name similarity (100.0); similar address/PIN (100); strong hashed PAN/GSTIN/Udyam match
PAIR-000195,GST,GST-KA-BLRU-2020-000156,M/S Veda Agro Co,SHOP,KAR-SHOP-BLRU-2022-000135,M/S Veda Agro Co,560059,88,AUTO_LINK,100.0,100,95,0,True,auto-link candidate: high name similarity (100.0); similar address/PIN (100); strong hashed PAN/GSTIN/Udyam match
PAIR-000196,SHOP,KAR-SHOP-BLRU-2020-000139,Ananya Circuits Enterprises,UDYAM,UDYAM-KR-BLRU-2024-000103,Ananya Circuits Enterprises,560085,88,AUTO_LINK,100.0,100,95,0,True,auto-link candidate: high name similarity (100.0); similar address/PIN (100); strong hashed PAN/GSTIN/Udyam match
PAIR-000197,GST,GST-KA-TUM-2025-000162,M/S Udupi Systems Traders,LABOUR,LAB-KA-TUM-2016-000103,Udupi Sstems Traders,572101,88,AUTO_LINK,97.6,100,95,0,True,auto-link candidate: high name similarity (97.6); similar address/PIN (100); strong hashed PAN/GSTIN/Udyam match
PAIR-000198,GST,GST-KA-BLRU-2024-000166,Ananya Resins Industries,KSPCB,PCB/BLRU/CTE/2023/00092,Ananya Resins Industries,560064,88,AUTO_LINK,100.0,100,95,0,True,auto-link candidate: high name similarity (100.0); similar address/PIN (100); strong hashed PAN/GSTIN/Udyam match
PAIR-000199,KSPCB,PCB/BLRU/CTE/2023/00092,Ananya Resins Industries,FACTORY,KFBIS-FAC-BLRU-2025-000099,Ananya Resins Industries,560064,88,AUTO_LINK,100.0,100,95,0,True,auto-link candidate: high name similarity (100.0); similar address/PIN (100); strong hashed PAN/GSTIN/Udyam match
PAIR-000200,GST,GST-KA-MYS-2024-000167,Veda Cafe Industries,SHOP,KAR-SHOP-MYS-2023-000142,Veda Cafe Industries,570016,88,AUTO_LINK,100.0,100,95,0,True,auto-link candidate: high name similarity (100.0); similar address/PIN (100); strong hashed PAN/GSTIN/Udyam match
PAIR-000201,FACTORY,KFBIS-FAC-BLRU-2018-000102,Lakshmi Works,UDYAM,UDYAM-KR-BLRU-2020-000108,Lakshmi Works,560085,88,AUTO_LINK,100.0,91.6,100,0,True,auto-link candidate: high name similarity (100.0); similar address/PIN (91.6); strong hashed PAN/GSTIN/Udyam match
PAIR-000202,FACTORY,KFBIS-FAC-BLRU-2025-000104,Kaveri Print Company,UDYAM,UDYAM-KR-BLRU-2023-000111,Kaveri Print Company,560059,88,AUTO_LINK,100.0,99.1,95,0,True,auto-link candidate: high name similarity (100.0); similar address/PIN (99.1); strong hashed PAN/GSTIN/Udyam match
PAIR-000203,GST,GST-KA-BLRU-2020-000178,Kaveri Print Company,UDYAM,UDYAM-KR-BLRU-2023-000111,Kaveri Print Company,560059,88,AUTO_LINK,100.0,100,95,0,True,auto-link candidate: high name similarity (100.0); similar address/PIN (100); strong hashed PAN/GSTIN/Udyam match
PAIR-000204,BBMP,BBMP-TL-TUMA-2023-000087,Lakshmi Medical LLP,UDYAM,UDYAM-KR-TUM-2021-000112,Lakshmi Medical LLP,572101,88,AUTO_LINK,100.0,100,95,0,True,auto-link candidate: high name similarity (100.0); similar address/PIN (100); strong hashed PAN/GSTIN/Udyam match
PAIR-000205,LABOUR,LAB-KA-TUM-2019-000117,Veda LLP,GST,GST-KA-TUM-2017-000179,Veda LLP,572106|572101,88,AUTO_LINK,100.0,92.5,100,0,True,auto-link candidate: high name similarity (100.0); similar address/PIN (92.5); strong hashed PAN/GSTIN/Udyam match
PAIR-000206,GST,GST-KA-TUM-2017-000179,Veda LLP,SHOP,KAR-SHOP-TUM-2025-000152,M/S Veda LLP,572101,88,AUTO_LINK,100.0,100,95,0,True,auto-link candidate: high name similarity (100.0); similar address/PIN (100); strong hashed PAN/GSTIN/Udyam match
PAIR-000207,GST,GST-KA-BLRU-2024-000183,Sahana Industries,UDYAM,UDYAM-KR-BLRU-2024-000115,Sahana Industries,560076,88,AUTO_LINK,100.0,100,95,0,True,auto-link candidate: high name similarity (100.0); similar address/PIN (100); strong hashed PAN/GSTIN/Udyam match
PAIR-000208,LABOUR,LAB-KA-BLRU-2021-000120,Mysore Biryani Associates,GST,GST-KA-BLRU-2025-000189,M/S Mysore Biryani Associates,560066,88,AUTO_LINK,100.0,100,95,0,True,auto-link candidate: high name similarity (100.0); similar address/PIN (100); strong hashed PAN/GSTIN/Udyam match
PAIR-000209,FACTORY,KFBIS-FAC-BLRU-2024-000108,Sharma Moulding ndustries,UDYAM,UDYAM-KR-BLRU-2017-000119,Sharma Moulding Industries,560001,88,AUTO_LINK,98.0,100,95,0,True,auto-link candidate: high name similarity (98.0); similar address/PIN (100); strong hashed PAN/GSTIN/Udyam match
PAIR-000210,GST,GST-KA-BLRR-2025-000195,Kaveri Associates,UDYAM,UDYAM-KR-BLRR-2017-000121,M/S Kaveri Associates,562110,88,AUTO_LINK,100.0,97.5,95,0,True,auto-link candidate: high name similarity (100.0); similar address/PIN (97.5); strong hashed PAN/GSTIN/Udyam match
PAIR-000211,FACTORY,KFBIS-FAC-BLRU-2017-000111,M/S Veda Precision Company,GST,GST-KA-BLRU-2020-000196,Veda Precision Company,560058,88,AUTO_LINK,100.0,93.8,100,0,True,auto-link candidate: high name similarity (100.0); similar address/PIN (93.8); strong hashed PAN/GSTIN/Udyam match
PAIR-000212,UDYAM,UDYAM-KR-BLRU-2015-000122,Veda Precision Company,KSPCB,PCB/BLRU/CTE/2020/00109,M/S Veda Precision Company,560058,88,AUTO_LINK,100.0,100,95,0,True,auto-link candidate: high name similarity (100.0); similar address/PIN (100); strong hashed PAN/GSTIN/Udyam match
PAIR-000213,GST,GST-KA-BLRU-2019-000198,Aarohi Graphics Solutions,SHOP,KAR-SHOP-BLRU-2019-000164,Aarohi Graphics Solutions,560064,88,AUTO_LINK,100.0,100,95,0,True,auto-link candidate: high name similarity (100.0); similar address/PIN (100); strong hashed PAN/GSTIN/Udyam match
PAIR-000214,SHOP,KAR-SHOP-BLRU-2019-000164,Aarohi Graphics Solutions,LABOUR,LAB-KA-BLRU-2020-000122,M/S Aarohi Graphics Solutions,560064,88,AUTO_LINK,100.0,100,95,0,True,auto-link candidate: high name similarity (100.0); similar address/PIN (100); strong hashed PAN/GSTIN/Udyam match
PAIR-000215,LABOUR,LAB-KA-BLRU-2015-000126,Vijaya Industries Works,UDYAM,UDYAM-KR-BLRU-2017-000127,VIJAYA INDUSTRIES WORKS,560078,88,AUTO_LINK,100.0,100,95,0,True,auto-link candidate: high name similarity (100.0); similar address/PIN (100); strong hashed PAN/GSTIN/Udyam match
PAIR-000216,FACTORY,KFBIS-FAC-BLRU-2020-000116,Vijaya Industries Works,GST,GST-KA-BLRU-2024-000204,Vijaya Industries Works,560078,88,AUTO_LINK,100.0,100,95,0,True,auto-link candidate: high name similarity (100.0); similar address/PIN (100); strong hashed PAN/GSTIN/Udyam match
PAIR-000217,UDYAM,UDYAM-KR-BLRU-2023-000136,Omkar Mold Traders,KSPCB,PCB/BLRU/CTE/2022/00123,Omkar Mold Traders,560029,88,AUTO_LINK,100.0,100,95,0,True,auto-link candidate: high name similarity (100.0); similar address/PIN (100); strong hashed PAN/GSTIN/Udyam match
PAIR-000218,KSPCB,PCB/MYS/CTE/2023/00125,Omkar Coatings Pvt Ltd,UDYAM,UDYAM-KR-MYS-2018-000139,Omkar Coatings Pvt Ltd,570016,88,AUTO_LINK,100.0,98.7,95,0,True,auto-link candidate: high name similarity (100.0); similar address/PIN (98.7); strong hashed PAN/GSTIN/Udyam match
PAIR-000219,LABOUR,LAB-KA-MYS-2021-000137,M/S Prakruthi Packaging Enterprises,SHOP,KAR-SHOP-MYS-2024-000191,M/S Prakruthi Packaging Enterprises,570001,88,AUTO_LINK,100.0,100,95,0,True,auto-link candidate: high name similarity (100.0); similar address/PIN (100); strong hashed PAN/GSTIN/Udyam match
PAIR-000220,SHOP,KAR-SHOP-BLRR-2020-000197,Lakshmi Meds Pvt Ltd,UDYAM,UDYAM-KR-BLRR-2020-000146,M/S LAKSHMI MEDS PVT LTD,562110,88,AUTO_LINK,100.0,100,95,0,True,auto-link candidate: high name similarity (100.0); similar address/PIN (100); strong hashed PAN/GSTIN/Udyam match
PAIR-000221,UDYAM,UDYAM-KR-BLRR-2020-000146,M/S LAKSHMI MEDS PVT LTD,GST,GST-KA-BLRR-2019-000233,Lakshmi Meds Pvt. Ltd.,562110,88,AUTO_LINK,100.0,100,95,0,True,auto-link candidate: high name similarity (100.0); similar address/PIN (100); strong hashed PAN/GSTIN/Udyam match
PAIR-000222,GST,GST-KA-BLRU-2021-000241,Vijaya Fashions Pvt Ltd,SHOP,KAR-SHOP-BLRU-2020-000205,Vijaya Fashions Pvt Ltd,560064,88,AUTO_LINK,100.0,100,95,0,True,auto-link candidate: high name similarity (100.0); similar address/PIN (100); strong hashed PAN/GSTIN/Udyam match
PAIR-000223,LABOUR,LAB-KA-BLRU-2019-000147,M/S Kaveri Wear Works,UDYAM,UDYAM-KR-BLRU-2022-000152,Kaveri Wear Works,560059,88,AUTO_LINK,100.0,100,95,0,True,auto-link candidate: high name similarity (100.0); similar address/PIN (100); strong hashed PAN/GSTIN/Udyam match
PAIR-000224,GST,GST-KA-BLRU-2021-000244,Nandi Moulding Company,LABOUR,LAB-KA-BLRU-2019-000149,Nandi MouldingCo,560001,88,AUTO_LINK,93.3,100,100,0,True,auto-link candidate: high name similarity (93.3); similar address/PIN (100); strong hashed PAN/GSTIN/Udyam match
PAIR-000225,KSPCB,PCB/BLRU/CTE/2019/00137,Udupi Cafe Pvt Ltd,SHOP,KAR-SHOP-BLRU-2025-000208,M/S Udupi Cafe Pvt Ltd,560085|560102,88,AUTO_LINK,100.0,97.2,95,0,True,auto-link candidate: high name similarity (100.0); similar address/PIN (97.2); strong hashed PAN/GSTIN/Udyam match
PAIR-000226,GST,GST-KA-TUM-2024-000248,Sree Tech Associates,FACTORY,KFBIS-FAC-TUM-2021-000135,M/S Sree Tech Associates,572106,88,AUTO_LINK,100.0,100,95,0,True,auto-link candidate: high name similarity (100.0); similar address/PIN (100); strong hashed PAN/GSTIN/Udyam match
PAIR-000227,GST,GST-KA-BLRU-2017-000249,BANGALORE INDUSTRIES LLP,FACTORY,KFBIS-FAC-BLRU-2015-000136,Bangalore Industries LLP,560066,88,AUTO_LINK,100.0,99.4,95,0,True,auto-link candidate: high name similarity (100.0); similar address/PIN (99.4); strong hashed PAN/GSTIN/Udyam match
PAIR-000228,UDYAM,UDYAM-KR-BLRU-2021-000159,Kaveri Catings Solutions,KSPCB,PCB/BLRU/CTE/2020/00142,Kaveri Coatings Solutions,560064,88,AUTO_LINK,98.0,100,95,0,True,auto-link candidate: high name similarity (98.0); similar address/PIN (100); strong hashed PAN/GSTIN/Udyam match
PAIR-000229,SHOP,KAR-SHOP-BLRU-2017-000214,Ganesh Medical Solutions,UDYAM,UDYAM-KR-BLRU-2022-000162,Ganesh Medical Solutions,560085,88,AUTO_LINK,100.0,100,95,0,True,auto-link candidate: high name similarity (100.0); similar address/PIN (100); strong hashed PAN/GSTIN/Udyam match
PAIR-000230,LABOUR,LAB-KA-BLRU-2016-000013,M/S Harsha Biryni Works,SHOP,KAR-SHOP-BLRU-2022-000017,Harsha Biryani Works,560059,87,AUTO_LINK,97.4,100,95,0,True,auto-link candidate: high name similarity (97.4); similar address/PIN (100); strong hashed PAN/GSTIN/Udyam match
PAIR-000231,UDYAM,UDYAM-KR-BLRU-2022-000026,M/S Omkar Pvt Ltd,SHOP,KAR-SHOP-BLRU-2021-000034,Omkar Pvt Ltd,560043,87,AUTO_LINK,100.0,93.5,95,0,True,auto-link candidate: high name similarity (100.0); similar address/PIN (93.5); strong hashed PAN/GSTIN/Udyam match
PAIR-000232,GST,GST-KA-BLRU-2016-000043,Bharath Machining Company,SHOP,KAR-SHOP-BLRU-2022-000040,Bharath Machining Company,560059,87,AUTO_LINK,100.0,95.0,95,0,True,auto-link candidate: high name similarity (100.0); similar address/PIN (95.0); strong hashed PAN/GSTIN/Udyam match
PAIR-000233,SHOP,KAR-SHOP-BLRU-2018-000046,M/S Sri Agro Industries,UDYAM,UDYAM-KR-BLRU-2016-000037,Sri Agro Industries,560076,87,AUTO_LINK,100.0,95.5,95,0,True,auto-link candidate: high name similarity (100.0); similar address/PIN (95.5); strong hashed PAN/GSTIN/Udyam match
PAIR-000234,GST,GST-KA-BLRU-2024-000069,Kaveri Systems Pvt Ltd,UDYAM,UDYAM-KR-BLRU-2020-000047,M/S Kavei Systems Pvt Ltd,560102,87,AUTO_LINK,96.3,100,95,0,True,auto-link candidate: high name similarity (96.3); similar address/PIN (100); strong hashed PAN/GSTIN/Udyam match
PAIR-000235,GST,GST-KA-BLRR-2018-000073,Mysore Cargo Solutions,UDYAM,UDYAM-KR-BLRR-2022-000049,Mysore Cargo olutions,562114,87,AUTO_LINK,97.7,98.2,95,0,True,auto-link candidate: high name similarity (97.7); similar address/PIN (98.2); strong hashed PAN/GSTIN/Udyam match
PAIR-000236,SHOP,KAR-SHOP-BLRU-2022-000098,Veda Wors,GST,GST-KA-BLRU-2019-000108,VEDA WORKS,560076,87,AUTO_LINK,94.7,100,95,0,True,auto-link candidate: high name similarity (94.7); similar address/PIN (100); strong hashed PAN/GSTIN/Udyam match
PAIR-000237,GST,GST-KA-BLRU-2024-000111,M/S Vijya Tools Solutions,SHOP,KAR-SHOP-BLRU-2020-000099,M/S Vijaya Tools Solutions,560085,87,AUTO_LINK,97.7,96.2,95,0,True,auto-link candidate: high name similarity (97.7); similar address/PIN (96.2); strong hashed PAN/GSTIN/Udyam match
PAIR-000238,LABOUR,LAB-KA-BLRU-2021-000070,Udupi PharmaWorks,GST,GST-KA-BLRU-2023-000112,M/S UDUPI PHARMA WORKS,560066,87,AUTO_LINK,97.1,100,95,0,True,auto-link candidate: high name similarity (97.1); similar address/PIN (100); strong hashed PAN/GSTIN/Udyam match
PAIR-000239,LABOUR,LAB-KA-BLRU-2023-000072,Meghana Machining Works,SHOP,KAR-SHOP-BLRU-2021-000101,Meghana Machining Works,560066,87,AUTO_LINK,100.0,93.5,95,0,True,auto-link candidate: high name similarity (100.0); similar address/PIN (93.5); strong hashed PAN/GSTIN/Udyam match
PAIR-000240,GST,GST-KA-BLRU-2023-000121,Omkar LabsCo,FACTORY,KFBIS-FAC-BLRU-2020-000078,Omkar Labs Co,560068,87,AUTO_LINK,90.9,100,100,0,True,auto-link candidate: high name similarity (90.9); similar address/PIN (100); strong hashed PAN/GSTIN/Udyam match
PAIR-000241,GST,GST-KA-BLRR-2022-000154,M/S SRI MOULDING WORKS,UDYAM,UDYAM-KR-BLRR-2018-000096,M/S Sri Moulding Works,562157|562110,87,AUTO_LINK,100.0,88.3,100,0,True,auto-link candidate: high name similarity (100.0); similar address/PIN (88.3); strong hashed PAN/GSTIN/Udyam match
PAIR-000242,UDYAM,UDYAM-KR-BLRR-2015-000098,M/S Siddhi Industries,BBMP,BBMP-TL-BENG-2018-000080,Siddhi Industries,562114,87,AUTO_LINK,100.0,95.2,95,0,True,auto-link candidate: high name similarity (100.0); similar address/PIN (95.2); strong hashed PAN/GSTIN/Udyam match
PAIR-000243,UDYAM,UDYAM-KR-BLRU-2017-000107,Siddhi Industries,FACTORY,KFBIS-FAC-BLRU-2018-000100,M/S Siddhi Industries,560029|560043,87,AUTO_LINK,100.0,93.6,95,0,True,auto-link candidate: high name similarity (100.0); similar address/PIN (93.6); strong hashed PAN/GSTIN/Udyam match
PAIR-000244,LABOUR,LAB-KA-BLRU-2023-000108,Ananya Electronics Co,GST,GST-KA-BLRU-2016-000169,ANANYA ELECTRONICS CO,560029,87,AUTO_LINK,100.0,93.3,95,0,True,auto-link candidate: high name similarity (100.0); similar address/PIN (93.3); strong hashed PAN/GSTIN/Udyam match
PAIR-000245,UDYAM,UDYAM-KR-BLRU-2019-000114,Prakruthi Biryani Solutions,SHOP,KAR-SHOP-BLRU-2021-000153,M/S Prakrthi Biryani Solutions,560064|560001,87,AUTO_LINK,98.1,91.1,100,0,True,auto-link candidate: high name similarity (98.1); similar address/PIN (91.1); strong hashed PAN/GSTIN/Udyam match
PAIR-000246,SHOP,KAR-SHOP-BLRU-2021-000153,M/S Prakrthi Biryani Solutions,GST,GST-KA-BLRU-2025-000182,M/S Prakruthi Biryani Solutions,560001|560064,87,AUTO_LINK,98.1,88.9,100,0,True,auto-link candidate: high name similarity (98.1); similar address/PIN (88.9); strong hashed PAN/GSTIN/Udyam match
PAIR-000247,FACTORY,KFBIS-FAC-BLRU-2020-000116,Vijaya Industries Works,LABOUR,LAB-KA-BLRU-2015-000126,Vijaya Industries Works,560078,87,AUTO_LINK,100.0,95.5,95,0,True,auto-link candidate: high name similarity (100.0); similar address/PIN (95.5); strong hashed PAN/GSTIN/Udyam match
PAIR-000248,KSPCB,PCB/BLRU/CTO/2022/00118,Veda Coatings Solutions,GST,GST-KA-BLRU-2017-000208,Veda Coatings Solutions,560066,87,AUTO_LINK,100.0,93.5,95,0,True,auto-link candidate: high name similarity (100.0); similar address/PIN (93.5); strong hashed PAN/GSTIN/Udyam match
PAIR-000249,KSPCB,PCB/BLRU/CTE/2022/00119,M/S Sree Print Co,FACTORY,KFBIS-FAC-BLRU-2021-000120,Sree Prin Co,560102,87,AUTO_LINK,94.7,100,95,0,True,auto-link candidate: high name similarity (94.7); similar address/PIN (100); strong hashed PAN/GSTIN/Udyam match
PAIR-000250,GST,GST-KA-BLRU-2017-000211,VIJAYA MOULDING SOLUTIONS,UDYAM,UDYAM-KR-BLRU-2023-000132,M/S Vijaya Moulding Solutions,560066,87,AUTO_LINK,100.0,93.2,95,0,True,auto-link candidate: high name similarity (100.0); similar address/PIN (93.2); strong hashed PAN/GSTIN/Udyam match
PAIR-000251,SHOP,KAR-SHOP-BLRU-2025-000185,Omkar Mold Taders,GST,GST-KA-BLRU-2017-000219,Omkar Mold Traders,560029,87,AUTO_LINK,97.1,100,95,0,True,auto-link candidate: high name similarity (97.1); similar address/PIN (100); strong hashed PAN/GSTIN/Udyam match
PAIR-000252,UDYAM,UDYAM-KR-BLRU-2019-000137,ASHA CNC LLP,GST,GST-KA-BLRU-2022-000220,ASHA CNC LLP,560001|560043,87,AUTO_LINK,100.0,93.9,95,0,True,auto-link candidate: high name similarity (100.0); similar address/PIN (93.9); strong hashed PAN/GSTIN/Udyam match
PAIR-000253,GST,GST-KA-BLRR-2025-000223,NAVYA GARMENTS WORKS,UDYAM,UDYAM-KR-BLRR-2016-000138,M/S Navya Garments Works,562157,87,AUTO_LINK,100.0,96.5,95,0,True,auto-link candidate: high name similarity (100.0); similar address/PIN (96.5); strong hashed PAN/GSTIN/Udyam match
PAIR-000254,KSPCB,PCB/MYS/CTE/2023/00125,Omkar Coatings Pvt Ltd,GST,GST-KA-MYS-2019-000224,M/S Omkar Coatings Pvt Ltd,570016,87,AUTO_LINK,100.0,95.7,95,0,True,auto-link candidate: high name similarity (100.0); similar address/PIN (95.7); strong hashed PAN/GSTIN/Udyam match
PAIR-000255,GST,GST-KA-MYS-2019-000224,M/S Omkar Coatings Pvt Ltd,LABOUR,LAB-KA-MYS-2023-000135,Omkar Coatings Pvt. Ltd.,570016,87,AUTO_LINK,100.0,93.1,95,0,True,auto-link candidate: high name similarity (100.0); similar address/PIN (93.1); strong hashed PAN/GSTIN/Udyam match
PAIR-000256,LABOUR,LAB-KA-MYS-2023-000135,Omkar Coatings Pvt. Ltd.,UDYAM,UDYAM-KR-MYS-2018-000139,Omkar Coatings Pvt Ltd,570016,87,AUTO_LINK,100.0,96.3,95,0,True,auto-link candidate: high name similarity (100.0); similar address/PIN (96.3); strong hashed PAN/GSTIN/Udyam match
PAIR-000257,GST,GST-KA-BLRU-2025-000007,Ganesh Dine LLP,SHOP,KAR-SHOP-BLRU-2022-000007,Ganesh Dine LLP,560085,86,AUTO_LINK,100.0,92.2,95,0,True,auto-link candidate: high name similarity (100.0); similar address/PIN (92.2); strong hashed PAN/GSTIN/Udyam match
PAIR-000258,BBMP,BBMP-TL-BOMM-2021-000004,Siddhi Industrial Inds,SHOP,KAR-SHOP-BLRU-2017-000010,Siddhi Industrial Industries,560100,86,AUTO_LINK,88.0,100,100,0,True,auto-link candidate: high name similarity (88.0); similar address/PIN (100); strong hashed PAN/GSTIN/Udyam match
PAIR-000259,GST,GST-KA-MYS-2015-000025,Deccan Industries,UDYAM,UDYAM-KR-MYS-2017-000017,M/S Deccan Industries,570001|570018,86,AUTO_LINK,100.0,84.8,100,0,True,auto-link candidate: high name similarity (100.0); similar address/PIN (84.8); strong hashed PAN/GSTIN/Udyam match
PAIR-000260,SHOP,KAR-SHOP-BLRU-2021-000052,M/S Srinidhi Co,KSPCB,PCB/BLRU/CTE/2023/00030,M/S Srinidhi Co,560037,86,AUTO_LINK,100.0,89.2,95,0,True,auto-link candidate: high name similarity (100.0); similar address/PIN (89.2); strong hashed PAN/GSTIN/Udyam match
PAIR-000261,GST,GST-KA-BLRU-2021-000079,Kaveri Pvt Ltd,UDYAM,UDYAM-KR-BLRU-2017-000051,M/S Kaveri Pvt Ltd,560029,86,AUTO_LINK,100.0,90.4,95,0,True,auto-link candidate: high name similarity (100.0); similar address/PIN (90.4); strong hashed PAN/GSTIN/Udyam match
PAIR-000262,KSPCB,PCB/BLRU/CTE/2018/00050,Ananya Solutions,UDYAM,UDYAM-KR-BLRU-2018-000056,M/SAnanya Solutions,560024,86,AUTO_LINK,91.4,100,95,0,True,auto-link candidate: high name similarity (91.4); similar address/PIN (100); strong hashed PAN/GSTIN/Udyam match
PAIR-000263,GST,GST-KA-BLRR-2025-000118,Aditya Chem Co,KSPCB,PCB/BLRR/CTE/2015/00068,M/S Aditya Chem Co,561203,86,AUTO_LINK,100.0,90.8,95,0,True,auto-link candidate: high name similarity (100.0); similar address/PIN (90.8); strong hashed PAN/GSTIN/Udyam match
PAIR-000264,GST,GST-KA-BLRU-2015-000148,Nisarga Trans Works,SHOP,KAR-SHOP-BLRU-2015-000130,Nisarga Trans Works,560029|560066,86,AUTO_LINK,100.0,89.4,95,0,True,auto-link candidate: high name similarity (100.0); similar address/PIN (89.4); strong hashed PAN/GSTIN/Udyam match
PAIR-000265,GST,GST-KA-BLRU-2017-000191,SHARMA MOULDING INDUSTRIES,FACTORY,KFBIS-FAC-BLRU-2024-000108,Sharma Moulding ndustries,560029|560001,86,AUTO_LINK,98.0,93.1,95,0,True,auto-link candidate: high name similarity (98.0); similar address/PIN (93.1); strong hashed PAN/GSTIN/Udyam match
PAIR-000266,KSPCB,PCB/BLRU/CTE/2025/00105,Sharma Moulding Inds,UDYAM,UDYAM-KR-BLRU-2017-000119,Sharma Moulding Industries,560001,86,AUTO_LINK,87.0,100,100,0,True,auto-link candidate: high name similarity (87.0); similar address/PIN (100); strong hashed PAN/GSTIN/Udyam match
PAIR-000267,KSPCB,PCB/BLRR/CTO/2021/00112,Navya Mold LLP,UDYAM,UDYAM-KR-BLRR-2020-000126,Navya Mol LLP,562114,86,AUTO_LINK,94.7,96.3,95,0,True,auto-link candidate: high name similarity (94.7); similar address/PIN (96.3); strong hashed PAN/GSTIN/Udyam match
PAIR-000268,UDYAM,UDYAM-KR-BLRR-2016-000148,Nandi Tools Co,FACTORY,KFBIS-FAC-BLRR-2020-000130,Nandi Tools Co,561203|562114,86,AUTO_LINK,100.0,86.0,100,0,True,auto-link candidate: high name similarity (100.0); similar address/PIN (86.0); strong hashed PAN/GSTIN/Udyam match
PAIR-000269,SHOP,KAR-SHOP-BLRU-2015-000200,Lakshmi Kitchen Pvt Ltd,GST,GST-KA-BLRU-2025-000236,Lakshmi Kitchen Pvt Ltd,560024|560058,86,AUTO_LINK,100.0,85.4,100,0,True,auto-link candidate: high name similarity (100.0); similar address/PIN (85.4); strong hashed PAN/GSTIN/Udyam match
PAIR-000270,SHOP,KAR-SHOP-BLRU-2025-000208,M/S Udupi Cafe Pvt Ltd,LABOUR,LAB-KA-BLRU-2020-000150,Udupi Cafe Pvt Ltd,560102,86,AUTO_LINK,100.0,91.9,95,0,True,auto-link candidate: high name similarity (100.0); similar address/PIN (91.9); strong hashed PAN/GSTIN/Udyam match
PAIR-000271,KSPCB,PCB/BLRU/CTE/2019/00137,Udupi Cafe Pvt Ltd,UDYAM,UDYAM-KR-BLRU-2016-000156,Udupi Cafe Pvt Ltd,560085|560102,86,AUTO_LINK,100.0,92.9,95,0,True,auto-link candidate: high name similarity (100.0); similar address/PIN (92.9); strong hashed PAN/GSTIN/Udyam match
PAIR-000272,GST,GST-KA-MYS-2024-000251,Lakshm LLP,SHOP,KAR-SHOP-MYS-2024-000213,Lakshmi LLP,570016,86,AUTO_LINK,92.3,100,95,0,True,auto-link candidate: high name similarity (92.3); similar address/PIN (100); strong hashed PAN/GSTIN/Udyam match
PAIR-000273,GST,GST-KA-BLRU-2025-000021,Asha Co,UDYAM,UDYAM-KR-BLRU-2019-000014,Asha Co,560064,85,AUTO_LINK,100.0,88.7,95,0,True,auto-link candidate: high name similarity (100.0); similar address/PIN (88.7); strong hashed PAN/GSTIN/Udyam match
PAIR-000274,FACTORY,KFBIS-FAC-BLRU-2015-000035,Rai Tech Associates,SHOP,KAR-SHOP-BLRU-2015-000053,M/S Ravi Tech Associates,560066|560058,85,AUTO_LINK,97.4,89.7,95,0,True,auto-link candidate: high name similarity (97.4); similar address/PIN (89.7); strong hashed PAN/GSTIN/Udyam match
PAIR-000275,SHOP,KAR-SHOP-BLRU-2019-000062,Bharath Tech Associats,GST,GST-KA-BLRU-2017-000067,Bharath Tech Asociates,560029,85,AUTO_LINK,95.5,87.4,100,0,True,auto-link candidate: high name similarity (95.5); similar address/PIN (87.4); strong hashed PAN/GSTIN/Udyam match
PAIR-000276,FACTORY,KFBIS-FAC-BLRU-2018-000055,M/S Sharma Chem LP,KSPCB,PCB/BLRU/CTE/2021/00048,Sharma Chem LLP,560085,85,AUTO_LINK,88.0,100,95,0,True,auto-link candidate: high name similarity (88.0); similar address/PIN (100); strong hashed PAN/GSTIN/Udyam match
PAIR-000277,LABOUR,LAB-KA-MYS-2020-000062,M/S Omkar Graphics Inds,KSPCB,PCB/MYS/CTO/2020/00056,Omkar Graphics Indstries,570016,85,AUTO_LINK,88.4,100,95,0,True,auto-link candidate: high name similarity (88.4); similar address/PIN (100); strong hashed PAN/GSTIN/Udyam match
PAIR-000278,GST,GST-KA-MYS-2023-000110,Siddhi Supply LLP,LABOUR,LAB-KA-MYS-2024-000069,Siddhi Supply LLP,570016,85,AUTO_LINK,100.0,85.9,95,0,True,auto-link candidate: high name similarity (100.0); similar address/PIN (85.9); strong hashed PAN/GSTIN/Udyam match
PAIR-000279,SHOP,KAR-SHOP-BLRU-2023-000102,Sahana Kitchen Solutions,GST,GST-KA-BLRU-2016-000116,Sahana Kitchen Solutions,560058|560043,85,AUTO_LINK,100.0,80.3,100,0,True,auto-link candidate: high name similarity (100.0); similar address/PIN (80.3); strong hashed PAN/GSTIN/Udyam match
PAIR-000280,KSPCB,PCB/BLRU/CTE/2025/00105,Sharma Moulding Inds,GST,GST-KA-BLRU-2017-000191,SHARMA MOULDING INDUSTRIES,560001|560029,85,AUTO_LINK,87.0,96.9,100,0,True,auto-link candidate: high name similarity (87.0); similar address/PIN (96.9); strong hashed PAN/GSTIN/Udyam match
PAIR-000281,GST,GST-KA-BLRU-2025-000194,M/S Ananya Labs Enterprises,FACTORY,KFBIS-FAC-BLRU-2021-000110,Ananya Labs Entp,560085,85,AUTO_LINK,82.1,100,100,0,True,auto-link candidate: high name similarity (82.1); similar address/PIN (100); strong hashed PAN/GSTIN/Udyam match
PAIR-000282,BBMP,BBMP-TL-SOUT-2021-000097,M/S Sree Pharma Pv Ltd,GST,GST-KA-BLRU-2025-000200,M/S Sree Pharma Pvt Ltd,560068,85,AUTO_LINK,88.0,100,95,0,True,auto-link candidate: high name similarity (88.0); similar address/PIN (100); strong hashed PAN/GSTIN/Udyam match
PAIR-000283,BBMP,BBMP-TL-MAHA-2018-000107,Nisarga Printers Pvt Ltd,SHOP,KAR-SHOP-BLRU-2018-000178,Nisarga Printers Pvt Ltd,560066,85,AUTO_LINK,100.0,86.8,95,0,True,auto-link candidate: high name similarity (100.0); similar address/PIN (86.8); strong hashed PAN/GSTIN/Udyam match
PAIR-000284,GST,GST-KA-BLRU-2025-000254,Asha Packaging Entp,FACTORY,KFBIS-FAC-BLRU-2018-000141,M/S Asha Packaging Enterprises,560066,85,AUTO_LINK,84.4,100,100,0,True,auto-link candidate: high name similarity (84.4); similar address/PIN (100); strong hashed PAN/GSTIN/Udyam match
PAIR-000285,GST,GST-KA-BLRU-2019-000080,M/S Mysore Fashions Enterprises,FACTORY,KFBIS-FAC-BLRU-2023-000053,Mysore Fashions Entp,560064,84,HUMAN_REVIEW,85.1,100,95,0,True,requires human review: high name similarity (85.1); similar address/PIN (100); strong hashed PAN/GSTIN/Udyam match
PAIR-000286,KSPCB,PCB/BLRR/CTO/2015/00087,Udupi Electronics LLP,LABOUR,LAB-KA-BLRR-2023-000098,Udupi Electronics LP,562110,84,HUMAN_REVIEW,91.9,93.5,95,0,True,requires human review: high name similarity (91.9); similar address/PIN (93.5); strong hashed PAN/GSTIN/Udyam match
PAIR-000287,GST,GST-KA-BLRU-2016-000176,Sree Toos LLP,LABOUR,LAB-KA-BLRU-2019-000114,Sree Tools LLP,560064|560066,84,HUMAN_REVIEW,94.7,89.3,95,0,True,requires human review: high name similarity (94.7); similar address/PIN (89.3); strong hashed PAN/GSTIN/Udyam match
PAIR-000288,FACTORY,KFBIS-FAC-BLRU-2024-000117,Veda Print Enterprises,KSPCB,PCB/BLRU/CTO/2021/00115,M/S Veda Print Entp,560029,84,HUMAN_REVIEW,81.1,100,100,0,True,requires human review: high name similarity (81.1); similar address/PIN (100); strong hashed PAN/GSTIN/Udyam match
PAIR-000289,KSPCB,PCB/BLRU/CTO/2021/00115,M/S Veda Print Entp,UDYAM,UDYAM-KR-BLRU-2015-000128,Veda Print Enterprises,560029,84,HUMAN_REVIEW,81.1,100,100,0,True,requires human review: high name similarity (81.1); similar address/PIN (100); strong hashed PAN/GSTIN/Udyam match
PAIR-000290,SHOP,KAR-SHOP-BLRU-2018-000026,M/S Meghana Bites Associates,UDYAM,UDYAM-KR-BLRU-2025-000020,Meghana Bites Associates,560085,83,HUMAN_REVIEW,100.0,100,80,0,True,requires human review: high name similarity (100.0); similar address/PIN (100); strong hashed PAN/GSTIN/Udyam match
PAIR-000291,BBMP,BBMP-TL-WEST-2019-000031,Prakruthi Care Industries,SHOP,KAR-SHOP-BLRU-2023-000064,Prakruthi Care Industries,560059,83,HUMAN_REVIEW,100.0,100,80,0,True,requires human review: high name similarity (100.0); similar address/PIN (100); strong hashed PAN/GSTIN/Udyam match
PAIR-000292,GST,GST-KA-BLRU-2017-000091,Nisarga Industrial Co,KSPCB,PCB/BLRU/CTE/2022/00054,Nisarga Industrial Co,560024,83,HUMAN_REVIEW,100.0,100,80,0,True,requires human review: high name similarity (100.0); similar address/PIN (100); strong hashed PAN/GSTIN/Udyam match
PAIR-000293,UDYAM,UDYAM-KR-BLRU-2016-000069,M/S Udupi Circuits LLP,FACTORY,KFBIS-FAC-BLRU-2018-000073,M/S Udupi Circuits LLP,560043,83,HUMAN_REVIEW,100.0,100,80,0,True,requires human review: high name similarity (100.0); similar address/PIN (100); strong hashed PAN/GSTIN/Udyam match
PAIR-000294,LABOUR,LAB-KA-BLRU-2017-000083,Nisarga Trans Enterprises,KSPCB,PCB/BLRU/CTO/2015/00079,M/S Nisarga Trans Entp,560024,83,HUMAN_REVIEW,83.7,97.2,95,0,True,requires human review: high name similarity (83.7); similar address/PIN (97.2); strong hashed PAN/GSTIN/Udyam match
PAIR-000295,KSPCB,PCB/BLRU/CTO/2015/00079,M/S Nisarga Trans Entp,GST,GST-KA-BLRU-2023-000135,Nisarga Trans Enterprises,560024,83,HUMAN_REVIEW,83.7,97.2,95,0,True,requires human review: high name similarity (83.7); similar address/PIN (97.2); strong hashed PAN/GSTIN/Udyam match
PAIR-000296,GST,GST-KA-BLRU-2024-000185,SHARMA PRINT ENTERPRISES,UDYAM,UDYAM-KR-BLRU-2018-000116,Sharma Print Enterprises,560085,83,HUMAN_REVIEW,100.0,100,80,0,True,requires human review: high name similarity (100.0); similar address/PIN (100); strong hashed PAN/GSTIN/Udyam match
PAIR-000297,BBMP,BBMP-TL-SOUT-2021-000097,M/S Sree Pharma Pv Ltd,SHOP,KAR-SHOP-BLRU-2023-000166,Sree Pharma Pvt. Ltd.,560068,83,HUMAN_REVIEW,88.0,93.5,95,0,True,requires human review: high name similarity (88.0); similar address/PIN (93.5); strong hashed PAN/GSTIN/Udyam match
PAIR-000298,KSPCB,PCB/BLRU/CTO/2017/00134,Varun Systems Solutions,UDYAM,UDYAM-KR-BLRU-2017-000151,Varun Systems Solutions,560100,83,HUMAN_REVIEW,100.0,100,80,0,True,requires human review: high name similarity (100.0); similar address/PIN (100); strong hashed PAN/GSTIN/Udyam match
PAIR-000299,KSPCB,PCB/MYS/CTO/2022/00146,Nisarga Circuits Enterprises,UDYAM,UDYAM-KR-MYS-2024-000163,M/S Nisarga Circuits Enterprises,570018,83,HUMAN_REVIEW,100.0,100,80,0,True,requires human review: high name similarity (100.0); similar address/PIN (100); strong hashed PAN/GSTIN/Udyam match
PAIR-000300,UDYAM,UDYAM-KR-BLRU-2018-000004,Siddhi Cafe Inds,KSPCB,PCB/BLRU/CTO/2020/00004,Siddhi Cafe Industries,560100,82,HUMAN_REVIEW,84.2,93.5,95,0,True,requires human review: high name similarity (84.2); similar address/PIN (93.5); strong hashed PAN/GSTIN/Udyam match
PAIR-000301,GST,GST-KA-BLRU-2024-000070,Sharma Biryani Pvt. Ltd.,UDYAM,UDYAM-KR-BLRU-2018-000048,Sharma Biryani Pvt Ltd,560068,82,HUMAN_REVIEW,100.0,95.5,80,0,True,requires human review: high name similarity (100.0); similar address/PIN (95.5); strong hashed PAN/GSTIN/Udyam match
PAIR-000302,UDYAM,UDYAM-KR-BLRU-2022-000058,Prakruthi Electronics Industries,FACTORY,KFBIS-FAC-BLRU-2025-000061,Prakruthi Electonics Industries,560076,82,HUMAN_REVIEW,98.4,97.0,80,0,True,requires human review: high name similarity (98.4); similar address/PIN (97.0); strong hashed PAN/GSTIN/Udyam match
PAIR-000303,UDYAM,UDYAM-KR-BLRU-2017-000093,Meghana Moulding Industries,SHOP,KAR-SHOP-BLRU-2017-000131,Meghana Moulding Indstries,560058,82,HUMAN_REVIEW,98.1,96.7,80,0,True,requires human review: high name similarity (98.1); similar address/PIN (96.7); strong hashed PAN/GSTIN/Udyam match
PAIR-000304,GST,GST-KA-BLRU-2016-000023,M/S Mysore Enterprises,UDYAM,UDYAM-KR-BLRU-2023-000016,MYSORE ENTP,560102,81,HUMAN_REVIEW,75.9,91.6,100,0,True,requires human review: medium name similarity (75.9); similar address/PIN (91.6); strong hashed PAN/GSTIN/Udyam match
PAIR-000305,KSPCB,PCB/BLRU/CTE/2024/00018,Omkar Pvt Ltd,GST,GST-KA-BLRU-2017-000038,Omkar Pvt Ld,560043,81,HUMAN_REVIEW,76.9,100,95,0,True,requires human review: medium name similarity (76.9); similar address/PIN (100); strong hashed PAN/GSTIN/Udyam match
PAIR-000306,UDYAM,UDYAM-KR-BLRU-2022-000026,M/S Omkar Pvt Ltd,GST,GST-KA-BLRU-2017-000038,Omkar Pvt Ld,560043,81,HUMAN_REVIEW,76.9,100,95,0,True,requires human review: medium name similarity (76.9); similar address/PIN (100); strong hashed PAN/GSTIN/Udyam match
PAIR-000307,UDYAM,UDYAM-KR-BLRU-2024-000104,Lakshmi Electronics LLP,GST,GST-KA-BLRU-2020-000161,Lakshmi Elec LLP,560024,80,HUMAN_REVIEW,77.4,92.1,95,0,True,requires human review: medium name similarity (77.4); similar address/PIN (92.1); strong hashed PAN/GSTIN/Udyam match
PAIR-000308,FACTORY,KFBIS-FAC-BLRU-2015-000017,Mysore Enterprises,UDYAM,UDYAM-KR-BLRU-2023-000016,MYSORE ENTP,560102,79,HUMAN_REVIEW,75.9,91.6,95,0,True,requires human review: medium name similarity (75.9); similar address/PIN (91.6); strong hashed PAN/GSTIN/Udyam match
PAIR-000309,BBMP,BBMP-TL-EAST-2023-000071,Nisarga Enterprises,FACTORY,KFBIS-FAC-BLRU-2016-000089,M/S Nisarga Entp,560001|560064,78,HUMAN_REVIEW,77.4,85.4,95,0,True,requires human review: medium name similarity (77.4); similar address/PIN (85.4); strong hashed PAN/GSTIN/Udyam match
PAIR-000310,UDYAM,UDYAM-KR-BLRU-2024-000072,M/S Mysore Industries,KSPCB,PCB/BLRU/CTE/2018/00069,Mysore Inds,560085,77,HUMAN_REVIEW,78.6,100,80,0,True,requires human review: medium name similarity (78.6); similar address/PIN (100); strong hashed PAN/GSTIN/Udyam match
PAIR-000311,GST,GST-KA-BLRR-2024-000002,VEDA DEVICES WORKS,KSPCB,PCB/BLRR/CTE/2021/00001,Veda Devices Works,561203,74,HUMAN_REVIEW,100.0,100,25,100,True,requires human review: high name similarity (100.0); similar address/PIN (100); same phone number
PAIR-000312,FACTORY,KFBIS-FAC-MYS-2018-000003,Deccan Industries,SHOP,KAR-SHOP-MYS-2024-000003,Deccan Industries,570001,74,HUMAN_REVIEW,100.0,100,25,100,True,requires human review: high name similarity (100.0); similar address/PIN (100); same phone number
PAIR-000313,SHOP,KAR-SHOP-MYS-2024-000003,Deccan Industries,KSPCB,PCB/MYS/CTO/2018/00003,M/S Deccan Industries,570001,74,HUMAN_REVIEW,100.0,100,25,100,True,requires human review: high name similarity (100.0); similar address/PIN (100); same phone number
PAIR-000314,GST,GST-KA-BLRU-2019-000008,Naveen Fashions Traders,SHOP,KAR-SHOP-BLRU-2025-000008,Naveen Fashions Traders,560076,74,HUMAN_REVIEW,100.0,100,25,100,True,requires human review: high name similarity (100.0); similar address/PIN (100); same phone number
PAIR-000315,FACTORY,KFBIS-FAC-BLRU-2023-000004,Naveen Fashions Traders,SHOP,KAR-SHOP-BLRU-2025-000008,Naveen Fashions Traders,560076,74,HUMAN_REVIEW,100.0,100,25,100,True,requires human review: high name similarity (100.0); similar address/PIN (100); same phone number
PAIR-000316,GST,GST-KA-MYS-2024-000009,MYSORE BITES WORKS,SHOP,KAR-SHOP-MYS-2015-000009,Mysore Bites Works,570001,74,HUMAN_REVIEW,100.0,100,25,100,True,requires human review: high name similarity (100.0); similar address/PIN (100); same phone number
PAIR-000317,GST,GST-KA-MYS-2023-000032,ADITYA CIRCUITS WORKS,SHOP,KAR-SHOP-MYS-2025-000029,M/S Aditya Circuits Works,570016,74,HUMAN_REVIEW,100.0,100,25,100,True,requires human review: high name similarity (100.0); similar address/PIN (100); same phone number
PAIR-000318,UDYAM,UDYAM-KR-MYS-2017-000023,Aarohi Solutions,BBMP,BBMP-TL-NORT-2020-000014,Aarohi Solutions,570016,74,HUMAN_REVIEW,100.0,100,25,100,True,requires human review: high name similarity (100.0); similar address/PIN (100); same phone number
PAIR-000319,LABOUR,LAB-KA-BLRU-2022-000023,Nandi Solvents LLP,KSPCB,PCB/BLRU/CTE/2016/00017,Nandi Solvents LLP,560100,74,HUMAN_REVIEW,100.0,100,25,100,True,requires human review: high name similarity (100.0); similar address/PIN (100); same phone number
PAIR-000320,KSPCB,PCB/BLRU/CTE/2016/00017,Nandi Solvents LLP,GST,GST-KA-BLRU-2024-000037,Nandi Solvents LLP,560100,74,HUMAN_REVIEW,100.0,99.3,25,100,True,requires human review: high name similarity (100.0); similar address/PIN (99.3); same phone number
PAIR-000321,GST,GST-KA-BLRU-2024-000037,Nandi Solvents LLP,FACTORY,KFBIS-FAC-BLRU-2024-000021,Nandi Solvents LLP,560100,74,HUMAN_REVIEW,100.0,100,25,100,True,requires human review: high name similarity (100.0); similar address/PIN (100); same phone number
PAIR-000322,LABOUR,LAB-KA-BLRU-2024-000024,Omkar Pvt Ltd,FACTORY,KFBIS-FAC-BLRU-2016-000022,M/S Omkar Pvt Ltd,560043,74,HUMAN_REVIEW,100.0,100,25,100,True,requires human review: high name similarity (100.0); similar address/PIN (100); same phone number
PAIR-000323,UDYAM,UDYAM-KR-BLRU-2021-000031,SRINIDHI MILLING TRADERS,SHOP,KAR-SHOP-BLRU-2022-000039,Srinidhi Milling Traders,560037,74,HUMAN_REVIEW,100.0,100,25,100,True,requires human review: high name similarity (100.0); similar address/PIN (100); same phone number
PAIR-000324,UDYAM,UDYAM-KR-BLRU-2018-000033,Siddhi Systems LLP,LABOUR,LAB-KA-BLRU-2021-000029,Siddhi Systems LLP,560043,74,HUMAN_REVIEW,100.0,100,25,100,True,requires human review: high name similarity (100.0); similar address/PIN (100); same phone number
PAIR-000325,BBMP,BBMP-TL-BENG-2016-000019,Veda Stitch LLP,KSPCB,PCB/BLRR/CTE/2019/00024,M/S Veda Stitch LLP,562114,74,HUMAN_REVIEW,100.0,100,25,100,True,requires human review: high name similarity (100.0); similar address/PIN (100); same phone number
PAIR-000326,BBMP,BBMP-TL-BENG-2016-000019,Veda Stitch LLP,GST,GST-KA-BLRR-2025-000048,Veda Stitch LLP,562114,74,HUMAN_REVIEW,100.0,100,25,100,True,requires human review: high name similarity (100.0); similar address/PIN (100); same phone number
PAIR-000327,GST,GST-KA-BLRR-2018-000049,M/S Srinidhi Labs Industries,FACTORY,KFBIS-FAC-BLRR-2025-000028,Srinidhi Labs Industries,562114,74,HUMAN_REVIEW,100.0,100,25,100,True,requires human review: high name similarity (100.0); similar address/PIN (100); same phone number
PAIR-000328,UDYAM,UDYAM-KR-BLRU-2018-000035,Veda Pharma Associates,BBMP,BBMP-TL-DASA-2021-000020,M/S Veda Pharma Associates,560058,74,HUMAN_REVIEW,100.0,100,25,100,True,requires human review: high name similarity (100.0); similar address/PIN (100); same phone number
PAIR-000329,GST,GST-KA-TUM-2025-000055,M/S Prakruthi CNC LLP,UDYAM,UDYAM-KR-TUM-2024-000039,Prakruthi CNC LLP,572106,74,HUMAN_REVIEW,100.0,100,25,100,True,requires human review: high name similarity (100.0); similar address/PIN (100); same phone number
PAIR-000330,FACTORY,KFBIS-FAC-BLRU-2022-000038,Meghana Wear Traders,GST,GST-KA-BLRU-2015-000062,M/S Meghana Wear Traders,560058,74,HUMAN_REVIEW,100.0,100,25,100,True,requires human review: high name similarity (100.0); similar address/PIN (100); same phone number
PAIR-000331,LABOUR,LAB-KA-BLRU-2023-000038,M/S Meghana Wear Traders,BBMP,BBMP-TL-DASA-2015-000026,Meghana Wear Traders,560058,74,HUMAN_REVIEW,100.0,100,25,100,True,requires human review: high name similarity (100.0); similar address/PIN (100); same phone number
PAIR-000332,FACTORY,KFBIS-FAC-MYS-2018-000041,M/S Mysore Works,GST,GST-KA-MYS-2018-000064,Mysore Works,570018,74,HUMAN_REVIEW,100.0,100,25,100,True,requires human review: high name similarity (100.0); similar address/PIN (100); same phone number
PAIR-000333,FACTORY,KFBIS-FAC-MYS-2018-000041,M/S Mysore Works,UDYAM,UDYAM-KR-MYS-2018-000044,M/S Mysore Works,570018,74,HUMAN_REVIEW,100.0,100,25,100,True,requires human review: high name similarity (100.0); similar address/PIN (100); same phone number
PAIR-000334,LABOUR,LAB-KA-BLRU-2023-000043,Kaveri Systems Pvt. Ltd.,FACTORY,KFBIS-FAC-BLRU-2017-000046,Kaveri Systems Pvt Ltd,560102,74,HUMAN_REVIEW,100.0,99.1,25,100,True,requires human review: high name similarity (100.0); similar address/PIN (99.1); same phone number
PAIR-000335,FACTORY,KFBIS-FAC-BLRU-2023-000047,M/S Deccan Packaging Traders,GST,GST-KA-BLRU-2025-000071,M/S DECCAN PACKAGING TRADERS,560029,74,HUMAN_REVIEW,100.0,100,25,100,True,requires human review: high name similarity (100.0); similar address/PIN (100); same phone number
PAIR-000336,FACTORY,KFBIS-FAC-BLRU-2017-000049,M/S Ananya Labs Pvt Ltd,KSPCB,PCB/BLRU/CTE/2016/00040,M/S Ananya Labs Pvt Ltd,560085,74,HUMAN_REVIEW,100.0,100,25,100,True,requires human review: high name similarity (100.0); similar address/PIN (100); same phone number
PAIR-000337,GST,GST-KA-BLRU-2015-000083,Naveen Polymers Solutions,FACTORY,KFBIS-FAC-BLRU-2021-000056,Naveen Polymers Solutions,560102,74,HUMAN_REVIEW,100.0,100,25,100,True,requires human review: high name similarity (100.0); similar address/PIN (100); same phone number
PAIR-000338,GST,GST-KA-BLRU-2017-000088,Ravi Solutions,KSPCB,PCB/BLRU/CTE/2022/00053,Ravi Solutions,560034,74,HUMAN_REVIEW,100.0,100,25,100,True,requires human review: high name similarity (100.0); similar address/PIN (100); same phone number
PAIR-000339,FACTORY,KFBIS-FAC-BLRU-2020-000063,M/S Sree Clinic Industries,SHOP,KAR-SHOP-BLRU-2016-000080,Sree Clinic Industries,560102,74,HUMAN_REVIEW,100.0,100,25,100,True,requires human review: high name similarity (100.0); similar address/PIN (100); same phone number
PAIR-000340,SHOP,KAR-SHOP-BLRR-2021-000086,Srinidhi Co,BBMP,BBMP-TL-BENG-2022-000045,M/S Srinidhi Co,562110,74,HUMAN_REVIEW,100.0,99.7,25,100,True,requires human review: high name similarity (100.0); similar address/PIN (99.7); same phone number
PAIR-000341,UDYAM,UDYAM-KR-BLRU-2015-000062,M/S Sri Devices LLP,KSPCB,PCB/BLRU/CTO/2022/00057,M/S Sri Devices LLP,560043,74,HUMAN_REVIEW,100.0,100,25,100,True,requires human review: high name similarity (100.0); similar address/PIN (100); same phone number
PAIR-000342,GST,GST-KA-BLRU-2015-000102,Aarohi Bakery Industries,BBMP,BBMP-TL-YELA-2019-000048,Aarohi Bakery Industries,560064,74,HUMAN_REVIEW,100.0,100,25,100,True,requires human review: high name similarity (100.0); similar address/PIN (100); same phone number
PAIR-000343,KSPCB,PCB/BLRU/CTE/2019/00060,Omkar Agro Co,SHOP,KAR-SHOP-BLRU-2021-000091,Omkar Agro Co,560100,74,HUMAN_REVIEW,100.0,100,25,100,True,requires human review: high name similarity (100.0); similar address/PIN (100); same phone number
PAIR-000344,KSPCB,PCB/BLRU/CTO/2022/00062,Omkar Agro Co,FACTORY,KFBIS-FAC-BLRU-2021-000070,Omkar Agro Company,560068,74,HUMAN_REVIEW,100.0,100,25,100,True,requires human review: high name similarity (100.0); similar address/PIN (100); same phone number
PAIR-000345,GST,GST-KA-MYS-2021-000113,Bangalore Company,KSPCB,PCB/MYS/CTO/2017/00065,M/S Bangalore Company,570001,74,HUMAN_REVIEW,100.0,100,25,100,True,requires human review: high name similarity (100.0); similar address/PIN (100); same phone number
PAIR-000346,UDYAM,UDYAM-KR-BLRR-2017-000071,LAKSHMI GRAPHICS SOLUTIONS,KSPCB,PCB/BLRR/CTO/2019/00066,Lakshmi Graphics Solutions,562114,74,HUMAN_REVIEW,100.0,100,25,100,True,requires human review: high name similarity (100.0); similar address/PIN (100); same phone number
PAIR-000347,SHOP,KAR-SHOP-BLRU-2025-000108,M/S Ananya CNC LLP,LABOUR,LAB-KA-BLRU-2015-000078,Ananya CNC LLP,560037,74,HUMAN_REVIEW,100.0,100,25,100,True,requires human review: high name similarity (100.0); similar address/PIN (100); same phone number
PAIR-000348,BBMP,BBMP-TL-BENG-2023-000059,Asha Clinic Solutions,SHOP,KAR-SHOP-BLRR-2020-000109,Asha Clinic Solutions,562114,74,HUMAN_REVIEW,100.0,100,25,100,True,requires human review: high name similarity (100.0); similar address/PIN (100); same phone number
PAIR-000349,FACTORY,KFBIS-FAC-BLRU-2022-000080,Sahana Kitchen Solutions,SHOP,KAR-SHOP-BLRU-2022-000110,M/S Sahana Kitchen Solutions,560058,74,HUMAN_REVIEW,100.0,100,25,100,True,requires human review: high name similarity (100.0); similar address/PIN (100); same phone number
PAIR-000350,KSPCB,PCB/BLRU/CTO/2023/00077,Bharath Spices LLP,SHOP,KAR-SHOP-BLRU-2018-000114,Bharath Spices LLP,560066,74,HUMAN_REVIEW,100.0,100,25,100,True,requires human review: high name similarity (100.0); similar address/PIN (100); same phone number
PAIR-000351,SHOP,KAR-SHOP-BLRU-2018-000114,Bharath Spices LLP,FACTORY,KFBIS-FAC-BLRU-2019-000081,Bharath Spices LLP,560066,74,HUMAN_REVIEW,100.0,100,25,100,True,requires human review: high name similarity (100.0); similar address/PIN (100); same phone number
PAIR-000352,LABOUR,LAB-KA-TUM-2025-000081,Vijaya Fashions Works,SHOP,KAR-SHOP-TUM-2017-000115,Vijaya Fashions Works,572106,74,HUMAN_REVIEW,100.0,100,25,100,True,requires human review: high name similarity (100.0); similar address/PIN (100); same phone number
PAIR-000353,LABOUR,LAB-KA-BLRU-2025-000085,Prakruthi LLP,GST,GST-KA-BLRU-2023-000136,M/S PRAKRUTHI LLP,560085,74,HUMAN_REVIEW,100.0,100,25,100,True,requires human review: high name similarity (100.0); similar address/PIN (100); same phone number
PAIR-000354,UDYAM,UDYAM-KR-MYS-2023-000085,M/S Sree Associates,KSPCB,PCB/MYS/CTO/2020/00080,M/S Sree Associates,570018,74,HUMAN_REVIEW,100.0,100,25,100,True,requires human review: high name similarity (100.0); similar address/PIN (100); same phone number
PAIR-000355,BBMP,BBMP-TL-SOUT-2019-000070,Sharma Pvt Ltd,SHOP,KAR-SHOP-MYS-2021-000124,Sharma Pvt. Ltd.,570018,74,HUMAN_REVIEW,100.0,99.4,25,100,True,requires human review: high name similarity (100.0); similar address/PIN (99.4); same phone number
PAIR-000356,BBMP,BBMP-TL-MAHA-2022-000072,Sahana Apparels Co,LABOUR,LAB-KA-BLRU-2019-000091,Sahana Apparels Co,560037,74,HUMAN_REVIEW,100.0,100,25,100,True,requires human review: high name similarity (100.0); similar address/PIN (100); same phone number
PAIR-000357,BBMP,BBMP-TL-SOUT-2019-000073,Veda Meds Works,LABOUR,LAB-KA-BLRU-2017-000092,M/S Veda Meds Works,560068,74,HUMAN_REVIEW,100.0,100,25,100,True,requires human review: high name similarity (100.0); similar address/PIN (100); same phone number
PAIR-000358,LABOUR,LAB-KA-BLRU-2017-000092,M/S Veda Meds Works,SHOP,KAR-SHOP-BLRU-2025-000128,Veda Meds Works,560068,74,HUMAN_REVIEW,100.0,100,25,100,True,requires human review: high name similarity (100.0); similar address/PIN (100); same phone number
PAIR-000359,LABOUR,LAB-KA-BLRU-2019-000097,M/S Sri Foods Company,SHOP,KAR-SHOP-BLRU-2016-000132,Sri Foods Company,560100,74,HUMAN_REVIEW,100.0,99.8,25,100,True,requires human review: high name similarity (100.0); similar address/PIN (99.8); same phone number
PAIR-000360,BBMP,BBMP-TL-SOUT-2019-000078,M/S Harsha Meals Associates,LABOUR,LAB-KA-MYS-2016-000099,Harsha Meals Associates,570018,74,HUMAN_REVIEW,100.0,100,25,100,True,requires human review: high name similarity (100.0); similar address/PIN (100); same phone number
PAIR-000361,BBMP,BBMP-TL-SOUT-2019-000078,M/S Harsha Meals Associates,SHOP,KAR-SHOP-MYS-2022-000134,Harsha Meals Associates,570018,74,HUMAN_REVIEW,100.0,100,25,100,True,requires human review: high name similarity (100.0); similar address/PIN (100); same phone number
PAIR-000362,KSPCB,PCB/BLRU/CTE/2020/00089,Deccan Coatings Associates,UDYAM,UDYAM-KR-BLRU-2016-000101,Deccan Coatings Associates,560102,74,HUMAN_REVIEW,100.0,99.5,25,100,True,requires human review: high name similarity (100.0); similar address/PIN (99.5); same phone number
PAIR-000363,LABOUR,LAB-KA-BLRU-2016-000101,Deccan Coatings Associates,UDYAM,UDYAM-KR-BLRU-2016-000101,Deccan Coatings Associates,560102,74,HUMAN_REVIEW,100.0,100,25,100,True,requires human review: high name similarity (100.0); similar address/PIN (100); same phone number
PAIR-000364,SHOP,KAR-SHOP-BLRR-2019-000144,M/S Navya Precision Traders,FACTORY,KFBIS-FAC-BLRR-2023-000101,Navya Precision Traders,562157,74,HUMAN_REVIEW,100.0,100,25,100,True,requires human review: high name similarity (100.0); similar address/PIN (100); same phone number
PAIR-000365,LABOUR,LAB-KA-BLRU-2022-000112,Ravi Logistics Solutions,GST,GST-KA-BLRU-2024-000174,M/S Ravi Logistics Solutions,560076,74,HUMAN_REVIEW,100.0,100,25,100,True,requires human review: high name similarity (100.0); similar address/PIN (100); same phone number
PAIR-000366,GST,GST-KA-BLRU-2024-000174,M/S Ravi Logistics Solutions,SHOP,KAR-SHOP-BLRU-2025-000148,M/S Ravi Logistics Solutions,560076,74,HUMAN_REVIEW,100.0,99.7,25,100,True,requires human review: high name similarity (100.0); similar address/PIN (99.7); same phone number
PAIR-000367,LABOUR,LAB-KA-BLRU-2016-000115,Harsha LLP,GST,GST-KA-BLRU-2023-000177,Harsha LLP,560034,74,HUMAN_REVIEW,100.0,100,25,100,True,requires human review: high name similarity (100.0); similar address/PIN (100); same phone number
PAIR-000368,UDYAM,UDYAM-KR-TUM-2021-000112,Lakshmi Medical LLP,LABOUR,LAB-KA-TUM-2024-000116,Lakshmi Medical LLP,572101,74,HUMAN_REVIEW,100.0,99.8,25,100,True,requires human review: high name similarity (100.0); similar address/PIN (99.8); same phone number
PAIR-000369,GST,GST-KA-BLRU-2022-000184,BHARATH CARGO PVT LTD,BBMP,BBMP-TL-SOUT-2017-000090,M/S Bharath Cargo Pvt Ltd,560034,74,HUMAN_REVIEW,100.0,100,25,100,True,requires human review: high name similarity (100.0); similar address/PIN (100); same phone number
PAIR-000370,SHOP,KAR-SHOP-BLRU-2015-000156,Sharma Print Enterprises,GST,GST-KA-BLRU-2024-000185,SHARMA PRINT ENTERPRISES,560085,74,HUMAN_REVIEW,100.0,100,25,100,True,requires human review: high name similarity (100.0); similar address/PIN (100); same phone number
PAIR-000371,UDYAM,UDYAM-KR-BLRU-2021-000123,DECCAN PRECISION CO,KSPCB,PCB/BLRU/CTO/2025/00110,Deccan Precision Co,560066,74,HUMAN_REVIEW,100.0,99.4,25,100,True,requires human review: high name similarity (100.0); similar address/PIN (99.4); same phone number
PAIR-000372,UDYAM,UDYAM-KR-BLRU-2021-000123,DECCAN PRECISION CO,FACTORY,KFBIS-FAC-BLRU-2016-000112,Deccan Precision Co,560066,74,HUMAN_REVIEW,100.0,100,25,100,True,requires human review: high name similarity (100.0); similar address/PIN (100); same phone number
PAIR-000373,SHOP,KAR-SHOP-MYS-2021-000168,M/S Srinidhi LLP,UDYAM,UDYAM-KR-MYS-2019-000125,SRINIDHI LLP,570016,74,HUMAN_REVIEW,100.0,100,25,100,True,requires human review: high name similarity (100.0); similar address/PIN (100); same phone number
PAIR-000374,GST,GST-KA-MYS-2019-000202,M/S Srinidhi LLP,UDYAM,UDYAM-KR-MYS-2019-000125,SRINIDHI LLP,570016,74,HUMAN_REVIEW,100.0,100,25,100,True,requires human review: high name similarity (100.0); similar address/PIN (100); same phone number
PAIR-000375,FACTORY,KFBIS-FAC-BLRR-2021-000114,Navya Mold LLP,LABOUR,LAB-KA-BLRR-2024-000125,Navya Mold LLP,562114,74,HUMAN_REVIEW,100.0,100,25,100,True,requires human review: high name similarity (100.0); similar address/PIN (100); same phone number
PAIR-000376,LABOUR,LAB-KA-BLRR-2024-000125,Navya Mold LLP,SHOP,KAR-SHOP-BLRR-2017-000169,Navya Mold LLP,562114,74,HUMAN_REVIEW,100.0,100,25,100,True,requires human review: high name similarity (100.0); similar address/PIN (100); same phone number
PAIR-000377,SHOP,KAR-SHOP-BLRR-2019-000174,Meghana Spices LLP,UDYAM,UDYAM-KR-BLRR-2015-000129,M/S Meghana Spices LLP,562114,74,HUMAN_REVIEW,100.0,99.1,25,100,True,requires human review: high name similarity (100.0); similar address/PIN (99.1); same phone number
PAIR-000378,UDYAM,UDYAM-KR-BLRR-2015-000129,M/S Meghana Spices LLP,BBMP,BBMP-TL-BENG-2020-000103,Meghana Spices LLP,562114,74,HUMAN_REVIEW,100.0,100,25,100,True,requires human review: high name similarity (100.0); similar address/PIN (100); same phone number
PAIR-000379,BBMP,BBMP-TL-BENG-2020-000103,Meghana Spices LLP,KSPCB,PCB/BLRR/CTE/2019/00116,Meghana Spices LLP,562114,74,HUMAN_REVIEW,100.0,100,25,100,True,requires human review: high name similarity (100.0); similar address/PIN (100); same phone number
PAIR-000380,SHOP,KAR-SHOP-BLRU-2016-000176,Sree Print Co,BBMP,BBMP-TL-BOMM-2022-000105,Sree Print Co,560102,74,HUMAN_REVIEW,100.0,100,25,100,True,requires human review: high name similarity (100.0); similar address/PIN (100); same phone number
PAIR-000381,SHOP,KAR-SHOP-BLRU-2019-000177,Vijaya Moulding Solutions,FACTORY,KFBIS-FAC-BLRU-2015-000121,Vijaya Moulding Solutions,560066,74,HUMAN_REVIEW,100.0,100,25,100,True,requires human review: high name similarity (100.0); similar address/PIN (100); same phone number
PAIR-000382,SHOP,KAR-SHOP-BLRU-2018-000181,Ganesh Care Company,UDYAM,UDYAM-KR-BLRU-2017-000134,Ganesh Care Co,560034,74,HUMAN_REVIEW,100.0,100,25,100,True,requires human review: high name similarity (100.0); similar address/PIN (100); same phone number
PAIR-000383,LABOUR,LAB-KA-BLRU-2025-000138,M/S Ananya Chem Industries,KSPCB,PCB/BLRU/CTO/2015/00127,Ananya Chem Industries,560059,74,HUMAN_REVIEW,100.0,100,25,100,True,requires human review: high name similarity (100.0); similar address/PIN (100); same phone number
PAIR-000384,LABOUR,LAB-KA-BLRU-2022-000139,M/S Harsha Works,SHOP,KAR-SHOP-BLRU-2023-000192,Harsha Works,560064,74,HUMAN_REVIEW,100.0,100,25,100,True,requires human review: high name similarity (100.0); similar address/PIN (100); same phone number
PAIR-000385,SHOP,KAR-SHOP-BLRU-2022-000195,Aarohi Bakery Associates,UDYAM,UDYAM-KR-BLRU-2022-000144,Aarohi Bakery Associates,560076,74,HUMAN_REVIEW,100.0,100,25,100,True,requires human review: high name similarity (100.0); similar address/PIN (100); same phone number
PAIR-000386,GST,GST-KA-BLRU-2021-000231,Aarohi Bakery Associates,LABOUR,LAB-KA-BLRU-2022-000141,Aarohi Bakery Associates,560076,74,HUMAN_REVIEW,100.0,100,25,100,True,requires human review: high name similarity (100.0); similar address/PIN (100); same phone number
PAIR-000387,UDYAM,UDYAM-KR-BLRU-2017-000151,Varun Systems Solutions,GST,GST-KA-BLRU-2025-000240,Varun Systems Solutions,560100,74,HUMAN_REVIEW,100.0,100,25,100,True,requires human review: high name similarity (100.0); similar address/PIN (100); same phone number
PAIR-000388,GST,GST-KA-BLRU-2025-000240,Varun Systems Solutions,SHOP,KAR-SHOP-BLRU-2016-000204,Varun Systems Solutions,560100,74,HUMAN_REVIEW,100.0,100,25,100,True,requires human review: high name similarity (100.0); similar address/PIN (100); same phone number
PAIR-000389,FACTORY,KFBIS-FAC-BLRU-2021-000132,M/S Varun Systems Solutions,SHOP,KAR-SHOP-BLRU-2016-000204,Varun Systems Solutions,560100,74,HUMAN_REVIEW,100.0,100,25,100,True,requires human review: high name similarity (100.0); similar address/PIN (100); same phone number
PAIR-000390,BBMP,BBMP-TL-MAHA-2018-000126,Bangalore Industries LLP,KSPCB,PCB/BLRU/CTE/2023/00140,M/S Bangalore Industries LLP,560066,74,HUMAN_REVIEW,100.0,100,25,100,True,requires human review: high name similarity (100.0); similar address/PIN (100); same phone number
PAIR-000391,LABOUR,LAB-KA-BLRU-2023-000152,Naveen Printers Solutions,KSPCB,PCB/BLRU/CTE/2017/00141,Naveen Printers Solutions,560059,74,HUMAN_REVIEW,100.0,100,25,100,True,requires human review: high name similarity (100.0); similar address/PIN (100); same phone number
PAIR-000392,LABOUR,LAB-KA-BLRU-2023-000152,Naveen Printers Solutions,BBMP,BBMP-TL-WEST-2017-000127,Naveen Printers Solutions,560059,74,HUMAN_REVIEW,100.0,100,25,100,True,requires human review: high name similarity (100.0); similar address/PIN (100); same phone number
PAIR-000393,FACTORY,KFBIS-FAC-MYS-2017-000142,Nisarga Circuits Enterprises,KSPCB,PCB/MYS/CTO/2022/00146,Nisarga Circuits Enterprises,570018,74,HUMAN_REVIEW,100.0,100,25,100,True,requires human review: high name similarity (100.0); similar address/PIN (100); same phone number
PAIR-000394,KSPCB,PCB/BLRU/CTE/2023/00147,Sree Enterprises,FACTORY,KFBIS-FAC-BLRU-2024-000143,Sree Enterprises,560100,74,HUMAN_REVIEW,100.0,100,25,100,True,requires human review: high name similarity (100.0); similar address/PIN (100); same phone number
PAIR-000395,KSPCB,PCB/BLRU/CTE/2023/00147,Sree Enterprises,BBMP,BBMP-TL-BOMM-2020-000130,Sree Enterprises,560100,74,HUMAN_REVIEW,100.0,100,25,100,True,requires human review: high name similarity (100.0); similar address/PIN (100); same phone number
PAIR-000396,SHOP,KAR-SHOP-BLRU-2021-000217,Varun Industries,KSPCB,PCB/BLRU/CTE/2021/00148,Varun Industries,560078,74,HUMAN_REVIEW,100.0,100,25,100,True,requires human review: high name similarity (100.0); similar address/PIN (100); same phone number
PAIR-000397,BBMP,BBMP-TL-BOMM-2017-000131,Naveen Medical Solutions,GST,GST-KA-BLRU-2019-000258,Naveen Medical Solutions,560102,74,HUMAN_REVIEW,100.0,100,25,100,True,requires human review: high name similarity (100.0); similar address/PIN (100); same phone number
PAIR-000398,UDYAM,UDYAM-KR-BLRU-2024-000002,Sharma Coatings Co,GST,GST-KA-BLRU-2022-000004,Sharma Coatings Co,560059,73,HUMAN_REVIEW,100.0,96.3,25,100,True,requires human review: high name similarity (100.0); similar address/PIN (96.3); same phone number
PAIR-000399,KSPCB,PCB/MYS/CTO/2018/00003,M/S Deccan Industries,LABOUR,LAB-KA-MYS-2016-000002,Deccan Industres,570001,73,HUMAN_REVIEW,97.0,100,25,100,True,requires human review: high name similarity (97.0); similar address/PIN (100); same phone number
PAIR-000400,GST,GST-KA-BLRR-2025-000006,M/S Srinidhi Trans Works,SHOP,KAR-SHOP-BLRR-2021-000006,Srinidhi rans Works,562114,73,HUMAN_REVIEW,97.4,99.6,25,100,True,requires human review: high name similarity (97.4); similar address/PIN (99.6); same phone number
PAIR-000401,FACTORY,KFBIS-FAC-BLRU-2019-000006,Siddhi Industrial Industries,LABOUR,LAB-KA-BLRU-2025-000005,Siddhi Industrial Industries,560100,73,HUMAN_REVIEW,100.0,96.4,25,100,True,requires human review: high name similarity (100.0); similar address/PIN (96.4); same phone number
PAIR-000402,FACTORY,KFBIS-FAC-BLRR-2016-000008,Vea Coatings Works,GST,GST-KA-BLRR-2017-000014,Veda Coatings Works,562110,73,HUMAN_REVIEW,97.3,100,25,100,True,requires human review: high name similarity (97.3); similar address/PIN (100); same phone number
PAIR-000403,LABOUR,LAB-KA-BLRU-2024-000014,Bangalore Moulding Associates,SHOP,KAR-SHOP-BLRU-2022-000018,Bangalore Moulding Associates,560068,73,HUMAN_REVIEW,100.0,95.7,25,100,True,requires human review: high name similarity (100.0); similar address/PIN (95.7); same phone number
PAIR-000404,KSPCB,PCB/BLRU/CTO/2024/00012,Bangalore Moulding Associates,FACTORY,KFBIS-FAC-BLRU-2025-000013,Bangalore Moulding Associates,560068,73,HUMAN_REVIEW,100.0,97.9,25,100,True,requires human review: high name similarity (100.0); similar address/PIN (97.9); same phone number
PAIR-000405,GST,GST-KA-BLRU-2023-000019,Bangalore Moulding Assocites,FACTORY,KFBIS-FAC-BLRU-2025-000013,Bangalore Moulding Associates,560068,73,HUMAN_REVIEW,98.2,100,25,100,True,requires human review: high name similarity (98.2); similar address/PIN (100); same phone number
PAIR-000406,LABOUR,LAB-KA-BLRU-2022-000023,Nandi Solvents LLP,FACTORY,KFBIS-FAC-BLRU-2024-000021,Nandi Solvents LLP,560100,73,HUMAN_REVIEW,100.0,96.4,25,100,True,requires human review: high name similarity (100.0); similar address/PIN (96.4); same phone number
PAIR-000407,SHOP,KAR-SHOP-BLRU-2021-000034,Omkar Pvt Ltd,LABOUR,LAB-KA-BLRU-2024-000024,Omkar Pvt Ltd,560043,73,HUMAN_REVIEW,100.0,96.4,25,100,True,requires human review: high name similarity (100.0); similar address/PIN (96.4); same phone number
PAIR-000408,FACTORY,KFBIS-FAC-BLRR-2022-000027,Veda Stitch LLP,LABOUR,LAB-KA-BLRR-2017-000030,Veda Stitch LLP,562114,73,HUMAN_REVIEW,100.0,98.5,25,100,True,requires human review: high name similarity (100.0); similar address/PIN (98.5); same phone number
PAIR-000409,BBMP,BBMP-TL-CENT-2019-000022,Vijaya Bites Industries,SHOP,KAR-SHOP-MYS-2022-000049,Vijaya Bites Idustries,570001,73,HUMAN_REVIEW,97.8,100,25,100,True,requires human review: high name similarity (97.8); similar address/PIN (100); same phone number
PAIR-000410,UDYAM,UDYAM-KR-TUM-2024-000039,Prakruthi CNC LLP,SHOP,KAR-SHOP-TUM-2015-000051,Prakruth CNC LLP,572106,73,HUMAN_REVIEW,96.0,100,25,100,True,requires human review: high name similarity (96.0); similar address/PIN (100); same phone number
PAIR-000411,BBMP,BBMP-TL-BENG-2023-000025,M/S Aditya Medical Pvt Ltd,LABOUR,LAB-KA-BLRR-2022-000035,Aditya Medical Pvt. Ltd.,562114,73,HUMAN_REVIEW,100.0,97.1,25,100,True,requires human review: high name similarity (100.0); similar address/PIN (97.1); same phone number
PAIR-000412,FACTORY,KFBIS-FAC-BLRU-2017-000046,Kaveri Systems Pvt Ltd,BBMP,BBMP-TL-BOMM-2022-000032,Kaveri Systems Pvt Ltd,560102,73,HUMAN_REVIEW,100.0,97.9,25,100,True,requires human review: high name similarity (100.0); similar address/PIN (97.9); same phone number
PAIR-000413,BBMP,BBMP-TL-BOMM-2022-000032,Kaveri Systems Pvt Ltd,KSPCB,PCB/BLRU/CTO/2018/00038,M/S Kaveri Systems Pvt Ltd,560102,73,HUMAN_REVIEW,100.0,97.9,25,100,True,requires human review: high name similarity (100.0); similar address/PIN (97.9); same phone number
PAIR-000414,SHOP,KAR-SHOP-BLRU-2016-000080,Sree Clinic Industries,GST,GST-KA-BLRU-2020-000090,M/S Sree Clini Industries,560102,73,HUMAN_REVIEW,97.7,100,25,100,True,requires human review: high name similarity (97.7); similar address/PIN (100); same phone number
PAIR-000415,FACTORY,KFBIS-FAC-BLRU-2018-000064,Aarohi Aparels Co,SHOP,KAR-SHOP-BLRU-2022-000081,Aarohi Apparels Company,560076,73,HUMAN_REVIEW,96.6,100,25,100,True,requires human review: high name similarity (96.6); similar address/PIN (100); same phone number
PAIR-000416,SHOP,KAR-SHOP-BLRU-2023-000083,Sahana Works Company,UDYAM,UDYAM-KR-BLRU-2024-000060,SAHANA WORKS COMPANY,560059,73,HUMAN_REVIEW,100.0,96.7,25,100,True,requires human review: high name similarity (100.0); similar address/PIN (96.7); same phone number
PAIR-000417,BBMP,BBMP-TL-BENG-2020-000047,Sri Kitchen Entp,SHOP,KAR-SHOP-BLRR-2017-000088,Sri Kitchen Entp,562114,73,HUMAN_REVIEW,100.0,95.7,25,100,True,requires human review: high name similarity (100.0); similar address/PIN (95.7); same phone number
PAIR-000418,SHOP,KAR-SHOP-BLRU-2021-000091,Omkar Agro Co,UDYAM,UDYAM-KR-BLRU-2020-000066,OMKAR AGRO CO,560100,73,HUMAN_REVIEW,100.0,95.5,25,100,True,requires human review: high name similarity (100.0); similar address/PIN (95.5); same phone number
PAIR-000419,SHOP,KAR-SHOP-BLRR-2020-000109,Asha Clinic Solutions,GST,GST-KA-BLRR-2020-000126,Asha Clinic Solutions,562114,73,HUMAN_REVIEW,100.0,96.2,25,100,True,requires human review: high name similarity (100.0); similar address/PIN (96.2); same phone number
PAIR-000420,UDYAM,UDYAM-KR-BLRU-2018-000080,Sharma Electronics Solutions,BBMP,BBMP-TL-EAST-2019-000061,M/S Sharma Electronics Solutions,560001,73,HUMAN_REVIEW,100.0,95.2,25,100,True,requires human review: high name similarity (100.0); similar address/PIN (95.2); same phone number
PAIR-000421,LABOUR,LAB-KA-MYS-2016-000099,Harsha Meals Associates,GST,GST-KA-MYS-2018-000155,Hrsha Meals Associates,570018,73,HUMAN_REVIEW,97.8,100,25,100,True,requires human review: high name similarity (97.8); similar address/PIN (100); same phone number
PAIR-000422,GST,GST-KA-MYS-2018-000155,Hrsha Meals Associates,SHOP,KAR-SHOP-MYS-2022-000134,Harsha Meals Associates,570018,73,HUMAN_REVIEW,97.8,100,25,100,True,requires human review: high name similarity (97.8); similar address/PIN (100); same phone number
PAIR-000423,SHOP,KAR-SHOP-BLRR-2017-000137,Veda Associates,GST,GST-KA-BLRR-2022-000158,Veda Associates,562157,73,HUMAN_REVIEW,100.0,97.3,25,100,True,requires human review: high name similarity (100.0); similar address/PIN (97.3); same phone number
PAIR-000424,FACTORY,KFBIS-FAC-BLRR-2023-000101,Navya Precision Traders,KSPCB,PCB/BLRR/CTE/2023/00095,M/S Navya Precision Traders,562157,73,HUMAN_REVIEW,100.0,98.1,25,100,True,requires human review: high name similarity (100.0); similar address/PIN (98.1); same phone number
PAIR-000425,KSPCB,PCB/BLRR/CTE/2023/00095,M/S Navya Precision Traders,LABOUR,LAB-KA-BLRR-2023-000109,Navya Precision Traders,562157,73,HUMAN_REVIEW,100.0,96.3,25,100,True,requires human review: high name similarity (100.0); similar address/PIN (96.3); same phone number
PAIR-000426,BBMP,BBMP-TL-SOUT-2017-000090,M/S Bharath Cargo Pvt Ltd,SHOP,KAR-SHOP-BLRU-2023-000155,M/S Bharath Cargo Pvt Ltd,560034,73,HUMAN_REVIEW,100.0,98.1,25,100,True,requires human review: high name similarity (100.0); similar address/PIN (98.1); same phone number
PAIR-000427,KSPCB,PCB/BLRU/CTE/2016/00101,M/S Sharma Print Enterprises,SHOP,KAR-SHOP-BLRU-2015-000156,Sharma Print Enterprises,560085,73,HUMAN_REVIEW,100.0,96.6,25,100,True,requires human review: high name similarity (100.0); similar address/PIN (96.6); same phone number
PAIR-000428,GST,GST-KA-BLRR-2022-000193,Sharma Coatings Pvt Ltd,UDYAM,UDYAM-KR-BLRR-2021-000120,Sharma Coaings Pvt Ltd,562157,73,HUMAN_REVIEW,96.6,100,25,100,True,requires human review: high name similarity (96.6); similar address/PIN (100); same phone number
PAIR-000429,KSPCB,PCB/BLRU/CTE/2025/00107,Ananya Labs Enterprises,GST,GST-KA-BLRU-2025-000194,M/S Ananya Labs Enterprises,560085,73,HUMAN_REVIEW,100.0,96.4,25,100,True,requires human review: high name similarity (100.0); similar address/PIN (96.4); same phone number
PAIR-000430,SHOP,KAR-SHOP-BLRR-2019-000174,Meghana Spices LLP,KSPCB,PCB/BLRR/CTE/2019/00116,Meghana Spices LLP,562114,73,HUMAN_REVIEW,100.0,96.3,25,100,True,requires human review: high name similarity (100.0); similar address/PIN (96.3); same phone number
PAIR-000431,FACTORY,KFBIS-FAC-BLRU-2015-000121,Vijaya Moulding Solutions,KSPCB,PCB/BLRU/CTE/2022/00120,Vijaya Mouding Solutions,560066,73,HUMAN_REVIEW,98.0,98.7,25,100,True,requires human review: high name similarity (98.0); similar address/PIN (98.7); same phone number
PAIR-000432,KSPCB,PCB/BLRU/CTE/2022/00120,Vijaya Mouding Solutions,LABOUR,LAB-KA-BLRU-2020-000131,M/S Vijaya Moulding Solutions,560066,73,HUMAN_REVIEW,98.0,98.7,25,100,True,requires human review: high name similarity (98.0); similar address/PIN (98.7); same phone number
PAIR-000433,BBMP,BBMP-TL-EAST-2024-000117,M/S Prakruthi Packaging Works,LABOUR,LAB-KA-BLRU-2025-000140,Prakruthi Packaging Works,560043,73,HUMAN_REVIEW,100.0,95.7,25,100,True,requires human review: high name similarity (100.0); similar address/PIN (95.7); same phone number
PAIR-000434,LABOUR,LAB-KA-BLRU-2021-000156,Nisarga Labels Pvt Ltd,SHOP,KAR-SHOP-BLRU-2022-000212,Nisarga Labels Pvt. Ltd.,560037,73,HUMAN_REVIEW,100.0,98.2,25,100,True,requires human review: high name similarity (100.0); similar address/PIN (98.2); same phone number
PAIR-000435,GST,GST-KA-BLRU-2019-000258,Naveen Medical Solutions,LABOUR,LAB-KA-BLRU-2018-000160,M/S Naveen Medical Solutions,560102,73,HUMAN_REVIEW,100.0,97.9,25,100,True,requires human review: high name similarity (100.0); similar address/PIN (97.9); same phone number
PAIR-000436,KSPCB,PCB/BLRR/CTE/2018/00009,Veda Coatings Works,FACTORY,KFBIS-FAC-BLRR-2016-000008,Vea Coatings Works,562110,72,HUMAN_REVIEW,97.3,95.7,25,100,True,requires human review: high name similarity (97.3); similar address/PIN (95.7); same phone number
PAIR-000437,GST,GST-KA-BLRU-2023-000019,Bangalore Moulding Assocites,LABOUR,LAB-KA-BLRU-2024-000014,Bangalore Moulding Associates,560068,72,HUMAN_REVIEW,98.2,95.7,25,100,True,requires human review: high name similarity (98.2); similar address/PIN (95.7); same phone number
PAIR-000438,GST,GST-KA-MYS-2023-000045,Pakruthi Electronics Industries,FACTORY,KFBIS-FAC-MYS-2018-000025,M/S Prakruthi Electronics Industries,570016,72,HUMAN_REVIEW,98.4,96.9,25,100,True,requires human review: high name similarity (98.4); similar address/PIN (96.9); same phone number
PAIR-000439,SHOP,KAR-SHOP-TUM-2015-000051,Prakruth CNC LLP,FACTORY,KFBIS-FAC-TUM-2018-000031,Prakruthi CNC LLP,572106,72,HUMAN_REVIEW,96.0,96.4,25,100,True,requires human review: high name similarity (96.0); similar address/PIN (96.4); same phone number
PAIR-000440,LABOUR,LAB-KA-BLRU-2024-000055,M/S Naveen Polymers Solutions,KSPCB,PCB/BLRU/CTE/2025/00049,Naveen Polymers Solutions,560102,72,HUMAN_REVIEW,100.0,92.6,25,100,True,requires human review: high name similarity (100.0); similar address/PIN (92.6); same phone number
PAIR-000441,FACTORY,KFBIS-FAC-BLRU-2024-000065,Sahana Works Company,SHOP,KAR-SHOP-BLRU-2023-000083,Sahana Works Company,560059,72,HUMAN_REVIEW,100.0,92.6,25,100,True,requires human review: high name similarity (100.0); similar address/PIN (92.6); same phone number
PAIR-000442,UDYAM,UDYAM-KR-BLRU-2024-000060,SAHANA WORKS COMPANY,KSPCB,PCB/BLRU/CTE/2023/00055,Sahna Works Company,560059,72,HUMAN_REVIEW,95.7,100,25,100,True,requires human review: high name similarity (95.7); similar address/PIN (100); same phone number
PAIR-000443,SHOP,KAR-SHOP-BLRU-2023-000104,Mysore Industries,LABOUR,LAB-KA-BLRU-2019-000075,M/S ysore Industries,560085,72,HUMAN_REVIEW,97.0,96.7,25,100,True,requires human review: high name similarity (97.0); similar address/PIN (96.7); same phone number
PAIR-000444,LABOUR,LAB-KA-BLRU-2015-000078,Ananya CNC LLP,UDYAM,UDYAM-KR-BLRU-2025-000077,M/S Ananya CNC LLP,560037,72,HUMAN_REVIEW,100.0,93.5,25,100,True,requires human review: high name similarity (100.0); similar address/PIN (93.5); same phone number
PAIR-000445,GST,GST-KA-BLRU-2018-000127,Sahana Kitchen Solutions,FACTORY,KFBIS-FAC-BLRU-2022-000080,Sahana Kitchen Solutions,560058,72,HUMAN_REVIEW,100.0,93.8,25,100,True,requires human review: high name similarity (100.0); similar address/PIN (93.8); same phone number
PAIR-000446,UDYAM,UDYAM-KR-BLRU-2015-000110,Sree Tools LLP,KSPCB,PCB/BLRU/CTE/2016/00097,M/S Sree Tools LLP,560066,72,HUMAN_REVIEW,100.0,92.9,25,100,True,requires human review: high name similarity (100.0); similar address/PIN (92.9); same phone number
PAIR-000447,UDYAM,UDYAM-KR-BLRR-2020-000126,Navya Mol LLP,FACTORY,KFBIS-FAC-BLRR-2021-000114,Navya Mold LLP,562114,72,HUMAN_REVIEW,94.7,100,25,100,True,requires human review: high name similarity (94.7); similar address/PIN (100); same phone number
PAIR-000448,UDYAM,UDYAM-KR-BLRU-2020-000133,BANGALORE TRADERS,GST,GST-KA-BLRU-2018-000214,Bangalore Traders,560066,72,HUMAN_REVIEW,100.0,94.8,25,100,True,requires human review: high name similarity (100.0); similar address/PIN (94.8); same phone number
PAIR-000449,SHOP,KAR-SHOP-TUM-2020-000202,Aditya Works,GST,GST-KA-TUM-2019-000238,M/S Aditya Wors,572106,72,HUMAN_REVIEW,95.7,100,25,100,True,requires human review: high name similarity (95.7); similar address/PIN (100); same phone number
PAIR-000450,SHOP,KAR-SHOP-BLRU-2015-000203,Srinidhi Press Works,KSPCB,PCB/BLRU/CTE/2015/00133,Srinidhi Press Works,560078,72,HUMAN_REVIEW,100.0,94.6,25,100,True,requires human review: high name similarity (100.0); similar address/PIN (94.6); same phone number
PAIR-000451,UDYAM,UDYAM-KR-BLRU-2020-000160,M/S Nisarga Labels Pvt Ltd,SHOP,KAR-SHOP-BLRU-2022-000212,Nisarga Labels Pvt. Ltd.,560037,72,HUMAN_REVIEW,100.0,92.6,25,100,True,requires human review: high name similarity (100.0); similar address/PIN (92.6); same phone number
PAIR-000452,UDYAM,UDYAM-KR-BLRR-2023-000034,M/S Veda Stitch LLP,FACTORY,KFBIS-FAC-BLRR-2022-000027,Veda Stitch LLP,562114,71,HUMAN_REVIEW,100.0,90.4,25,100,True,requires human review: high name similarity (100.0); similar address/PIN (90.4); same phone number
PAIR-000453,GST,GST-KA-BLRU-2025-000071,M/S DECCAN PACKAGING TRADERS,KSPCB,PCB/BLRU/CTO/2020/00039,Deccan Packaging Traders,560029,71,HUMAN_REVIEW,100.0,88.7,25,100,True,requires human review: high name similarity (100.0); similar address/PIN (88.7); same phone number
PAIR-000454,KSPCB,PCB/BLRU/CTO/2020/00039,Deccan Packaging Traders,SHOP,KAR-SHOP-BLRU-2016-000066,Decan Packaging Traders,560029,71,HUMAN_REVIEW,97.9,91.2,25,100,True,requires human review: high name similarity (97.9); similar address/PIN (91.2); same phone number
PAIR-000455,KSPCB,PCB/BLRU/CTE/2017/00141,Naveen Printers Solutions,SHOP,KAR-SHOP-BLRU-2016-000210,Naveen Printers Solutions,560059,71,HUMAN_REVIEW,100.0,90.7,25,100,True,requires human review: high name similarity (100.0); similar address/PIN (90.7); same phone number
PAIR-000456,SHOP,KAR-SHOP-BLRU-2016-000210,Naveen Printers Solutions,BBMP,BBMP-TL-WEST-2017-000127,Naveen Printers Solutions,560059,71,HUMAN_REVIEW,100.0,90.7,25,100,True,requires human review: high name similarity (100.0); similar address/PIN (90.7); same phone number
PAIR-000457,UDYAM,UDYAM-KR-BLRR-2023-000079,VARUN DINE COMPANY,SHOP,KAR-SHOP-BLRR-2015-000111,M/SVarun Dine Company,562110,70,HUMAN_REVIEW,87.0,100,25,100,True,requires human review: high name similarity (87.0); similar address/PIN (100); same phone number
PAIR-000458,SHOP,KAR-SHOP-BLRR-2015-000111,M/SVarun Dine Company,GST,GST-KA-BLRR-2015-000128,VARUN DINE COMPANY,562110,70,HUMAN_REVIEW,87.0,100,25,100,True,requires human review: high name similarity (87.0); similar address/PIN (100); same phone number
PAIR-000459,KSPCB,PCB/BLRU/CTE/2018/00007,Siddhi Industrial Inds,FACTORY,KFBIS-FAC-BLRU-2019-000006,Siddhi Industrial Industries,560100,69,HUMAN_REVIEW,88.0,96.4,25,100,True,requires human review: high name similarity (88.0); similar address/PIN (96.4); same phone number
PAIR-000460,BBMP,BBMP-TL-YELA-2024-000027,Veda Kitchen Inds,SHOP,KAR-SHOP-BLRU-2023-000059,Veda Kitchen Industries,560064,69,HUMAN_REVIEW,85.0,100,25,100,True,requires human review: high name similarity (85.0); similar address/PIN (100); same phone number
PAIR-000461,BBMP,BBMP-TL-CENT-2023-000049,Meghana Meals Inds,SHOP,KAR-SHOP-MYS-2022-000092,Meghana Meals Industries,570001,69,HUMAN_REVIEW,85.7,100,25,100,True,requires human review: high name similarity (85.7); similar address/PIN (100); same phone number
PAIR-000462,LABOUR,LAB-KA-BLRU-2019-000097,M/S Sri Foods Company,FACTORY,KFBIS-FAC-BLRU-2024-000094,M/S Sr Foods Company,560100,69,HUMAN_REVIEW,94.1,89.7,25,100,True,requires human review: high name similarity (94.1); similar address/PIN (89.7); same phone number
PAIR-000463,KSPCB,PCB/BLRU/CTO/2017/00102,M/S Kaveri Components Enterprises,GST,GST-KA-BLRU-2021-000186,Kaveri Components Entp,560078,69,HUMAN_REVIEW,86.3,97.4,25,100,True,requires human review: high name similarity (86.3); similar address/PIN (97.4); same phone number
PAIR-000464,UDYAM,UDYAM-KR-BLRU-2015-000140,Ananya Chem Inds,LABOUR,LAB-KA-BLRU-2025-000138,M/S Ananya Chem Industries,560059,69,HUMAN_REVIEW,84.2,99.7,25,100,True,requires human review: high name similarity (84.2); similar address/PIN (99.7); same phone number
PAIR-000465,SHOP,KAR-SHOP-BLRU-2021-000207,M/S Omkar Health Enterprises,BBMP,BBMP-TL-YELA-2015-000125,Omkar Health Entp,560064,69,HUMAN_REVIEW,82.9,100,25,100,True,requires human review: high name similarity (82.9); similar address/PIN (100); same phone number
PAIR-000466,UDYAM,UDYAM-KR-BLRU-2018-000038,M/S Sahana Meds Enterprises,SHOP,KAR-SHOP-BLRU-2018-000048,M/S Sahana Meds Entp,560029,68,HUMAN_REVIEW,82.1,100,25,100,True,requires human review: high name similarity (82.1); similar address/PIN (100); same phone number
PAIR-000467,SHOP,KAR-SHOP-BLRU-2019-000157,Kaveri Components Enterprises,GST,GST-KA-BLRU-2021-000186,Kaveri Components Entp,560078,68,HUMAN_REVIEW,86.3,94.9,25,100,True,requires human review: high name similarity (86.3); similar address/PIN (94.9); same phone number
PAIR-000468,SHOP,KAR-SHOP-TUM-2019-000158,Aditya Labels nterprises,GST,GST-KA-TUM-2022-000187,Aditya Labels Entp,572101,68,HUMAN_REVIEW,81.0,100,25,100,True,requires human review: high name similarity (81.0); similar address/PIN (100); same phone number
PAIR-000469,LABOUR,LAB-KA-BLRU-2020-000133,Ananya Cafe Enterprises,GST,GST-KA-BLRU-2021-000213,M/S Ananya Cafe Entp,560058,68,HUMAN_REVIEW,82.1,100,25,100,True,requires human review: high name similarity (82.1); similar address/PIN (100); same phone number
PAIR-000470,KSPCB,PCB/BLRU/CTO/2015/00094,Ananya Elec Co,GST,GST-KA-BLRU-2016-000169,ANANYA ELECTRONICS CO,560029,67,HUMAN_REVIEW,75.9,100,25,100,True,requires human review: medium name similarity (75.9); similar address/PIN (100); same phone number
PAIR-000471,GST,GST-KA-BLRU-2024-000257,Varun Inds,KSPCB,PCB/BLRU/CTE/2021/00148,Varun Industries,560078,67,HUMAN_REVIEW,76.9,100,25,100,True,requires human review: medium name similarity (76.9); similar address/PIN (100); same phone number
PAIR-000472,GST,GST-KA-MYS-2024-000005,DeccanInds,FACTORY,KFBIS-FAC-MYS-2018-000003,Deccan Industries,570001,66,HUMAN_REVIEW,74.1,100,25,100,True,requires human review: medium name similarity (74.1); similar address/PIN (100); same phone number
PAIR-000473,KSPCB,PCB/BLRU/CTE/2018/00069,Mysore Inds,LABOUR,LAB-KA-BLRU-2019-000075,M/S ysore Industries,560085,66,HUMAN_REVIEW,74.1,99.1,25,100,True,requires human review: medium name similarity (74.1); similar address/PIN (99.1); same phone number
PAIR-000474,FACTORY,KFBIS-FAC-BLRU-2019-000009,Navya Devices Co,UDYAM,UDYAM-KR-BLRU-2016-000011,NAVYA DEVICES CO,560068|560058,65,HUMAN_REVIEW,100.0,100,0,100,True,requires human review: high name similarity (100.0); similar address/PIN (100); no shared identifier available; same phone number
PAIR-000475,GST,GST-KA-BLRU-2021-000097,Kaveri Cargo Solutions,UDYAM,UDYAM-KR-BLRU-2024-000063,Kaveri Cargo Solutions,560058|560078,65,HUMAN_REVIEW,100.0,100,0,100,True,requires human review: high name similarity (100.0); similar address/PIN (100); no shared identifier available; same phone number
PAIR-000476,FACTORY,KFBIS-FAC-BLRU-2019-000115,M/S Sidhi Entp,BBMP,BBMP-TL-YELA-2022-000101,Siddhi Enterprises,560064,65,HUMAN_REVIEW,71.4,100,25,100,True,requires human review: medium name similarity (71.4); similar address/PIN (100); same phone number
PAIR-000477,BBMP,BBMP-TL-BOMM-2015-000001,Siddhi Cafe Industries,LABOUR,LAB-KA-BLRU-2016-000003,Siddhi Cafe Industries,560100,64,HUMAN_REVIEW,100.0,100,25,0,True,requires human review: high name similarity (100.0); similar address/PIN (100)
PAIR-000478,KSPCB,PCB/BLRR/CTE/2019/00005,Srinidhi Trans Works,GST,GST-KA-BLRR-2025-000006,M/S Srinidhi Trans Works,562114,64,HUMAN_REVIEW,100.0,100,25,0,True,requires human review: high name similarity (100.0); similar address/PIN (100)
PAIR-000479,SHOP,KAR-SHOP-BLRU-2022-000007,Ganesh Dine LLP,BBMP,BBMP-TL-SOUT-2016-000002,M/S Ganesh Dine LLP,560085,64,HUMAN_REVIEW,100.0,100,25,0,True,requires human review: high name similarity (100.0); similar address/PIN (100)
PAIR-000480,FACTORY,KFBIS-FAC-MYS-2019-000005,Naveen Systems Pvt Ltd,UDYAM,UDYAM-KR-MYS-2020-000007,Naveen Systems Pvt. Ltd.,570001,64,HUMAN_REVIEW,100.0,100,25,0,True,requires human review: high name similarity (100.0); similar address/PIN (100)
PAIR-000481,SHOP,KAR-SHOP-BLRR-2016-000011,Nandi Trans Solutions,LABOUR,LAB-KA-BLRR-2018-000007,Nandi Trans Solutions,561203,64,HUMAN_REVIEW,100.0,100,25,0,True,requires human review: high name similarity (100.0); similar address/PIN (100)
PAIR-000482,BBMP,BBMP-TL-BENG-2020-000006,Mysore Cafe Traders,LABOUR,LAB-KA-BLRR-2019-000008,M/S Mysore Cafe Traders,562110,64,HUMAN_REVIEW,100.0,100,25,0,True,requires human review: high name similarity (100.0); similar address/PIN (100)
PAIR-000483,LABOUR,LAB-KA-BLRR-2019-000008,M/S Mysore Cafe Traders,GST,GST-KA-BLRR-2017-000012,Mysore Cafe Traders,562110,64,HUMAN_REVIEW,100.0,100,25,0,True,requires human review: high name similarity (100.0); similar address/PIN (100)
PAIR-000484,LABOUR,LAB-KA-MYS-2024-000010,Ravi Plastics Works,KSPCB,PCB/MYS/CTE/2021/00011,Ravi Plastics Works,570016,64,HUMAN_REVIEW,100.0,100,25,0,True,requires human review: high name similarity (100.0); similar address/PIN (100)
PAIR-000485,SHOP,KAR-SHOP-BLRU-2018-000016,Sree Solutions,LABOUR,LAB-KA-BLRU-2015-000012,M/S Sree Solutions,560085,64,HUMAN_REVIEW,100.0,100,25,0,True,requires human review: high name similarity (100.0); similar address/PIN (100)
PAIR-000486,SHOP,KAR-SHOP-MYS-2025-000019,Bangalore Solutions,BBMP,BBMP-TL-NORT-2025-000010,Bangalore Solutions,570016,64,HUMAN_REVIEW,100.0,100,25,0,True,requires human review: high name similarity (100.0); similar address/PIN (100)
PAIR-000487,SHOP,KAR-SHOP-MYS-2021-000023,Deccan Industries,LABOUR,LAB-KA-MYS-2021-000018,Deccan Industries,570018,64,HUMAN_REVIEW,100.0,100,25,0,True,requires human review: high name similarity (100.0); similar address/PIN (100)
PAIR-000488,GST,GST-KA-BLRU-2024-000027,Kaveri Components Pvt Ltd,KSPCB,PCB/BLRU/CTO/2020/00014,M/S Kaveri Components Pvt Ltd,560102,64,HUMAN_REVIEW,100.0,100,25,0,True,requires human review: high name similarity (100.0); similar address/PIN (100)
PAIR-000489,KSPCB,PCB/BLRU/CTO/2020/00014,M/S Kaveri Components Pvt Ltd,UDYAM,UDYAM-KR-BLRU-2025-000019,M/S KAVERI COMPONENTS PVT. LTD.,560102,64,HUMAN_REVIEW,100.0,100,25,0,True,requires human review: high name similarity (100.0); similar address/PIN (100)
PAIR-000490,UDYAM,UDYAM-KR-BLRU-2025-000019,M/S KAVERI COMPONENTS PVT. LTD.,SHOP,KAR-SHOP-BLRU-2022-000024,Kaveri Components Pvt. Ltd.,560102,64,HUMAN_REVIEW,100.0,100,25,0,True,requires human review: high name similarity (100.0); similar address/PIN (100)
PAIR-000491,GST,GST-KA-BLRU-2024-000027,Kaveri Components Pvt Ltd,SHOP,KAR-SHOP-BLRU-2022-000024,Kaveri Components Pvt. Ltd.,560102,64,HUMAN_REVIEW,100.0,100,25,0,True,requires human review: high name similarity (100.0); similar address/PIN (100)
PAIR-000492,GST,GST-KA-TUM-2015-000028,NANDI STORES LLP,LABOUR,LAB-KA-TUM-2020-000019,M/S Nandi Stores LLP,572101,64,HUMAN_REVIEW,100.0,100,25,0,True,requires human review: high name similarity (100.0); similar address/PIN (100)
PAIR-000493,SHOP,KAR-SHOP-MYS-2025-000029,M/S Aditya Circuits Works,BBMP,BBMP-TL-NORT-2025-000013,Aditya Circuits Works,570016,64,HUMAN_REVIEW,100.0,100,25,0,True,requires human review: high name similarity (100.0); similar address/PIN (100)
PAIR-000494,UDYAM,UDYAM-KR-MYS-2021-000021,Aditya Circuits Works,BBMP,BBMP-TL-NORT-2025-000013,Aditya Circuits Works,570016,64,HUMAN_REVIEW,100.0,100,25,0,True,requires human review: high name similarity (100.0); similar address/PIN (100)
PAIR-000495,GST,GST-KA-MYS-2024-000034,M/S Aarohi Solutions,UDYAM,UDYAM-KR-MYS-2017-000023,Aarohi Solutions,570016,64,HUMAN_REVIEW,100.0,100,25,0,True,requires human review: high name similarity (100.0); similar address/PIN (100)
PAIR-000496,SHOP,KAR-SHOP-TUM-2017-000031,Bangalore Garments Solutions,BBMP,BBMP-TL-TUMA-2019-000015,Bangalore Garments Solutions,572106,64,HUMAN_REVIEW,100.0,100,25,0,True,requires human review: high name similarity (100.0); similar address/PIN (100)
PAIR-000497,BBMP,BBMP-TL-TUMA-2019-000015,Bangalore Garments Solutions,UDYAM,UDYAM-KR-TUM-2025-000024,Bangalore Garments Solutions,572106,64,HUMAN_REVIEW,100.0,100,25,0,True,requires human review: high name similarity (100.0); similar address/PIN (100)
PAIR-000498,UDYAM,UDYAM-KR-TUM-2025-000024,Bangalore Garments Solutions,GST,GST-KA-TUM-2019-000035,Bangalore Garments Solutions,572106,64,HUMAN_REVIEW,100.0,100,25,0,True,requires human review: high name similarity (100.0); similar address/PIN (100)
PAIR-000499,SHOP,KAR-SHOP-TUM-2017-000031,Bangalore Garments Solutions,FACTORY,KFBIS-FAC-TUM-2018-000020,Bangalore Garments Solutions,572106,64,HUMAN_REVIEW,100.0,100,25,0,True,requires human review: high name similarity (100.0); similar address/PIN (100)
PAIR-000500,KSPCB,PCB/BLRU/CTO/2021/00019,Varun Enterprises,SHOP,KAR-SHOP-BLRU-2025-000036,M/S Varun Enterprises,560076,64,HUMAN_REVIEW,100.0,100,25,0,True,requires human review: high name similarity (100.0); similar address/PIN (100)
PAIR-000501,LABOUR,LAB-KA-BLRU-2023-000026,Naveen Company,SHOP,KAR-SHOP-BLRU-2019-000037,M/S Naveen Company,560043,64,HUMAN_REVIEW,100.0,100,25,0,True,requires human review: high name similarity (100.0); similar address/PIN (100)
PAIR-000502,KSPCB,PCB/BLRU/CTO/2017/00020,Harsha Packaging Enterprises,SHOP,KAR-SHOP-BLRU-2021-000038,Harsha Packaging Enterprises,560059,64,HUMAN_REVIEW,100.0,100,25,0,True,requires human review: high name similarity (100.0); similar address/PIN (100)
PAIR-000503,GST,GST-KA-BLRU-2020-000042,Srinidhi Milling Traders,KSPCB,PCB/BLRU/CTE/2018/00021,M/S Srinidhi Milling Traders,560037,64,HUMAN_REVIEW,100.0,100,25,0,True,requires human review: high name similarity (100.0); similar address/PIN (100)
PAIR-000504,KSPCB,PCB/BLRU/CTE/2018/00021,M/S Srinidhi Milling Traders,UDYAM,UDYAM-KR-BLRU-2021-000031,SRINIDHI MILLING TRADERS,560037,64,HUMAN_REVIEW,100.0,100,25,0,True,requires human review: high name similarity (100.0); similar address/PIN (100)
PAIR-000505,SHOP,KAR-SHOP-BLRU-2022-000040,Bharath Machining Company,KSPCB,PCB/BLRU/CTO/2018/00022,Bharath Machining Co,560059,64,HUMAN_REVIEW,100.0,100,25,0,True,requires human review: high name similarity (100.0); similar address/PIN (100)
PAIR-000506,SHOP,KAR-SHOP-BLRU-2015-000041,Bharath Graphics Solutions,GST,GST-KA-BLRU-2016-000044,BHARATH GRAPHICS SOLUTIONS,560078,64,HUMAN_REVIEW,100.0,100,25,0,True,requires human review: high name similarity (100.0); similar address/PIN (100)
PAIR-000507,FACTORY,KFBIS-FAC-MYS-2018-000025,M/S Prakruthi Electronics Industries,SHOP,KAR-SHOP-MYS-2016-000042,M/S Prakruthi Electronics Industries,570016,64,HUMAN_REVIEW,100.0,100,25,0,True,requires human review: high name similarity (100.0); similar address/PIN (100)
PAIR-000508,KSPCB,PCB/BLRU/CTO/2017/00023,Siddhi Systems LLP,SHOP,KAR-SHOP-BLRU-2019-000043,M/S Siddhi Systems LLP,560043,64,HUMAN_REVIEW,100.0,100,25,0,True,requires human review: high name similarity (100.0); similar address/PIN (100)
PAIR-000509,BBMP,BBMP-TL-SOUT-2020-000018,Bangalore Apparels Company,FACTORY,KFBIS-FAC-MYS-2019-000026,Bangalore Apparels Company,570018,64,HUMAN_REVIEW,100.0,100,25,0,True,requires human review: high name similarity (100.0); similar address/PIN (100)
PAIR-000510,FACTORY,KFBIS-FAC-MYS-2019-000026,Bangalore Apparels Company,GST,GST-KA-MYS-2024-000047,Bangalore Apparels Company,570018,64,HUMAN_REVIEW,100.0,100,25,0,True,requires human review: high name similarity (100.0); similar address/PIN (100)
PAIR-000511,UDYAM,UDYAM-KR-BLRU-2017-000036,VEDA DEVICES CO,LABOUR,LAB-KA-BLRU-2020-000032,M/S Veda Devices Co,560034,64,HUMAN_REVIEW,100.0,100,25,0,True,requires human review: high name similarity (100.0); similar address/PIN (100)
PAIR-000512,LABOUR,LAB-KA-BLRU-2020-000032,M/S Veda Devices Co,FACTORY,KFBIS-FAC-BLRU-2023-000030,M/S Veda Devices Co,560034,64,HUMAN_REVIEW,100.0,100,25,0,True,requires human review: high name similarity (100.0); similar address/PIN (100)
PAIR-000513,FACTORY,KFBIS-FAC-BLRU-2023-000030,M/S Veda Devices Co,KSPCB,PCB/BLRU/CTO/2025/00027,Veda Devices Co,560034,64,HUMAN_REVIEW,100.0,100,25,0,True,requires human review: high name similarity (100.0); similar address/PIN (100)
PAIR-000514,SHOP,KAR-SHOP-BLRU-2017-000047,Sree Dine Co,BBMP,BBMP-TL-BOMM-2016-000021,Sree Dine Co,560102,64,HUMAN_REVIEW,100.0,100,25,0,True,requires human review: high name similarity (100.0); similar address/PIN (100)
PAIR-000515,BBMP,BBMP-TL-BOMM-2016-000021,Sree Dine Co,LABOUR,LAB-KA-BLRU-2018-000033,Sree Dine Co,560102,64,HUMAN_REVIEW,100.0,100,25,0,True,requires human review: high name similarity (100.0); similar address/PIN (100)
PAIR-000516,SHOP,KAR-SHOP-BLRU-2017-000050,Sri Spices Solutions,GST,GST-KA-BLRU-2016-000054,Sri Spices Solutions,560001,64,HUMAN_REVIEW,100.0,100,25,0,True,requires human review: high name similarity (100.0); similar address/PIN (100)
PAIR-000517,FACTORY,KFBIS-FAC-BLRU-2019-000032,Siddhi Bakery LLP,GST,GST-KA-BLRU-2020-000056,SIDDHI BAKERY LLP,560076,64,HUMAN_REVIEW,100.0,100,25,0,True,requires human review: high name similarity (100.0); similar address/PIN (100)
PAIR-000518,KSPCB,PCB/BLRU/CTE/2019/00031,Kaveri Labels Traders,BBMP,BBMP-TL-SOUT-2022-000024,M/S Kaveri Labels Traders,560085,64,HUMAN_REVIEW,100.0,99.5,25,0,True,requires human review: high name similarity (100.0); similar address/PIN (99.5)
PAIR-000519,FACTORY,KFBIS-FAC-BLRU-2017-000037,Meghana Coatings Traders,LABOUR,LAB-KA-BLRU-2018-000037,Meghana Coatings Traders,560068,64,HUMAN_REVIEW,100.0,100,25,0,True,requires human review: high name similarity (100.0); similar address/PIN (100)
PAIR-000520,SHOP,KAR-SHOP-BLRU-2024-000057,Meghana Wear Traders,FACTORY,KFBIS-FAC-BLRU-2022-000038,Meghana Wear Traders,560058,64,HUMAN_REVIEW,100.0,100,25,0,True,requires human review: high name similarity (100.0); similar address/PIN (100)
PAIR-000521,GST,GST-KA-BLRU-2015-000062,M/S Meghana Wear Traders,UDYAM,UDYAM-KR-BLRU-2023-000041,Meghana Wear Traders,560058,64,HUMAN_REVIEW,100.0,100,25,0,True,requires human review: high name similarity (100.0); similar address/PIN (100)
PAIR-000522,GST,GST-KA-MYS-2018-000064,Mysore Works,SHOP,KAR-SHOP-MYS-2016-000060,Mysore Works,570018,64,HUMAN_REVIEW,100.0,100,25,0,True,requires human review: high name similarity (100.0); similar address/PIN (100)
PAIR-000523,SHOP,KAR-SHOP-MYS-2016-000060,Mysore Works,UDYAM,UDYAM-KR-MYS-2018-000044,M/S Mysore Works,570018,64,HUMAN_REVIEW,100.0,100,25,0,True,requires human review: high name similarity (100.0); similar address/PIN (100)
PAIR-000524,LABOUR,LAB-KA-BLRU-2019-000040,Kaveri Labs Pvt. Ltd.,FACTORY,KFBIS-FAC-BLRU-2017-000042,M/S Kaveri Labs Pvt Ltd,560037,64,HUMAN_REVIEW,100.0,100,25,0,True,requires human review: high name similarity (100.0); similar address/PIN (100)
PAIR-000525,FACTORY,KFBIS-FAC-BLRU-2017-000042,M/S Kaveri Labs Pvt Ltd,KSPCB,PCB/BLRU/CTO/2023/00036,M/S Kaveri Labs Pvt Ltd,560037,64,HUMAN_REVIEW,100.0,100,25,0,True,requires human review: high name similarity (100.0); similar address/PIN (100)
PAIR-000526,GST,GST-KA-TUM-2022-000065,BANGALORE CO,BBMP,BBMP-TL-TUMA-2016-000028,Bangalore Co,572106,64,HUMAN_REVIEW,100.0,100,25,0,True,requires human review: high name similarity (100.0); similar address/PIN (100)
PAIR-000527,BBMP,BBMP-TL-SOUT-2018-000029,M/S Bharath Biryani Pvt Ltd,KSPCB,PCB/BLRU/CTE/2025/00037,M/S Bharath Biryani Pvt Ltd,560076,64,HUMAN_REVIEW,100.0,100,25,0,True,requires human review: high name similarity (100.0); similar address/PIN (100)
PAIR-000528,FACTORY,KFBIS-FAC-MYS-2023-000043,M/S Bangalore Works,LABOUR,LAB-KA-MYS-2016-000041,Bangalore Works,570016,64,HUMAN_REVIEW,100.0,100,25,0,True,requires human review: high name similarity (100.0); similar address/PIN (100)
PAIR-000529,LABOUR,LAB-KA-BLRU-2020-000042,M/S Bharath Tech Associates,UDYAM,UDYAM-KR-BLRU-2023-000045,BHARATH TECH ASSOCIATES,560029,64,HUMAN_REVIEW,100.0,100,25,0,True,requires human review: high name similarity (100.0); similar address/PIN (100)
PAIR-000530,FACTORY,KFBIS-FAC-BLRU-2015-000044,Bharath Tech Associates,UDYAM,UDYAM-KR-BLRU-2023-000045,BHARATH TECH ASSOCIATES,560029,64,HUMAN_REVIEW,100.0,100,25,0,True,requires human review: high name similarity (100.0); similar address/PIN (100)
PAIR-000531,FACTORY,KFBIS-FAC-BLRU-2017-000045,Sharma Stitch Enterprises,BBMP,BBMP-TL-DASA-2016-000030,M/S Sharma Stitch Enterprises,560058,64,HUMAN_REVIEW,100.0,100,25,0,True,requires human review: high name similarity (100.0); similar address/PIN (100)
PAIR-000532,BBMP,BBMP-TL-SOUT-2019-000033,M/S Sharma Biryani Pvt. Ltd.,LABOUR,LAB-KA-BLRU-2021-000044,Sharma Biryani Pvt Ltd,560068,64,HUMAN_REVIEW,100.0,100,25,0,True,requires human review: high name similarity (100.0); similar address/PIN (100)
PAIR-000533,SHOP,KAR-SHOP-MYS-2023-000067,M/S Ananya Devices Solutions,FACTORY,KFBIS-FAC-MYS-2024-000048,Ananya Devices Solutions,570016,64,HUMAN_REVIEW,100.0,100,25,0,True,requires human review: high name similarity (100.0); similar address/PIN (100)
PAIR-000534,GST,GST-KA-MYS-2017-000072,M/S Ananya Devices Solutions,BBMP,BBMP-TL-NORT-2025-000034,Ananya Devices Solutions,570016,64,HUMAN_REVIEW,100.0,100,25,0,True,requires human review: high name similarity (100.0); similar address/PIN (100)
PAIR-000535,SHOP,KAR-SHOP-BLRU-2025-000068,Ganesh Works,KSPCB,PCB/BLRU/CTE/2019/00041,Ganesh Works,560029,64,HUMAN_REVIEW,100.0,100,25,0,True,requires human review: high name similarity (100.0); similar address/PIN (100)
PAIR-000536,BBMP,BBMP-TL-EAST-2019-000037,Srinidhi Traders,KSPCB,PCB/BLRU/CTE/2020/00042,Srinidhi Traders,560043,64,HUMAN_REVIEW,100.0,100,25,0,True,requires human review: high name similarity (100.0); similar address/PIN (100)
PAIR-000537,SHOP,KAR-SHOP-BLRU-2018-000070,Srinidhi Enterprises,FACTORY,KFBIS-FAC-BLRU-2022-000050,Srinidhi Enterprises,560085,64,HUMAN_REVIEW,100.0,100,25,0,True,requires human review: high name similarity (100.0); similar address/PIN (100)
PAIR-000538,FACTORY,KFBIS-FAC-BLRU-2022-000050,Srinidhi Enterprises,LABOUR,LAB-KA-BLRU-2021-000046,Srinidhi Enterprises,560085,64,HUMAN_REVIEW,100.0,100,25,0,True,requires human review: high name similarity (100.0); similar address/PIN (100)
PAIR-000539,SHOP,KAR-SHOP-BLRU-2018-000070,Srinidhi Enterprises,KSPCB,PCB/BLRU/CTO/2022/00043,M/S Srinidhi Enterprises,560085,64,HUMAN_REVIEW,100.0,100,25,0,True,requires human review: high name similarity (100.0); similar address/PIN (100)
PAIR-000540,GST,GST-KA-BLRU-2020-000078,M/S Navya Printers Traders,SHOP,KAR-SHOP-BLRU-2019-000072,Navya Printers Traders,560100,64,HUMAN_REVIEW,100.0,100,25,0,True,requires human review: high name similarity (100.0); similar address/PIN (100)
PAIR-000541,SHOP,KAR-SHOP-BLRU-2019-000072,Navya Printers Traders,KSPCB,PCB/BLRU/CTE/2021/00045,Navya Printers Traders,560100,64,HUMAN_REVIEW,100.0,100,25,0,True,requires human review: high name similarity (100.0); similar address/PIN (100)
PAIR-000542,FACTORY,KFBIS-FAC-BLRU-2022-000052,Kaveri Pvt Ltd,KSPCB,PCB/BLRU/CTO/2022/00046,Kaveri Pvt Ltd,560029,64,HUMAN_REVIEW,100.0,100,25,0,True,requires human review: high name similarity (100.0); similar address/PIN (100)
PAIR-000543,FACTORY,KFBIS-FAC-TUM-2019-000054,Bangalore Packaging Works,LABOUR,LAB-KA-TUM-2019-000053,Bangalore Packaging Works,572101,64,HUMAN_REVIEW,100.0,100,25,0,True,requires human review: high name similarity (100.0); similar address/PIN (100)
PAIR-000544,GST,GST-KA-TUM-2023-000081,Bangalore Packaging Works,LABOUR,LAB-KA-TUM-2019-000053,Bangalore Packaging Works,572101,64,HUMAN_REVIEW,100.0,100,25,0,True,requires human review: high name similarity (100.0); similar address/PIN (100)
PAIR-000545,KSPCB,PCB/BLRU/CTE/2021/00048,Sharma Chem LLP,LABOUR,LAB-KA-BLRU-2022-000054,Sharma Chem LLP,560085,64,HUMAN_REVIEW,100.0,100,25,0,True,requires human review: high name similarity (100.0); similar address/PIN (100)
PAIR-000546,UDYAM,UDYAM-KR-BLRU-2018-000055,Naveen Polymers Solutions,LABOUR,LAB-KA-BLRU-2024-000055,M/S Naveen Polymers Solutions,560102,64,HUMAN_REVIEW,100.0,100,25,0,True,requires human review: high name similarity (100.0); similar address/PIN (100)
PAIR-000547,KSPCB,PCB/BLRU/CTE/2023/00051,Harsha Tools Associates,LABOUR,LAB-KA-BLRU-2025-000056,Harsha Tools Associates,560001,64,HUMAN_REVIEW,100.0,100,25,0,True,requires human review: high name similarity (100.0); similar address/PIN (100)
PAIR-000548,LABOUR,LAB-KA-BLRU-2025-000056,Harsha Tools Associates,FACTORY,KFBIS-FAC-BLRU-2022-000058,Harsha Tools Associates,560001,64,HUMAN_REVIEW,100.0,100,25,0,True,requires human review: high name similarity (100.0); similar address/PIN (100)
PAIR-000549,FACTORY,KFBIS-FAC-BLRU-2023-000059,Nandi Bakery Pvt Ltd,GST,GST-KA-BLRU-2016-000084,Nandi Bakery Pvt Ltd,560058,64,HUMAN_REVIEW,100.0,100,25,0,True,requires human review: high name similarity (100.0); similar address/PIN (100)
PAIR-000550,GST,GST-KA-BLRU-2016-000084,Nandi Bakery Pvt Ltd,BBMP,BBMP-TL-DASA-2015-000041,Nandi Bakery Pvt. Ltd.,560058,64,HUMAN_REVIEW,100.0,100,25,0,True,requires human review: high name similarity (100.0); similar address/PIN (100)
PAIR-000551,SHOP,KAR-SHOP-BLRU-2016-000076,Bangalore Care Works,GST,GST-KA-BLRU-2015-000085,M/S BANGALORE CARE WORKS,560076,64,HUMAN_REVIEW,100.0,100,25,0,True,requires human review: high name similarity (100.0); similar address/PIN (100)
PAIR-000552,UDYAM,UDYAM-KR-BLRU-2022-000057,M/S Prakruthi Packaging Industries,GST,GST-KA-BLRU-2025-000086,PRAKRUTHI PACKAGING INDUSTRIES,560043,64,HUMAN_REVIEW,100.0,100,25,0,True,requires human review: high name similarity (100.0); similar address/PIN (100)
PAIR-000553,GST,GST-KA-BLRR-2022-000089,Aarohi Medical Works,FACTORY,KFBIS-FAC-BLRR-2016-000062,Aarohi Medical Works,562110,64,HUMAN_REVIEW,100.0,100,25,0,True,requires human review: high name similarity (100.0); similar address/PIN (100)
PAIR-000554,SHOP,KAR-SHOP-BLRR-2016-000079,M/S Aarohi Medical Works,FACTORY,KFBIS-FAC-BLRR-2016-000062,Aarohi Medical Works,562110,64,HUMAN_REVIEW,100.0,100,25,0,True,requires human review: high name similarity (100.0); similar address/PIN (100)
PAIR-000555,FACTORY,KFBIS-FAC-BLRU-2018-000066,Navya Snacks Industries,LABOUR,LAB-KA-BLRU-2017-000060,Navya Snacks Industries,560100,64,HUMAN_REVIEW,100.0,100,25,0,True,requires human review: high name similarity (100.0); similar address/PIN (100)
PAIR-000556,LABOUR,LAB-KA-BLRU-2017-000060,Navya Snacks Industries,UDYAM,UDYAM-KR-BLRU-2018-000061,NAVYA SNACKS INDUSTRIES,560100,64,HUMAN_REVIEW,100.0,100,25,0,True,requires human review: high name similarity (100.0); similar address/PIN (100)
PAIR-000557,UDYAM,UDYAM-KR-BLRU-2018-000061,NAVYA SNACKS INDUSTRIES,SHOP,KAR-SHOP-BLRU-2015-000084,M/S Navya Snacks Industries,560100,64,HUMAN_REVIEW,100.0,100,25,0,True,requires human review: high name similarity (100.0); similar address/PIN (100)
PAIR-000558,SHOP,KAR-SHOP-BLRU-2015-000084,M/S Navya Snacks Industries,GST,GST-KA-BLRU-2025-000092,Navya Snacks Industries,560100,64,HUMAN_REVIEW,100.0,100,25,0,True,requires human review: high name similarity (100.0); similar address/PIN (100)
PAIR-000559,GST,GST-KA-MYS-2021-000093,SAHANA GARMENTS COMPANY,SHOP,KAR-SHOP-MYS-2018-000085,Sahana Garments Co,570018,64,HUMAN_REVIEW,100.0,100,25,0,True,requires human review: high name similarity (100.0); similar address/PIN (100)
PAIR-000560,SHOP,KAR-SHOP-MYS-2018-000085,Sahana Garments Co,LABOUR,LAB-KA-MYS-2015-000061,M/S Sahana Garments Company,570018,64,HUMAN_REVIEW,100.0,100,25,0,True,requires human review: high name similarity (100.0); similar address/PIN (100)
PAIR-000561,BBMP,BBMP-TL-EAST-2020-000046,Sri Devices LLP,UDYAM,UDYAM-KR-BLRU-2015-000062,M/S Sri Devices LLP,560043,64,HUMAN_REVIEW,100.0,100,25,0,True,requires human review: high name similarity (100.0); similar address/PIN (100)
PAIR-000562,BBMP,BBMP-TL-EAST-2020-000046,Sri Devices LLP,GST,GST-KA-BLRU-2021-000096,M/S Sri Devices LLP,560043,64,HUMAN_REVIEW,100.0,100,25,0,True,requires human review: high name similarity (100.0); similar address/PIN (100)
PAIR-000563,KSPCB,PCB/MYS/CTE/2017/00059,Sri Moulding Works,SHOP,KAR-SHOP-MYS-2021-000089,Sri Moulding Works,570001,64,HUMAN_REVIEW,100.0,100,25,0,True,requires human review: high name similarity (100.0); similar address/PIN (100)
PAIR-000564,SHOP,KAR-SHOP-MYS-2021-000089,Sri Moulding Works,FACTORY,KFBIS-FAC-MYS-2025-000067,M/S Sri Moulding Works,570001,64,HUMAN_REVIEW,100.0,100,25,0,True,requires human review: high name similarity (100.0); similar address/PIN (100)
PAIR-000565,FACTORY,KFBIS-FAC-MYS-2025-000067,M/S Sri Moulding Works,GST,GST-KA-MYS-2019-000099,M/S Sri Moulding Works,570001,64,HUMAN_REVIEW,100.0,100,25,0,True,requires human review: high name similarity (100.0); similar address/PIN (100)
PAIR-000566,GST,GST-KA-BLRU-2017-000100,M/S Udupi Logistics Company,LABOUR,LAB-KA-BLRU-2025-000064,Udupi Logistics Company,560043,64,HUMAN_REVIEW,100.0,100,25,0,True,requires human review: high name similarity (100.0); similar address/PIN (100)
PAIR-000567,LABOUR,LAB-KA-BLRR-2018-000065,Kaveri Textiles Enterprises,SHOP,KAR-SHOP-BLRR-2020-000090,M/S Kaveri Textiles Enterprises,562110,64,HUMAN_REVIEW,100.0,100,25,0,True,requires human review: high name similarity (100.0); similar address/PIN (100)
PAIR-000568,SHOP,KAR-SHOP-BLRR-2020-000090,M/S Kaveri Textiles Enterprises,GST,GST-KA-BLRR-2017-000101,M/S Kaveri Textiles Enterprises,562110,64,HUMAN_REVIEW,100.0,100,25,0,True,requires human review: high name similarity (100.0); similar address/PIN (100)
PAIR-000569,FACTORY,KFBIS-FAC-BLRU-2017-000069,Aarohi Bakery Industries,BBMP,BBMP-TL-YELA-2019-000048,Aarohi Bakery Industries,560064,64,HUMAN_REVIEW,100.0,100,25,0,True,requires human review: high name similarity (100.0); similar address/PIN (100)
PAIR-000570,GST,GST-KA-BLRU-2024-000103,OMKAR AGRO CO,UDYAM,UDYAM-KR-BLRU-2020-000066,OMKAR AGRO CO,560100,64,HUMAN_REVIEW,100.0,100,25,0,True,requires human review: high name similarity (100.0); similar address/PIN (100)
PAIR-000571,UDYAM,UDYAM-KR-BLRU-2022-000067,Omkar Agro Company,SHOP,KAR-SHOP-BLRU-2017-000094,Omkar Agro Company,560068,64,HUMAN_REVIEW,100.0,100,25,0,True,requires human review: high name similarity (100.0); similar address/PIN (100)
PAIR-000572,SHOP,KAR-SHOP-BLRR-2024-000095,Lakshmi Pharma Works,BBMP,BBMP-TL-BENG-2019-000051,Lakshmi Pharma Works,562157,64,HUMAN_REVIEW,100.0,100,25,0,True,requires human review: high name similarity (100.0); similar address/PIN (100)
PAIR-000573,BBMP,BBMP-TL-SOUT-2024-000052,Siddhi Pvt Ltd,GST,GST-KA-BLRU-2017-000106,Siddhi Pvt.Ltd.,560078,64,HUMAN_REVIEW,100.0,100,25,0,True,requires human review: high name similarity (100.0); similar address/PIN (100)
PAIR-000574,KSPCB,PCB/MYS/CTO/2017/00065,M/S Bangalore Company,UDYAM,UDYAM-KR-MYS-2021-000070,Bangalore Co,570001,64,HUMAN_REVIEW,100.0,100,25,0,True,requires human review: high name similarity (100.0); similar address/PIN (100)
PAIR-000575,LABOUR,LAB-KA-BLRU-2018-000073,Sahana Kitchen Solutions,BBMP,BBMP-TL-DASA-2017-000055,Sahana Kitchen Solutions,560058,64,HUMAN_REVIEW,100.0,99.3,25,0,True,requires human review: high name similarity (100.0); similar address/PIN (99.3)
PAIR-000576,GST,GST-KA-BLRU-2015-000117,Navya Trans Co,SHOP,KAR-SHOP-BLRU-2016-000103,Navya Trans Co,560043,64,HUMAN_REVIEW,100.0,100,25,0,True,requires human review: high name similarity (100.0); similar address/PIN (100)
PAIR-000577,KSPCB,PCB/BLRR/CTE/2015/00068,M/S Aditya Chem Co,FACTORY,KFBIS-FAC-BLRR-2024-000076,M/S Aditya Chem Co,561203,64,HUMAN_REVIEW,100.0,100,25,0,True,requires human review: high name similarity (100.0); similar address/PIN (100)
PAIR-000578,SHOP,KAR-SHOP-BLRU-2023-000104,Mysore Industries,GST,GST-KA-BLRU-2015-000119,M/S MYSORE INDUSTRIES,560085,64,HUMAN_REVIEW,100.0,100,25,0,True,requires human review: high name similarity (100.0); similar address/PIN (100)
PAIR-000579,GST,GST-KA-BLRU-2015-000119,M/S MYSORE INDUSTRIES,UDYAM,UDYAM-KR-BLRU-2024-000072,M/S Mysore Industries,560085,64,HUMAN_REVIEW,100.0,100,25,0,True,requires human review: high name similarity (100.0); similar address/PIN (100)
PAIR-000580,SHOP,KAR-SHOP-BLRU-2015-000105,Naveen Coatings Co,FACTORY,KFBIS-FAC-BLRU-2020-000077,M/S Naveen Coatings Co,560059,64,HUMAN_REVIEW,100.0,100,25,0,True,requires human review: high name similarity (100.0); similar address/PIN (100)
PAIR-000581,FACTORY,KFBIS-FAC-BLRU-2020-000078,Omkar Labs Co,BBMP,BBMP-TL-SOUT-2021-000056,Omkar Labs Co,560068,64,HUMAN_REVIEW,100.0,100,25,0,True,requires human review: high name similarity (100.0); similar address/PIN (100)
PAIR-000582,BBMP,BBMP-TL-SOUT-2021-000056,Omkar Labs Co,KSPCB,PCB/BLRU/CTE/2023/00071,M/S Omkar Labs Co,560068,64,HUMAN_REVIEW,100.0,100,25,0,True,requires human review: high name similarity (100.0); similar address/PIN (100)
PAIR-000583,KSPCB,PCB/TUM/CTE/2025/00072,Bangalore Machining Co,UDYAM,UDYAM-KR-TUM-2021-000074,Bangalore Machining Co,572106,64,HUMAN_REVIEW,100.0,100,25,0,True,requires human review: high name similarity (100.0); similar address/PIN (100)
PAIR-000584,KSPCB,PCB/TUM/CTE/2025/00072,Bangalore Machining Co,LABOUR,LAB-KA-TUM-2024-000076,Bangalore Machining Co,572106,64,HUMAN_REVIEW,100.0,100,25,0,True,requires human review: high name similarity (100.0); similar address/PIN (100)
PAIR-000585,BBMP,BBMP-TL-TUMA-2018-000057,Srinidhi Bites Co,LABOUR,LAB-KA-TUM-2020-000077,M/S Srinidhi Bites Co,572106,64,HUMAN_REVIEW,100.0,100,25,0,True,requires human review: high name similarity (100.0); similar address/PIN (100)
PAIR-000586,LABOUR,LAB-KA-TUM-2020-000077,M/S Srinidhi Bites Co,GST,GST-KA-TUM-2018-000123,Srinidhi Bites Co,572106,64,HUMAN_REVIEW,100.0,100,25,0,True,requires human review: high name similarity (100.0); similar address/PIN (100)
PAIR-000587,SHOP,KAR-SHOP-TUM-2020-000106,Srinidhi Bites Co,GST,GST-KA-TUM-2018-000123,Srinidhi Bites Co,572106,64,HUMAN_REVIEW,100.0,100,25,0,True,requires human review: high name similarity (100.0); similar address/PIN (100)
PAIR-000588,GST,GST-KA-BLRU-2019-000124,BANGALORE APPARELS ENTERPRISES,BBMP,BBMP-TL-YELA-2020-000058,Bangalore Apparels Enterprises,560064,64,HUMAN_REVIEW,100.0,100,25,0,True,requires human review: high name similarity (100.0); similar address/PIN (100)
PAIR-000589,BBMP,BBMP-TL-EAST-2019-000061,M/S Sharma Electronics Solutions,KSPCB,PCB/BLRU/CTE/2023/00074,Sharma Electronics Solutions,560001,64,HUMAN_REVIEW,100.0,100,25,0,True,requires human review: high name similarity (100.0); similar address/PIN (100)
PAIR-000590,BBMP,BBMP-TL-BENG-2021-000062,Ganesh Kitchen LLP,GST,GST-KA-BLRR-2023-000130,Ganesh Kitchen LLP,562110,64,HUMAN_REVIEW,100.0,100,25,0,True,requires human review: high name similarity (100.0); similar address/PIN (100)
PAIR-000591,LABOUR,LAB-KA-BLRU-2022-000080,Bharath Spices LLP,KSPCB,PCB/BLRU/CTO/2023/00077,Bharath Spices LLP,560066,64,HUMAN_REVIEW,100.0,100,25,0,True,requires human review: high name similarity (100.0); similar address/PIN (100)
PAIR-000592,BBMP,BBMP-TL-TUMA-2018-000064,M/S Vijaya Fashions Works,UDYAM,UDYAM-KR-TUM-2021-000082,M/S VIJAYA FASHIONS WORKS,572106,64,HUMAN_REVIEW,100.0,100,25,0,True,requires human review: high name similarity (100.0); similar address/PIN (100)
PAIR-000593,GST,GST-KA-BLRU-2021-000134,M/S Asha Solutions,SHOP,KAR-SHOP-BLRU-2024-000116,M/S Asha Solutions,560024,64,HUMAN_REVIEW,100.0,100,25,0,True,requires human review: high name similarity (100.0); similar address/PIN (100)
PAIR-000594,UDYAM,UDYAM-KR-BLRU-2016-000083,MS Prakruthi LLP,LABOUR,LAB-KA-BLRU-2025-000085,Prakruthi LLP,560085,64,HUMAN_REVIEW,100.0,100,25,0,True,requires human review: high name similarity (100.0); similar address/PIN (100)
PAIR-000595,GST,GST-KA-BLRU-2023-000136,M/S PRAKRUTHI LLP,SHOP,KAR-SHOP-BLRU-2018-000118,Prakruthi LLP,560085,64,HUMAN_REVIEW,100.0,100,25,0,True,requires human review: high name similarity (100.0); similar address/PIN (100)
PAIR-000596,UDYAM,UDYAM-KR-BLRU-2016-000083,MS Prakruthi LLP,SHOP,KAR-SHOP-BLRU-2018-000118,Prakruthi LLP,560085,64,HUMAN_REVIEW,100.0,100,25,0,True,requires human review: high name similarity (100.0); similar address/PIN (100)
PAIR-000597,BBMP,BBMP-TL-BOMM-2024-000067,Siddhi Warehouse Solutions,UDYAM,UDYAM-KR-BLRU-2018-000084,Siddhi Warehouse Solutions,560102,64,HUMAN_REVIEW,100.0,99.7,25,0,True,requires human review: high name similarity (100.0); similar address/PIN (99.7)
PAIR-000598,SHOP,KAR-SHOP-MYS-2018-000120,Kaveri Meds Associates,GST,GST-KA-MYS-2025-000139,Kaveri Meds Associates,570018,64,HUMAN_REVIEW,100.0,99.4,25,0,True,requires human review: high name similarity (100.0); similar address/PIN (99.4)
PAIR-000599,GST,GST-KA-MYS-2025-000139,Kaveri Meds Associates,BBMP,BBMP-TL-SOUT-2015-000068,Kaveri Meds Associates,570018,64,HUMAN_REVIEW,100.0,100,25,0,True,requires human review: high name similarity (100.0); similar address/PIN (100)
PAIR-000600,KSPCB,PCB/MYS/CTO/2020/00081,M/S Varun Industrial Associates,FACTORY,KFBIS-FAC-MYS-2016-000084,M/S Varun Industrial Associates,570018,64,HUMAN_REVIEW,100.0,100,25,0,True,requires human review: high name similarity (100.0); similar address/PIN (100)
PAIR-000601,FACTORY,KFBIS-FAC-MYS-2016-000084,M/S Varun Industrial Associates,GST,GST-KA-MYS-2023-000141,M/S VARUN INDUSTRIAL ASSOCIATES,570018,64,HUMAN_REVIEW,100.0,100,25,0,True,requires human review: high name similarity (100.0); similar address/PIN (100)
PAIR-000602,FACTORY,KFBIS-FAC-BLRU-2021-000085,M/S Srinidhi Injection Enterprises,BBMP,BBMP-TL-SOUT-2022-000069,Srinidhi Injection Enterprises,560076,64,HUMAN_REVIEW,100.0,100,25,0,True,requires human review: high name similarity (100.0); similar address/PIN (100)
PAIR-000603,FACTORY,KFBIS-FAC-BLRU-2022-000086,Sri Pvt Ltd,GST,GST-KA-BLRU-2024-000142,SRI PVT LTD,560102,64,HUMAN_REVIEW,100.0,100,25,0,True,requires human review: high name similarity (100.0); similar address/PIN (100)
PAIR-000604,GST,GST-KA-BLRU-2024-000142,SRI PVT LTD,UDYAM,UDYAM-KR-BLRU-2025-000086,SRI PVT LTD,560102,64,HUMAN_REVIEW,100.0,100,25,0,True,requires human review: high name similarity (100.0); similar address/PIN (100)
PAIR-000605,UDYAM,UDYAM-KR-BLRU-2025-000086,SRI PVT LTD,LABOUR,LAB-KA-BLRU-2015-000086,Sri Pvt Ltd,560102,64,HUMAN_REVIEW,100.0,100,25,0,True,requires human review: high name similarity (100.0); similar address/PIN (100)
PAIR-000606,FACTORY,KFBIS-FAC-BLRU-2015-000087,M/S Varun Components LLP,SHOP,KAR-SHOP-BLRU-2018-000123,Varun Components LLP,560066,64,HUMAN_REVIEW,100.0,100,25,0,True,requires human review: high name similarity (100.0); similar address/PIN (100)
PAIR-000607,SHOP,KAR-SHOP-BLRU-2018-000123,Varun Components LLP,LABOUR,LAB-KA-BLRU-2021-000087,Varun Components LLP,560066,64,HUMAN_REVIEW,100.0,100,25,0,True,requires human review: high name similarity (100.0); similar address/PIN (100)
PAIR-000608,LABOUR,LAB-KA-BLRU-2021-000087,Varun Components LLP,GST,GST-KA-BLRU-2021-000143,Varun Components LLP,560066,64,HUMAN_REVIEW,100.0,100,25,0,True,requires human review: high name similarity (100.0); similar address/PIN (100)
PAIR-000609,UDYAM,UDYAM-KR-MYS-2015-000088,SHARMA PVT LTD,FACTORY,KFBIS-FAC-MYS-2019-000088,Sharma Pvt. Ltd.,570018,64,HUMAN_REVIEW,100.0,100,25,0,True,requires human review: high name similarity (100.0); similar address/PIN (100)
PAIR-000610,FACTORY,KFBIS-FAC-BLRU-2021-000092,Navya Solvents Pvt Ltd,KSPCB,PCB/BLRU/CTE/2022/00085,Navya Solvents Pvt Ltd,560059,64,HUMAN_REVIEW,100.0,100,25,0,True,requires human review: high name similarity (100.0); similar address/PIN (100)
PAIR-000611,UDYAM,UDYAM-KR-BLRU-2017-000092,M/S MEGHANA POLYMERS ASSOCIATES,LABOUR,LAB-KA-BLRU-2016-000095,Meghana Polymers Associates,560085,64,HUMAN_REVIEW,100.0,100,25,0,True,requires human review: high name similarity (100.0); similar address/PIN (100)
PAIR-000612,LABOUR,LAB-KA-BLRU-2024-000096,Meghana Moulding Industries,UDYAM,UDYAM-KR-BLRU-2017-000093,Meghana Moulding Industries,560058,64,HUMAN_REVIEW,100.0,100,25,0,True,requires human review: high name similarity (100.0); similar address/PIN (100)
PAIR-000613,KSPCB,PCB/BLRU/CTO/2020/00086,Meghana Moulding Industries,GST,GST-KA-BLRU-2022-000149,MEGHANA MOULDING INDUSTRIES,560058,64,HUMAN_REVIEW,100.0,100,25,0,True,requires human review: high name similarity (100.0); similar address/PIN (100)
PAIR-000614,SHOP,KAR-SHOP-BLRR-2018-000133,Sri Moulding Works,FACTORY,KFBIS-FAC-BLRR-2017-000096,Sri Moulding Works,562157,64,HUMAN_REVIEW,100.0,99.8,25,0,True,requires human review: high name similarity (100.0); similar address/PIN (99.8)
PAIR-000615,SHOP,KAR-SHOP-BLRU-2022-000135,M/S Veda Agro Co,BBMP,BBMP-TL-WEST-2017-000079,Veda Agro Co,560059,64,HUMAN_REVIEW,100.0,100,25,0,True,requires human review: high name similarity (100.0); similar address/PIN (100)
PAIR-000616,BBMP,BBMP-TL-WEST-2017-000079,Veda Agro Co,UDYAM,UDYAM-KR-BLRU-2024-000097,M/S Veda Agro Co,560059,64,HUMAN_REVIEW,100.0,100,25,0,True,requires human review: high name similarity (100.0); similar address/PIN (100)
PAIR-000617,BBMP,BBMP-TL-SOUT-2021-000081,M/S Nisarga Clinic LLP,SHOP,KAR-SHOP-BLRU-2024-000136,Nisarga Clinic LLP,560066|560068,64,HUMAN_REVIEW,100.0,96.7,0,100,True,requires human review: high name similarity (100.0); similar address/PIN (96.7); no shared identifier available; same phone number
PAIR-000618,UDYAM,UDYAM-KR-MYS-2020-000099,AAROHI SOLUTIONS,FACTORY,KFBIS-FAC-MYS-2020-000097,Aarohi Solutions,570016,64,HUMAN_REVIEW,100.0,100,25,0,True,requires human review: high name similarity (100.0); similar address/PIN (100)
PAIR-000619,FACTORY,KFBIS-FAC-MYS-2020-000097,Aarohi Solutions,BBMP,BBMP-TL-NORT-2017-000082,Aarohi Solutions,570016,64,HUMAN_REVIEW,100.0,99.3,25,0,True,requires human review: high name similarity (100.0); similar address/PIN (99.3)
PAIR-000620,LABOUR,LAB-KA-BLRU-2016-000101,Deccan Coatings Associates,GST,GST-KA-BLRU-2022-000159,M/S Deccan Coatings Associates,560102,64,HUMAN_REVIEW,100.0,100,25,0,True,requires human review: high name similarity (100.0); similar address/PIN (100)
PAIR-000621,SHOP,KAR-SHOP-MYS-2019-000138,M/S Sahana Warehouse Traders,GST,GST-KA-MYS-2020-000160,Sahana Warehouse Traders,570001,64,HUMAN_REVIEW,100.0,100,25,0,True,requires human review: high name similarity (100.0); similar address/PIN (100)
PAIR-000622,SHOP,KAR-SHOP-BLRU-2022-000141,Ravi Textiles Company,GST,GST-KA-BLRU-2017-000163,Ravi Textiles Company,560024,64,HUMAN_REVIEW,100.0,100,25,0,True,requires human review: high name similarity (100.0); similar address/PIN (100)
PAIR-000623,UDYAM,UDYAM-KR-BLRU-2015-000106,Bangalore Snacks LLP,LABOUR,LAB-KA-BLRU-2015-000104,Bangalore Snacks LLP,560078,64,HUMAN_REVIEW,100.0,100,25,0,True,requires human review: high name similarity (100.0); similar address/PIN (100)
PAIR-000624,LABOUR,LAB-KA-BLRU-2015-000104,Bangalore Snacks LLP,GST,GST-KA-BLRU-2019-000164,Bangalore Snacks LLP,560078,64,HUMAN_REVIEW,100.0,100,25,0,True,requires human review: high name similarity (100.0); similar address/PIN (100)
PAIR-000625,GST,GST-KA-BLRU-2019-000164,Bangalore Snacks LLP,KSPCB,PCB/BLRU/CTO/2015/00091,Bangalore Snacks LLP,560078,64,HUMAN_REVIEW,100.0,100,25,0,True,requires human review: high name similarity (100.0); similar address/PIN (100)
PAIR-000626,LABOUR,LAB-KA-BLRU-2023-000107,Siddhi Industries,GST,GST-KA-BLRU-2015-000168,Siddhi Industries,560029,64,HUMAN_REVIEW,100.0,100,25,0,True,requires human review: high name similarity (100.0); similar address/PIN (100)
PAIR-000627,LABOUR,LAB-KA-BLRR-2023-000109,Navya Precision Traders,GST,GST-KA-BLRR-2017-000170,Navya Precision Traders,562157,64,HUMAN_REVIEW,100.0,100,25,0,True,requires human review: high name similarity (100.0); similar address/PIN (100)
PAIR-000628,UDYAM,UDYAM-KR-BLRU-2020-000108,Lakshmi Works,BBMP,BBMP-TL-SOUT-2025-000086,Lakshmi Works,560085,64,HUMAN_REVIEW,100.0,100,25,0,True,requires human review: high name similarity (100.0); similar address/PIN (100)
PAIR-000629,GST,GST-KA-BLRU-2015-000173,Ganesh Cafe Company,SHOP,KAR-SHOP-BLRU-2023-000146,Ganesh Cafe Company,560024,64,HUMAN_REVIEW,100.0,100,25,0,True,requires human review: high name similarity (100.0); similar address/PIN (100)
PAIR-000630,FACTORY,KFBIS-FAC-MYS-2015-000103,Varun Mold LLP,SHOP,KAR-SHOP-MYS-2018-000147,Varun Mold LLP,570016,64,HUMAN_REVIEW,100.0,100,25,0,True,requires human review: high name similarity (100.0); similar address/PIN (100)
PAIR-000631,SHOP,KAR-SHOP-MYS-2018-000147,Varun Mold LLP,UDYAM,UDYAM-KR-MYS-2015-000109,Varun Mold LLP,570016,64,HUMAN_REVIEW,100.0,100,25,0,True,requires human review: high name similarity (100.0); similar address/PIN (100)
PAIR-000632,KSPCB,PCB/BLRU/CTO/2017/00098,Harsha LLP,LABOUR,LAB-KA-BLRU-2016-000115,Harsha LLP,560034,64,HUMAN_REVIEW,100.0,100,25,0,True,requires human review: high name similarity (100.0); similar address/PIN (100)
PAIR-000633,GST,GST-KA-BLRU-2020-000178,Kaveri Print Company,SHOP,KAR-SHOP-BLRU-2015-000150,Kaveri Print Company,560059,64,HUMAN_REVIEW,100.0,100,25,0,True,requires human review: high name similarity (100.0); similar address/PIN (100)
PAIR-000634,GST,GST-KA-BLRR-2021-000180,M/S Aditya Tech Enterprises,LABOUR,LAB-KA-BLRR-2023-000118,Aditya Tech Enterprises,562157,64,HUMAN_REVIEW,100.0,100,25,0,True,requires human review: high name similarity (100.0); similar address/PIN (100)
PAIR-000635,UDYAM,UDYAM-KR-BLRU-2024-000115,Sahana Industries,LABOUR,LAB-KA-BLRU-2024-000119,Sahana Industries,560076,64,HUMAN_REVIEW,100.0,100,25,0,True,requires human review: high name similarity (100.0); similar address/PIN (100)
PAIR-000636,LABOUR,LAB-KA-BLRU-2024-000119,Sahana Industries,SHOP,KAR-SHOP-BLRU-2023-000154,Sahana Industries,560076,64,HUMAN_REVIEW,100.0,100,25,0,True,requires human review: high name similarity (100.0); similar address/PIN (100)
PAIR-000637,UDYAM,UDYAM-KR-TUM-2021-000118,Aditya Labels Enterprises,FACTORY,KFBIS-FAC-TUM-2018-000106,M/S Aditya Labels Enterprises,572101,64,HUMAN_REVIEW,100.0,100,25,0,True,requires human review: high name similarity (100.0); similar address/PIN (100)
PAIR-000638,BBMP,BBMP-TL-SOUT-2023-000092,Sahana Industries Co,GST,GST-KA-MYS-2015-000188,M/S Sahana Industries Co,570018,64,HUMAN_REVIEW,100.0,100,25,0,True,requires human review: high name similarity (100.0); similar address/PIN (100)
PAIR-000639,GST,GST-KA-MYS-2015-000188,M/S Sahana Industries Co,FACTORY,KFBIS-FAC-MYS-2022-000107,Sahana Industries Co,570018,64,HUMAN_REVIEW,100.0,100,25,0,True,requires human review: high name similarity (100.0); similar address/PIN (100)
PAIR-000640,SHOP,KAR-SHOP-BLRU-2018-000161,Naveen LLP,BBMP,BBMP-TL-WEST-2019-000094,Naveen LLP,560059,64,HUMAN_REVIEW,100.0,100,25,0,True,requires human review: high name similarity (100.0); similar address/PIN (100)
PAIR-000641,BBMP,BBMP-TL-WEST-2019-000094,Naveen LLP,GST,GST-KA-BLRU-2020-000192,NAVEEN LLP,560059,64,HUMAN_REVIEW,100.0,100,25,0,True,requires human review: high name similarity (100.0); similar address/PIN (100)
PAIR-000642,KSPCB,PCB/BLRU/CTO/2025/00110,Deccan Precision Co,BBMP,BBMP-TL-MAHA-2022-000095,M/S Deccan Precision Co,560066,64,HUMAN_REVIEW,100.0,100,25,0,True,requires human review: high name similarity (100.0); similar address/PIN (100)
PAIR-000643,BBMP,BBMP-TL-MAHA-2022-000095,M/S Deccan Precision Co,SHOP,KAR-SHOP-BLRU-2022-000163,M/S Deccan Precision Co,560066,64,HUMAN_REVIEW,100.0,100,25,0,True,requires human review: high name similarity (100.0); similar address/PIN (100)
PAIR-000644,SHOP,KAR-SHOP-BLRU-2022-000163,M/S Deccan Precision Co,GST,GST-KA-BLRU-2016-000197,DECCAN PRECISION CO,560066,64,HUMAN_REVIEW,100.0,100,25,0,True,requires human review: high name similarity (100.0); similar address/PIN (100)
PAIR-000645,GST,GST-KA-BLRU-2016-000197,DECCAN PRECISION CO,FACTORY,KFBIS-FAC-BLRU-2016-000112,Deccan Precision Co,560066,64,HUMAN_REVIEW,100.0,100,25,0,True,requires human review: high name similarity (100.0); similar address/PIN (100)
PAIR-000646,SHOP,KAR-SHOP-BLRU-2015-000165,Prakruthi Clinic Pvt Ltd,GST,GST-KA-BLRU-2018-000199,M/S Prakruthi Clinic Pvt Ltd,560102,64,HUMAN_REVIEW,100.0,99.8,25,0,True,requires human review: high name similarity (100.0); similar address/PIN (99.8)
PAIR-000647,GST,GST-KA-BLRU-2018-000199,M/S Prakruthi Clinic Pvt Ltd,BBMP,BBMP-TL-BOMM-2015-000096,Prakruthi Clinic Pvt Ltd,560102,64,HUMAN_REVIEW,100.0,100,25,0,True,requires human review: high name similarity (100.0); similar address/PIN (100)
PAIR-000648,BBMP,BBMP-TL-BOMM-2015-000096,Prakruthi Clinic Pvt Ltd,LABOUR,LAB-KA-BLRU-2025-000123,Prakruthi Clinic Pvt. Ltd.,560102,64,HUMAN_REVIEW,100.0,100,25,0,True,requires human review: high name similarity (100.0); similar address/PIN (100)
PAIR-000649,GST,GST-KA-BLRR-2025-000201,Bangalore LLP,SHOP,KAR-SHOP-BLRR-2020-000167,Bangalore LLP,561203,64,HUMAN_REVIEW,100.0,100,25,0,True,requires human review: high name similarity (100.0); similar address/PIN (100)
PAIR-000650,LABOUR,LAB-KA-BLRU-2025-000124,Sharma LLP,FACTORY,KFBIS-FAC-BLRU-2021-000113,M/S Sharma LLP,560058,64,HUMAN_REVIEW,100.0,100,25,0,True,requires human review: high name similarity (100.0); similar address/PIN (100)
PAIR-000651,FACTORY,KFBIS-FAC-BLRU-2021-000113,M/S Sharma LLP,KSPCB,PCB/BLRU/CTE/2024/00111,Sharma LLP,560058,64,HUMAN_REVIEW,100.0,100,25,0,True,requires human review: high name similarity (100.0); similar address/PIN (100)
PAIR-000652,KSPCB,PCB/BLRU/CTE/2024/00111,Sharma LLP,BBMP,BBMP-TL-DASA-2018-000100,M/S Sharma LLP,560058,64,HUMAN_REVIEW,100.0,99.2,25,0,True,requires human review: high name similarity (100.0); similar address/PIN (99.2)
PAIR-000653,UDYAM,UDYAM-KR-BLRU-2017-000127,VIJAYA INDUSTRIES WORKS,KSPCB,PCB/BLRU/CTE/2025/00113,Vijaya Industries Works,560078,64,HUMAN_REVIEW,100.0,100,25,0,True,requires human review: high name similarity (100.0); similar address/PIN (100)
PAIR-000654,KSPCB,PCB/BLRU/CTE/2025/00113,Vijaya Industries Works,GST,GST-KA-BLRU-2024-000204,Vijaya Industries Works,560078,64,HUMAN_REVIEW,100.0,100,25,0,True,requires human review: high name similarity (100.0); similar address/PIN (100)
PAIR-000655,LABOUR,LAB-KA-BLRU-2018-000127,Veda Logistics Works,SHOP,KAR-SHOP-BLRU-2016-000171,Veda Logistics Works,560076,64,HUMAN_REVIEW,100.0,100,25,0,True,requires human review: high name similarity (100.0); similar address/PIN (100)
PAIR-000656,SHOP,KAR-SHOP-BLRU-2016-000171,Veda Logistics Works,BBMP,BBMP-TL-SOUT-2015-000102,Veda Logistics Works,560076,64,HUMAN_REVIEW,100.0,100,25,0,True,requires human review: high name similarity (100.0); similar address/PIN (100)
PAIR-000657,GST,GST-KA-BLRU-2019-000205,Siddhi Packaging Enterprises,SHOP,KAR-SHOP-BLRU-2018-000172,M/S Siddhi Packaging Enterprises,560066,64,HUMAN_REVIEW,100.0,99.5,25,0,True,requires human review: high name similarity (100.0); similar address/PIN (99.5)
PAIR-000658,SHOP,KAR-SHOP-MYS-2023-000175,Aditya Polymers Associates,KSPCB,PCB/MYS/CTE/2018/00117,M/S Aditya Polymers Associates,570001,64,HUMAN_REVIEW,100.0,100,25,0,True,requires human review: high name similarity (100.0); similar address/PIN (100)
PAIR-000659,KSPCB,PCB/MYS/CTE/2018/00117,M/S Aditya Polymers Associates,GST,GST-KA-MYS-2021-000207,Aditya Polymers Associates,570001,64,HUMAN_REVIEW,100.0,100,25,0,True,requires human review: high name similarity (100.0); similar address/PIN (100)
PAIR-000660,FACTORY,KFBIS-FAC-BLRU-2016-000119,M/S Veda Coatings Solutions,UDYAM,UDYAM-KR-BLRU-2018-000130,M/S Veda Coatings Solutions,560066,64,HUMAN_REVIEW,100.0,100,25,0,True,requires human review: high name similarity (100.0); similar address/PIN (100)
PAIR-000661,UDYAM,UDYAM-KR-BLRU-2018-000130,M/S Veda Coatings Solutions,KSPCB,PCB/BLRU/CTO/2022/00118,Veda Coatings Solutions,560066,64,HUMAN_REVIEW,100.0,100,25,0,True,requires human review: high name similarity (100.0); similar address/PIN (100)
PAIR-000662,FACTORY,KFBIS-FAC-BLRU-2016-000119,M/S Veda Coatings Solutions,GST,GST-KA-BLRU-2017-000208,Veda Coatings Solutions,560066,64,HUMAN_REVIEW,100.0,100,25,0,True,requires human review: high name similarity (100.0); similar address/PIN (100)
PAIR-000663,LABOUR,LAB-KA-BLRR-2019-000129,Sharma Textiles Pvt Ltd,BBMP,BBMP-TL-BENG-2016-000104,M/S Sharma Textiles Pvt Ltd,562114,64,HUMAN_REVIEW,100.0,100,25,0,True,requires human review: high name similarity (100.0); similar address/PIN (100)
PAIR-000664,LABOUR,LAB-KA-BLRR-2025-000130,Harsha Meals Industries,BBMP,BBMP-TL-BENG-2024-000106,Harsha Meals Industries,562157,64,HUMAN_REVIEW,100.0,100,25,0,True,requires human review: high name similarity (100.0); similar address/PIN (100)
PAIR-000665,BBMP,BBMP-TL-BENG-2024-000106,Harsha Meals Industries,GST,GST-KA-BLRR-2025-000210,M/S Harsha Meals Industries,562157,64,HUMAN_REVIEW,100.0,100,25,0,True,requires human review: high name similarity (100.0); similar address/PIN (100)
PAIR-000666,SHOP,KAR-SHOP-BLRU-2018-000178,Nisarga Printers Pvt Ltd,LABOUR,LAB-KA-BLRU-2018-000132,Nisarga Printers Pvt Ltd,560066,64,HUMAN_REVIEW,100.0,100,25,0,True,requires human review: high name similarity (100.0); similar address/PIN (100)
PAIR-000667,UDYAM,UDYAM-KR-BLRU-2017-000134,Ganesh Care Co,BBMP,BBMP-TL-SOUT-2018-000110,Ganesh Care Company,560034,64,HUMAN_REVIEW,100.0,100,25,0,True,requires human review: high name similarity (100.0); similar address/PIN (100)
PAIR-000668,FACTORY,KFBIS-FAC-TUM-2017-000122,Harsha Works,KSPCB,PCB/TUM/CTE/2022/00122,Harsha Works,572106,64,HUMAN_REVIEW,100.0,100,25,0,True,requires human review: high name similarity (100.0); similar address/PIN (100)
PAIR-000669,GST,GST-KA-BLRU-2017-000219,Omkar Mold Traders,FACTORY,KFBIS-FAC-BLRU-2022-000123,M/S Omkar Mold Traders,560029,64,HUMAN_REVIEW,100.0,100,25,0,True,requires human review: high name similarity (100.0); similar address/PIN (100)
PAIR-000670,FACTORY,KFBIS-FAC-BLRU-2022-000123,M/S Omkar Mold Traders,UDYAM,UDYAM-KR-BLRU-2023-000136,Omkar Mold Traders,560029,64,HUMAN_REVIEW,100.0,100,25,0,True,requires human review: high name similarity (100.0); similar address/PIN (100)
PAIR-000671,GST,GST-KA-BLRU-2022-000220,ASHA CNC LLP,FACTORY,KFBIS-FAC-BLRU-2021-000124,M/S Asha CNC LLP,560043,64,HUMAN_REVIEW,100.0,99.7,25,0,True,requires human review: high name similarity (100.0); similar address/PIN (99.7)
PAIR-000672,GST,GST-KA-BLRU-2020-000221,Varun Traders,SHOP,KAR-SHOP-BLRU-2021-000188,Varun Traders,560076,64,HUMAN_REVIEW,100.0,100,25,0,True,requires human review: high name similarity (100.0); similar address/PIN (100)
PAIR-000673,BBMP,BBMP-TL-NORT-2024-000113,M/S Nandi Meals Enterprises,SHOP,KAR-SHOP-MYS-2023-000189,M/S Nandi Meals Enterprises,570016,64,HUMAN_REVIEW,100.0,100,25,0,True,requires human review: high name similarity (100.0); similar address/PIN (100)
PAIR-000674,GST,GST-KA-MYS-2020-000226,Prakruthi Packaging Enterprises,LABOUR,LAB-KA-MYS-2021-000137,M/S Prakruthi Packaging Enterprises,570001,64,HUMAN_REVIEW,100.0,100,25,0,True,requires human review: high name similarity (100.0); similar address/PIN (100)
PAIR-000675,KSPCB,PCB/BLRU/CTO/2025/00128,Harsha Works,UDYAM,UDYAM-KR-BLRU-2023-000141,Harsha Works,560064,64,HUMAN_REVIEW,100.0,100,25,0,True,requires human review: high name similarity (100.0); similar address/PIN (100)
PAIR-000676,SHOP,KAR-SHOP-BLRU-2023-000192,Harsha Works,FACTORY,KFBIS-FAC-BLRU-2022-000126,Harsha Works,560064,64,HUMAN_REVIEW,100.0,100,25,0,True,requires human review: high name similarity (100.0); similar address/PIN (100)
PAIR-000677,SHOP,KAR-SHOP-BLRU-2016-000193,M/S Prakruthi Packaging Works,UDYAM,UDYAM-KR-BLRU-2024-000142,M/S Prakruthi Packaging Works,560043,64,HUMAN_REVIEW,100.0,100,25,0,True,requires human review: high name similarity (100.0); similar address/PIN (100)
PAIR-000678,SHOP,KAR-SHOP-BLRU-2024-000194,Nandi Moulding Company,FACTORY,KFBIS-FAC-BLRU-2020-000127,Nandi Moulding Company,560076,64,HUMAN_REVIEW,100.0,100,25,0,True,requires human review: high name similarity (100.0); similar address/PIN (100)
PAIR-000679,FACTORY,KFBIS-FAC-BLRU-2020-000127,Nandi Moulding Company,UDYAM,UDYAM-KR-BLRU-2020-000143,M/S Nandi Moulding Company,560076,64,HUMAN_REVIEW,100.0,100,25,0,True,requires human review: high name similarity (100.0); similar address/PIN (100)
PAIR-000680,UDYAM,UDYAM-KR-BLRU-2020-000143,M/S Nandi Moulding Company,KSPCB,PCB/BLRU/CTO/2023/00129,Nandi Moulding Company,560076,64,HUMAN_REVIEW,100.0,100,25,0,True,requires human review: high name similarity (100.0); similar address/PIN (100)
PAIR-000681,KSPCB,PCB/BLRU/CTO/2023/00129,Nandi Moulding Company,GST,GST-KA-BLRU-2015-000230,Nandi Moulding Company,560076,64,HUMAN_REVIEW,100.0,100,25,0,True,requires human review: high name similarity (100.0); similar address/PIN (100)
PAIR-000682,BBMP,BBMP-TL-SOUT-2022-000118,Aarohi Bakery Associates,GST,GST-KA-BLRU-2021-000231,Aarohi Bakery Associates,560076,64,HUMAN_REVIEW,100.0,100,25,0,True,requires human review: high name similarity (100.0); similar address/PIN (100)
PAIR-000683,SHOP,KAR-SHOP-BLRU-2015-000196,Deccan Tools Traders,FACTORY,KFBIS-FAC-BLRU-2022-000128,Deccan Tools Traders,560068,64,HUMAN_REVIEW,100.0,100,25,0,True,requires human review: high name similarity (100.0); similar address/PIN (100)
PAIR-000684,FACTORY,KFBIS-FAC-BLRU-2022-000128,Deccan Tools Traders,KSPCB,PCB/BLRU/CTO/2020/00130,M/S Deccan Tools Traders,560068,64,HUMAN_REVIEW,100.0,100,25,0,True,requires human review: high name similarity (100.0); similar address/PIN (100)
PAIR-000685,KSPCB,PCB/BLRU/CTO/2020/00130,M/S Deccan Tools Traders,GST,GST-KA-BLRU-2023-000232,M/S DECCAN TOOLS TRADERS,560068,64,HUMAN_REVIEW,100.0,100,25,0,True,requires human review: high name similarity (100.0); similar address/PIN (100)
PAIR-000686,BBMP,BBMP-TL-BOMM-2019-000119,M/S Udupi Health Works,SHOP,KAR-SHOP-BLRU-2020-000198,Udupi Health Works,560100,64,HUMAN_REVIEW,100.0,100,25,0,True,requires human review: high name similarity (100.0); similar address/PIN (100)
PAIR-000687,SHOP,KAR-SHOP-BLRU-2020-000198,Udupi Health Works,GST,GST-KA-BLRU-2016-000234,Udupi Health Works,560100,64,HUMAN_REVIEW,100.0,100,25,0,True,requires human review: high name similarity (100.0); similar address/PIN (100)
PAIR-000688,KSPCB,PCB/BLRU/CTO/2020/00131,Siddhi Works Enterprises,FACTORY,KFBIS-FAC-BLRU-2021-000129,Siddhi Works Enterprises,560076,64,HUMAN_REVIEW,100.0,100,25,0,True,requires human review: high name similarity (100.0); similar address/PIN (100)
PAIR-000689,LABOUR,LAB-KA-BLRR-2016-000143,M/S Nandi Tools Co,BBMP,BBMP-TL-BENG-2015-000120,Nandi Tools Co,561203,64,HUMAN_REVIEW,100.0,100,25,0,True,requires human review: high name similarity (100.0); similar address/PIN (100)
PAIR-000690,SHOP,KAR-SHOP-BLRU-2019-000201,Mysore Health Industries,LABOUR,LAB-KA-BLRU-2023-000145,Mysore Health Industries,560068,64,HUMAN_REVIEW,100.0,100,25,0,True,requires human review: high name similarity (100.0); similar address/PIN (100)
PAIR-000691,SHOP,KAR-SHOP-BLRU-2020-000205,Vijaya Fashions Pvt Ltd,BBMP,BBMP-TL-YELA-2022-000123,Vijaya Fashions Pvt Ltd,560064,64,HUMAN_REVIEW,100.0,100,25,0,True,requires human review: high name similarity (100.0); similar address/PIN (100)
PAIR-000692,BBMP,BBMP-TL-YELA-2022-000123,Vijaya Fashions Pvt Ltd,LABOUR,LAB-KA-BLRU-2022-000146,Vijaya Fashions Pvt Ltd,560064,64,HUMAN_REVIEW,100.0,100,25,0,True,requires human review: high name similarity (100.0); similar address/PIN (100)
PAIR-000693,GST,GST-KA-BLRU-2021-000241,Vijaya Fashions Pvt Ltd,LABOUR,LAB-KA-BLRU-2022-000146,Vijaya Fashions Pvt Ltd,560064,64,HUMAN_REVIEW,100.0,100,25,0,True,requires human review: high name similarity (100.0); similar address/PIN (100)
PAIR-000694,GST,GST-KA-BLRU-2016-000242,M/S Kaveri Wear Works,KSPCB,PCB/BLRU/CTO/2020/00135,Kaveri Wear Works,560059,64,HUMAN_REVIEW,100.0,100,25,0,True,requires human review: high name similarity (100.0); similar address/PIN (100)
PAIR-000695,KSPCB,PCB/BLRU/CTO/2020/00135,Kaveri Wear Works,LABOUR,LAB-KA-BLRU-2019-000147,M/S Kaveri Wear Works,560059,64,HUMAN_REVIEW,100.0,100,25,0,True,requires human review: high name similarity (100.0); similar address/PIN (100)
PAIR-000696,LABOUR,LAB-KA-MYS-2022-000148,M/S Prakruthi Stores LLP,UDYAM,UDYAM-KR-MYS-2022-000153,Prakruthi Stores LLP,570016,64,HUMAN_REVIEW,100.0,100,25,0,True,requires human review: high name similarity (100.0); similar address/PIN (100)
PAIR-000697,GST,GST-KA-TUM-2024-000248,Sree Tech Associates,LABOUR,LAB-KA-TUM-2021-000151,Sree Tech Associates,572106,64,HUMAN_REVIEW,100.0,100,25,0,True,requires human review: high name similarity (100.0); similar address/PIN (100)
PAIR-000698,LABOUR,LAB-KA-TUM-2021-000151,Sree Tech Associates,KSPCB,PCB/TUM/CTO/2021/00139,M/S Sree Tech Associates,572106,64,HUMAN_REVIEW,100.0,100,25,0,True,requires human review: high name similarity (100.0); similar address/PIN (100)
PAIR-000699,KSPCB,PCB/TUM/CTO/2021/00139,M/S Sree Tech Associates,FACTORY,KFBIS-FAC-TUM-2021-000135,M/S Sree Tech Associates,572106,64,HUMAN_REVIEW,100.0,100,25,0,True,requires human review: high name similarity (100.0); similar address/PIN (100)
PAIR-000700,KSPCB,PCB/BLRU/CTE/2020/00142,Kaveri Coatings Solutions,LABOUR,LAB-KA-BLRU-2018-000154,Kaveri Coatings Solutions,560064,64,HUMAN_REVIEW,100.0,100,25,0,True,requires human review: high name similarity (100.0); similar address/PIN (100)
PAIR-000701,LABOUR,LAB-KA-BLRU-2018-000154,Kaveri Coatings Solutions,GST,GST-KA-BLRU-2019-000250,Kaveri Coatings Solutions,560064,64,HUMAN_REVIEW,100.0,100,25,0,True,requires human review: high name similarity (100.0); similar address/PIN (100)
PAIR-000702,KSPCB,PCB/BLRU/CTO/2023/00143,M/S Ganesh Coatings LLP,FACTORY,KFBIS-FAC-BLRU-2017-000139,Ganesh Coatings LLP,560034,64,HUMAN_REVIEW,100.0,100,25,0,True,requires human review: high name similarity (100.0); similar address/PIN (100)
PAIR-000703,GST,GST-KA-BLRU-2024-000252,Ganesh Medical Solutions,LABOUR,LAB-KA-BLRU-2024-000157,M/S Ganesh Medical Solutions,560085,64,HUMAN_REVIEW,100.0,100,25,0,True,requires human review: high name similarity (100.0); similar address/PIN (100)
PAIR-000704,LABOUR,LAB-KA-BLRU-2024-000157,M/S Ganesh Medical Solutions,SHOP,KAR-SHOP-BLRU-2017-000214,Ganesh Medical Solutions,560085,64,HUMAN_REVIEW,100.0,100,25,0,True,requires human review: high name similarity (100.0); similar address/PIN (100)
PAIR-000705,UDYAM,UDYAM-KR-BLRU-2022-000162,Ganesh Medical Solutions,BBMP,BBMP-TL-SOUT-2018-000129,Ganesh Medical Solutions,560085,64,HUMAN_REVIEW,100.0,100,25,0,True,requires human review: high name similarity (100.0); similar address/PIN (100)
PAIR-000706,FACTORY,KFBIS-FAC-BLRR-2017-000140,Navya Industrial Co,GST,GST-KA-BLRR-2018-000253,Navya Industrial Co,562110,64,HUMAN_REVIEW,100.0,100,25,0,True,requires human review: high name similarity (100.0); similar address/PIN (100)
PAIR-000707,GST,GST-KA-BLRR-2018-000253,Navya Industrial Co,KSPCB,PCB/BLRR/CTE/2017/00145,M/S Navya Industrial Co,562110,64,HUMAN_REVIEW,100.0,100,25,0,True,requires human review: high name similarity (100.0); similar address/PIN (100)
PAIR-000708,LABOUR,LAB-KA-BLRR-2025-000158,Navya Industrial Co,KSPCB,PCB/BLRR/CTE/2017/00145,M/S Navya Industrial Co,562110,64,HUMAN_REVIEW,100.0,100,25,0,True,requires human review: high name similarity (100.0); similar address/PIN (100)
PAIR-000709,GST,GST-KA-MYS-2025-000255,M/S Nisarga Circuits Enterprises,FACTORY,KFBIS-FAC-MYS-2017-000142,Nisarga Circuits Enterprises,570018,64,HUMAN_REVIEW,100.0,100,25,0,True,requires human review: high name similarity (100.0); similar address/PIN (100)
PAIR-000710,FACTORY,KFBIS-FAC-BLRU-2024-000143,Sree Enterprises,LABOUR,LAB-KA-BLRU-2018-000159,Sree Enterprises,560100,64,HUMAN_REVIEW,100.0,100,25,0,True,requires human review: high name similarity (100.0); similar address/PIN (100)
PAIR-000711,LABOUR,LAB-KA-BLRU-2018-000159,Sree Enterprises,GST,GST-KA-BLRU-2023-000256,SREE ENTERPRISES,560100,64,HUMAN_REVIEW,100.0,100,25,0,True,requires human review: high name similarity (100.0); similar address/PIN (100)
PAIR-000712,GST,GST-KA-BLRU-2023-000256,SREE ENTERPRISES,BBMP,BBMP-TL-BOMM-2020-000130,Sree Enterprises,560100,64,HUMAN_REVIEW,100.0,100,25,0,True,requires human review: high name similarity (100.0); similar address/PIN (100)
PAIR-000713,FACTORY,KFBIS-FAC-BLRU-2023-000144,M/S Varun Industries,SHOP,KAR-SHOP-BLRU-2021-000217,Varun Industries,560078,64,HUMAN_REVIEW,100.0,100,25,0,True,requires human review: high name similarity (100.0); similar address/PIN (100)
PAIR-000714,GST,GST-KA-BLRU-2015-000001,Vijaya Associates,FACTORY,KFBIS-FAC-BLRU-2025-000001,Vijaya Associates,560068,63,HUMAN_REVIEW,100.0,96.8,25,0,True,requires human review: high name similarity (100.0); similar address/PIN (96.8)
PAIR-000715,KSPCB,PCB/BLRU/CTO/2017/00002,Sharma Coatings Co,LABOUR,LAB-KA-BLRU-2025-000001,Sharma Coatings Co,560059,63,HUMAN_REVIEW,100.0,98.1,25,0,True,requires human review: high name similarity (100.0); similar address/PIN (98.1)
PAIR-000716,LABOUR,LAB-KA-BLRU-2025-000001,Sharma Coatings Co,UDYAM,UDYAM-KR-BLRU-2024-000002,Sharma Coatings Co,560059,63,HUMAN_REVIEW,100.0,98.2,25,0,True,requires human review: high name similarity (100.0); similar address/PIN (98.2)
PAIR-000717,GST,GST-KA-BLRU-2022-000004,Sharma Coatings Co,SHOP,KAR-SHOP-BLRU-2016-000002,Shama Coatings Co,560059,63,HUMAN_REVIEW,96.6,100,25,0,True,requires human review: high name similarity (96.6); similar address/PIN (100)
PAIR-000718,SHOP,KAR-SHOP-MYS-2015-000009,Mysore Bites Works,BBMP,BBMP-TL-CENT-2021-000003,Mysore Bies Works,570001,63,HUMAN_REVIEW,97.1,100,25,0,True,requires human review: high name similarity (97.1); similar address/PIN (100)
PAIR-000719,GST,GST-KA-BLRR-2017-000011,M/S Nandi Trans Solutions,SHOP,KAR-SHOP-BLRR-2016-000011,Nandi Trans Solutions,561203,63,HUMAN_REVIEW,100.0,97.3,25,0,True,requires human review: high name similarity (100.0); similar address/PIN (97.3)
PAIR-000720,KSPCB,PCB/BLRU/CTO/2015/00008,Mysore Mold Solutions,SHOP,KAR-SHOP-BLRU-2015-000012,Mysore Mold Solutions,560066,63,HUMAN_REVIEW,100.0,97.0,25,0,True,requires human review: high name similarity (100.0); similar address/PIN (97.0)
PAIR-000721,GST,GST-KA-BLRR-2017-000014,Veda Coatings Works,SHOP,KAR-SHOP-BLRR-2016-000013,Veda Coatings Works,562110,63,HUMAN_REVIEW,100.0,96.2,25,0,True,requires human review: high name similarity (100.0); similar address/PIN (96.2)
PAIR-000722,BBMP,BBMP-TL-BOMM-2019-000008,Sri Devices Slutions,FACTORY,KFBIS-FAC-BLRU-2021-000011,M/S Sri Devices Solutions,560102,63,HUMAN_REVIEW,97.6,100,25,0,True,requires human review: high name similarity (97.6); similar address/PIN (100)
PAIR-000723,SHOP,KAR-SHOP-BLRU-2022-000017,Harsha Biryani Works,FACTORY,KFBIS-FAC-BLRU-2025-000012,Harsha Biryani Works,560059,63,HUMAN_REVIEW,100.0,96.0,25,0,True,requires human review: high name similarity (100.0); similar address/PIN (96.0)
PAIR-000724,SHOP,KAR-SHOP-BLRU-2022-000018,Bangalore Moulding Associates,UDYAM,UDYAM-KR-BLRU-2018-000013,Bangalore Moulding Associates,560068|560043,63,HUMAN_REVIEW,100.0,90.2,0,100,True,requires human review: high name similarity (100.0); similar address/PIN (90.2); no shared identifier available; same phone number
PAIR-000725,KSPCB,PCB/BLRU/CTE/2018/00013,Mysore Enterprises,FACTORY,KFBIS-FAC-BLRU-2015-000017,Mysore Enterprises,560102,63,HUMAN_REVIEW,100.0,97.3,25,0,True,requires human review: high name similarity (100.0); similar address/PIN (97.3)
PAIR-000726,UDYAM,UDYAM-KR-BLRU-2019-000018,Nandi Cargo Company,GST,GST-KA-BLRU-2018-000026,M/S Nandi Cargo Co,560085,63,HUMAN_REVIEW,100.0,96.2,25,0,True,requires human review: high name similarity (100.0); similar address/PIN (96.2)
PAIR-000727,GST,GST-KA-BLRU-2018-000031,Varun Textiles Industries,LABOUR,LAB-KA-BLRU-2015-000020,Varun Textiles Industries,560068,63,HUMAN_REVIEW,100.0,96.6,25,0,True,requires human review: high name similarity (100.0); similar address/PIN (96.6)
PAIR-000728,LABOUR,LAB-KA-BLRU-2015-000020,Varun Textiles Industries,SHOP,KAR-SHOP-BLRU-2016-000027,M/S Varun Textiles Industries,560068,63,HUMAN_REVIEW,100.0,96.7,25,0,True,requires human review: high name similarity (100.0); similar address/PIN (96.7)
PAIR-000729,BBMP,BBMP-TL-SOUT-2019-000012,Meghana Bites Associates,SHOP,KAR-SHOP-BLRU-2018-000028,Meghana Bites Associates,560085,63,HUMAN_REVIEW,100.0,96.0,25,0,True,requires human review: high name similarity (100.0); similar address/PIN (96.0)
PAIR-000730,GST,GST-KA-TUM-2019-000035,Bangalore Garments Solutions,KSPCB,PCB/TUM/CTE/2016/00016,Bangalore Garmens Solutions,572106,63,HUMAN_REVIEW,98.2,100,25,0,True,requires human review: high name similarity (98.2); similar address/PIN (100)
PAIR-000731,KSPCB,PCB/TUM/CTE/2016/00016,Bangalore Garmens Solutions,LABOUR,LAB-KA-TUM-2015-000022,Bangalore Garments Solutions,572106,63,HUMAN_REVIEW,98.2,100,25,0,True,requires human review: high name similarity (98.2); similar address/PIN (100)
PAIR-000732,BBMP,BBMP-TL-TUMA-2021-000016,Bangalore Die Associates,SHOP,KAR-SHOP-TUM-2017-000033,M/S Bangalore Dine Associates,572106,63,HUMAN_REVIEW,98.0,100,25,0,True,requires human review: high name similarity (98.0); similar address/PIN (100)
PAIR-000733,SHOP,KAR-SHOP-BLRU-2019-000037,M/S Naveen Company,UDYAM,UDYAM-KR-BLRU-2018-000029,NAVEEN COMPANY,560043,63,HUMAN_REVIEW,100.0,96.6,25,0,True,requires human review: high name similarity (100.0); similar address/PIN (96.6)
PAIR-000734,GST,GST-KA-BLRU-2020-000042,Srinidhi Milling Traders,SHOP,KAR-SHOP-BLRU-2022-000039,Srinidhi Milling Traders,560037,63,HUMAN_REVIEW,100.0,96.7,25,0,True,requires human review: high name similarity (100.0); similar address/PIN (96.7)
PAIR-000735,BBMP,BBMP-TL-SOUT-2019-000017,Bharath Graphics Solutions,SHOP,KAR-SHOP-BLRU-2015-000041,Bharath Graphics Solutions,560078,63,HUMAN_REVIEW,100.0,98.2,25,0,True,requires human review: high name similarity (100.0); similar address/PIN (98.2)
PAIR-000736,KSPCB,PCB/BLRR/CTO/2024/00025,Srinidhi Labs Industries,LABOUR,LAB-KA-BLRR-2021-000031,Srinidhi Labs Industries,562114,63,HUMAN_REVIEW,100.0,95.7,25,0,True,requires human review: high name similarity (100.0); similar address/PIN (95.7)
PAIR-000737,KSPCB,PCB/BLRU/CTE/2020/00028,Sri Spices Solutions,SHOP,KAR-SHOP-BLRU-2017-000050,Sri Spices Solutions,560001,63,HUMAN_REVIEW,100.0,95.4,25,0,True,requires human review: high name similarity (100.0); similar address/PIN (95.4)
PAIR-000738,SHOP,KAR-SHOP-BLRR-2019-000055,M/S Aditya Medical Pvt. Ltd.,GST,GST-KA-BLRR-2017-000059,Aditya Medical Pvt. Ltd.,562114,63,HUMAN_REVIEW,100.0,98.9,25,0,True,requires human review: high name similarity (100.0); similar address/PIN (98.9)
PAIR-000739,GST,GST-KA-MYS-2015-000060,M/S Ravi Co,SHOP,KAR-SHOP-MYS-2023-000056,Ravi Co,570016,63,HUMAN_REVIEW,100.0,98.7,25,0,True,requires human review: high name similarity (100.0); similar address/PIN (98.7)
PAIR-000740,SHOP,KAR-SHOP-MYS-2023-000056,Ravi Co,LABOUR,LAB-KA-MYS-2017-000036,Ravi Co,570016,63,HUMAN_REVIEW,100.0,97.9,25,0,True,requires human review: high name similarity (100.0); similar address/PIN (97.9)
PAIR-000741,GST,GST-KA-BLRU-2020-000061,MEGHANA COATINGS TRADERS,LABOUR,LAB-KA-BLRU-2018-000037,Meghana Coatings Traders,560068,63,HUMAN_REVIEW,100.0,97.1,25,0,True,requires human review: high name similarity (100.0); similar address/PIN (97.1)
PAIR-000742,UDYAM,UDYAM-KR-BLRU-2023-000041,Meghana Wear Traders,LABOUR,LAB-KA-BLRU-2023-000038,M/S Meghana Wear Traders,560058,63,HUMAN_REVIEW,100.0,98.5,25,0,True,requires human review: high name similarity (100.0); similar address/PIN (98.5)
PAIR-000743,FACTORY,KFBIS-FAC-BLRU-2020-000040,Nandi Electronics Solutions,GST,GST-KA-BLRU-2024-000063,Nandi Electronics Solutions,560100,63,HUMAN_REVIEW,100.0,97.6,25,0,True,requires human review: high name similarity (100.0); similar address/PIN (97.6)
PAIR-000744,GST,GST-KA-BLRU-2024-000063,Nandi Electronics Solutions,SHOP,KAR-SHOP-BLRU-2022-000058,M/S Nandi Electronics Solutions,560100,63,HUMAN_REVIEW,100.0,96.4,25,0,True,requires human review: high name similarity (100.0); similar address/PIN (96.4)
PAIR-000745,SHOP,KAR-SHOP-BLRU-2022-000058,M/S Nandi Electronics Solutions,UDYAM,UDYAM-KR-BLRU-2025-000043,NANDI ELECTRONICS SOLUTIONS,560100,63,HUMAN_REVIEW,100.0,97.0,25,0,True,requires human review: high name similarity (100.0); similar address/PIN (97.0)
PAIR-000746,SHOP,KAR-SHOP-BLRU-2015-000061,Bharath Biryani Pvt Ltd,BBMP,BBMP-TL-SOUT-2018-000029,M/S Bharath Biryani Pvt Ltd,560076,63,HUMAN_REVIEW,100.0,96.4,25,0,True,requires human review: high name similarity (100.0); similar address/PIN (96.4)
PAIR-000747,GST,GST-KA-BLRU-2017-000067,Bharath Tech Asociates,LABOUR,LAB-KA-BLRU-2020-000042,M/S Bharath Tech Associates,560029,63,HUMAN_REVIEW,97.8,100,25,0,True,requires human review: high name similarity (97.8); similar address/PIN (100)
PAIR-000748,BBMP,BBMP-TL-DASA-2016-000030,M/S Sharma Stitch Enterprises,UDYAM,UDYAM-KR-BLRU-2025-000046,M/S Sharma Stitch Enterprises,560058,63,HUMAN_REVIEW,100.0,96.2,25,0,True,requires human review: high name similarity (100.0); similar address/PIN (96.2)
PAIR-000749,UDYAM,UDYAM-KR-BLRU-2025-000046,M/S Sharma Stitch Enterprises,SHOP,KAR-SHOP-BLRU-2021-000063,M/S Sharma Stitch Enterprises,560058,63,HUMAN_REVIEW,100.0,97.1,25,0,True,requires human review: high name similarity (100.0); similar address/PIN (97.1)
PAIR-000750,UDYAM,UDYAM-KR-BLRU-2018-000048,Sharma Biryani Pvt Ltd,LABOUR,LAB-KA-BLRU-2021-000044,Sharma Biryani Pvt Ltd,560068,63,HUMAN_REVIEW,100.0,97.9,25,0,True,requires human review: high name similarity (100.0); similar address/PIN (97.9)
PAIR-000751,GST,GST-KA-TUM-2023-000081,Bangalore Packaging Works,KSPCB,PCB/TUM/CTE/2023/00047,Bangalore ackaging Works,572101,63,HUMAN_REVIEW,98.0,100,25,0,True,requires human review: high name similarity (98.0); similar address/PIN (100)
PAIR-000752,KSPCB,PCB/TUM/CTE/2023/00047,Bangalore ackaging Works,FACTORY,KFBIS-FAC-TUM-2019-000054,Bangalore Packaging Works,572101,63,HUMAN_REVIEW,98.0,100,25,0,True,requires human review: high name similarity (98.0); similar address/PIN (100)
PAIR-000753,SHOP,KAR-SHOP-BLRU-2015-000078,M/S Prakruthi Electronics Industries,UDYAM,UDYAM-KR-BLRU-2022-000058,Prakruthi Electronics Industries,560076,63,HUMAN_REVIEW,100.0,97.1,25,0,True,requires human review: high name similarity (100.0); similar address/PIN (97.1)
PAIR-000754,FACTORY,KFBIS-FAC-BLRU-2025-000061,Prakruthi Electonics Industries,GST,GST-KA-BLRU-2019-000087,Prakruthi Electronics Industries,560076,63,HUMAN_REVIEW,98.4,100,25,0,True,requires human review: high name similarity (98.4); similar address/PIN (100)
PAIR-000755,SHOP,KAR-SHOP-BLRU-2022-000081,Aarohi Apparels Company,LABOUR,LAB-KA-BLRU-2019-000058,Aarohi Apparels Company,560076,63,HUMAN_REVIEW,100.0,98.5,25,0,True,requires human review: high name similarity (100.0); similar address/PIN (98.5)
PAIR-000756,SHOP,KAR-SHOP-BLRU-2020-000082,Nisarga Industrial Co,GST,GST-KA-BLRU-2017-000091,Nisarga Industrial Co,560024,63,HUMAN_REVIEW,100.0,97.4,25,0,True,requires human review: high name similarity (100.0); similar address/PIN (97.4)
PAIR-000757,FACTORY,KFBIS-FAC-BLRU-2018-000066,Navya Snacks Industries,GST,GST-KA-BLRU-2025-000092,Navya Snacks Industries,560100,63,HUMAN_REVIEW,100.0,98.9,25,0,True,requires human review: high name similarity (100.0); similar address/PIN (98.9)
PAIR-000758,KSPCB,PCB/BLRU/CTO/2020/00061,Harsha Works Co,BBMP,BBMP-TL-MAHA-2023-000050,Harsha Works Co,560037,63,HUMAN_REVIEW,100.0,97.1,25,0,True,requires human review: high name similarity (100.0); similar address/PIN (97.1)
PAIR-000759,KSPCB,PCB/BLRU/CTO/2022/00062,Omkar Agro Co,SHOP,KAR-SHOP-BLRU-2017-000094,Omkar Agro Company,560068,63,HUMAN_REVIEW,100.0,96.4,25,0,True,requires human review: high name similarity (100.0); similar address/PIN (96.4)
PAIR-000760,SHOP,KAR-SHOP-BLRU-2016-000097,Varun Meals Solutions,BBMP,BBMP-TL-YELA-2025-000053,M/S Varun Meals Solutions,560064,63,HUMAN_REVIEW,100.0,98.9,25,0,True,requires human review: high name similarity (100.0); similar address/PIN (98.9)
PAIR-000761,BBMP,BBMP-TL-YELA-2025-000053,M/S Varun Meals Solutions,GST,GST-KA-BLRU-2025-000107,VARUN MEALS SOLUTIONS,560064,63,HUMAN_REVIEW,100.0,96.4,25,0,True,requires human review: high name similarity (100.0); similar address/PIN (96.4)
PAIR-000762,LABOUR,LAB-KA-BLRU-2017-000068,M/S Veda Works,KSPCB,PCB/BLRU/CTO/2018/00064,Veda Works,560076,63,HUMAN_REVIEW,100.0,96.0,25,0,True,requires human review: high name similarity (100.0); similar address/PIN (96.0)
PAIR-000763,KSPCB,PCB/BLRU/CTO/2018/00064,Veda Works,GST,GST-KA-BLRU-2019-000108,VEDA WORKS,560076,63,HUMAN_REVIEW,100.0,98.3,25,0,True,requires human review: high name similarity (100.0); similar address/PIN (98.3)
PAIR-000764,FACTORY,KFBIS-FAC-BLRU-2018-000073,M/S Udupi Circuits LLP,GST,GST-KA-BLRU-2025-000109,Udupi Circuits LLP,560043,63,HUMAN_REVIEW,100.0,96.0,25,0,True,requires human review: high name similarity (100.0); similar address/PIN (96.0)
PAIR-000765,SHOP,KAR-SHOP-BLRU-2015-000105,Naveen Coatings Co,UDYAM,UDYAM-KR-BLRU-2020-000073,NAVEEN COATINGS CO,560059,63,HUMAN_REVIEW,100.0,98.3,25,0,True,requires human review: high name similarity (100.0); similar address/PIN (98.3)
PAIR-000766,GST,GST-KA-BLRU-2022-000132,BHARATHSPICES LLP,BBMP,BBMP-TL-MAHA-2017-000063,Bharath Spices LLP,560066,63,HUMAN_REVIEW,96.3,100,25,0,True,requires human review: high name similarity (96.3); similar address/PIN (100)
PAIR-000767,BBMP,BBMP-TL-MAHA-2017-000063,Bharath Spices LLP,LABOUR,LAB-KA-BLRU-2022-000080,Bharath Spices LLP,560066,63,HUMAN_REVIEW,100.0,98.3,25,0,True,requires human review: high name similarity (100.0); similar address/PIN (98.3)
PAIR-000768,GST,GST-KA-BLRU-2022-000132,BHARATHSPICES LLP,FACTORY,KFBIS-FAC-BLRU-2019-000081,Bharath Spices LLP,560066,63,HUMAN_REVIEW,96.3,100,25,0,True,requires human review: high name similarity (96.3); similar address/PIN (100)
PAIR-000769,SHOP,KAR-SHOP-BLRU-2017-000117,Bharath Medical Solutions,BBMP,BBMP-TL-SOUT-2019-000066,M/S Bharath Medical Soluions,560068,63,HUMAN_REVIEW,98.0,99.7,25,0,True,requires human review: high name similarity (98.0); similar address/PIN (99.7)
PAIR-000770,GST,GST-KA-BLRU-2019-000137,SIDDHI WAREHOUSE SOLUTIONS,BBMP,BBMP-TL-BOMM-2024-000067,Siddhi Warehouse Solutions,560102,63,HUMAN_REVIEW,100.0,97.2,25,0,True,requires human review: high name similarity (100.0); similar address/PIN (97.2)
PAIR-000771,FACTORY,KFBIS-FAC-BLRU-2015-000087,M/S Varun Components LLP,UDYAM,UDYAM-KR-BLRU-2017-000087,Varun Components LLP,560066,63,HUMAN_REVIEW,100.0,97.3,25,0,True,requires human review: high name similarity (100.0); similar address/PIN (97.3)
PAIR-000772,GST,GST-KA-BLRU-2025-000144,LAKSHMI SOLVENTS COMPANY,LABOUR,LAB-KA-BLRU-2023-000090,Lakshmi Solvents Company,560029,63,HUMAN_REVIEW,100.0,98.9,25,0,True,requires human review: high name similarity (100.0); similar address/PIN (98.9)
PAIR-000773,GST,GST-KA-BLRU-2020-000145,M/S SAHANA APPARELS CO,FACTORY,KFBIS-FAC-BLRU-2020-000091,Sahna Apparels Co,560037,63,HUMAN_REVIEW,96.6,100,25,0,True,requires human review: high name similarity (96.6); similar address/PIN (100)
PAIR-000774,FACTORY,KFBIS-FAC-BLRU-2020-000091,Sahna Apparels Co,BBMP,BBMP-TL-MAHA-2022-000072,Sahana Apparels Co,560037,63,HUMAN_REVIEW,96.6,100,25,0,True,requires human review: high name similarity (96.6); similar address/PIN (100)
PAIR-000775,BBMP,BBMP-TL-WEST-2018-000077,Kaveri Bakery LLP,UDYAM,UDYAM-KR-BLRU-2015-000094,M/S Kaveri Bakery LLP,560059,63,HUMAN_REVIEW,100.0,97.8,25,0,True,requires human review: high name similarity (100.0); similar address/PIN (97.8)
PAIR-000776,UDYAM,UDYAM-KR-BLRR-2023-000095,UDUPI ELECTRONICS LLP,GST,GST-KA-BLRR-2025-000153,Uupi Electronics LLP,562110,63,HUMAN_REVIEW,97.0,100,25,0,True,requires human review: high name similarity (97.0); similar address/PIN (100)
PAIR-000777,FACTORY,KFBIS-FAC-BLRR-2024-000095,Udupi Eectronics LLP,KSPCB,PCB/BLRR/CTO/2015/00087,Udupi Electronics LLP,562110,63,HUMAN_REVIEW,97.0,100,25,0,True,requires human review: high name similarity (97.0); similar address/PIN (100)
PAIR-000778,GST,GST-KA-BLRU-2022-000159,M/S Deccan Coatings Associates,KSPCB,PCB/BLRU/CTE/2020/00089,Deccan Coatings Associates,560102,63,HUMAN_REVIEW,100.0,96.4,25,0,True,requires human review: high name similarity (100.0); similar address/PIN (96.4)
PAIR-000779,UDYAM,UDYAM-KR-MYS-2022-000102,M/S SAHANA WAREHOUSE TRADERS,SHOP,KAR-SHOP-MYS-2019-000138,M/S Sahana Warehouse Traders,570001,63,HUMAN_REVIEW,100.0,95.1,25,0,True,requires human review: high name similarity (100.0); similar address/PIN (95.1)
PAIR-000780,LABOUR,LAB-KA-BLRU-2019-000102,Ananya Circuits Enterprises,SHOP,KAR-SHOP-BLRU-2020-000139,Ananya Circuits Enterprises,560085,63,HUMAN_REVIEW,100.0,96.9,25,0,True,requires human review: high name similarity (100.0); similar address/PIN (96.9)
PAIR-000781,KSPCB,PCB/BLRU/CTE/2024/00090,M/S Lakshmi Electronics LLP,SHOP,KAR-SHOP-BLRU-2018-000140,Lakshmi Electronics LLP,560024,63,HUMAN_REVIEW,100.0,95.7,25,0,True,requires human review: high name similarity (100.0); similar address/PIN (95.7)
PAIR-000782,BBMP,BBMP-TL-NORT-2024-000084,Veda Cafe Industries,GST,GST-KA-MYS-2024-000167,Veda Cafe Industries,570016,63,HUMAN_REVIEW,100.0,95.5,25,0,True,requires human review: high name similarity (100.0); similar address/PIN (95.5)
PAIR-000783,GST,GST-KA-BLRU-2018-000171,ANANYA ASSOCIATES,BBMP,BBMP-TL-YELA-2020-000085,Ananya Associates,560024,63,HUMAN_REVIEW,100.0,95.2,25,0,True,requires human review: high name similarity (100.0); similar address/PIN (95.2)
PAIR-000784,SHOP,KAR-SHOP-BLRU-2021-000145,M/S Lakshmi Works,LABOUR,LAB-KA-BLRU-2016-000110,M/S Lakshmi Works,560085,63,HUMAN_REVIEW,100.0,97.4,25,0,True,requires human review: high name similarity (100.0); similar address/PIN (97.4)
PAIR-000785,LABOUR,LAB-KA-MYS-2019-000111,Varun Mold LLP,FACTORY,KFBIS-FAC-MYS-2015-000103,Varun Mold LLP,570016,63,HUMAN_REVIEW,100.0,97.5,25,0,True,requires human review: high name similarity (100.0); similar address/PIN (97.5)
PAIR-000786,GST,GST-KA-BLRU-2017-000175,M/S Asha Enterprises,SHOP,KAR-SHOP-BLRU-2018-000149,Asha Enterprises,560037,63,HUMAN_REVIEW,100.0,97.6,25,0,True,requires human review: high name similarity (100.0); similar address/PIN (97.6)
PAIR-000787,SHOP,KAR-SHOP-TUM-2019-000158,Aditya Labels nterprises,UDYAM,UDYAM-KR-TUM-2021-000118,Aditya Labels Enterprises,572101,63,HUMAN_REVIEW,98.0,100,25,0,True,requires human review: high name similarity (98.0); similar address/PIN (100)
PAIR-000788,FACTORY,KFBIS-FAC-MYS-2022-000107,Sahana Industries Co,KSPCB,PCB/MYS/CTO/2021/00103,Sahana Industries Co,570018,63,HUMAN_REVIEW,100.0,95.3,25,0,True,requires human review: high name similarity (100.0); similar address/PIN (95.3)
PAIR-000789,KSPCB,PCB/MYS/CTO/2021/00103,Sahana Industries Co,SHOP,KAR-SHOP-MYS-2021-000159,M/S Sahana Industries Co,570018,63,HUMAN_REVIEW,100.0,95.3,25,0,True,requires human review: high name similarity (100.0); similar address/PIN (95.3)
PAIR-000790,KSPCB,PCB/BLRU/CTO/2021/00104,M/S Mysore Biryan Associates,LABOUR,LAB-KA-BLRU-2021-000120,Mysore Biryani Associates,560066,63,HUMAN_REVIEW,98.0,99.7,25,0,True,requires human review: high name similarity (98.0); similar address/PIN (99.7)
PAIR-000791,GST,GST-KA-BLRU-2020-000190,Nisarga Clinic Solutions,BBMP,BBMP-TL-SOUT-2018-000093,M/S Nisarga Clinic Solutions,560029,63,HUMAN_REVIEW,100.0,98.9,25,0,True,requires human review: high name similarity (100.0); similar address/PIN (98.9)
PAIR-000792,UDYAM,UDYAM-KR-BLRR-2021-000120,Sharma Coaings Pvt Ltd,KSPCB,PCB/BLRR/CTO/2015/00106,Sharma Coatings Pvt Ltd,562157,63,HUMAN_REVIEW,96.6,100,25,0,True,requires human review: high name similarity (96.6); similar address/PIN (100)
PAIR-000793,KSPCB,PCB/BLRR/CTO/2015/00106,Sharma Coatings Pvt Ltd,FACTORY,KFBIS-FAC-BLRR-2023-000109,Sharma Coatings Pvt Ltd,562157,63,HUMAN_REVIEW,100.0,96.0,25,0,True,requires human review: high name similarity (100.0); similar address/PIN (96.0)
PAIR-000794,SHOP,KAR-SHOP-BLRR-2022-000162,M/S Kaveri Associates,KSPCB,PCB/BLRR/CTE/2019/00108,Kaveri Associaes,562110,63,HUMAN_REVIEW,97.0,100,25,0,True,requires human review: high name similarity (97.0); similar address/PIN (100)
PAIR-000795,KSPCB,PCB/BLRR/CTE/2019/00108,Kaveri Associaes,UDYAM,UDYAM-KR-BLRR-2017-000121,M/S Kaveri Associates,562110,63,HUMAN_REVIEW,97.0,100,25,0,True,requires human review: high name similarity (97.0); similar address/PIN (100)
PAIR-000796,GST,GST-KA-BLRU-2024-000203,Sharma LLP,LABOUR,LAB-KA-BLRU-2025-000124,Sharma LLP,560058,63,HUMAN_REVIEW,100.0,95.5,25,0,True,requires human review: high name similarity (100.0); similar address/PIN (95.5)
PAIR-000797,LABOUR,LAB-KA-BLRU-2020-000131,M/S Vijaya Moulding Solutions,GST,GST-KA-BLRU-2017-000211,VIJAYA MOULDING SOLUTIONS,560066,63,HUMAN_REVIEW,100.0,96.2,25,0,True,requires human review: high name similarity (100.0); similar address/PIN (96.2)
PAIR-000798,LABOUR,LAB-KA-BLRU-2018-000132,Nisarga Printers Pvt Ltd,GST,GST-KA-BLRU-2020-000212,Nisarga Printers Pvt. Ltd.,560066,63,HUMAN_REVIEW,100.0,98.3,25,0,True,requires human review: high name similarity (100.0); similar address/PIN (98.3)
PAIR-000799,BBMP,BBMP-TL-DASA-2016-000108,M/S Ananya Cafe Enterprises,LABOUR,LAB-KA-BLRU-2020-000133,Ananya Cafe Enterprises,560058,63,HUMAN_REVIEW,100.0,97.0,25,0,True,requires human review: high name similarity (100.0); similar address/PIN (97.0)
PAIR-000800,SHOP,KAR-SHOP-BLRU-2019-000182,Mysore Industries,KSPCB,PCB/BLRU/CTE/2015/00121,Mysore Industries,560043,63,HUMAN_REVIEW,100.0,96.9,25,0,True,requires human review: high name similarity (100.0); similar address/PIN (96.9)
PAIR-000801,KSPCB,PCB/BLRU/CTE/2015/00121,Mysore Industries,UDYAM,UDYAM-KR-BLRU-2020-000135,M/S MYSORE INDUSTRIES,560043,63,HUMAN_REVIEW,100.0,96.9,25,0,True,requires human review: high name similarity (100.0); similar address/PIN (96.9)
PAIR-000802,BBMP,BBMP-TL-BENG-2024-000111,Omkar Cafe Indstries,SHOP,KAR-SHOP-BLRR-2016-000183,M/S Omkar Cafe Industries,562114,63,HUMAN_REVIEW,97.6,100,25,0,True,requires human review: high name similarity (97.6); similar address/PIN (100)
PAIR-000803,FACTORY,KFBIS-FAC-BLRU-2021-000124,M/S Asha CNC LLP,KSPCB,PCB/BLRU/CTO/2020/00124,Asha CNC LLP,560043,63,HUMAN_REVIEW,100.0,95.7,25,0,True,requires human review: high name similarity (100.0); similar address/PIN (95.7)
PAIR-000804,GST,GST-KA-MYS-2022-000222,Nandi Meals Enterprses,BBMP,BBMP-TL-NORT-2024-000113,M/S Nandi Meals Enterprises,570016,63,HUMAN_REVIEW,97.8,100,25,0,True,requires human review: high name similarity (97.8); similar address/PIN (100)
PAIR-000805,KSPCB,PCB/MYS/CTO/2019/00126,Prakruthi Packaging Enterprises,FACTORY,KFBIS-FAC-MYS-2018-000125,Prakruthi Packaging Eterprises,570001,63,HUMAN_REVIEW,98.4,100,25,0,True,requires human review: high name similarity (98.4); similar address/PIN (100)
PAIR-000806,UDYAM,UDYAM-KR-BLRU-2023-000141,Harsha Works,GST,GST-KA-BLRU-2023-000228,Harsha Works,560064,63,HUMAN_REVIEW,100.0,97.3,25,0,True,requires human review: high name similarity (100.0); similar address/PIN (97.3)
PAIR-000807,GST,GST-KA-BLRU-2023-000228,Harsha Works,LABOUR,LAB-KA-BLRU-2022-000139,M/S Harsha Works,560064,63,HUMAN_REVIEW,100.0,97.3,25,0,True,requires human review: high name similarity (100.0); similar address/PIN (97.3)
PAIR-000808,SHOP,KAR-SHOP-BLRU-2024-000194,Nandi Moulding Company,GST,GST-KA-BLRU-2015-000230,Nandi Moulding Company,560076,63,HUMAN_REVIEW,100.0,97.3,25,0,True,requires human review: high name similarity (100.0); similar address/PIN (97.3)
PAIR-000809,UDYAM,UDYAM-KR-BLRU-2022-000144,Aarohi Bakery Associates,BBMP,BBMP-TL-SOUT-2022-000118,Aarohi Bakery Associates,560076,63,HUMAN_REVIEW,100.0,98.5,25,0,True,requires human review: high name similarity (100.0); similar address/PIN (98.5)
PAIR-000810,GST,GST-KA-BLRU-2023-000232,M/S DECCAN TOOLS TRADERS,UDYAM,UDYAM-KR-BLRU-2025-000145,Deccan Tools Traders,560068,63,HUMAN_REVIEW,100.0,97.3,25,0,True,requires human review: high name similarity (100.0); similar address/PIN (97.3)
PAIR-000811,FACTORY,KFBIS-FAC-BLRU-2021-000129,Siddhi Works Enterprises,SHOP,KAR-SHOP-BLRU-2015-000199,Siddhi Works Enterprises,560076,63,HUMAN_REVIEW,100.0,95.4,25,0,True,requires human review: high name similarity (100.0); similar address/PIN (95.4)
PAIR-000812,SHOP,KAR-SHOP-BLRU-2015-000199,Siddhi Works Enterprises,LABOUR,LAB-KA-BLRU-2018-000142,Siddhi WorksEnterprises,560076,63,HUMAN_REVIEW,97.9,98.0,25,0,True,requires human review: high name similarity (97.9); similar address/PIN (98.0)
PAIR-000813,LABOUR,LAB-KA-BLRR-2016-000143,M/S Nandi Tools Co,UDYAM,UDYAM-KR-BLRR-2016-000148,Nandi Tools Co,561203,63,HUMAN_REVIEW,100.0,98.1,25,0,True,requires human review: high name similarity (100.0); similar address/PIN (98.1)
PAIR-000814,KSPCB,PCB/BLRU/CTE/2015/00133,Srinidhi Press Works,GST,GST-KA-BLRU-2020-000239,Srinidhi Press Works,560078,63,HUMAN_REVIEW,100.0,97.0,25,0,True,requires human review: high name similarity (100.0); similar address/PIN (97.0)
PAIR-000815,FACTORY,KFBIS-FAC-BLRU-2021-000132,M/S Varun Systems Solutions,KSPCB,PCB/BLRU/CTO/2017/00134,Varun Systems Solutions,560100,63,HUMAN_REVIEW,100.0,98.4,25,0,True,requires human review: high name similarity (100.0); similar address/PIN (98.4)
PAIR-000816,KSPCB,PCB/MYS/CTE/2017/00138,Harsha Pvt Ltd,GST,GST-KA-MYS-2023-000247,HARSHA PVT LTD,570016,63,HUMAN_REVIEW,100.0,98.6,25,0,True,requires human review: high name similarity (100.0); similar address/PIN (98.6)
PAIR-000817,BBMP,BBMP-TL-SOUT-2024-000128,M/S Nandi Foods Industries,FACTORY,KFBIS-FAC-MYS-2015-000137,Nandi Foods Inustries,570018,63,HUMAN_REVIEW,97.7,100,25,0,True,requires human review: high name similarity (97.7); similar address/PIN (100)
PAIR-000818,FACTORY,KFBIS-FAC-BLRU-2025-000138,Kaveri Coatings Solutions,UDYAM,UDYAM-KR-BLRU-2021-000159,Kaveri Catings Solutions,560064,63,HUMAN_REVIEW,98.0,100,25,0,True,requires human review: high name similarity (98.0); similar address/PIN (100)
PAIR-000819,FACTORY,KFBIS-FAC-BLRU-2017-000139,Ganesh Coatings LLP,LABOUR,LAB-KA-BLRU-2023-000155,Ganesh Coatings LLP,560034,63,HUMAN_REVIEW,100.0,95.7,25,0,True,requires human review: high name similarity (100.0); similar address/PIN (95.7)
PAIR-000820,LABOUR,LAB-KA-BLRR-2025-000158,Navya Industrial Co,FACTORY,KFBIS-FAC-BLRR-2017-000140,Navya Industrial Co,562110,63,HUMAN_REVIEW,100.0,96.2,25,0,True,requires human review: high name similarity (100.0); similar address/PIN (96.2)
PAIR-000821,SHOP,KAR-SHOP-BLRU-2023-000218,Naveen Medical Solutions,UDYAM,UDYAM-KR-BLRU-2017-000164,Naveen Medical Solutions,560102,63,HUMAN_REVIEW,100.0,97.0,25,0,True,requires human review: high name similarity (100.0); similar address/PIN (97.0)
PAIR-000822,KSPCB,PCB/BLRR/CTE/2021/00001,Veda Devices Works,FACTORY,KFBIS-FAC-BLRR-2020-000002,Veda Devices Works,561203,62,HUMAN_REVIEW,100.0,94.7,25,0,True,requires human review: high name similarity (100.0); similar address/PIN (94.7)
PAIR-000823,KSPCB,PCB/BLRU/CTO/2017/00002,Sharma Coatings Co,SHOP,KAR-SHOP-BLRU-2016-000002,Shama Coatings Co,560059,62,HUMAN_REVIEW,96.6,98.7,25,0,True,requires human review: high name similarity (96.6); similar address/PIN (98.7)
PAIR-000824,BBMP,BBMP-TL-SOUT-2016-000002,M/S Ganesh Dine LLP,UDYAM,UDYAM-KR-BLRU-2015-000005,Ganesh Dine LLP,560085,62,HUMAN_REVIEW,100.0,94.6,25,0,True,requires human review: high name similarity (100.0); similar address/PIN (94.6)
PAIR-000825,FACTORY,KFBIS-FAC-BLRU-2024-000007,Mysore Mold Solutions,KSPCB,PCB/BLRU/CTO/2015/00008,Mysore Mold Solutions,560066,62,HUMAN_REVIEW,100.0,93.5,25,0,True,requires human review: high name similarity (100.0); similar address/PIN (93.5)
PAIR-000826,GST,GST-KA-BLRU-2021-000015,Navya Devices Co,FACTORY,KFBIS-FAC-BLRU-2019-000009,Navya Devices Co,560068,62,HUMAN_REVIEW,100.0,94.0,25,0,True,requires human review: high name similarity (100.0); similar address/PIN (94.0)
PAIR-000827,FACTORY,KFBIS-FAC-BLRU-2021-000011,M/S Sri Devices Solutions,LABOUR,LAB-KA-BLRU-2024-000011,Sri Devices Solutions,560102,62,HUMAN_REVIEW,100.0,94.0,25,0,True,requires human review: high name similarity (100.0); similar address/PIN (94.0)
PAIR-000828,UDYAM,UDYAM-KR-BLRU-2019-000014,Asha Co,FACTORY,KFBIS-FAC-BLRU-2019-000015,Asha Co,560064,62,HUMAN_REVIEW,100.0,94.0,25,0,True,requires human review: high name similarity (100.0); similar address/PIN (94.0)
PAIR-000829,UDYAM,UDYAM-KR-MYS-2017-000017,M/S Deccan Industries,SHOP,KAR-SHOP-MYS-2021-000023,Deccan Industries,570018,62,HUMAN_REVIEW,100.0,94.8,25,0,True,requires human review: high name similarity (100.0); similar address/PIN (94.8)
PAIR-000830,GST,GST-KA-BLRU-2021-000030,Meghana Bites Associates,SHOP,KAR-SHOP-BLRU-2018-000026,M/S Meghana Bites Associates,560085,62,HUMAN_REVIEW,100.0,91.9,25,0,True,requires human review: high name similarity (100.0); similar address/PIN (91.9)
PAIR-000831,GST,GST-KA-BLRU-2020-000041,M/S Naveen Company,LABOUR,LAB-KA-BLRU-2023-000026,Naveen Company,560043,62,HUMAN_REVIEW,100.0,94.6,25,0,True,requires human review: high name similarity (100.0); similar address/PIN (94.6)
PAIR-000832,BBMP,BBMP-TL-SOUT-2022-000024,M/S Kaveri Labels Traders,FACTORY,KFBIS-FAC-BLRU-2018-000034,M/S Kaveri Labels Traders,560085,62,HUMAN_REVIEW,100.0,93.7,25,0,True,requires human review: high name similarity (100.0); similar address/PIN (93.7)
PAIR-000833,UDYAM,UDYAM-KR-MYS-2018-000042,Prakruthi Packaging Solutions,LABOUR,LAB-KA-MYS-2024-000039,Prakruthi Packaging Solutions,570016,62,HUMAN_REVIEW,100.0,93.2,25,0,True,requires human review: high name similarity (100.0); similar address/PIN (93.2)
PAIR-000834,FACTORY,KFBIS-FAC-BLRU-2020-000040,Nandi Electronics Solutions,UDYAM,UDYAM-KR-BLRU-2025-000043,NANDI ELECTRONICS SOLUTIONS,560100,62,HUMAN_REVIEW,100.0,94.7,25,0,True,requires human review: high name similarity (100.0); similar address/PIN (94.7)
PAIR-000835,KSPCB,PCB/BLRU/CTE/2020/00042,Srinidhi Traders,GST,GST-KA-BLRU-2024-000074,M/S Srinidhi Traders,560043,62,HUMAN_REVIEW,100.0,93.5,25,0,True,requires human review: high name similarity (100.0); similar address/PIN (93.5)
PAIR-000836,BBMP,BBMP-TL-BOMM-2019-000039,Navya Printers Traders,LABOUR,LAB-KA-BLRU-2018-000049,Navya Printers Traders,560100,62,HUMAN_REVIEW,100.0,93.8,25,0,True,requires human review: high name similarity (100.0); similar address/PIN (93.8)
PAIR-000837,UDYAM,UDYAM-KR-BLRU-2017-000051,M/S Kaveri Pvt Ltd,KSPCB,PCB/BLRU/CTO/2022/00046,Kaveri Pvt Ltd,560029,62,HUMAN_REVIEW,100.0,94.0,25,0,True,requires human review: high name similarity (100.0); similar address/PIN (94.0)
PAIR-000838,UDYAM,UDYAM-KR-BLRU-2018-000055,Naveen Polymers Solutions,FACTORY,KFBIS-FAC-BLRU-2021-000056,Naveen Polymers Solutions,560102,62,HUMAN_REVIEW,100.0,95.0,25,0,True,requires human review: high name similarity (100.0); similar address/PIN (95.0)
PAIR-000839,BBMP,BBMP-TL-DASA-2015-000041,Nandi Bakery Pvt. Ltd.,SHOP,KAR-SHOP-BLRU-2022-000075,Nandi Bakery Pvt Ltd,560058,62,HUMAN_REVIEW,100.0,91.7,25,0,True,requires human review: high name similarity (100.0); similar address/PIN (91.7)
PAIR-000840,KSPCB,PCB/BLRU/CTE/2022/00054,Nisarga Industrial Co,BBMP,BBMP-TL-YELA-2020-000044,M/S Nisarga Industrial Co,560024,62,HUMAN_REVIEW,100.0,92.6,25,0,True,requires human review: high name similarity (100.0); similar address/PIN (92.6)
PAIR-000841,LABOUR,LAB-KA-BLRU-2022-000059,Sahana Works Company,KSPCB,PCB/BLRU/CTE/2023/00055,Sahna Works Company,560059,62,HUMAN_REVIEW,95.7,99.2,25,0,True,requires human review: high name similarity (95.7); similar address/PIN (99.2)
PAIR-000842,LABOUR,LAB-KA-BLRR-2016-000063,Srinidhi Co,SHOP,KAR-SHOP-BLRR-2021-000086,Srinidhi Co,562110,62,HUMAN_REVIEW,100.0,94.9,25,0,True,requires human review: high name similarity (100.0); similar address/PIN (94.9)
PAIR-000843,KSPCB,PCB/BLRU/CTO/2022/00057,M/S Sri Devices LLP,GST,GST-KA-BLRU-2021-000096,M/S Sri Devices LLP,560043,62,HUMAN_REVIEW,100.0,91.9,25,0,True,requires human review: high name similarity (100.0); similar address/PIN (91.9)
PAIR-000844,UDYAM,UDYAM-KR-BLRU-2023-000065,M/S Udupi Logistics Company,GST,GST-KA-BLRU-2017-000100,M/S Udupi Logistics Company,560043,62,HUMAN_REVIEW,100.0,94.0,25,0,True,requires human review: high name similarity (100.0); similar address/PIN (94.0)
PAIR-000845,SHOP,KAR-SHOP-BLRU-2022-000096,Siddhi Pvt Ltd,BBMP,BBMP-TL-SOUT-2024-000052,Siddhi Pvt Ltd,560078,62,HUMAN_REVIEW,100.0,92.6,25,0,True,requires human review: high name similarity (100.0); similar address/PIN (92.6)
PAIR-000846,BBMP,BBMP-TL-NORT-2019-000054,Siddhi Supply LLP,GST,GST-KA-MYS-2023-000110,Siddhi Supply LLP,570016,62,HUMAN_REVIEW,100.0,91.3,25,0,True,requires human review: high name similarity (100.0); similar address/PIN (91.3)
PAIR-000847,FACTORY,KFBIS-FAC-BLRU-2022-000074,Vijaya Tools Solutions,GST,GST-KA-BLRU-2024-000111,M/S Vijya Tools Solutions,560085,62,HUMAN_REVIEW,97.7,93.8,25,0,True,requires human review: high name similarity (97.7); similar address/PIN (93.8)
PAIR-000848,SHOP,KAR-SHOP-TUM-2020-000106,Srinidhi Bites Co,UDYAM,UDYAM-KR-TUM-2019-000075,SRINIDHI BITESCO,572106,62,HUMAN_REVIEW,93.3,100,25,0,True,requires human review: high name similarity (93.3); similar address/PIN (100)
PAIR-000849,UDYAM,UDYAM-KR-TUM-2019-000075,SRINIDHI BITESCO,BBMP,BBMP-TL-TUMA-2018-000057,Srinidhi Bites Co,572106,62,HUMAN_REVIEW,93.3,100,25,0,True,requires human review: high name similarity (93.3); similar address/PIN (100)
PAIR-000850,BBMP,BBMP-TL-YELA-2020-000058,Bangalore Apparels Enterprises,SHOP,KAR-SHOP-BLRU-2017-000107,Bangalore Apparels Enterprises,560064,62,HUMAN_REVIEW,100.0,94.4,25,0,True,requires human review: high name similarity (100.0); similar address/PIN (94.4)
PAIR-000851,BBMP,BBMP-TL-DASA-2016-000060,Sahana Kitchen Solutions,GST,GST-KA-BLRU-2018-000127,Sahana Kitchen Solutions,560034|560058,62,HUMAN_REVIEW,100.0,89.1,0,100,True,requires human review: high name similarity (100.0); similar address/PIN (89.1); no shared identifier available; same phone number
PAIR-000852,BBMP,BBMP-TL-SOUT-2019-000066,M/S Bharath Medical Soluions,LABOUR,LAB-KA-BLRU-2019-000084,Bharath Medical Solutions,560068,62,HUMAN_REVIEW,98.0,95.7,25,0,True,requires human review: high name similarity (98.0); similar address/PIN (95.7)
PAIR-000853,UDYAM,UDYAM-KR-BLRU-2016-000089,Nisarga Enterprises,SHOP,KAR-SHOP-BLRU-2015-000125,Nisarga Enterprises,560001,62,HUMAN_REVIEW,100.0,91.7,25,0,True,requires human review: high name similarity (100.0); similar address/PIN (91.7)
PAIR-000854,SHOP,KAR-SHOP-BLRU-2015-000125,Nisarga Enterprises,LABOUR,LAB-KA-BLRU-2018-000088,Nisarga Enterprises,560001,62,HUMAN_REVIEW,100.0,91.7,25,0,True,requires human review: high name similarity (100.0); similar address/PIN (91.7)
PAIR-000855,UDYAM,UDYAM-KR-BLRU-2017-000090,Lakshmi Solvents Company,LABOUR,LAB-KA-BLRU-2023-000090,Lakshmi Solvents Company,560029,62,HUMAN_REVIEW,100.0,94.7,25,0,True,requires human review: high name similarity (100.0); similar address/PIN (94.7)
PAIR-000856,GST,GST-KA-BLRU-2020-000145,M/S SAHANA APPARELS CO,SHOP,KAR-SHOP-BLRU-2016-000127,Sahan Apparels Co,560037,62,HUMAN_REVIEW,96.6,96.0,25,0,True,requires human review: high name similarity (96.6); similar address/PIN (96.0)
PAIR-000857,LABOUR,LAB-KA-BLRU-2016-000095,Meghana Polymers Associates,GST,GST-KA-BLRU-2019-000147,M/S Meghana Polymers Associates,560085,62,HUMAN_REVIEW,100.0,94.6,25,0,True,requires human review: high name similarity (100.0); similar address/PIN (94.6)
PAIR-000858,LABOUR,LAB-KA-BLRU-2024-000096,Meghana Moulding Industries,GST,GST-KA-BLRU-2022-000149,MEGHANA MOULDING INDUSTRIES,560058,62,HUMAN_REVIEW,100.0,91.6,25,0,True,requires human review: high name similarity (100.0); similar address/PIN (91.6)
PAIR-000859,GST,GST-KA-BLRR-2025-000153,Uupi Electronics LLP,FACTORY,KFBIS-FAC-BLRR-2024-000095,Udupi Eectronics LLP,562110,62,HUMAN_REVIEW,93.8,100,25,0,True,requires human review: high name similarity (93.8); similar address/PIN (100)
PAIR-000860,FACTORY,KFBIS-FAC-BLRR-2021-000098,Veda Associates,GST,GST-KA-BLRR-2022-000158,Veda Associates,562157,62,HUMAN_REVIEW,100.0,94.5,25,0,True,requires human review: high name similarity (100.0); similar address/PIN (94.5)
PAIR-000861,LABOUR,LAB-KA-BLRU-2023-000108,Ananya Electronics Co,SHOP,KAR-SHOP-BLRU-2017-000143,Anany Electronics Co,560029,62,HUMAN_REVIEW,97.1,97.0,25,0,True,requires human review: high name similarity (97.1); similar address/PIN (97.0)
PAIR-000862,BBMP,BBMP-TL-SOUT-2025-000086,Lakshmi Works,SHOP,KAR-SHOP-BLRU-2021-000145,M/S Lakshmi Works,560085,62,HUMAN_REVIEW,100.0,94.1,25,0,True,requires human review: high name similarity (100.0); similar address/PIN (94.1)
PAIR-000863,UDYAM,UDYAM-KR-MYS-2015-000109,Varun Mold LLP,KSPCB,PCB/MYS/CTE/2023/00096,Varun Mold LLP,570016,62,HUMAN_REVIEW,100.0,94.4,25,0,True,requires human review: high name similarity (100.0); similar address/PIN (94.4)
PAIR-000864,SHOP,KAR-SHOP-BLRU-2018-000149,Asha Enterprises,LABOUR,LAB-KA-BLRU-2017-000113,Asha Enterprises,560037,62,HUMAN_REVIEW,100.0,94.3,25,0,True,requires human review: high name similarity (100.0); similar address/PIN (94.3)
PAIR-000865,SHOP,KAR-SHOP-BLRU-2015-000150,Kaveri Print Company,FACTORY,KFBIS-FAC-BLRU-2025-000104,Kaveri Print Company,560059,62,HUMAN_REVIEW,100.0,94.1,25,0,True,requires human review: high name similarity (100.0); similar address/PIN (94.1)
PAIR-000866,KSPCB,PCB/BLRU/CTE/2020/00109,M/S Veda Precision Company,LABOUR,LAB-KA-BLRU-2019-000121,Veda Precision Company,560058,62,HUMAN_REVIEW,100.0,93.5,25,0,True,requires human review: high name similarity (100.0); similar address/PIN (93.5)
PAIR-000867,GST,GST-KA-MYS-2019-000202,M/S Srinidhi LLP,BBMP,BBMP-TL-NORT-2023-000099,Sinidhi LLP,570016,62,HUMAN_REVIEW,93.3,100,25,0,True,requires human review: high name similarity (93.3); similar address/PIN (100)
PAIR-000868,BBMP,BBMP-TL-NORT-2023-000099,Sinidhi LLP,SHOP,KAR-SHOP-MYS-2021-000168,M/S Srinidhi LLP,570016,62,HUMAN_REVIEW,93.3,99.1,25,0,True,requires human review: high name similarity (93.3); similar address/PIN (99.1)
PAIR-000869,KSPCB,PCB/BLRR/CTO/2021/00112,Navya Mold LLP,SHOP,KAR-SHOP-BLRR-2017-000169,Navya Mold LLP,562114,62,HUMAN_REVIEW,100.0,93.8,25,0,True,requires human review: high name similarity (100.0); similar address/PIN (93.8)
PAIR-000870,SHOP,KAR-SHOP-BLRU-2016-000176,Sree Print Co,FACTORY,KFBIS-FAC-BLRU-2021-000120,Sree Prin Co,560102,62,HUMAN_REVIEW,94.7,100,25,0,True,requires human review: high name similarity (94.7); similar address/PIN (100)
PAIR-000871,SHOP,KAR-SHOP-BLRR-2016-000183,M/S Omkar Cafe Industries,GST,GST-KA-BLRR-2017-000217,M/SOmkar Cafe Industries,562114,62,HUMAN_REVIEW,93.3,100,25,0,True,requires human review: high name similarity (93.3); similar address/PIN (100)
PAIR-000872,SHOP,KAR-SHOP-TUM-2025-000184,Harsha Works,GST,GST-KA-TUM-2018-000218,Harsa Works,572106,62,HUMAN_REVIEW,95.7,100,25,0,True,requires human review: high name similarity (95.7); similar address/PIN (100)
PAIR-000873,GST,GST-KA-TUM-2018-000218,Harsa Works,FACTORY,KFBIS-FAC-TUM-2017-000122,Harsha Works,572106,62,HUMAN_REVIEW,95.7,100,25,0,True,requires human review: high name similarity (95.7); similar address/PIN (100)
PAIR-000874,KSPCB,PCB/BLRU/CTE/2022/00123,Omkar Mold Traders,LABOUR,LAB-KA-BLRU-2024-000134,Omkar Mold Traders,560029,62,HUMAN_REVIEW,100.0,94.5,25,0,True,requires human review: high name similarity (100.0); similar address/PIN (94.5)
PAIR-000875,SHOP,KAR-SHOP-BLRU-2025-000185,Omkar Mold Taders,LABOUR,LAB-KA-BLRU-2024-000134,Omkar Mold Traders,560029,62,HUMAN_REVIEW,97.1,98.4,25,0,True,requires human review: high name similarity (97.1); similar address/PIN (98.4)
PAIR-000876,UDYAM,UDYAM-KR-BLRU-2024-000142,M/S Prakruthi Packaging Works,BBMP,BBMP-TL-EAST-2024-000117,M/S Prakruthi Packaging Works,560043,62,HUMAN_REVIEW,100.0,93.5,25,0,True,requires human review: high name similarity (100.0); similar address/PIN (93.5)
PAIR-000877,LABOUR,LAB-KA-BLRU-2018-000142,Siddhi WorksEnterprises,GST,GST-KA-BLRU-2016-000235,Siddhi Works Enterprises,560076,62,HUMAN_REVIEW,97.9,94.9,25,0,True,requires human review: high name similarity (97.9); similar address/PIN (94.9)
PAIR-000878,UDYAM,UDYAM-KR-BLRU-2023-000149,M/S Lakshmi Kitche Pvt Ltd,BBMP,BBMP-TL-YELA-2022-000121,Lakshmi Kitchen Pvt Ltd,560024,62,HUMAN_REVIEW,96.6,98.9,25,0,True,requires human review: high name similarity (96.6); similar address/PIN (98.9)
PAIR-000879,KSPCB,PCB/BLRU/CTO/2020/00132,Veda Appaels Company,LABOUR,LAB-KA-BLRU-2018-000144,Veda Apparels Company,560058,62,HUMAN_REVIEW,96.0,98.9,25,0,True,requires human review: high name similarity (96.0); similar address/PIN (98.9)
PAIR-000880,LABOUR,LAB-KA-BLRU-2019-000149,Nandi MouldingCo,KSPCB,PCB/BLRU/CTO/2021/00136,Nandi Moulding Company,560001,62,HUMAN_REVIEW,93.3,100,25,0,True,requires human review: high name similarity (93.3); similar address/PIN (100)
PAIR-000881,SHOP,KAR-SHOP-BLRU-2023-000211,M/S Srinidhi Labels Company,UDYAM,UDYAM-KR-BLRU-2019-000158,M/S Srinidhi Labels Company,560034,62,HUMAN_REVIEW,100.0,91.9,25,0,True,requires human review: high name similarity (100.0); similar address/PIN (91.9)
PAIR-000882,LABOUR,LAB-KA-BLRU-2021-000156,Nisarga Labels Pvt Ltd,KSPCB,PCB/BLRU/CTO/2016/00144,Nisarga Labels Pvt Ltd,560037,62,HUMAN_REVIEW,100.0,94.9,25,0,True,requires human review: high name similarity (100.0); similar address/PIN (94.9)
PAIR-000883,KSPCB,PCB/BLRU/CTO/2016/00144,Nisarga Labels Pvt Ltd,UDYAM,UDYAM-KR-BLRU-2020-000160,M/S Nisarga Labels Pvt Ltd,560037,62,HUMAN_REVIEW,100.0,95.0,25,0,True,requires human review: high name similarity (100.0); similar address/PIN (95.0)
PAIR-000884,LABOUR,LAB-KA-BLRU-2018-000160,M/S Naveen Medical Solutions,SHOP,KAR-SHOP-BLRU-2023-000218,Naveen Medical Solutions,560102,62,HUMAN_REVIEW,100.0,94.6,25,0,True,requires human review: high name similarity (100.0); similar address/PIN (94.6)
PAIR-000885,SHOP,KAR-SHOP-MYS-2015-000014,Ravi lastics Works,KSPCB,PCB/MYS/CTE/2021/00011,Ravi Plastics Works,570016,61,HUMAN_REVIEW,97.3,93.2,25,0,True,requires human review: high name similarity (97.3); similar address/PIN (93.2)
PAIR-000886,FACTORY,KFBIS-FAC-BLRR-2025-000028,Srinidhi Labs Industries,KSPCB,PCB/BLRR/CTO/2024/00025,Srinidhi Labs Industries,562114,61,HUMAN_REVIEW,100.0,87.8,25,0,True,requires human review: high name similarity (100.0); similar address/PIN (87.8)
PAIR-000887,GST,GST-KA-BLRU-2020-000053,Sahana Meds Enterprises,UDYAM,UDYAM-KR-BLRU-2018-000038,M/S Sahana Meds Enterprises,560102|560029,61,HUMAN_REVIEW,100.0,84.1,0,100,True,requires human review: high name similarity (100.0); similar address/PIN (84.1); no shared identifier available; same phone number
PAIR-000888,KSPCB,PCB/TUM/CTO/2024/00029,Prakruthi CNC LLP,LABOUR,LAB-KA-TUM-2023-000034,Prakruthi CNCLLP,572106,61,HUMAN_REVIEW,89.7,100,25,0,True,requires human review: high name similarity (89.7); similar address/PIN (100)
PAIR-000889,LABOUR,LAB-KA-TUM-2023-000034,Prakruthi CNCLLP,GST,GST-KA-TUM-2025-000055,M/S Prakruthi CNC LLP,572106,61,HUMAN_REVIEW,89.7,100,25,0,True,requires human review: high name similarity (89.7); similar address/PIN (100)
PAIR-000890,FACTORY,KFBIS-FAC-BLRU-2015-000044,Bharath Tech Associates,SHOP,KAR-SHOP-BLRU-2019-000062,Bharath Tech Associats,560029,61,HUMAN_REVIEW,97.8,92.6,25,0,True,requires human review: high name similarity (97.8); similar address/PIN (92.6)
PAIR-000891,BBMP,BBMP-TL-SOUT-2019-000033,M/S Sharma Biryani Pvt. Ltd.,SHOP,KAR-SHOP-BLRU-2015-000065,Sharma Biryani Pv Ltd,560068,61,HUMAN_REVIEW,90.3,100,25,0,True,requires human review: high name similarity (90.3); similar address/PIN (100)
PAIR-000892,SHOP,KAR-SHOP-BLRU-2015-000065,Sharma Biryani Pv Ltd,GST,GST-KA-BLRU-2024-000070,Sharma Biryani Pvt. Ltd.,560068,61,HUMAN_REVIEW,90.3,100,25,0,True,requires human review: high name similarity (90.3); similar address/PIN (100)
PAIR-000893,LABOUR,LAB-KA-BLRU-2021-000046,Srinidhi Enterprises,GST,GST-KA-BLRU-2019-000075,M/S Srinidhi Enterprises,560085,61,HUMAN_REVIEW,100.0,87.2,25,0,True,requires human review: high name similarity (100.0); similar address/PIN (87.2)
PAIR-000894,GST,GST-KA-BLRU-2019-000075,M/S Srinidhi Enterprises,KSPCB,PCB/BLRU/CTO/2022/00043,M/S Srinidhi Enterprises,560085,61,HUMAN_REVIEW,100.0,89.3,25,0,True,requires human review: high name similarity (100.0); similar address/PIN (89.3)
PAIR-000895,UDYAM,UDYAM-KR-BLRU-2018-000056,M/SAnanya Solutions,FACTORY,KFBIS-FAC-BLRU-2022-000057,Ananya Solutions,560024,61,HUMAN_REVIEW,91.4,100,25,0,True,requires human review: high name similarity (91.4); similar address/PIN (100)
PAIR-000896,SHOP,KAR-SHOP-BLRU-2025-000077,M/S Prakruthi Packaging Industries,LABOUR,LAB-KA-BLRU-2018-000057,Prakruthi Packaging Industries,560043,61,HUMAN_REVIEW,100.0,87.7,25,0,True,requires human review: high name similarity (100.0); similar address/PIN (87.7)
PAIR-000897,LABOUR,LAB-KA-BLRU-2022-000059,Sahana Works Company,FACTORY,KFBIS-FAC-BLRU-2024-000065,Sahana Works Company,560059,61,HUMAN_REVIEW,100.0,87.6,25,0,True,requires human review: high name similarity (100.0); similar address/PIN (87.6)
PAIR-000898,SHOP,KAR-SHOP-BLRU-2019-000093,M/S Harsha Works Co,KSPCB,PCB/BLRU/CTO/2020/00061,Harsha Works Co,560037,61,HUMAN_REVIEW,100.0,88.7,25,0,True,requires human review: high name similarity (100.0); similar address/PIN (88.7)
PAIR-000899,LABOUR,LAB-KA-BLRR-2025-000071,M/S Lakshmi Graphics Solutions,FACTORY,KFBIS-FAC-BLRR-2024-000075,Lakshmi Graphics Solutions,562114,61,HUMAN_REVIEW,100.0,90.0,25,0,True,requires human review: high name similarity (100.0); similar address/PIN (90.0)
PAIR-000900,FACTORY,KFBIS-FAC-BLRR-2024-000075,Lakshmi Graphics Solutions,GST,GST-KA-BLRR-2015-000114,Lakshmi Graphics Solutions,562114,61,HUMAN_REVIEW,100.0,87.2,25,0,True,requires human review: high name similarity (100.0); similar address/PIN (87.2)
PAIR-000901,KSPCB,PCB/BLRU/CTE/2023/00074,Sharma Electronics Solutions,SHOP,KAR-SHOP-BLRU-2025-000112,Sharma Electronics Solutions,560001,61,HUMAN_REVIEW,100.0,90.0,25,0,True,requires human review: high name similarity (100.0); similar address/PIN (90.0)
PAIR-000902,SHOP,KAR-SHOP-BLRU-2024-000116,M/S Asha Solutions,LABOUR,LAB-KA-BLRU-2025-000082,Asha Solutions,560024,61,HUMAN_REVIEW,100.0,90.0,25,0,True,requires human review: high name similarity (100.0); similar address/PIN (90.0)
PAIR-000903,SHOP,KAR-SHOP-BLRU-2024-000129,M/S Navya Solvents Pvt Ltd,LABOUR,LAB-KA-BLRU-2016-000094,Navya Solvent Pvt Ltd,560059,61,HUMAN_REVIEW,96.3,91.9,25,0,True,requires human review: high name similarity (96.3); similar address/PIN (91.9)
PAIR-000904,UDYAM,UDYAM-KR-BLRR-2023-000095,UDUPI ELECTRONICS LLP,LABOUR,LAB-KA-BLRR-2023-000098,Udupi Electronics LP,562110,61,HUMAN_REVIEW,91.9,100,25,0,True,requires human review: high name similarity (91.9); similar address/PIN (100)
PAIR-000905,UDYAM,UDYAM-KR-BLRR-2022-000100,Veda Associates,SHOP,KAR-SHOP-BLRR-2017-000137,Veda Associates,562157,61,HUMAN_REVIEW,100.0,89.6,25,0,True,requires human review: high name similarity (100.0); similar address/PIN (89.6)
PAIR-000906,LABOUR,LAB-KA-BLRU-2023-000107,Siddhi Industries,FACTORY,KFBIS-FAC-BLRU-2018-000100,M/S Siddhi Industries,560029|560043,61,HUMAN_REVIEW,100.0,85.7,0,100,True,requires human review: high name similarity (100.0); similar address/PIN (85.7); no shared identifier available; same phone number
PAIR-000907,LABOUR,LAB-KA-BLRR-2023-000118,Aditya Tech Enterprises,FACTORY,KFBIS-FAC-BLRR-2024-000105,Aditya Tech Enterprises,562157,61,HUMAN_REVIEW,100.0,88.0,25,0,True,requires human review: high name similarity (100.0); similar address/PIN (88.0)
PAIR-000908,SHOP,KAR-SHOP-BLRU-2023-000179,Ananya Cafe Enterprises,BBMP,BBMP-TL-DASA-2016-000108,M/S Ananya Cafe Enterprises,560058,61,HUMAN_REVIEW,100.0,90.0,25,0,True,requires human review: high name similarity (100.0); similar address/PIN (90.0)
PAIR-000909,UDYAM,UDYAM-KR-BLRR-2016-000138,M/S Navya Garments Works,BBMP,BBMP-TL-BENG-2020-000114,Navya Garments Works,562157,61,HUMAN_REVIEW,100.0,90.4,25,0,True,requires human review: high name similarity (100.0); similar address/PIN (90.4)
PAIR-000910,BBMP,BBMP-TL-DASA-2022-000122,Veda Apparels Company,KSPCB,PCB/BLRU/CTO/2020/00132,Veda Appaels Company,560058,61,HUMAN_REVIEW,96.0,94.0,25,0,True,requires human review: high name similarity (96.0); similar address/PIN (94.0)
PAIR-000911,BBMP,BBMP-TL-SOUT-2019-000124,Naveen Kitchen Pvt Ltd,SHOP,KAR-SHOP-BLRU-2025-000206,Naveen Kitchen Pvt Ltd,560078,61,HUMAN_REVIEW,100.0,87.2,25,0,True,requires human review: high name similarity (100.0); similar address/PIN (87.2)
PAIR-000912,FACTORY,KFBIS-FAC-MYS-2016-000134,Harsha Pvt. Ltd.,KSPCB,PCB/MYS/CTE/2017/00138,Harsha Pvt Ltd,570016,61,HUMAN_REVIEW,100.0,88.7,25,0,True,requires human review: high name similarity (100.0); similar address/PIN (88.7)
PAIR-000913,LABOUR,LAB-KA-BLRU-2025-000005,Siddhi Industrial Industries,BBMP,BBMP-TL-BOMM-2021-000004,Siddhi Industrial Inds,560100,60,HUMAN_REVIEW,88.0,100,25,0,True,requires human review: high name similarity (88.0); similar address/PIN (100)
PAIR-000914,KSPCB,PCB/BLRR/CTE/2018/00009,Veda Coatings Works,SHOP,KAR-SHOP-BLRR-2016-000013,Veda Coatings Works,562110,60,HUMAN_REVIEW,100.0,85.9,25,0,True,requires human review: high name similarity (100.0); similar address/PIN (85.9)
PAIR-000915,LABOUR,LAB-KA-MYS-2024-000039,Prakruthi Packaging Solutions,FACTORY,KFBIS-FAC-MYS-2021-000039,Prakruthi Packaging Solutins,570016,60,HUMAN_REVIEW,98.2,87.8,25,0,True,requires human review: high name similarity (98.2); similar address/PIN (87.8)
PAIR-000916,BBMP,BBMP-TL-BENG-2022-000045,M/S Srinidhi Co,GST,GST-KA-BLRR-2018-000095,M/S Srinidhi Co,562110,60,HUMAN_REVIEW,100.0,84.5,25,0,True,requires human review: high name similarity (100.0); similar address/PIN (84.5)
PAIR-000917,BBMP,BBMP-TL-BENG-2015-000074,M/S Siddhi Warehouse Industries,LABOUR,LAB-KA-BLRR-2017-000093,Siddhi Warehouse Inds,561203,60,HUMAN_REVIEW,87.5,100,25,0,True,requires human review: high name similarity (87.5); similar address/PIN (100)
PAIR-000918,FACTORY,KFBIS-FAC-BLRU-2015-000093,Meghana Moulding Inds,KSPCB,PCB/BLRU/CTO/2020/00086,Meghana Moulding Industries,560058,60,HUMAN_REVIEW,87.5,100,25,0,True,requires human review: high name similarity (87.5); similar address/PIN (100)
PAIR-000919,FACTORY,KFBIS-FAC-BLRR-2021-000098,Veda Associates,LABOUR,LAB-KA-BLRR-2025-000100,Veda Associates,562157,60,HUMAN_REVIEW,100.0,85.3,25,0,True,requires human review: high name similarity (100.0); similar address/PIN (85.3)
PAIR-000920,LABOUR,LAB-KA-BLRR-2025-000100,Veda Associates,UDYAM,UDYAM-KR-BLRR-2022-000100,Veda Associates,562157,60,HUMAN_REVIEW,100.0,85.3,25,0,True,requires human review: high name similarity (100.0); similar address/PIN (85.3)
PAIR-000921,BBMP,BBMP-TL-BENG-2019-000088,Kaveri Meds Pvt Ltd,SHOP,KAR-SHOP-BLRR-2018-000151,Kaveri Meds Pv Ltd,562157,60,HUMAN_REVIEW,88.0,97.5,25,0,True,requires human review: high name similarity (88.0); similar address/PIN (97.5)
PAIR-000922,FACTORY,KFBIS-FAC-BLRR-2024-000105,Aditya Tech Enterprises,KSPCB,PCB/BLRR/CTE/2018/00099,Aditya Tech Enterprises,562157,60,HUMAN_REVIEW,100.0,86.3,25,0,True,requires human review: high name similarity (100.0); similar address/PIN (86.3)
PAIR-000923,LABOUR,LAB-KA-BLRU-2025-000140,Prakruthi Packaging Works,GST,GST-KA-BLRU-2021-000229,Prakruthi Packaging Works,560043|560100,60,HUMAN_REVIEW,100.0,81.2,0,100,True,requires human review: high name similarity (100.0); similar address/PIN (81.2); no shared identifier available; same phone number
PAIR-000924,LABOUR,LAB-KA-BLRU-2025-000153,Srinidhi Labels Company,SHOP,KAR-SHOP-BLRU-2023-000211,M/S Srinidhi Labels Company,560034,60,HUMAN_REVIEW,100.0,86.5,25,0,True,requires human review: high name similarity (100.0); similar address/PIN (86.5)
PAIR-000925,SHOP,KAR-SHOP-TUM-2024-000030,M/S Kaveri Press Entp,UDYAM,UDYAM-KR-TUM-2015-000022,Kaveri Press Enterprises,572101,59,NO_MATCH,82.9,100,25,0,True,reject/no-match candidate: high name similarity (82.9); similar address/PIN (100)
PAIR-000926,GST,GST-KA-BLRU-2025-000068,Sharma Stitch Entp,FACTORY,KFBIS-FAC-BLRU-2017-000045,Sharma Stitch Enterprises,560058,59,NO_MATCH,83.7,100,25,0,True,reject/no-match candidate: high name similarity (83.7); similar address/PIN (100)
PAIR-000927,GST,GST-KA-BLRU-2025-000068,Sharma Stitch Entp,SHOP,KAR-SHOP-BLRU-2021-000063,M/S Sharma Stitch Enterprises,560058,59,NO_MATCH,83.7,100,25,0,True,reject/no-match candidate: high name similarity (83.7); similar address/PIN (100)
PAIR-000928,GST,GST-KA-MYS-2017-000104,MEGHANA MEALS INDUSTRIES,BBMP,BBMP-TL-CENT-2023-000049,Meghana Meals Inds,570001,59,NO_MATCH,85.7,100,25,0,True,reject/no-match candidate: high name similarity (85.7); similar address/PIN (100)
PAIR-000929,SHOP,KAR-SHOP-BLRU-2022-000098,Veda Wors,LABOUR,LAB-KA-BLRU-2017-000068,M/S Veda Works,560076,59,NO_MATCH,94.7,87.7,25,0,True,reject/no-match candidate: high name similarity (94.7); similar address/PIN (87.7)
PAIR-000930,BBMP,BBMP-TL-TUMA-2018-000091,M/S Aditya Labels Enterprises,GST,GST-KA-TUM-2022-000187,Aditya Labels Entp,572106|572101,59,NO_MATCH,83.7,97.2,0,100,True,reject/no-match candidate: high name similarity (83.7); similar address/PIN (97.2); no shared identifier available; same phone number
PAIR-000931,KSPCB,PCB/BLRU/CTE/2025/00114,Siddhi Packaging Entp,GST,GST-KA-BLRU-2019-000205,Siddhi Packaging Enterprises,560066,59,NO_MATCH,85.7,97.1,25,0,True,reject/no-match candidate: high name similarity (85.7); similar address/PIN (97.1)
PAIR-000932,BBMP,BBMP-TL-CENT-2023-000116,Praruthi Packaging Entp,KSPCB,PCB/MYS/CTO/2019/00126,Prakruthi Packaging Enterprises,570001,59,NO_MATCH,85.2,100,25,0,True,reject/no-match candidate: high name similarity (85.2); similar address/PIN (100)
PAIR-000933,UDYAM,UDYAM-KR-MYS-2024-000163,M/S Nisarga Circuits Enterprises,SHOP,KAR-SHOP-MYS-2018-000216,Nisarga Circuits Entp,570018,59,NO_MATCH,85.7,100,25,0,True,reject/no-match candidate: high name similarity (85.7); similar address/PIN (100)
PAIR-000934,GST,GST-KA-MYS-2025-000255,M/S Nisarga Circuits Enterprises,SHOP,KAR-SHOP-MYS-2018-000216,Nisarga Circuits Entp,570018,59,NO_MATCH,85.7,100,25,0,True,reject/no-match candidate: high name similarity (85.7); similar address/PIN (100)
PAIR-000935,LABOUR,LAB-KA-BLRU-2016-000003,Siddhi Cafe Industries,UDYAM,UDYAM-KR-BLRU-2018-000004,Siddhi Cafe Inds,560100,58,NO_MATCH,84.2,97.9,25,0,True,reject/no-match candidate: high name similarity (84.2); similar address/PIN (97.9)
PAIR-000936,GST,GST-KA-TUM-2020-000076,SHARMA CNC ENTERPRISES,SHOP,KAR-SHOP-TUM-2021-000071,Sharma CNC Entp,572106,58,NO_MATCH,81.1,98.3,25,0,True,reject/no-match candidate: high name similarity (81.1); similar address/PIN (98.3)
PAIR-000937,SHOP,KAR-SHOP-TUM-2021-000071,Sharma CNC Entp,KSPCB,PCB/TUM/CTE/2023/00044,M/S Sharma CNC Enterprises,572106,58,NO_MATCH,81.1,100,25,0,True,reject/no-match candidate: high name similarity (81.1); similar address/PIN (100)
PAIR-000938,FACTORY,KFBIS-FAC-BLRU-2023-000053,Mysore Fashions Entp,LABOUR,LAB-KA-BLRU-2025-000052,M/S Mysore Fashions Enterprises,560064,58,NO_MATCH,85.1,95.2,25,0,True,reject/no-match candidate: high name similarity (85.1); similar address/PIN (95.2)
PAIR-000939,SHOP,KAR-SHOP-BLRU-2019-000157,Kaveri Components Enterprises,UDYAM,UDYAM-KR-BLRU-2024-000117,M/S KAVERI COMPONENTS ENTP,560078,58,NO_MATCH,86.3,94.9,25,0,True,reject/no-match candidate: high name similarity (86.3); similar address/PIN (94.9)
PAIR-000940,UDYAM,UDYAM-KR-BLRU-2024-000117,M/S KAVERI COMPONENTS ENTP,KSPCB,PCB/BLRU/CTO/2017/00102,M/S Kaveri Components Enterprises,560078,58,NO_MATCH,86.3,91.6,25,0,True,reject/no-match candidate: high name similarity (86.3); similar address/PIN (91.6)
PAIR-000941,FACTORY,KFBIS-FAC-BLRU-2015-000136,Bangalore Industries LLP,UDYAM,UDYAM-KR-BLRU-2018-000157,Bangalore Inds LLP,560066,58,NO_MATCH,82.4,100,25,0,True,reject/no-match candidate: high name similarity (82.4); similar address/PIN (100)
PAIR-000942,LABOUR,LAB-KA-MYS-2024-000039,Prakruthi Packaging Solutions,KSPCB,PCB/MYS/CTO/2016/00010,M/S Prakruthi Packaging Solutions,570016,58,NO_MATCH,100.0,76.0,25,0,False,reject/no-match candidate: high name similarity (100.0); similar address/PIN (76.0)
PAIR-000943,LABOUR,LAB-KA-BLRU-2025-000016,Mysore Enterprises,SHOP,KAR-SHOP-BLRU-2016-000021,M/S Mysore Entp,560102,57,NO_MATCH,75.9,100,25,0,True,reject/no-match candidate: medium name similarity (75.9); similar address/PIN (100)
PAIR-000944,SHOP,KAR-SHOP-BLRU-2016-000021,M/S Mysore Entp,KSPCB,PCB/BLRU/CTE/2018/00013,Mysore Enterprises,560102,57,NO_MATCH,75.9,100,25,0,True,reject/no-match candidate: medium name similarity (75.9); similar address/PIN (100)
PAIR-000945,SHOP,KAR-SHOP-MYS-2015-000073,M/S Harsha Industries,LABOUR,LAB-KA-MYS-2024-000051,Harsha Inds,570001,57,NO_MATCH,78.6,100,25,0,True,reject/no-match candidate: medium name similarity (78.6); similar address/PIN (100)
PAIR-000946,LABOUR,LAB-KA-MYS-2024-000051,Harsha Inds,UDYAM,UDYAM-KR-MYS-2018-000052,Harsha Industries,570001,57,NO_MATCH,78.6,100,25,0,True,reject/no-match candidate: medium name similarity (78.6); similar address/PIN (100)
PAIR-000947,SHOP,KAR-SHOP-BLRR-2017-000088,Sri Kitchen Entp,GST,GST-KA-BLRR-2022-000098,Sri Kitchen Enterprises,562114,57,NO_MATCH,82.1,93.2,25,0,True,reject/no-match candidate: high name similarity (82.1); similar address/PIN (93.2)
PAIR-000948,SHOP,KAR-SHOP-BLRU-2017-000131,Meghana Moulding Indstries,FACTORY,KFBIS-FAC-BLRU-2015-000093,Meghana Moulding Inds,560058,57,NO_MATCH,89.4,86.5,25,0,True,reject/no-match candidate: high name similarity (89.4); similar address/PIN (86.5)
PAIR-000949,UDYAM,UDYAM-KR-BLRU-2018-000157,Bangalore Inds LLP,KSPCB,PCB/BLRU/CTE/2023/00140,M/S Bangalore Industries LLP,560066,57,NO_MATCH,82.4,95.7,25,0,True,reject/no-match candidate: high name similarity (82.4); similar address/PIN (95.7)
PAIR-000950,KSPCB,PCB/MYS/CTE/2023/00035,Prakruthi Packaging Solutions,GST,GST-KA-MYS-2022-000016,Prakruthi Packaging Solutions,570016,57,NO_MATCH,100.0,74.8,25,0,False,reject/no-match candidate: high name similarity (100.0)
PAIR-000951,LABOUR,LAB-KA-BLRU-2023-000025,Varun Entp,UDYAM,UDYAM-KR-BLRU-2025-000028,Varun Enterprises,560076,56,NO_MATCH,74.1,100,25,0,True,reject/no-match candidate: medium name similarity (74.1); similar address/PIN (100)
PAIR-000952,UDYAM,UDYAM-KR-BLRU-2025-000028,Varun Enterprises,GST,GST-KA-BLRU-2021-000040,M/S Varun Entp,560076,56,NO_MATCH,74.1,100,25,0,True,reject/no-match candidate: medium name similarity (74.1); similar address/PIN (100)
PAIR-000953,LABOUR,LAB-KA-BLRU-2023-000025,Varun Entp,SHOP,KAR-SHOP-BLRU-2025-000036,M/S Varun Enterprises,560076,56,NO_MATCH,74.1,99.7,25,0,True,reject/no-match candidate: medium name similarity (74.1); similar address/PIN (99.7)
PAIR-000954,BBMP,BBMP-TL-YELA-2017-000083,M/S Ravi TextilesCompany,SHOP,KAR-SHOP-BLRU-2022-000141,Ravi Textiles Company,560024,56,NO_MATCH,78.8,94.0,25,0,True,reject/no-match candidate: medium name similarity (78.8); similar address/PIN (94.0)
PAIR-000955,GST,GST-KA-BLRU-2024-000257,Varun Inds,FACTORY,KFBIS-FAC-BLRU-2023-000144,M/S Varun Industries,560078,56,NO_MATCH,76.9,98.3,25,0,True,reject/no-match candidate: medium name similarity (76.9); similar address/PIN (98.3)
PAIR-000956,SHOP,KAR-SHOP-BLRU-2024-000116,M/S Asha Solutions,GST,GST-KA-BLRU-2021-000129,Asha Labs Solutions,560024,56,NO_MATCH,84.8,87.9,25,0,False,reject/no-match candidate: high name similarity (84.8); similar address/PIN (87.9)
PAIR-000957,GST,GST-KA-BLRU-2021-000040,M/S Varun Entp,KSPCB,PCB/BLRU/CTO/2021/00019,Varun Enterprises,560076,55,NO_MATCH,74.1,95.3,25,0,True,reject/no-match candidate: medium name similarity (74.1); similar address/PIN (95.3)
PAIR-000958,LABOUR,LAB-KA-BLRR-2017-000089,Varun Inds Inds,SHOP,KAR-SHOP-BLRR-2022-000126,Varun Industries Industries,561203,55,NO_MATCH,71.4,100,25,0,True,reject/no-match candidate: medium name similarity (71.4); similar address/PIN (100)
PAIR-000959,SHOP,KAR-SHOP-BLRU-2017-000143,Anany Electronics Co,KSPCB,PCB/BLRU/CTO/2015/00094,Ananya Elec Co,560029,55,NO_MATCH,71.4,100,25,0,True,reject/no-match candidate: medium name similarity (71.4); similar address/PIN (100)
PAIR-000960,GST,GST-KA-BLRU-2019-000216,MYSORE INDUSTRIES,SHOP,KAR-SHOP-BLRU-2019-000182,Mysore Industries,560059|560043,55,NO_MATCH,100.0,100,0,0,True,reject/no-match candidate: high name similarity (100.0); similar address/PIN (100); no shared identifier available
PAIR-000961,GST,GST-KA-MYS-2015-000025,Deccan Industries,LABOUR,LAB-KA-MYS-2016-000002,Deccan Industres,570001,55,NO_MATCH,97.0,68.9,25,0,False,reject/no-match candidate: high name similarity (97.0)
PAIR-000962,SHOP,KAR-SHOP-BLRU-2016-000027,M/S Varun Textiles Industries,BBMP,BBMP-TL-SOUT-2016-000011,M/S Varun Textiles Industries,560068|560043,54,NO_MATCH,100.0,96.7,0,0,True,reject/no-match candidate: high name similarity (100.0); similar address/PIN (96.7); no shared identifier available
PAIR-000963,GST,GST-KA-BLRU-2018-000031,Varun Textiles Industries,BBMP,BBMP-TL-SOUT-2016-000011,M/S Varun Textiles Industries,560068|560043,54,NO_MATCH,100.0,97.6,0,0,True,reject/no-match candidate: high name similarity (100.0); similar address/PIN (97.6); no shared identifier available
PAIR-000964,BBMP,BBMP-TL-DASA-2017-000055,Sahana Kitchen Solutions,GST,GST-KA-BLRU-2016-000116,Sahana Kitchen Solutions,560058|560043,54,NO_MATCH,100.0,97.7,0,0,True,reject/no-match candidate: high name similarity (100.0); similar address/PIN (97.7); no shared identifier available
PAIR-000965,GST,GST-KA-BLRU-2020-000161,Lakshmi Elec LLP,KSPCB,PCB/BLRU/CTE/2024/00090,M/S Lakshmi Electronics LLP,560024,54,NO_MATCH,77.4,89.1,25,0,True,reject/no-match candidate: medium name similarity (77.4); similar address/PIN (89.1)
PAIR-000966,KSPCB,PCB/BLRU/CTO/2021/00136,Nandi Moulding Company,UDYAM,UDYAM-KR-BLRU-2023-000155,Nandi Moulding Company,560001|560085,54,NO_MATCH,100.0,96.4,0,0,True,reject/no-match candidate: high name similarity (100.0); similar address/PIN (96.4); no shared identifier available
PAIR-000967,KSPCB,PCB/BLRU/CTO/2025/00075,M/S Asha Labs Solutions,SHOP,KAR-SHOP-BLRU-2024-000116,M/S Asha Solutions,560024,54,NO_MATCH,84.8,80.5,25,0,False,reject/no-match candidate: high name similarity (84.8); similar address/PIN (80.5)
PAIR-000968,UDYAM,UDYAM-KR-BLRU-2024-000103,Ananya Circuits Enterprises,KSPCB,PCB/BLRU/CTE/2025/00107,Ananya Labs Enterprises,560085,54,NO_MATCH,80.0,86.7,25,0,False,reject/no-match candidate: high name similarity (80.0); similar address/PIN (86.7)
PAIR-000969,KSPCB,PCB/BLRU/CTO/2025/00075,M/S Asha Labs Solutions,GST,GST-KA-BLRU-2021-000134,M/S Asha Solutions,560024,54,NO_MATCH,84.8,80.5,25,0,False,reject/no-match candidate: high name similarity (84.8); similar address/PIN (80.5)
PAIR-000970,GST,GST-KA-BLRU-2021-000030,Meghana Bites Associates,BBMP,BBMP-TL-SOUT-2019-000012,Meghana Bites Associates,560085,54,NO_MATCH,100.0,96.5,0,0,False,reject/no-match candidate: high name similarity (100.0); similar address/PIN (96.5); no shared identifier available
PAIR-000971,FACTORY,KFBIS-FAC-BLRU-2025-000012,Harsha Biryani Works,BBMP,BBMP-TL-WEST-2020-000009,Harsha Biryani Works,560059|560024,53,NO_MATCH,100.0,93.5,0,0,True,reject/no-match candidate: high name similarity (100.0); similar address/PIN (93.5); no shared identifier available
PAIR-000972,FACTORY,KFBIS-FAC-BLRU-2016-000014,Sree Electronics Industries,GST,GST-KA-BLRU-2017-000020,Sree Elec Inds,560059,53,NO_MATCH,68.3,95.9,25,0,True,reject/no-match candidate: medium name similarity (68.3); similar address/PIN (95.9)
PAIR-000973,FACTORY,KFBIS-FAC-TUM-2023-000029,Lakshmi Graphics Works,KSPCB,PCB/TUM/CTO/2015/00026,M/S Lakshmi Graphics Works,572101|572106,53,NO_MATCH,100.0,93.1,0,0,True,reject/no-match candidate: high name similarity (100.0); similar address/PIN (93.1); no shared identifier available
PAIR-000974,KSPCB,PCB/TUM/CTO/2015/00026,M/S Lakshmi Graphics Works,GST,GST-KA-TUM-2020-000050,M/S Lakshmi Graphics Works,572106|572101,53,NO_MATCH,100.0,90.4,0,0,True,reject/no-match candidate: high name similarity (100.0); similar address/PIN (90.4); no shared identifier available
PAIR-000975,KSPCB,PCB/BLRU/CTE/2019/00032,Ravi Tech Associates,SHOP,KAR-SHOP-BLRU-2015-000053,M/S Ravi Tech Associates,560066|560058,53,NO_MATCH,100.0,93.6,0,0,True,reject/no-match candidate: high name similarity (100.0); similar address/PIN (93.6); no shared identifier available
PAIR-000976,LABOUR,LAB-KA-BLRU-2015-000086,Sri Pvt Ltd,SHOP,KAR-SHOP-BLRU-2018-000121,Sri Pvt. td.,560102,53,NO_MATCH,66.7,97.5,25,0,True,reject/no-match candidate: medium name similarity (66.7); similar address/PIN (97.5)
PAIR-000977,KSPCB,PCB/MYS/CTE/2016/00084,Sharma Pvt Ltd,BBMP,BBMP-TL-SOUT-2019-000070,Sharma Pvt Ltd,570001|570018,53,NO_MATCH,100.0,91.8,0,0,True,reject/no-match candidate: high name similarity (100.0); similar address/PIN (91.8); no shared identifier available
PAIR-000978,FACTORY,KFBIS-FAC-TUM-2018-000106,M/S Aditya Labels Enterprises,BBMP,BBMP-TL-TUMA-2018-000091,M/S Aditya Labels Enterprises,572101|572106,53,NO_MATCH,100.0,92.5,0,0,True,reject/no-match candidate: high name similarity (100.0); similar address/PIN (92.5); no shared identifier available
PAIR-000979,SHOP,KAR-SHOP-BLRU-2023-000187,Asha CNC LLP,UDYAM,UDYAM-KR-BLRU-2019-000137,ASHA CNC LLP,560043|560001,53,NO_MATCH,100.0,93.9,0,0,True,reject/no-match candidate: high name similarity (100.0); similar address/PIN (93.9); no shared identifier available
PAIR-000980,SHOP,KAR-SHOP-BLRU-2016-000193,M/S Prakruthi Packaging Works,GST,GST-KA-BLRU-2021-000229,Prakruthi Packaging Works,560043|560100,53,NO_MATCH,100.0,93.5,0,0,True,reject/no-match candidate: high name similarity (100.0); similar address/PIN (93.5); no shared identifier available
PAIR-000981,FACTORY,KFBIS-FAC-BLRR-2020-000130,Nandi Tools Co,BBMP,BBMP-TL-BENG-2015-000120,Nandi Tools Co,562114|561203,53,NO_MATCH,100.0,93.2,0,0,True,reject/no-match candidate: high name similarity (100.0); similar address/PIN (93.2); no shared identifier available
PAIR-000982,UDYAM,UDYAM-KR-BLRU-2023-000155,Nandi Moulding Company,FACTORY,KFBIS-FAC-BLRU-2020-000133,Nandi Moulding Company,560085|560001,53,NO_MATCH,100.0,93.6,0,0,True,reject/no-match candidate: high name similarity (100.0); similar address/PIN (93.6); no shared identifier available
PAIR-000983,GST,GST-KA-BLRU-2018-000171,ANANYA ASSOCIATES,KSPCB,PCB/BLRU/CTE/2018/00050,Ananya Solutions,560024,53,NO_MATCH,66.7,98.5,25,0,False,reject/no-match candidate: medium name similarity (66.7); similar address/PIN (98.5)
PAIR-000984,BBMP,BBMP-TL-NORT-2020-000014,Aarohi Solutions,SHOP,KAR-SHOP-MYS-2025-000019,Bangalore Solutions,570016,53,NO_MATCH,74.3,86.4,25,0,False,reject/no-match candidate: medium name similarity (74.3); similar address/PIN (86.4)
PAIR-000985,FACTORY,KFBIS-FAC-BLRU-2022-000080,Sahana Kitchen Solutions,BBMP,BBMP-TL-DASA-2017-000055,Sahana Kitchen Solutions,560058,53,NO_MATCH,100.0,92.5,0,0,False,reject/no-match candidate: high name similarity (100.0); similar address/PIN (92.5); no shared identifier available
PAIR-000986,BBMP,BBMP-TL-BENG-2020-000036,Mysore Cargo Solutions,LABOUR,LAB-KA-BLRR-2023-000045,Mysore Cargo Solutions,562114|562110,52,NO_MATCH,100.0,88.3,0,0,True,reject/no-match candidate: high name similarity (100.0); similar address/PIN (88.3); no shared identifier available
PAIR-000987,UDYAM,UDYAM-KR-BLRU-2024-000063,Kaveri Cargo Solutions,SHOP,KAR-SHOP-BLRU-2024-000087,Kaveri Cargo Solutions,560078|560058,52,NO_MATCH,100.0,88.9,0,0,True,reject/no-match candidate: high name similarity (100.0); similar address/PIN (88.9); no shared identifier available
PAIR-000988,LABOUR,LAB-KA-BLRU-2023-000079,Sharma Electronics Solutions,UDYAM,UDYAM-KR-BLRU-2018-000080,Sharma Electronics Solutions,560102|560001,52,NO_MATCH,100.0,87.8,0,0,True,reject/no-match candidate: high name similarity (100.0); similar address/PIN (87.8); no shared identifier available
PAIR-000989,GST,GST-KA-BLRU-2023-000135,Nisarga Trans Enterprises,FACTORY,KFBIS-FAC-BLRU-2016-000083,Nisarga Trans Enterprises,560024|560102,52,NO_MATCH,100.0,86.7,0,0,True,reject/no-match candidate: high name similarity (100.0); similar address/PIN (86.7); no shared identifier available
PAIR-000990,KSPCB,PCB/BLRU/CTE/2016/00097,M/S Sree Tools LLP,GST,GST-KA-BLRU-2016-000176,Sree Toos LLP,560066|560064,52,NO_MATCH,94.7,95.7,0,0,True,reject/no-match candidate: high name similarity (94.7); similar address/PIN (95.7); no shared identifier available
PAIR-000991,SHOP,KAR-SHOP-BLRR-2020-000167,Bangalore LLP,BBMP,BBMP-TL-BENG-2021-000098,Bangalore LLP,561203|562157,52,NO_MATCH,100.0,88.7,0,0,True,reject/no-match candidate: high name similarity (100.0); similar address/PIN (88.7); no shared identifier available
PAIR-000992,SHOP,KAR-SHOP-BLRU-2023-000173,Veda Print Enterprises,GST,GST-KA-BLRU-2018-000206,M/S Veda Print Enterprises,560001|560029,52,NO_MATCH,100.0,88.5,0,0,True,reject/no-match candidate: high name similarity (100.0); similar address/PIN (88.5); no shared identifier available
PAIR-000993,SHOP,KAR-SHOP-BLRU-2017-000180,M/S Bangalore Traders,UDYAM,UDYAM-KR-BLRU-2020-000133,BANGALORE TRADERS,560034|560066,52,NO_MATCH,100.0,86.9,0,0,True,reject/no-match candidate: high name similarity (100.0); similar address/PIN (86.9); no shared identifier available
PAIR-000994,FACTORY,KFBIS-FAC-BLRU-2022-000057,Ananya Solutions,GST,GST-KA-BLRU-2018-000171,ANANYA ASSOCIATES,560024,52,NO_MATCH,66.7,93.3,25,0,False,reject/no-match candidate: medium name similarity (66.7); similar address/PIN (93.3)
PAIR-000995,UDYAM,UDYAM-KR-MYS-2020-000099,AAROHI SOLUTIONS,GST,GST-KA-MYS-2024-000034,M/S Aarohi Solutions,570016,52,NO_MATCH,100.0,86.0,0,0,False,reject/no-match candidate: high name similarity (100.0); similar address/PIN (86.0); no shared identifier available
PAIR-000996,GST,GST-KA-BLRU-2020-000056,SIDDHI BAKERY LLP,UDYAM,UDYAM-KR-BLRU-2024-000147,Siddhi Works Entp,560076,52,NO_MATCH,60.0,100,25,0,False,reject/no-match candidate: medium name similarity (60.0); similar address/PIN (100)
PAIR-000997,LABOUR,LAB-KA-BLRR-2023-000045,Mysore Cargo Solutions,UDYAM,UDYAM-KR-BLRR-2022-000049,Mysore Cargo olutions,562110|562114,51,NO_MATCH,97.7,85.7,0,0,True,reject/no-match candidate: high name similarity (97.7); similar address/PIN (85.7); no shared identifier available
PAIR-000998,BBMP,BBMP-TL-BENG-2017-000040,Naveen Stores LLP,LABOUR,LAB-KA-BLRR-2024-000050,Naveen Stores LLP,562114|561203,51,NO_MATCH,100.0,85.5,0,0,True,reject/no-match candidate: high name similarity (100.0); similar address/PIN (85.5); no shared identifier available
PAIR-000999,SHOP,KAR-SHOP-BLRU-2022-000100,Udupi Pharma Works,LABOUR,LAB-KA-BLRU-2021-000070,Udupi PharmaWorks,560034|560066,51,NO_MATCH,97.1,89.2,0,0,True,reject/no-match candidate: high name similarity (97.1); similar address/PIN (89.2); no shared identifier available
PAIR-001000,FACTORY,KFBIS-FAC-BLRU-2016-000083,Nisarga Trans Enterprises,BBMP,BBMP-TL-YELA-2015-000065,Nisarga Trans Enterprises,560102|560024,51,NO_MATCH,100.0,83.7,0,0,True,reject/no-match candidate: high name similarity (100.0); similar address/PIN (83.7); no shared identifier available
PAIR-001001,UDYAM,UDYAM-KR-BLRU-2015-000128,Veda Print Enterprises,SHOP,KAR-SHOP-BLRU-2023-000173,Veda Print Enterprises,560029|560001,51,NO_MATCH,100.0,85.7,0,0,True,reject/no-match candidate: high name similarity (100.0); similar address/PIN (85.7); no shared identifier available
PAIR-001002,KSPCB,PCB/BLRU/CTE/2025/00107,Ananya Labs Enterprises,FACTORY,KFBIS-FAC-BLRU-2017-000049,M/S Ananya Labs Pvt Ltd,560085,51,NO_MATCH,64.7,93.2,25,0,False,reject/no-match candidate: medium name similarity (64.7); similar address/PIN (93.2)
PAIR-001003,UDYAM,UDYAM-KR-MYS-2017-000023,Aarohi Solutions,SHOP,KAR-SHOP-MYS-2025-000019,Bangalore Solutions,570016,51,NO_MATCH,74.3,81.7,25,0,False,reject/no-match candidate: medium name similarity (74.3); similar address/PIN (81.7)
PAIR-001004,SHOP,KAR-SHOP-BLRU-2018-000026,M/S Meghana Bites Associates,BBMP,BBMP-TL-SOUT-2019-000012,Meghana Bites Associates,560085,51,NO_MATCH,100.0,85.7,0,0,False,reject/no-match candidate: high name similarity (100.0); similar address/PIN (85.7); no shared identifier available
PAIR-001005,BBMP,BBMP-TL-WEST-2018-000077,Kaveri Bakery LLP,LABOUR,LAB-KA-BLRU-2019-000147,M/S Kaveri Wear Works,560059,51,NO_MATCH,60.0,97.5,25,0,False,reject/no-match candidate: medium name similarity (60.0); similar address/PIN (97.5)
PAIR-001006,LABOUR,LAB-KA-MYS-2015-000061,M/S Sahana Garments Company,GST,GST-KA-MYS-2015-000188,M/S Sahana Industries Co,570018,51,NO_MATCH,62.5,92.5,25,0,False,reject/no-match candidate: medium name similarity (62.5); similar address/PIN (92.5)
PAIR-001007,KSPCB,PCB/BLRU/CTO/2018/00022,Bharath Machining Co,LABOUR,LAB-KA-BLRU-2025-000028,BharathMachining Company,560059|560034,50,NO_MATCH,97.0,82.4,0,0,True,reject/no-match candidate: high name similarity (97.0); similar address/PIN (82.4); no shared identifier available
PAIR-001008,BBMP,BBMP-TL-MAHA-2017-000109,Bangalore Traders,SHOP,KAR-SHOP-BLRU-2017-000180,M/S Bangalore Traders,560066|560034,50,NO_MATCH,100.0,80.0,0,0,True,reject/no-match candidate: high name similarity (100.0); similar address/PIN (80.0); no shared identifier available
PAIR-001009,GST,GST-KA-BLRU-2020-000246,Sree Mold Traders,SHOP,KAR-SHOP-BLRU-2024-000209,M/S Sree Mold Traders,560058|560001,50,NO_MATCH,100.0,80.0,0,0,True,reject/no-match candidate: high name similarity (100.0); similar address/PIN (80.0); no shared identifier available
PAIR-001010,BBMP,BBMP-TL-SOUT-2021-000056,Omkar Labs Co,UDYAM,UDYAM-KR-BLRU-2022-000067,Omkar Agro Company,560068,50,NO_MATCH,70.0,80.9,25,0,False,reject/no-match candidate: medium name similarity (70.0); similar address/PIN (80.9)
PAIR-001011,BBMP,BBMP-TL-SOUT-2021-000056,Omkar Labs Co,KSPCB,PCB/BLRU/CTO/2022/00062,Omkar Agro Co,560068,50,NO_MATCH,70.0,81.1,25,0,False,reject/no-match candidate: medium name similarity (70.0); similar address/PIN (81.1)
PAIR-001012,SHOP,KAR-SHOP-BLRU-2020-000082,Nisarga Industrial Co,FACTORY,KFBIS-FAC-BLRU-2022-000019,Nisarga Industrial Co,560024,50,NO_MATCH,100.0,81.0,0,0,False,reject/no-match candidate: high name similarity (100.0); similar address/PIN (81.0); no shared identifier available
PAIR-001013,FACTORY,KFBIS-FAC-BLRU-2019-000032,Siddhi Bakery LLP,KSPCB,PCB/BLRU/CTO/2020/00131,Siddhi Works Enterprises,560076,50,NO_MATCH,54.1,98.3,25,0,False,reject/no-match candidate: weak name similarity (54.1); similar address/PIN (98.3)
PAIR-001014,UDYAM,UDYAM-KR-BLRU-2022-000152,Kaveri Wear Works,GST,GST-KA-BLRU-2020-000152,Kaveri Bakery LLP,560059,50,NO_MATCH,60.0,92.8,25,0,False,reject/no-match candidate: medium name similarity (60.0); similar address/PIN (92.8)
PAIR-001015,GST,GST-KA-BLRU-2020-000178,Kaveri Print Company,LABOUR,LAB-KA-BLRU-2019-000147,M/S Kaveri Wear Works,560059,50,NO_MATCH,55.2,98.2,25,0,False,reject/no-match candidate: medium name similarity (55.2); similar address/PIN (98.2)
PAIR-001016,BBMP,BBMP-TL-DASA-2022-000122,Veda Apparels Company,KSPCB,PCB/BLRU/CTE/2020/00109,M/S Veda Precision Company,560058,50,NO_MATCH,66.7,86.8,25,0,False,reject/no-match candidate: medium name similarity (66.7); similar address/PIN (86.8)
PAIR-001017,SHOP,KAR-SHOP-MYS-2018-000085,Sahana Garments Co,FACTORY,KFBIS-FAC-MYS-2022-000107,Sahana Industries Co,570018,50,NO_MATCH,62.5,91.3,25,0,False,reject/no-match candidate: medium name similarity (62.5); similar address/PIN (91.3)
PAIR-001018,SHOP,KAR-SHOP-BLRU-2024-000005,Siddhi Cafe Inds,BBMP,BBMP-TL-BOMM-2015-000001,Siddhi Cafe Industries,560037|560100,49,NO_MATCH,84.2,94.6,0,0,True,reject/no-match candidate: high name similarity (84.2); similar address/PIN (94.6); no shared identifier available
PAIR-001019,GST,GST-KA-BLRU-2025-000236,Lakshmi Kitchen Pvt Ltd,UDYAM,UDYAM-KR-BLRU-2023-000149,M/S Lakshmi Kitche Pvt Ltd,560058|560024,49,NO_MATCH,96.6,81.7,0,0,True,reject/no-match candidate: high name similarity (96.6); similar address/PIN (81.7); no shared identifier available
PAIR-001020,SHOP,KAR-SHOP-BLRU-2016-000171,Veda Logistics Works,LABOUR,LAB-KA-BLRU-2022-000112,Ravi Logistics Solutions,560076,49,NO_MATCH,63.6,82.9,25,0,False,reject/no-match candidate: medium name similarity (63.6); similar address/PIN (82.9)
PAIR-001021,KSPCB,PCB/BLRU/CTE/2018/00050,Ananya Solutions,BBMP,BBMP-TL-YELA-2020-000085,Ananya Associates,560024,49,NO_MATCH,66.7,82.2,25,0,False,reject/no-match candidate: medium name similarity (66.7); similar address/PIN (82.2)
PAIR-001022,BBMP,BBMP-TL-TUMA-2021-000016,Bangalore Die Associates,GST,GST-KA-TUM-2022-000065,BANGALORE CO,572106,49,NO_MATCH,54.5,94.8,25,0,False,reject/no-match candidate: weak name similarity (54.5); similar address/PIN (94.8)
PAIR-001023,FACTORY,KFBIS-FAC-BLRU-2018-000066,Navya Snacks Industries,SHOP,KAR-SHOP-BLRU-2019-000072,Navya Printers Traders,560100,49,NO_MATCH,57.8,90.0,25,0,False,reject/no-match candidate: medium name similarity (57.8); similar address/PIN (90.0)
PAIR-001024,GST,GST-KA-BLRU-2018-000127,Sahana Kitchen Solutions,BBMP,BBMP-TL-DASA-2017-000055,Sahana Kitchen Solutions,560058,49,NO_MATCH,100.0,75.5,0,0,False,reject/no-match candidate: high name similarity (100.0); similar address/PIN (75.5); no shared identifier available
PAIR-001025,LABOUR,LAB-KA-MYS-2016-000002,Deccan Industres,SHOP,KAR-SHOP-MYS-2015-000073,M/S Harsha Industries,570001,49,NO_MATCH,66.7,82.5,25,0,False,reject/no-match candidate: medium name similarity (66.7); similar address/PIN (82.5)
PAIR-001026,FACTORY,KFBIS-FAC-BLRU-2025-000104,Kaveri Print Company,GST,GST-KA-BLRU-2016-000242,M/S Kaveri Wear Works,560059,49,NO_MATCH,55.2,93.6,25,0,False,reject/no-match candidate: medium name similarity (55.2); similar address/PIN (93.6)
PAIR-001027,LABOUR,LAB-KA-BLRU-2019-000147,M/S Kaveri Wear Works,GST,GST-KA-BLRU-2020-000152,Kaveri Bakery LLP,560059,49,NO_MATCH,60.0,89.7,25,0,False,reject/no-match candidate: medium name similarity (60.0); similar address/PIN (89.7)
PAIR-001028,GST,GST-KA-BLRU-2024-000185,SHARMA PRINT ENTERPRISES,UDYAM,UDYAM-KR-BLRU-2024-000103,Ananya Circuits Enterprises,560085,49,NO_MATCH,70.6,77.8,25,0,False,reject/no-match candidate: medium name similarity (70.6); similar address/PIN (77.8)
PAIR-001029,LABOUR,LAB-KA-MYS-2015-000061,M/S Sahana Garments Company,SHOP,KAR-SHOP-MYS-2021-000159,M/S Sahana Industries Co,570018,49,NO_MATCH,62.5,86.6,25,0,False,reject/no-match candidate: medium name similarity (62.5); similar address/PIN (86.6)
PAIR-001030,SHOP,KAR-SHOP-MYS-2018-000085,Sahana Garments Co,GST,GST-KA-MYS-2015-000188,M/S Sahana Industries Co,570018,49,NO_MATCH,62.5,86.6,25,0,False,reject/no-match candidate: medium name similarity (62.5); similar address/PIN (86.6)
PAIR-001031,BBMP,BBMP-TL-YELA-2022-000089,M/S Prakruthi Biryani Solutions,GST,GST-KA-BLRU-2025-000107,VARUN MEALS SOLUTIONS,560064,49,NO_MATCH,62.5,86.8,25,0,False,reject/no-match candidate: medium name similarity (62.5); similar address/PIN (86.8)
PAIR-001032,LABOUR,LAB-KA-BLRU-2023-000079,Sharma Electronics Solutions,SHOP,KAR-SHOP-BLRU-2025-000112,Sharma Electronics Solutions,560102|560001,48,NO_MATCH,100.0,73.5,0,0,True,reject/no-match candidate: high name similarity (100.0); no shared identifier available
PAIR-001033,BBMP,BBMP-TL-SOUT-2024-000128,M/S Nandi Foods Industries,KSPCB,PCB/MYS/CTO/2021/00103,Sahana Industries Co,570018,48,NO_MATCH,66.7,75.0,25,0,False,reject/no-match candidate: medium name similarity (66.7); similar address/PIN (75.0)
PAIR-001034,SHOP,KAR-SHOP-BLRU-2015-000105,Naveen Coatings Co,BBMP,BBMP-TL-WEST-2019-000094,Naveen LLP,560059,48,NO_MATCH,57.1,88.5,25,0,False,reject/no-match candidate: medium name similarity (57.1); similar address/PIN (88.5)
PAIR-001035,KSPCB,PCB/BLRU/CTE/2023/00071,M/S Omkar Labs Co,UDYAM,UDYAM-KR-BLRU-2022-000067,Omkar Agro Company,560068,48,NO_MATCH,70.0,75.0,25,0,False,reject/no-match candidate: medium name similarity (70.0); similar address/PIN (75.0)
PAIR-001036,GST,GST-KA-BLRU-2022-000149,MEGHANA MOULDING INDUSTRIES,UDYAM,UDYAM-KR-BLRU-2023-000041,Meghana Wear Traders,560058,48,NO_MATCH,55.3,88.9,25,0,False,reject/no-match candidate: medium name similarity (55.3); similar address/PIN (88.9)
PAIR-001037,GST,GST-KA-BLRU-2024-000063,Nandi Electronics Solutions,FACTORY,KFBIS-FAC-BLRU-2024-000021,Nandi Solvents LLP,560100,48,NO_MATCH,53.7,90.9,25,0,False,reject/no-match candidate: weak name similarity (53.7); similar address/PIN (90.9)
PAIR-001038,UDYAM,UDYAM-KR-BLRU-2017-000093,Meghana Moulding Industries,LABOUR,LAB-KA-BLRU-2023-000038,M/S Meghana Wear Traders,560058,48,NO_MATCH,55.3,89.7,25,0,False,reject/no-match candidate: medium name similarity (55.3); similar address/PIN (89.7)
PAIR-001039,GST,GST-KA-MYS-2022-000016,Prakruthi Packaging Solutions,FACTORY,KFBIS-FAC-MYS-2018-000025,M/S Prakruthi Electronics Industries,570016,48,NO_MATCH,55.7,90.8,25,0,False,reject/no-match candidate: medium name similarity (55.7); similar address/PIN (90.8)
PAIR-001040,SHOP,KAR-SHOP-BLRU-2015-000084,M/S Navya Snacks Industries,GST,GST-KA-BLRU-2020-000078,M/S Navya Printers Traders,560100,48,NO_MATCH,57.8,86.8,25,0,False,reject/no-match candidate: medium name similarity (57.8); similar address/PIN (86.8)
PAIR-001041,GST,GST-KA-BLRU-2020-000056,SIDDHI BAKERY LLP,FACTORY,KFBIS-FAC-BLRU-2021-000129,Siddhi Works Enterprises,560076,48,NO_MATCH,54.1,90.4,25,0,False,reject/no-match candidate: weak name similarity (54.1); similar address/PIN (90.4)
PAIR-001042,UDYAM,UDYAM-KR-BLRU-2015-000094,M/S Kaveri Bakery LLP,GST,GST-KA-BLRU-2016-000242,M/S Kaveri Wear Works,560059,48,NO_MATCH,60.0,83.4,25,0,False,reject/no-match candidate: medium name similarity (60.0); similar address/PIN (83.4)
PAIR-001043,BBMP,BBMP-TL-BENG-2024-000111,Omkar Cafe Indstries,SHOP,KAR-SHOP-BLRR-2024-000025,Kaveri Cafe LLP,562114,47,NO_MATCH,51.6,89.6,25,0,False,reject/no-match candidate: weak name similarity (51.6); similar address/PIN (89.6)
PAIR-001044,SHOP,KAR-SHOP-BLRU-2022-000058,M/S Nandi Electronics Solutions,LABOUR,LAB-KA-BLRU-2022-000023,Nandi Solvents LLP,560100,47,NO_MATCH,53.7,89.0,25,0,False,reject/no-match candidate: weak name similarity (53.7); similar address/PIN (89.0)
PAIR-001045,FACTORY,KFBIS-FAC-MYS-2017-000118,M/S Aditya Polymers Associates,KSPCB,PCB/MYS/CTO/2021/00058,Aditya Systems LLP,570001,47,NO_MATCH,60.0,80.8,25,0,False,reject/no-match candidate: medium name similarity (60.0); similar address/PIN (80.8)
PAIR-001046,FACTORY,KFBIS-FAC-MYS-2017-000118,M/S Aditya Polymers Associates,UDYAM,UDYAM-KR-MYS-2018-000064,ADITYA SYSTEMS LLP,570001,47,NO_MATCH,60.0,80.8,25,0,False,reject/no-match candidate: medium name similarity (60.0); similar address/PIN (80.8)
PAIR-001047,UDYAM,UDYAM-KR-MYS-2018-000064,ADITYA SYSTEMS LLP,SHOP,KAR-SHOP-MYS-2023-000175,Aditya Polymers Associates,570001,47,NO_MATCH,60.0,79.8,25,0,False,reject/no-match candidate: medium name similarity (60.0); similar address/PIN (79.8)
PAIR-001048,UDYAM,UDYAM-KR-TUM-2021-000074,Bangalore Machining Co,BBMP,BBMP-TL-TUMA-2019-000015,Bangalore Garments Solutions,572106,47,NO_MATCH,55.3,87.6,25,0,False,reject/no-match candidate: medium name similarity (55.3); similar address/PIN (87.6)
PAIR-001049,SHOP,KAR-SHOP-BLRU-2016-000193,M/S Prakruthi Packaging Works,GST,GST-KA-BLRU-2025-000086,PRAKRUTHI PACKAGING INDUSTRIES,560043,47,NO_MATCH,80.0,91.4,0,0,False,reject/no-match candidate: high name similarity (80.0); similar address/PIN (91.4); no shared identifier available
PAIR-001050,BBMP,BBMP-TL-DASA-2015-000026,Meghana Wear Traders,KSPCB,PCB/BLRU/CTO/2020/00086,Meghana Moulding Industries,560058,47,NO_MATCH,55.3,87.3,25,0,False,reject/no-match candidate: medium name similarity (55.3); similar address/PIN (87.3)
PAIR-001051,FACTORY,KFBIS-FAC-BLRR-2023-000101,Navya Precision Traders,UDYAM,UDYAM-KR-BLRR-2016-000138,M/S Navya Garments Works,562157,47,NO_MATCH,55.8,86.1,25,0,False,reject/no-match candidate: medium name similarity (55.8); similar address/PIN (86.1)
PAIR-001052,SHOP,KAR-SHOP-BLRU-2015-000199,Siddhi Works Enterprises,FACTORY,KFBIS-FAC-BLRU-2019-000032,Siddhi Bakery LLP,560076,47,NO_MATCH,54.1,88.2,25,0,False,reject/no-match candidate: weak name similarity (54.1); similar address/PIN (88.2)
PAIR-001053,KSPCB,PCB/BLRU/CTO/2015/00079,M/S Nisarga Trans Entp,BBMP,BBMP-TL-YELA-2020-000044,M/S Nisarga Industrial Co,560024,47,NO_MATCH,61.1,79.3,25,0,False,reject/no-match candidate: medium name similarity (61.1); similar address/PIN (79.3)
PAIR-001054,UDYAM,UDYAM-KR-BLRU-2019-000114,Prakruthi Biryani Solutions,BBMP,BBMP-TL-YELA-2025-000053,M/S Varun Meals Solutions,560064,47,NO_MATCH,62.5,79.5,25,0,False,reject/no-match candidate: medium name similarity (62.5); similar address/PIN (79.5)
PAIR-001055,FACTORY,KFBIS-FAC-BLRU-2016-000089,M/S Nisarga Entp,UDYAM,UDYAM-KR-BLRU-2016-000089,Nisarga Enterprises,560064|560001,46,NO_MATCH,77.4,91.7,0,0,True,reject/no-match candidate: medium name similarity (77.4); similar address/PIN (91.7); no shared identifier available
PAIR-001056,SHOP,KAR-SHOP-BLRU-2020-000082,Nisarga Industrial Co,GST,GST-KA-BLRU-2023-000135,Nisarga Trans Enterprises,560024,46,NO_MATCH,51.2,87.6,25,0,False,reject/no-match candidate: weak name similarity (51.2); similar address/PIN (87.6)
PAIR-001057,SHOP,KAR-SHOP-BLRU-2024-000057,Meghana Wear Traders,LABOUR,LAB-KA-BLRU-2024-000096,Meghana Moulding Industries,560058,46,NO_MATCH,55.3,81.3,25,0,False,reject/no-match candidate: medium name similarity (55.3); similar address/PIN (81.3)
PAIR-001058,GST,GST-KA-BLRU-2022-000149,MEGHANA MOULDING INDUSTRIES,FACTORY,KFBIS-FAC-BLRU-2022-000038,Meghana Wear Traders,560058,46,NO_MATCH,55.3,82.0,25,0,False,reject/no-match candidate: medium name similarity (55.3); similar address/PIN (82.0)
PAIR-001059,KSPCB,PCB/BLRR/CTE/2023/00095,M/S Navya Precision Traders,GST,GST-KA-BLRR-2025-000223,NAVYA GARMENTS WORKS,562157,46,NO_MATCH,55.8,84.0,25,0,False,reject/no-match candidate: medium name similarity (55.8); similar address/PIN (84.0)
PAIR-001060,UDYAM,UDYAM-KR-BLRU-2018-000061,NAVYA SNACKS INDUSTRIES,BBMP,BBMP-TL-BOMM-2019-000039,Navya Printers Traders,560100,46,NO_MATCH,57.8,81.2,25,0,False,reject/no-match candidate: medium name similarity (57.8); similar address/PIN (81.2)
PAIR-001061,GST,GST-KA-BLRU-2015-000209,M/S Sree Print Co,SHOP,KAR-SHOP-BLRU-2025-000015,Sri Devices Solutions,560102,46,NO_MATCH,45.2,95.5,25,0,False,reject/no-match candidate: weak name similarity (45.2); similar address/PIN (95.5)
PAIR-001062,FACTORY,KFBIS-FAC-BLRU-2015-000136,Bangalore Industries LLP,GST,GST-KA-BLRU-2018-000214,Bangalore Traders,560066,46,NO_MATCH,75.7,92.9,0,0,False,reject/no-match candidate: medium name similarity (75.7); similar address/PIN (92.9); no shared identifier available
PAIR-001063,FACTORY,KFBIS-FAC-BLRU-2017-000046,Kaveri Systems Pvt Ltd,KSPCB,PCB/BLRU/CTO/2020/00014,M/S Kaveri Components Pvt Ltd,560102,46,NO_MATCH,51.6,87.2,25,0,False,reject/no-match candidate: weak name similarity (51.6); similar address/PIN (87.2)
PAIR-001064,FACTORY,KFBIS-FAC-BLRU-2016-000014,Sree Electronics Industries,GST,GST-KA-BLRU-2018-000227,Ananya Chem Industries,560059,46,NO_MATCH,49.0,91.5,25,0,False,reject/no-match candidate: weak name similarity (49.0); similar address/PIN (91.5)
PAIR-001065,FACTORY,KFBIS-FAC-BLRR-2016-000062,Aarohi Medical Works,UDYAM,UDYAM-KR-BLRR-2020-000146,M/S LAKSHMI MEDS PVT LTD,562110,46,NO_MATCH,50.0,88.6,25,0,False,reject/no-match candidate: weak name similarity (50.0); similar address/PIN (88.6)
PAIR-001066,KSPCB,PCB/BLRU/CTO/2017/00023,Siddhi Systems LLP,FACTORY,KFBIS-FAC-BLRU-2018-000100,M/S Siddhi Industries,560043,45,NO_MATCH,71.0,60.8,25,0,False,reject/no-match candidate: medium name similarity (71.0)
PAIR-001067,UDYAM,UDYAM-KR-BLRU-2024-000142,M/S Prakruthi Packaging Works,SHOP,KAR-SHOP-BLRU-2025-000077,M/S Prakruthi Packaging Industries,560043,45,NO_MATCH,80.0,82.1,0,0,False,reject/no-match candidate: high name similarity (80.0); similar address/PIN (82.1); no shared identifier available
PAIR-001068,SHOP,KAR-SHOP-BLRU-2017-000047,Sree Dine Co,FACTORY,KFBIS-FAC-BLRU-2021-000120,Sree Prin Co,560102,45,NO_MATCH,77.8,88.2,0,0,False,reject/no-match candidate: medium name similarity (77.8); similar address/PIN (88.2); no shared identifier available
PAIR-001069,SHOP,KAR-SHOP-BLRR-2019-000144,M/S Navya Precision Traders,BBMP,BBMP-TL-BENG-2020-000114,Navya Garments Works,562157,45,NO_MATCH,55.8,76.7,25,0,False,reject/no-match candidate: medium name similarity (55.8); similar address/PIN (76.7)
PAIR-001070,KSPCB,PCB/BLRR/CTE/2023/00095,M/S Navya Precision Traders,BBMP,BBMP-TL-BENG-2020-000114,Navya Garments Works,562157,45,NO_MATCH,55.8,78.8,25,0,False,reject/no-match candidate: medium name similarity (55.8); similar address/PIN (78.8)
PAIR-001071,GST,GST-KA-BLRR-2017-000012,Mysore Cafe Traders,LABOUR,LAB-KA-BLRR-2023-000045,Mysore Cargo Solutions,562110,45,NO_MATCH,58.5,76.7,25,0,False,reject/no-match candidate: medium name similarity (58.5); similar address/PIN (76.7)
PAIR-001072,FACTORY,KFBIS-FAC-BLRU-2015-000051,Navya Printers Traders,LABOUR,LAB-KA-BLRU-2017-000060,Navya Snacks Industries,560100,45,NO_MATCH,44.4,93.6,25,0,False,reject/no-match candidate: weak name similarity (44.4); similar address/PIN (93.6)
PAIR-001073,KSPCB,PCB/BLRU/CTE/2021/00045,Navya Printers Traders,SHOP,KAR-SHOP-BLRU-2015-000084,M/S Navya Snacks Industries,560100,45,NO_MATCH,44.4,90.3,25,0,False,reject/no-match candidate: weak name similarity (44.4); similar address/PIN (90.3)
PAIR-001074,UDYAM,UDYAM-KR-BLRU-2018-000116,Sharma Print Enterprises,LABOUR,LAB-KA-BLRU-2022-000054,Sharma Chem LLP,560085,45,NO_MATCH,45.7,89.0,25,0,False,reject/no-match candidate: weak name similarity (45.7); similar address/PIN (89.0)
PAIR-001075,GST,GST-KA-BLRU-2024-000027,Kaveri Components Pvt Ltd,SHOP,KAR-SHOP-BLRU-2016-000176,Sree Print Co,560102,45,NO_MATCH,37.0,100,25,0,False,reject/no-match candidate: weak name similarity (37.0); similar address/PIN (100)
PAIR-001076,LABOUR,LAB-KA-BLRU-2022-000141,Aarohi Bakery Associates,FACTORY,KFBIS-FAC-BLRU-2018-000064,Aarohi Aparels Co,560076,45,NO_MATCH,52.6,79.9,25,0,False,reject/no-match candidate: weak name similarity (52.6); similar address/PIN (79.9)
PAIR-001077,UDYAM,UDYAM-KR-BLRU-2017-000127,VIJAYA INDUSTRIES WORKS,FACTORY,KFBIS-FAC-BLRU-2016-000131,M/S Srinidhi Press Works,560078,45,NO_MATCH,51.2,83.5,25,0,False,reject/no-match candidate: weak name similarity (51.2); similar address/PIN (83.5)
PAIR-001078,BBMP,BBMP-TL-SOUT-2019-000012,Meghana Bites Associates,UDYAM,UDYAM-KR-BLRU-2017-000092,M/S MEGHANA POLYMERS ASSOCIATES,560085,45,NO_MATCH,82.4,81.8,0,0,False,reject/no-match candidate: high name similarity (82.4); similar address/PIN (81.8); no shared identifier available
PAIR-001079,KSPCB,PCB/BLRU/CTO/2020/00014,M/S Kaveri Components Pvt Ltd,GST,GST-KA-BLRU-2024-000069,Kaveri Systems Pvt Ltd,560102,45,NO_MATCH,58.1,73.6,25,0,False,reject/no-match candidate: medium name similarity (58.1)
PAIR-001080,GST,GST-KA-BLRU-2022-000004,Sharma Coatings Co,LABOUR,LAB-KA-BLRU-2024-000027,Harsha Packaging Enterprises,560059,45,NO_MATCH,46.5,90.6,25,0,False,reject/no-match candidate: weak name similarity (46.5); similar address/PIN (90.6)
PAIR-001081,UDYAM,UDYAM-KR-BLRU-2016-000008,Siddhi Industrial Industries,BBMP,BBMP-TL-BOMM-2015-000001,Siddhi Cafe Industries,560100,45,NO_MATCH,76.0,89.7,0,0,False,reject/no-match candidate: medium name similarity (76.0); similar address/PIN (89.7); no shared identifier available
PAIR-001082,SHOP,KAR-SHOP-BLRU-2019-000164,Aarohi Graphics Solutions,GST,GST-KA-BLRU-2015-000102,Aarohi Bakery Industries,560064,45,NO_MATCH,44.9,90.0,25,0,False,reject/no-match candidate: weak name similarity (44.9); similar address/PIN (90.0)
PAIR-001083,LABOUR,LAB-KA-BLRU-2020-000066,M/S Aarohi Bakery Industries,GST,GST-KA-BLRU-2019-000198,Aarohi Graphics Solutions,560064,45,NO_MATCH,49.0,87.3,25,0,False,reject/no-match candidate: weak name similarity (49.0); similar address/PIN (87.3)
PAIR-001084,KSPCB,PCB/MYS/CTO/2021/00103,Sahana Industries Co,GST,GST-KA-MYS-2021-000093,SAHANA GARMENTS COMPANY,570018,45,NO_MATCH,56.2,75.8,25,0,False,reject/no-match candidate: medium name similarity (56.2); similar address/PIN (75.8)
PAIR-001085,FACTORY,KFBIS-FAC-BLRU-2019-000032,Siddhi Bakery LLP,SHOP,KAR-SHOP-BLRU-2022-000195,Aarohi Bakery Associates,560076,45,NO_MATCH,48.6,86.6,25,0,False,reject/no-match candidate: weak name similarity (48.6); similar address/PIN (86.6)
PAIR-001086,GST,GST-KA-MYS-2019-000202,M/S Srinidhi LLP,LABOUR,LAB-KA-MYS-2024-000069,Siddhi Supply LLP,570016,45,NO_MATCH,47.6,89.2,25,0,False,reject/no-match candidate: weak name similarity (47.6); similar address/PIN (89.2)
PAIR-001087,BBMP,BBMP-TL-EAST-2024-000117,M/S Prakruthi Packaging Works,GST,GST-KA-BLRU-2015-000165,M/S Srinidhi Works,560043,44,NO_MATCH,46.2,85.7,25,0,False,reject/no-match candidate: weak name similarity (46.2); similar address/PIN (85.7)
PAIR-001088,GST,GST-KA-MYS-2019-000066,Bangalore Works,SHOP,KAR-SHOP-MYS-2025-000019,Bangalore Solutions,570016,44,NO_MATCH,70.6,89.7,0,0,False,reject/no-match candidate: medium name similarity (70.6); similar address/PIN (89.7); no shared identifier available
PAIR-001089,KSPCB,PCB/BLRU/CTE/2022/00054,Nisarga Industrial Co,BBMP,BBMP-TL-YELA-2015-000065,Nisarga Trans Enterprises,560024,44,NO_MATCH,51.2,78.6,25,0,False,reject/no-match candidate: weak name similarity (51.2); similar address/PIN (78.6)
PAIR-001090,SHOP,KAR-SHOP-MYS-2020-000054,Ananya Pharma Traders,GST,GST-KA-MYS-2022-000138,SRINIDHI HEALTH TRADERS,570001,44,NO_MATCH,45.5,88.4,25,0,False,reject/no-match candidate: weak name similarity (45.5); similar address/PIN (88.4)
PAIR-001091,UDYAM,UDYAM-KR-BLRU-2024-000040,SRINIDHI COMPANY,KSPCB,PCB/BLRU/CTE/2018/00021,M/S Srinidhi Milling Traders,560037,44,NO_MATCH,50.0,81.1,25,0,False,reject/no-match candidate: weak name similarity (50.0); similar address/PIN (81.1)
PAIR-001092,KSPCB,PCB/BLRU/CTE/2023/00030,M/S Srinidhi Co,GST,GST-KA-BLRU-2020-000042,Srinidhi Milling Traders,560037,44,NO_MATCH,50.0,81.8,25,0,False,reject/no-match candidate: weak name similarity (50.0); similar address/PIN (81.8)
PAIR-001093,SHOP,KAR-SHOP-BLRU-2025-000077,M/S Prakruthi Packaging Industries,UDYAM,UDYAM-KR-BLRU-2020-000135,M/S MYSORE INDUSTRIES,560043,44,NO_MATCH,51.1,81.5,25,0,False,reject/no-match candidate: weak name similarity (51.1); similar address/PIN (81.5)
PAIR-001094,GST,GST-KA-MYS-2025-000094,Omkar Graphics Industries,KSPCB,PCB/MYS/CTE/2023/00125,Omkar Coatings Pvt Ltd,570016,44,NO_MATCH,51.3,80.7,25,0,False,reject/no-match candidate: weak name similarity (51.3); similar address/PIN (80.7)
PAIR-001095,FACTORY,KFBIS-FAC-BLRU-2015-000093,Meghana Moulding Inds,SHOP,KAR-SHOP-BLRU-2024-000057,Meghana Wear Traders,560058,44,NO_MATCH,48.8,82.3,25,0,False,reject/no-match candidate: weak name similarity (48.8); similar address/PIN (82.3)
PAIR-001096,BBMP,BBMP-TL-BOMM-2017-000131,Naveen Medical Solutions,FACTORY,KFBIS-FAC-BLRU-2020-000063,M/S Sree Clinic Industries,560102,44,NO_MATCH,43.5,89.6,25,0,False,reject/no-match candidate: weak name similarity (43.5); similar address/PIN (89.6)
PAIR-001097,UDYAM,UDYAM-KR-MYS-2021-000021,Aditya Circuits Works,SHOP,KAR-SHOP-MYS-2015-000014,Ravi lastics Works,570016,44,NO_MATCH,56.4,73.0,25,0,False,reject/no-match candidate: medium name similarity (56.4)
PAIR-001098,SHOP,KAR-SHOP-BLRU-2015-000156,Sharma Print Enterprises,GST,GST-KA-BLRU-2025-000082,Sharma Chem LLP,560085,44,NO_MATCH,45.7,84.4,25,0,False,reject/no-match candidate: weak name similarity (45.7); similar address/PIN (84.4)
PAIR-001099,LABOUR,LAB-KA-BLRU-2019-000091,Sahana Apparels Co,BBMP,BBMP-TL-MAHA-2023-000050,Harsha Works Co,560037,44,NO_MATCH,44.4,88.6,25,0,False,reject/no-match candidate: weak name similarity (44.4); similar address/PIN (88.6)
PAIR-001100,GST,GST-KA-BLRR-2017-000101,M/S Kaveri Textiles Enterprises,SHOP,KAR-SHOP-BLRR-2022-000162,M/S Kaveri Associates,562110,44,NO_MATCH,45.5,87.7,25,0,False,reject/no-match candidate: weak name similarity (45.5); similar address/PIN (87.7)
PAIR-001101,LABOUR,LAB-KA-BLRR-2018-000065,Kaveri Textiles Enterprises,SHOP,KAR-SHOP-BLRR-2022-000162,M/S Kaveri Associates,562110,44,NO_MATCH,45.5,87.7,25,0,False,reject/no-match candidate: weak name similarity (45.5); similar address/PIN (87.7)
PAIR-001102,FACTORY,KFBIS-FAC-BLRU-2024-000007,Mysore Mold Solutions,KSPCB,PCB/BLRU/CTE/2023/00140,M/S Bangalore Industries LLP,560066,44,NO_MATCH,43.9,88.0,25,0,False,reject/no-match candidate: weak name similarity (43.9); similar address/PIN (88.0)
PAIR-001103,FACTORY,KFBIS-FAC-BLRU-2019-000081,Bharath Spices LLP,BBMP,BBMP-TL-MAHA-2018-000126,Bangalore Industries LLP,560066,44,NO_MATCH,41.2,93.1,25,0,False,reject/no-match candidate: weak name similarity (41.2); similar address/PIN (93.1)
PAIR-001104,GST,GST-KA-BLRU-2017-000249,BANGALORE INDUSTRIES LLP,BBMP,BBMP-TL-MAHA-2017-000109,Bangalore Traders,560066,44,NO_MATCH,75.7,86.3,0,0,False,reject/no-match candidate: medium name similarity (75.7); similar address/PIN (86.3); no shared identifier available
PAIR-001105,GST,GST-KA-BLRU-2021-000231,Aarohi Bakery Associates,UDYAM,UDYAM-KR-BLRU-2024-000059,Aarohi Apparels Company,560076,44,NO_MATCH,51.3,79.9,25,0,False,reject/no-match candidate: weak name similarity (51.3); similar address/PIN (79.9)
PAIR-001106,KSPCB,PCB/MYS/CTE/2021/00076,Asha Bakery Co,LABOUR,LAB-KA-MYS-2022-000067,Nisarga Packaging Traders,570001,44,NO_MATCH,38.9,93.8,25,0,False,reject/no-match candidate: weak name similarity (38.9); similar address/PIN (93.8)
PAIR-001107,SHOP,KAR-SHOP-MYS-2015-000073,M/S Harsha Industries,BBMP,BBMP-TL-CENT-2023-000116,Praruthi Packaging Entp,570001,44,NO_MATCH,35.0,100,25,0,False,reject/no-match candidate: weak name similarity (35.0); similar address/PIN (100)
PAIR-001108,UDYAM,UDYAM-KR-BLRU-2025-000019,M/S KAVERI COMPONENTS PVT. LTD.,GST,GST-KA-BLRU-2024-000069,Kaveri Systems Pvt Ltd,560102,44,NO_MATCH,58.1,71.9,25,0,False,reject/no-match candidate: medium name similarity (58.1)
PAIR-001109,LABOUR,LAB-KA-BLRU-2023-000043,Kaveri Systems Pvt. Ltd.,UDYAM,UDYAM-KR-BLRU-2025-000019,M/S KAVERI COMPONENTS PVT. LTD.,560102,44,NO_MATCH,51.6,78.4,25,0,False,reject/no-match candidate: weak name similarity (51.6); similar address/PIN (78.4)
PAIR-001110,KSPCB,PCB/BLRU/CTE/2025/00070,Naveen Coatngs Co,SHOP,KAR-SHOP-BLRU-2024-000129,M/S Navya Solvents Pvt Ltd,560059,44,NO_MATCH,50.0,79.2,25,0,False,reject/no-match candidate: weak name similarity (50.0); similar address/PIN (79.2)
PAIR-001111,GST,GST-KA-BLRR-2019-000233,Lakshmi Meds Pvt. Ltd.,SHOP,KAR-SHOP-BLRR-2016-000079,M/S Aarohi Medical Works,562110,44,NO_MATCH,50.0,81.6,25,0,False,reject/no-match candidate: weak name similarity (50.0); similar address/PIN (81.6)
PAIR-001112,FACTORY,KFBIS-FAC-BLRU-2017-000069,Aarohi Bakery Industries,GST,GST-KA-BLRU-2019-000198,Aarohi Graphics Solutions,560064,44,NO_MATCH,49.0,83.4,25,0,False,reject/no-match candidate: weak name similarity (49.0); similar address/PIN (83.4)
PAIR-001113,GST,GST-KA-BLRU-2015-000165,M/S Srinidhi Works,BBMP,BBMP-TL-EAST-2019-000037,Srinidhi Traders,560043,44,NO_MATCH,73.3,87.8,0,0,False,reject/no-match candidate: medium name similarity (73.3); similar address/PIN (87.8); no shared identifier available
PAIR-001114,SHOP,KAR-SHOP-MYS-2016-000060,Mysore Works,GST,GST-KA-MYS-2024-000047,Bangalore Apparels Company,570018,43,NO_MATCH,40.0,87.8,25,0,False,reject/no-match candidate: weak name similarity (40.0); similar address/PIN (87.8)
PAIR-001115,SHOP,KAR-SHOP-BLRU-2016-000210,Naveen Printers Solutions,GST,GST-KA-BLRU-2018-000120,Naveen Coatings Co,560059,43,NO_MATCH,50.0,75.2,25,0,False,reject/no-match candidate: weak name similarity (50.0); similar address/PIN (75.2)
PAIR-001116,BBMP,BBMP-TL-SOUT-2016-000076,Prakruthi Bites Company,GST,GST-KA-BLRU-2024-000070,Sharma Biryani Pvt. Ltd.,560068,43,NO_MATCH,34.5,94.6,25,0,False,reject/no-match candidate: weak name similarity (34.5); similar address/PIN (94.6)
PAIR-001117,UDYAM,UDYAM-KR-BLRU-2018-000033,Siddhi Systems LLP,FACTORY,KFBIS-FAC-BLRU-2018-000100,M/S Siddhi Industries,560043,43,NO_MATCH,71.0,51.7,25,0,False,reject/no-match candidate: medium name similarity (71.0)
PAIR-001118,UDYAM,UDYAM-KR-BLRU-2024-000103,Ananya Circuits Enterprises,KSPCB,PCB/BLRU/CTE/2016/00040,M/S Ananya Labs Pvt Ltd,560085,43,NO_MATCH,42.1,86.4,25,0,False,reject/no-match candidate: weak name similarity (42.1); similar address/PIN (86.4)
PAIR-001119,UDYAM,UDYAM-KR-TUM-2021-000118,Aditya Labels Enterprises,SHOP,KAR-SHOP-TUM-2024-000030,M/S Kaveri Press Entp,572101,43,NO_MATCH,47.6,81.1,25,0,False,reject/no-match candidate: weak name similarity (47.6); similar address/PIN (81.1)
PAIR-001120,FACTORY,KFBIS-FAC-BLRU-2021-000056,Naveen Polymers Solutions,GST,GST-KA-BLRU-2019-000258,Naveen Medical Solutions,560102,43,NO_MATCH,77.6,79.6,0,0,False,reject/no-match candidate: medium name similarity (77.6); similar address/PIN (79.6); no shared identifier available
PAIR-001121,SHOP,KAR-SHOP-BLRU-2022-000039,Srinidhi Milling Traders,FACTORY,KFBIS-FAC-BLRU-2022-000033,Srinidhi Company,560037,43,NO_MATCH,50.0,76.7,25,0,False,reject/no-match candidate: weak name similarity (50.0); similar address/PIN (76.7)
PAIR-001122,BBMP,BBMP-TL-YELA-2020-000085,Ananya Associates,GST,GST-KA-BLRU-2021-000134,M/S Asha Solutions,560024,43,NO_MATCH,45.2,82.0,25,0,False,reject/no-match candidate: weak name similarity (45.2); similar address/PIN (82.0)
PAIR-001123,SHOP,KAR-SHOP-TUM-2017-000031,Bangalore Garments Solutions,KSPCB,PCB/TUM/CTO/2021/00139,M/S Sree Tech Associates,572106,43,NO_MATCH,37.5,93.0,25,0,False,reject/no-match candidate: weak name similarity (37.5); similar address/PIN (93.0)
PAIR-001124,UDYAM,UDYAM-KR-TUM-2021-000074,Bangalore Machining Co,GST,GST-KA-TUM-2024-000248,Sree Tech Associates,572106,43,NO_MATCH,30.8,98.2,25,0,False,reject/no-match candidate: weak name similarity (30.8); similar address/PIN (98.2)
PAIR-001125,FACTORY,KFBIS-FAC-BLRU-2020-000063,M/S Sree Clinic Industries,SHOP,KAR-SHOP-BLRU-2023-000218,Naveen Medical Solutions,560102,43,NO_MATCH,39.1,90.4,25,0,False,reject/no-match candidate: weak name similarity (39.1); similar address/PIN (90.4)
PAIR-001126,LABOUR,LAB-KA-BLRU-2018-000160,M/S Naveen Medical Solutions,SHOP,KAR-SHOP-BLRU-2016-000080,Sree Clinic Industries,560102,43,NO_MATCH,43.5,83.8,25,0,False,reject/no-match candidate: weak name similarity (43.5); similar address/PIN (83.8)
PAIR-001127,KSPCB,PCB/MYS/CTO/2016/00010,M/S Prakruthi Packaging Solutions,FACTORY,KFBIS-FAC-MYS-2024-000048,Ananya Devices Solutions,570016,43,NO_MATCH,49.1,76.7,25,0,False,reject/no-match candidate: weak name similarity (49.1); similar address/PIN (76.7)
PAIR-001128,GST,GST-KA-BLRU-2017-000088,Ravi Solutions,FACTORY,KFBIS-FAC-BLRU-2017-000139,Ganesh Coatings LLP,560034,43,NO_MATCH,48.3,77.3,25,0,False,reject/no-match candidate: weak name similarity (48.3); similar address/PIN (77.3)
PAIR-001129,SHOP,KAR-SHOP-TUM-2017-000033,M/S Bangalore Dine Associates,UDYAM,UDYAM-KR-TUM-2019-000075,SRINIDHI BITESCO,572106,43,NO_MATCH,39.0,90.0,25,0,False,reject/no-match candidate: weak name similarity (39.0); similar address/PIN (90.0)
PAIR-001130,SHOP,KAR-SHOP-MYS-2016-000042,M/S Prakruthi Electronics Industries,UDYAM,UDYAM-KR-MYS-2018-000042,Prakruthi Packaging Solutions,570016,43,NO_MATCH,49.2,76.7,25,0,False,reject/no-match candidate: weak name similarity (49.2); similar address/PIN (76.7)
PAIR-001131,LABOUR,LAB-KA-BLRU-2022-000054,Sharma Chem LLP,SHOP,KAR-SHOP-BLRU-2015-000156,Sharma Print Enterprises,560085,43,NO_MATCH,45.7,82.7,25,0,False,reject/no-match candidate: weak name similarity (45.7); similar address/PIN (82.7)
PAIR-001132,GST,GST-KA-BLRU-2024-000027,Kaveri Components Pvt Ltd,SHOP,KAR-SHOP-BLRU-2025-000015,Sri Devices Solutions,560102,43,NO_MATCH,42.1,86.6,25,0,False,reject/no-match candidate: weak name similarity (42.1); similar address/PIN (86.6)
PAIR-001133,BBMP,BBMP-TL-BOMM-2019-000008,Sri Devices Slutions,KSPCB,PCB/BLRU/CTE/2025/00049,Naveen Polymers Solutions,560102,43,NO_MATCH,48.9,80.3,25,0,False,reject/no-match candidate: weak name similarity (48.9); similar address/PIN (80.3)
PAIR-001134,UDYAM,UDYAM-KR-BLRU-2020-000160,M/S Nisarga Labels Pvt Ltd,BBMP,BBMP-TL-MAHA-2023-000050,Harsha Works Co,560037,43,NO_MATCH,38.5,89.3,25,0,False,reject/no-match candidate: weak name similarity (38.5); similar address/PIN (89.3)
PAIR-001135,KSPCB,PCB/BLRU/CTO/2025/00067,Meghana Machining Works,GST,GST-KA-BLRU-2017-000208,Veda Coatings Solutions,560066,43,NO_MATCH,43.5,85.6,25,0,False,reject/no-match candidate: weak name similarity (43.5); similar address/PIN (85.6)
PAIR-001136,BBMP,BBMP-TL-SOUT-2022-000118,Aarohi Bakery Associates,SHOP,KAR-SHOP-BLRU-2022-000081,Aarohi Apparels Company,560076,43,NO_MATCH,51.3,75.0,25,0,False,reject/no-match candidate: weak name similarity (51.3); similar address/PIN (75.0)
PAIR-001137,BBMP,BBMP-TL-DASA-2017-000055,Sahana Kitchen Solutions,SHOP,KAR-SHOP-BLRU-2024-000087,Kaveri Cargo Solutions,560058,43,NO_MATCH,52.2,72.5,25,0,False,reject/no-match candidate: weak name similarity (52.2)
PAIR-001138,SHOP,KAR-SHOP-BLRU-2018-000028,Meghana Bites Associates,UDYAM,UDYAM-KR-BLRU-2017-000092,M/S MEGHANA POLYMERS ASSOCIATES,560085,43,NO_MATCH,82.4,74.5,0,0,False,reject/no-match candidate: high name similarity (82.4); no shared identifier available
PAIR-001139,KSPCB,PCB/BLRR/CTO/2015/00087,Udupi Electronics LLP,LABOUR,LAB-KA-BLRR-2018-000065,Kaveri Textiles Enterprises,562110,43,NO_MATCH,40.9,86.9,25,0,False,reject/no-match candidate: weak name similarity (40.9); similar address/PIN (86.9)
PAIR-001140,UDYAM,UDYAM-KR-BLRU-2023-000149,M/S Lakshmi Kitche Pvt Ltd,KSPCB,PCB/BLRU/CTE/2024/00090,M/S Lakshmi Electronics LLP,560024,43,NO_MATCH,60.6,97.4,0,0,False,reject/no-match candidate: medium name similarity (60.6); similar address/PIN (97.4); no shared identifier available
PAIR-001141,FACTORY,KFBIS-FAC-BLRU-2024-000021,Nandi Solvents LLP,LABOUR,LAB-KA-BLRU-2018-000159,Sree Enterprises,560100,43,NO_MATCH,33.3,95.9,25,0,False,reject/no-match candidate: weak name similarity (33.3); similar address/PIN (95.9)
PAIR-001142,SHOP,KAR-SHOP-MYS-2019-000138,M/S Sahana Warehouse Traders,BBMP,BBMP-TL-CENT-2019-000022,Vijaya Bites Industries,570001,43,NO_MATCH,42.6,84.1,25,0,False,reject/no-match candidate: weak name similarity (42.6); similar address/PIN (84.1)
PAIR-001143,KSPCB,PCB/BLRU/CTE/2017/00141,Naveen Printers Solutions,SHOP,KAR-SHOP-BLRU-2022-000135,M/S Veda Agro Co,560059,43,NO_MATCH,29.4,99.9,25,0,False,reject/no-match candidate: weak name similarity (29.4); similar address/PIN (99.9)
PAIR-001144,KSPCB,PCB/BLRU/CTO/2020/00004,Siddhi Cafe Industries,UDYAM,UDYAM-KR-BLRU-2016-000008,Siddhi Industrial Industries,560100,43,NO_MATCH,76.0,80.3,0,0,False,reject/no-match candidate: medium name similarity (76.0); similar address/PIN (80.3); no shared identifier available
PAIR-001145,LABOUR,LAB-KA-BLRU-2020-000122,M/S Aarohi Graphics Solutions,GST,GST-KA-BLRU-2015-000102,Aarohi Bakery Industries,560064,43,NO_MATCH,44.9,83.4,25,0,False,reject/no-match candidate: weak name similarity (44.9); similar address/PIN (83.4)
PAIR-001146,BBMP,BBMP-TL-YELA-2022-000121,Lakshmi Kitchen Pvt Ltd,SHOP,KAR-SHOP-BLRU-2023-000146,Ganesh Cafe Company,560024,43,NO_MATCH,46.2,80.0,25,0,False,reject/no-match candidate: weak name similarity (46.2); similar address/PIN (80.0)
PAIR-001147,SHOP,KAR-SHOP-BLRU-2020-000170,Siddhi Enteprises,BBMP,BBMP-TL-YELA-2024-000027,Veda Kitchen Inds,560064,43,NO_MATCH,35.3,93.6,25,0,False,reject/no-match candidate: weak name similarity (35.3); similar address/PIN (93.6)
PAIR-001148,KSPCB,PCB/BLRU/CTE/2020/00042,Srinidhi Traders,GST,GST-KA-BLRU-2015-000165,M/S Srinidhi Works,560043,43,NO_MATCH,73.3,83.7,0,0,False,reject/no-match candidate: medium name similarity (73.3); similar address/PIN (83.7); no shared identifier available
PAIR-001149,KSPCB,PCB/BLRU/CTE/2025/00105,Sharma Moulding Inds,SHOP,KAR-SHOP-BLRU-2025-000112,Sharma Electronics Solutions,560001,43,NO_MATCH,50.0,76.7,25,0,False,reject/no-match candidate: weak name similarity (50.0); similar address/PIN (76.7)
PAIR-001150,BBMP,BBMP-TL-BENG-2020-000047,Sri Kitchen Entp,SHOP,KAR-SHOP-BLRR-2024-000025,Kaveri Cafe LLP,562114,42,NO_MATCH,37.0,87.7,25,0,False,reject/no-match candidate: weak name similarity (37.0); similar address/PIN (87.7)
PAIR-001151,GST,GST-KA-BLRR-2018-000073,Mysore Cargo Solutions,SHOP,KAR-SHOP-BLRR-2016-000183,M/S Omkar Cafe Industries,562114,42,NO_MATCH,32.6,92.1,25,0,False,reject/no-match candidate: weak name similarity (32.6); similar address/PIN (92.1)
PAIR-001152,KSPCB,PCB/MYS/CTO/2020/00080,M/S Sree Associates,UDYAM,UDYAM-KR-MYS-2018-000044,M/S Mysore Works,570018,42,NO_MATCH,37.0,88.8,25,0,False,reject/no-match candidate: weak name similarity (37.0); similar address/PIN (88.8)
PAIR-001153,GST,GST-KA-BLRU-2019-000215,M/S Ganesh Care Company,FACTORY,KFBIS-FAC-BLRU-2017-000139,Ganesh Coatings LLP,560034,42,NO_MATCH,69.2,86.3,0,0,False,reject/no-match candidate: medium name similarity (69.2); similar address/PIN (86.3); no shared identifier available
PAIR-001154,SHOP,KAR-SHOP-BLRU-2018-000181,Ganesh Care Company,LABOUR,LAB-KA-BLRU-2023-000155,Ganesh Coatings LLP,560034,42,NO_MATCH,69.2,85.2,0,0,False,reject/no-match candidate: medium name similarity (69.2); similar address/PIN (85.2); no shared identifier available
PAIR-001155,UDYAM,UDYAM-KR-BLRR-2016-000148,Nandi Tools Co,LABOUR,LAB-KA-BLRR-2018-000007,Nandi Trans Solutions,561203,42,NO_MATCH,62.5,92.1,0,0,False,reject/no-match candidate: medium name similarity (62.5); similar address/PIN (92.1); no shared identifier available
PAIR-001156,KSPCB,PCB/BLRU/CTE/2025/00049,Naveen Polymers Solutions,GST,GST-KA-BLRU-2019-000258,Naveen Medical Solutions,560102,42,NO_MATCH,77.6,74.8,0,0,False,reject/no-match candidate: medium name similarity (77.6); no shared identifier available
PAIR-001157,KSPCB,PCB/BLRU/CTE/2018/00050,Ananya Solutions,SHOP,KAR-SHOP-BLRU-2018-000140,Lakshmi Electronics LLP,560024,42,NO_MATCH,40.0,84.5,25,0,False,reject/no-match candidate: weak name similarity (40.0); similar address/PIN (84.5)
PAIR-001158,GST,GST-KA-TUM-2024-000248,Sree Tech Associates,UDYAM,UDYAM-KR-TUM-2025-000024,Bangalore Garments Solutions,572106,42,NO_MATCH,33.3,91.2,25,0,False,reject/no-match candidate: weak name similarity (33.3); similar address/PIN (91.2)
PAIR-001159,LABOUR,LAB-KA-BLRU-2025-000123,Prakruthi Clinic Pvt. Ltd.,SHOP,KAR-SHOP-BLRU-2016-000080,Sree Clinic Industries,560102,42,NO_MATCH,42.1,83.4,25,0,False,reject/no-match candidate: weak name similarity (42.1); similar address/PIN (83.4)
PAIR-001160,BBMP,BBMP-TL-SOUT-2015-000102,Veda Logistics Works,SHOP,KAR-SHOP-BLRU-2022-000098,Veda Wors,560076,42,NO_MATCH,62.1,93.5,0,0,False,reject/no-match candidate: medium name similarity (62.1); similar address/PIN (93.5); no shared identifier available
PAIR-001161,GST,GST-KA-BLRU-2019-000108,VEDA WORKS,SHOP,KAR-SHOP-BLRU-2016-000171,Veda Logistics Works,560076,42,NO_MATCH,66.7,88.7,0,0,False,reject/no-match candidate: medium name similarity (66.7); similar address/PIN (88.7); no shared identifier available
PAIR-001162,BBMP,BBMP-TL-TUMA-2018-000057,Srinidhi Bites Co,GST,GST-KA-TUM-2019-000238,M/S Aditya Wors,572106,42,NO_MATCH,32.0,95.7,25,0,False,reject/no-match candidate: weak name similarity (32.0); similar address/PIN (95.7)
PAIR-001163,UDYAM,UDYAM-KR-BLRR-2023-000079,VARUN DINE COMPANY,LABOUR,LAB-KA-BLRR-2019-000008,M/S Mysore Cafe Traders,562110,42,NO_MATCH,27.6,98.7,25,0,False,reject/no-match candidate: weak name similarity (27.6); similar address/PIN (98.7)
PAIR-001164,UDYAM,UDYAM-KR-BLRU-2018-000116,Sharma Print Enterprises,FACTORY,KFBIS-FAC-BLRU-2018-000055,M/S Sharma Chem LP,560085,42,NO_MATCH,42.1,81.8,25,0,False,reject/no-match candidate: weak name similarity (42.1); similar address/PIN (81.8)
PAIR-001165,BBMP,BBMP-TL-BOMM-2022-000032,Kaveri Systems Pvt Ltd,LABOUR,LAB-KA-BLRU-2024-000011,Sri Devices Solutions,560102,42,NO_MATCH,40.0,85.0,25,0,False,reject/no-match candidate: weak name similarity (40.0); similar address/PIN (85.0)
PAIR-001166,UDYAM,UDYAM-KR-BLRU-2023-000016,MYSORE ENTP,GST,GST-KA-BLRU-2024-000027,Kaveri Components Pvt Ltd,560102,42,NO_MATCH,35.7,88.2,25,0,False,reject/no-match candidate: weak name similarity (35.7); similar address/PIN (88.2)
PAIR-001167,LABOUR,LAB-KA-BLRR-2018-000065,Kaveri Textiles Enterprises,UDYAM,UDYAM-KR-BLRR-2017-000121,M/S Kaveri Associates,562110,42,NO_MATCH,45.5,77.9,25,0,False,reject/no-match candidate: weak name similarity (45.5); similar address/PIN (77.9)
PAIR-001168,FACTORY,KFBIS-FAC-BLRR-2021-000068,Kaveri Textiles Enterprises,UDYAM,UDYAM-KR-BLRR-2017-000121,M/S Kaveri Associates,562110,42,NO_MATCH,45.5,77.9,25,0,False,reject/no-match candidate: weak name similarity (45.5); similar address/PIN (77.9)
PAIR-001169,GST,GST-KA-BLRU-2021-000213,M/S Ananya Cafe Entp,BBMP,BBMP-TL-DASA-2017-000055,Sahana Kitchen Solutions,560058,42,NO_MATCH,40.0,86.0,25,0,False,reject/no-match candidate: weak name similarity (40.0); similar address/PIN (86.0)
PAIR-001170,FACTORY,KFBIS-FAC-BLRU-2022-000126,Harsha Works,SHOP,KAR-SHOP-BLRU-2020-000205,Vijaya Fashions Pvt Ltd,560064,42,NO_MATCH,37.0,89.6,25,0,False,reject/no-match candidate: weak name similarity (37.0); similar address/PIN (89.6)
PAIR-001171,UDYAM,UDYAM-KR-MYS-2018-000052,Harsha Industries,KSPCB,PCB/MYS/CTE/2021/00076,Asha Bakery Co,570001,42,NO_MATCH,42.9,80.8,25,0,False,reject/no-match candidate: weak name similarity (42.9); similar address/PIN (80.8)
PAIR-001172,GST,GST-KA-BLRU-2020-000061,MEGHANA COATINGS TRADERS,SHOP,KAR-SHOP-BLRU-2016-000027,M/S Varun Textiles Industries,560068,42,NO_MATCH,36.7,89.7,25,0,False,reject/no-match candidate: weak name similarity (36.7); similar address/PIN (89.7)
PAIR-001173,BBMP,BBMP-TL-BOMM-2019-000039,Navya Printers Traders,GST,GST-KA-BLRU-2024-000063,Nandi Electronics Solutions,560100,42,NO_MATCH,36.7,90.3,25,0,False,reject/no-match candidate: weak name similarity (36.7); similar address/PIN (90.3)
PAIR-001174,BBMP,BBMP-TL-BOMM-2021-000004,Siddhi Industrial Inds,SHOP,KAR-SHOP-BLRU-2019-000072,Navya Printers Traders,560100,42,NO_MATCH,40.9,84.6,25,0,False,reject/no-match candidate: weak name similarity (40.9); similar address/PIN (84.6)
PAIR-001175,UDYAM,UDYAM-KR-BLRU-2019-000137,ASHA CNC LLP,SHOP,KAR-SHOP-BLRU-2024-000074,Harsha Tools Associates,560001,42,NO_MATCH,38.7,86.2,25,0,False,reject/no-match candidate: weak name similarity (38.7); similar address/PIN (86.2)
PAIR-001176,GST,GST-KA-MYS-2017-000104,MEGHANA MEALS INDUSTRIES,UDYAM,UDYAM-KR-MYS-2022-000102,M/S SAHANA WAREHOUSE TRADERS,570001,42,NO_MATCH,50.0,71.9,25,0,False,reject/no-match candidate: weak name similarity (50.0)
PAIR-001177,SHOP,KAR-SHOP-BLRR-2017-000169,Navya Mold LLP,KSPCB,PCB/BLRR/CTO/2021/00083,Rav Agro Associates,562114,42,NO_MATCH,34.5,89.6,25,0,False,reject/no-match candidate: weak name similarity (34.5); similar address/PIN (89.6)
PAIR-001178,KSPCB,PCB/BLRR/CTE/2019/00116,Meghana Spices LLP,FACTORY,KFBIS-FAC-BLRR-2025-000028,Srinidhi Labs Industries,562114,42,NO_MATCH,36.8,87.4,25,0,False,reject/no-match candidate: weak name similarity (36.8); similar address/PIN (87.4)
PAIR-001179,KSPCB,PCB/BLRU/CTE/2018/00007,Siddhi Industrial Inds,LABOUR,LAB-KA-BLRU-2016-000003,Siddhi Cafe Industries,560100,42,NO_MATCH,72.7,82.7,0,0,False,reject/no-match candidate: medium name similarity (72.7); similar address/PIN (82.7); no shared identifier available
PAIR-001180,FACTORY,KFBIS-FAC-BLRU-2025-000090,Lakshmi Solvents Company,GST,GST-KA-BLRU-2017-000191,SHARMA MOULDING INDUSTRIES,560029,42,NO_MATCH,38.1,86.0,25,0,False,reject/no-match candidate: weak name similarity (38.1); similar address/PIN (86.0)
PAIR-001181,UDYAM,UDYAM-KR-BLRU-2020-000108,Lakshmi Works,SHOP,KAR-SHOP-BLRU-2022-000007,Ganesh Dine LLP,560085,42,NO_MATCH,33.3,94.2,25,0,False,reject/no-match candidate: weak name similarity (33.3); similar address/PIN (94.2)
PAIR-001182,KSPCB,PCB/BLRR/CTE/2015/00068,M/S Aditya Chem Co,FACTORY,KFBIS-FAC-BLRR-2020-000002,Veda Devices Works,561203,42,NO_MATCH,34.5,92.8,25,0,False,reject/no-match candidate: weak name similarity (34.5); similar address/PIN (92.8)
PAIR-001183,SHOP,KAR-SHOP-BLRU-2025-000112,Sharma Electronics Solutions,UDYAM,UDYAM-KR-BLRU-2017-000119,Sharma Moulding Industries,560001,42,NO_MATCH,44.4,79.8,25,0,False,reject/no-match candidate: weak name similarity (44.4); similar address/PIN (79.8)
PAIR-001184,FACTORY,KFBIS-FAC-BLRU-2024-000108,Sharma Moulding ndustries,SHOP,KAR-SHOP-BLRU-2025-000112,Sharma Electronics Solutions,560001,42,NO_MATCH,45.3,79.8,25,0,False,reject/no-match candidate: weak name similarity (45.3); similar address/PIN (79.8)
PAIR-001185,BBMP,BBMP-TL-SOUT-2023-000092,Sahana Industries Co,GST,GST-KA-MYS-2021-000140,Sree Associates,570018,41,NO_MATCH,37.5,82.5,25,0,False,reject/no-match candidate: weak name similarity (37.5); similar address/PIN (82.5)
PAIR-001186,LABOUR,LAB-KA-BLRU-2023-000152,Naveen Printers Solutions,SHOP,KAR-SHOP-BLRU-2018-000161,Naveen LLP,560059,41,NO_MATCH,38.7,82.1,25,0,False,reject/no-match candidate: weak name similarity (38.7); similar address/PIN (82.1)
PAIR-001187,KSPCB,PCB/BLRU/CTE/2016/00040,M/S Ananya Labs Pvt Ltd,LABOUR,LAB-KA-BLRU-2019-000102,Ananya Circuits Enterprises,560085,41,NO_MATCH,42.1,77.2,25,0,False,reject/no-match candidate: weak name similarity (42.1); similar address/PIN (77.2)
PAIR-001188,UDYAM,UDYAM-KR-BLRU-2023-000045,BHARATH TECH ASSOCIATES,FACTORY,KFBIS-FAC-BLRU-2019-000024,Bharath Machining Company,560029,41,NO_MATCH,55.0,61.5,25,0,False,reject/no-match candidate: medium name similarity (55.0)
PAIR-001189,UDYAM,UDYAM-KR-BLRR-2016-000148,Nandi Tools Co,SHOP,KAR-SHOP-BLRR-2016-000011,Nandi Trans Solutions,561203,41,NO_MATCH,62.5,90.3,0,0,False,reject/no-match candidate: medium name similarity (62.5); similar address/PIN (90.3); no shared identifier available
PAIR-001190,BBMP,BBMP-TL-NORT-2025-000010,Bangalore Solutions,GST,GST-KA-MYS-2019-000066,Bangalore Works,570016,41,NO_MATCH,64.7,86.1,0,0,False,reject/no-match candidate: medium name similarity (64.7); similar address/PIN (86.1); no shared identifier available
PAIR-001191,LABOUR,LAB-KA-MYS-2016-000041,Bangalore Works,BBMP,BBMP-TL-NORT-2025-000010,Bangalore Solutions,570016,41,NO_MATCH,70.6,77.9,0,0,False,reject/no-match candidate: medium name similarity (70.6); similar address/PIN (77.9); no shared identifier available
PAIR-001192,FACTORY,KFBIS-FAC-TUM-2018-000031,Prakruthi CNC LLP,LABOUR,LAB-KA-TUM-2024-000076,Bangalore Machining Co,572106,41,NO_MATCH,31.2,92.6,25,0,False,reject/no-match candidate: weak name similarity (31.2); similar address/PIN (92.6)
PAIR-001193,UDYAM,UDYAM-KR-MYS-2020-000113,M/S Srinidhi Traders,SHOP,KAR-SHOP-MYS-2021-000168,M/S Srinidhi LLP,570016,41,NO_MATCH,66.7,85.7,0,0,False,reject/no-match candidate: medium name similarity (66.7); similar address/PIN (85.7); no shared identifier available
PAIR-001194,KSPCB,PCB/MYS/CTE/2020/00100,Srinidhi Traders,GST,GST-KA-MYS-2019-000202,M/S Srinidhi LLP,570016,41,NO_MATCH,66.7,83.0,0,0,False,reject/no-match candidate: medium name similarity (66.7); similar address/PIN (83.0); no shared identifier available
PAIR-001195,GST,GST-KA-TUM-2020-000050,M/S Lakshmi Graphics Works,LABOUR,LAB-KA-TUM-2024-000116,Lakshmi Medical LLP,572101,41,NO_MATCH,54.1,100,0,0,False,reject/no-match candidate: weak name similarity (54.1); similar address/PIN (100); no shared identifier available
PAIR-001196,UDYAM,UDYAM-KR-BLRR-2016-000138,M/S Navya Garments Works,KSPCB,PCB/BLRR/CTE/2023/00095,M/S Navya Precision Traders,562157,41,NO_MATCH,41.9,77.9,25,0,False,reject/no-match candidate: weak name similarity (41.9); similar address/PIN (77.9)
PAIR-001197,FACTORY,KFBIS-FAC-MYS-2023-000010,Ravi Plastics Works,GST,GST-KA-MYS-2015-000060,M/S Ravi Co,570016,41,NO_MATCH,34.8,86.3,25,0,False,reject/no-match candidate: weak name similarity (34.8); similar address/PIN (86.3)
PAIR-001198,KSPCB,PCB/BLRU/CTO/2018/00064,Veda Works,BBMP,BBMP-TL-SOUT-2015-000102,Veda Logistics Works,560076,41,NO_MATCH,66.7,84.2,0,0,False,reject/no-match candidate: medium name similarity (66.7); similar address/PIN (84.2); no shared identifier available
PAIR-001199,BBMP,BBMP-TL-SOUT-2018-000129,Ganesh Medical Solutions,UDYAM,UDYAM-KR-BLRU-2015-000005,Ganesh Dine LLP,560085,41,NO_MATCH,57.1,95.7,0,0,False,reject/no-match candidate: medium name similarity (57.1); similar address/PIN (95.7); no shared identifier available
PAIR-001200,FACTORY,KFBIS-FAC-BLRU-2017-000045,Sharma Stitch Enterprises,KSPCB,PCB/BLRU/CTE/2024/00111,Sharma LLP,560058,41,NO_MATCH,38.7,83.8,25,0,False,reject/no-match candidate: weak name similarity (38.7); similar address/PIN (83.8)
PAIR-001201,KSPCB,PCB/BLRU/CTE/2023/00140,M/S Bangalore Industries LLP,BBMP,BBMP-TL-MAHA-2017-000109,Bangalore Traders,560066,41,NO_MATCH,75.7,72.8,0,0,False,reject/no-match candidate: medium name similarity (75.7); no shared identifier available
PAIR-001202,GST,GST-KA-BLRU-2020-000239,Srinidhi Press Works,SHOP,KAR-SHOP-BLRU-2021-000217,Varun Industries,560078,41,NO_MATCH,27.8,97.5,25,0,False,reject/no-match candidate: weak name similarity (27.8); similar address/PIN (97.5)
PAIR-001203,BBMP,BBMP-TL-BENG-2023-000025,M/S Aditya Medical Pvt Ltd,GST,GST-KA-BLRR-2020-000126,Asha Clinic Solutions,562114,41,NO_MATCH,34.3,87.5,25,0,False,reject/no-match candidate: weak name similarity (34.3); similar address/PIN (87.5)
PAIR-001204,KSPCB,PCB/BLRU/CTO/2021/00019,Varun Enterprises,SHOP,KAR-SHOP-BLRU-2021-000188,Varun Traders,560076,41,NO_MATCH,66.7,86.0,0,0,False,reject/no-match candidate: medium name similarity (66.7); similar address/PIN (86.0); no shared identifier available
PAIR-001205,SHOP,KAR-SHOP-BLRU-2022-000018,Bangalore Moulding Associates,KSPCB,PCB/BLRU/CTO/2016/00034,Meghana Coatings Traders,560068,41,NO_MATCH,37.7,82.1,25,0,False,reject/no-match candidate: weak name similarity (37.7); similar address/PIN (82.1)
PAIR-001206,BBMP,BBMP-TL-CENT-2021-000003,Mysore Bies Works,SHOP,KAR-SHOP-MYS-2022-000092,Meghana Meals Industries,570001,41,NO_MATCH,29.3,93.5,25,0,False,reject/no-match candidate: weak name similarity (29.3); similar address/PIN (93.5)
PAIR-001207,GST,GST-KA-MYS-2024-000009,MYSORE BITES WORKS,UDYAM,UDYAM-KR-MYS-2022-000102,M/S SAHANA WAREHOUSE TRADERS,570001,41,NO_MATCH,33.3,88.8,25,0,False,reject/no-match candidate: weak name similarity (33.3); similar address/PIN (88.8)
PAIR-001208,UDYAM,UDYAM-KR-BLRU-2019-000124,Sree Pharma Pvt Ltd,SHOP,KAR-SHOP-BLRU-2024-000136,Nisarga Clinic LLP,560068,41,NO_MATCH,32.0,90.4,25,0,False,reject/no-match candidate: weak name similarity (32.0); similar address/PIN (90.4)
PAIR-001209,KSPCB,PCB/BLRU/CTO/2020/00004,Siddhi Cafe Industries,BBMP,BBMP-TL-BOMM-2021-000004,Siddhi Industrial Inds,560100,41,NO_MATCH,72.7,76.1,0,0,False,reject/no-match candidate: medium name similarity (72.7); similar address/PIN (76.1); no shared identifier available
PAIR-001210,FACTORY,KFBIS-FAC-BLRU-2025-000090,Lakshmi Solvents Company,UDYAM,UDYAM-KR-BLRU-2023-000136,Omkar Mold Traders,560029,41,NO_MATCH,35.3,86.8,25,0,False,reject/no-match candidate: weak name similarity (35.3); similar address/PIN (86.8)
PAIR-001211,LABOUR,LAB-KA-BLRU-2018-000132,Nisarga Printers Pvt Ltd,SHOP,KAR-SHOP-BLRU-2015-000130,Nisarga Trans Works,560066,41,NO_MATCH,68.6,80.6,0,0,False,reject/no-match candidate: medium name similarity (68.6); similar address/PIN (80.6); no shared identifier available
PAIR-001212,LABOUR,LAB-KA-BLRR-2017-000089,Varun Inds Inds,GST,GST-KA-BLRR-2024-000002,VEDA DEVICES WORKS,561203,41,NO_MATCH,42.4,79.4,25,0,False,reject/no-match candidate: weak name similarity (42.4); similar address/PIN (79.4)
PAIR-001213,UDYAM,UDYAM-KR-MYS-2018-000161,Lakshmi LLP,BBMP,BBMP-TL-NORT-2023-000099,Sinidhi LLP,570016,41,NO_MATCH,42.9,78.4,25,0,False,reject/no-match candidate: weak name similarity (42.9); similar address/PIN (78.4)
PAIR-001214,BBMP,BBMP-TL-BENG-2017-000040,Naveen Stores LLP,SHOP,KAR-SHOP-BLRR-2024-000025,Kaveri Cafe LLP,562114,40,NO_MATCH,33.3,86.0,25,0,False,reject/no-match candidate: weak name similarity (33.3); similar address/PIN (86.0)
PAIR-001215,SHOP,KAR-SHOP-MYS-2021-000023,Deccan Industries,FACTORY,KFBIS-FAC-MYS-2018-000041,M/S Mysore Works,570018,40,NO_MATCH,20.7,98.4,25,0,False,reject/no-match candidate: weak name similarity (20.7); similar address/PIN (98.4)
PAIR-001216,FACTORY,KFBIS-FAC-BLRU-2017-000139,Ganesh Coatings LLP,UDYAM,UDYAM-KR-BLRU-2017-000134,Ganesh Care Co,560034,40,NO_MATCH,69.2,76.7,0,0,False,reject/no-match candidate: medium name similarity (69.2); similar address/PIN (76.7); no shared identifier available
PAIR-001217,GST,GST-KA-BLRR-2017-000011,M/S Nandi Trans Solutions,UDYAM,UDYAM-KR-BLRR-2016-000148,Nandi Tools Co,561203,40,NO_MATCH,62.5,85.7,0,0,False,reject/no-match candidate: medium name similarity (62.5); similar address/PIN (85.7); no shared identifier available
PAIR-001218,LABOUR,LAB-KA-BLRR-2016-000143,M/S Nandi Tools Co,SHOP,KAR-SHOP-BLRR-2016-000011,Nandi Trans Solutions,561203,40,NO_MATCH,62.5,86.9,0,0,False,reject/no-match candidate: medium name similarity (62.5); similar address/PIN (86.9); no shared identifier available
PAIR-001219,BBMP,BBMP-TL-BENG-2015-000120,Nandi Tools Co,LABOUR,LAB-KA-BLRR-2018-000007,Nandi Trans Solutions,561203,40,NO_MATCH,62.5,83.7,0,0,False,reject/no-match candidate: medium name similarity (62.5); similar address/PIN (83.7); no shared identifier available
PAIR-001220,GST,GST-KA-BLRU-2020-000190,Nisarga Clinic Solutions,SHOP,KAR-SHOP-BLRU-2018-000048,M/S Sahana Meds Entp,560029,40,NO_MATCH,30.0,87.4,25,0,False,reject/no-match candidate: weak name similarity (30.0); similar address/PIN (87.4)
PAIR-001221,UDYAM,UDYAM-KR-BLRU-2018-000038,M/S Sahana Meds Enterprises,GST,GST-KA-BLRU-2020-000190,Nisarga Clinic Solutions,560029,40,NO_MATCH,29.8,87.4,25,0,False,reject/no-match candidate: weak name similarity (29.8); similar address/PIN (87.4)
PAIR-001222,KSPCB,PCB/MYS/CTE/2020/00100,Srinidhi Traders,SHOP,KAR-SHOP-MYS-2021-000168,M/S Srinidhi LLP,570016,40,NO_MATCH,66.7,81.2,0,0,False,reject/no-match candidate: medium name similarity (66.7); similar address/PIN (81.2); no shared identifier available
PAIR-001223,UDYAM,UDYAM-KR-MYS-2019-000125,SRINIDHI LLP,KSPCB,PCB/MYS/CTE/2020/00100,Srinidhi Traders,570016,40,NO_MATCH,66.7,81.2,0,0,False,reject/no-match candidate: medium name similarity (66.7); similar address/PIN (81.2); no shared identifier available
PAIR-001224,UDYAM,UDYAM-KR-TUM-2021-000112,Lakshmi Medical LLP,GST,GST-KA-TUM-2020-000050,M/S Lakshmi Graphics Works,572101,40,NO_MATCH,54.1,93.2,0,0,False,reject/no-match candidate: weak name similarity (54.1); similar address/PIN (93.2); no shared identifier available
PAIR-001225,BBMP,BBMP-TL-TUMA-2023-000087,Lakshmi Medical LLP,FACTORY,KFBIS-FAC-TUM-2023-000029,Lakshmi Graphics Works,572101,40,NO_MATCH,54.1,95.7,0,0,False,reject/no-match candidate: weak name similarity (54.1); similar address/PIN (95.7); no shared identifier available
PAIR-001226,LABOUR,LAB-KA-TUM-2024-000116,Lakshmi Medical LLP,FACTORY,KFBIS-FAC-TUM-2023-000029,Lakshmi Graphics Works,572101,40,NO_MATCH,54.1,95.1,0,0,False,reject/no-match candidate: weak name similarity (54.1); similar address/PIN (95.1); no shared identifier available
PAIR-001227,GST,GST-KA-MYS-2017-000072,M/S Ananya Devices Solutions,LABOUR,LAB-KA-MYS-2019-000111,Varun Mold LLP,570016,40,NO_MATCH,29.4,88.8,25,0,False,reject/no-match candidate: weak name similarity (29.4); similar address/PIN (88.8)
PAIR-001228,UDYAM,UDYAM-KR-BLRR-2021-000120,Sharma Coaings Pvt Ltd,LABOUR,LAB-KA-BLRR-2023-000118,Aditya Tech Enterprises,562157,40,NO_MATCH,32.4,86.5,25,0,False,reject/no-match candidate: weak name similarity (32.4); similar address/PIN (86.5)
PAIR-001229,SHOP,KAR-SHOP-BLRU-2021-000188,Varun Traders,GST,GST-KA-BLRU-2015-000085,M/S BANGALORE CARE WORKS,560076,40,NO_MATCH,30.3,86.9,25,0,False,reject/no-match candidate: weak name similarity (30.3); similar address/PIN (86.9)
PAIR-001230,SHOP,KAR-SHOP-TUM-2020-000202,Aditya Works,UDYAM,UDYAM-KR-TUM-2019-000075,SRINIDHI BITESCO,572106,40,NO_MATCH,28.6,88.8,25,0,False,reject/no-match candidate: weak name similarity (28.6); similar address/PIN (88.8)
PAIR-001231,UDYAM,UDYAM-KR-MYS-2022-000153,Prakruthi Stores LLP,SHOP,KAR-SHOP-MYS-2016-000042,M/S Prakruthi Electronics Industries,570016,40,NO_MATCH,62.5,85.7,0,0,False,reject/no-match candidate: medium name similarity (62.5); similar address/PIN (85.7); no shared identifier available
PAIR-001232,BBMP,BBMP-TL-DASA-2016-000030,M/S Sharma Stitch Enterprises,KSPCB,PCB/BLRU/CTE/2024/00111,Sharma LLP,560058,40,NO_MATCH,38.7,78.7,25,0,False,reject/no-match candidate: weak name similarity (38.7); similar address/PIN (78.7)
PAIR-001233,GST,GST-KA-BLRR-2015-000128,VARUN DINE COMPANY,LABOUR,LAB-KA-BLRR-2022-000006,M/S Meghana Warehouse Traders,562110,40,NO_MATCH,34.3,84.3,25,0,False,reject/no-match candidate: weak name similarity (34.3); similar address/PIN (84.3)
PAIR-001234,SHOP,KAR-SHOP-BLRU-2019-000093,M/S Harsha Works Co,FACTORY,KFBIS-FAC-BLRU-2020-000091,Sahna Apparels Co,560037,40,NO_MATCH,30.8,89.2,25,0,False,reject/no-match candidate: weak name similarity (30.8); similar address/PIN (89.2)
PAIR-001235,BBMP,BBMP-TL-SOUT-2019-000017,Bharath Graphics Solutions,SHOP,KAR-SHOP-BLRU-2015-000203,Srinidhi Press Works,560078,40,NO_MATCH,26.1,93.0,25,0,False,reject/no-match candidate: weak name similarity (26.1); similar address/PIN (93.0)
PAIR-001236,KSPCB,PCB/BLRU/CTO/2015/00091,Bangalore Snacks LLP,FACTORY,KFBIS-FAC-BLRU-2023-000144,M/S Varun Industries,560078,40,NO_MATCH,31.2,87.4,25,0,False,reject/no-match candidate: weak name similarity (31.2); similar address/PIN (87.4)
PAIR-001237,KSPCB,PCB/MYS/CTO/2019/00126,Prakruthi Packaging Enterprises,SHOP,KAR-SHOP-MYS-2021-000089,Sri Moulding Works,570001,40,NO_MATCH,36.7,82.2,25,0,False,reject/no-match candidate: weak name similarity (36.7); similar address/PIN (82.2)
PAIR-001238,FACTORY,KFBIS-FAC-BLRR-2022-000016,Bharath Garments Traders,SHOP,KAR-SHOP-BLRR-2020-000090,M/S Kaveri Textiles Enterprises,562110,40,NO_MATCH,39.2,77.2,25,0,False,reject/no-match candidate: weak name similarity (39.2); similar address/PIN (77.2)
PAIR-001239,SHOP,KAR-SHOP-BLRR-2017-000020,Bharath Garments Traders,LABOUR,LAB-KA-BLRR-2018-000065,Kaveri Textiles Enterprises,562110,40,NO_MATCH,39.2,76.1,25,0,False,reject/no-match candidate: weak name similarity (39.2); similar address/PIN (76.1)
PAIR-001240,SHOP,KAR-SHOP-BLRU-2021-000188,Varun Traders,LABOUR,LAB-KA-BLRU-2023-000025,Varun Entp,560076,40,NO_MATCH,60.9,85.2,0,0,False,reject/no-match candidate: medium name similarity (60.9); similar address/PIN (85.2); no shared identifier available
PAIR-001241,KSPCB,PCB/BLRU/CTO/2021/00019,Varun Enterprises,GST,GST-KA-BLRU-2020-000221,Varun Traders,560076,40,NO_MATCH,66.7,80.6,0,0,False,reject/no-match candidate: medium name similarity (66.7); similar address/PIN (80.6); no shared identifier available
PAIR-001242,GST,GST-KA-BLRU-2020-000161,Lakshmi Elec LLP,UDYAM,UDYAM-KR-BLRU-2023-000149,M/S Lakshmi Kitche Pvt Ltd,560024,40,NO_MATCH,69.2,78.1,0,0,False,reject/no-match candidate: medium name similarity (69.2); similar address/PIN (78.1); no shared identifier available
PAIR-001243,KSPCB,PCB/BLRU/CTE/2021/00045,Navya Printers Traders,LABOUR,LAB-KA-BLRU-2022-000023,Nandi Solvents LLP,560100,40,NO_MATCH,33.3,83.3,25,0,False,reject/no-match candidate: weak name similarity (33.3); similar address/PIN (83.3)
PAIR-001244,GST,GST-KA-BLRR-2018-000049,M/S Srinidhi Labs Industries,KSPCB,PCB/BLRR/CTE/2019/00005,Srinidhi Trans Works,562114,40,NO_MATCH,59.1,89.2,0,0,False,reject/no-match candidate: medium name similarity (59.1); similar address/PIN (89.2); no shared identifier available
PAIR-001245,BBMP,BBMP-TL-DASA-2021-000020,M/S Veda Pharma Associates,GST,GST-KA-BLRU-2020-000196,Veda Precision Company,560058,40,NO_MATCH,55.6,91.8,0,0,False,reject/no-match candidate: medium name similarity (55.6); similar address/PIN (91.8); no shared identifier available
PAIR-001246,LABOUR,LAB-KA-BLRU-2023-000145,Mysore Health Industries,SHOP,KAR-SHOP-BLRU-2025-000128,Veda Meds Works,560068,40,NO_MATCH,25.6,93.7,25,0,False,reject/no-match candidate: weak name similarity (25.6); similar address/PIN (93.7)
PAIR-001247,GST,GST-KA-BLRU-2021-000079,Kaveri Pvt Ltd,LABOUR,LAB-KA-BLRU-2024-000134,Omkar Mold Traders,560029,40,NO_MATCH,33.3,84.5,25,0,False,reject/no-match candidate: weak name similarity (33.3); similar address/PIN (84.5)
PAIR-001248,FACTORY,KFBIS-FAC-BLRU-2024-000117,Veda Print Enterprises,LABOUR,LAB-KA-BLRU-2020-000042,M/S Bharath Tech Associates,560029,40,NO_MATCH,31.1,87.6,25,0,False,reject/no-match candidate: weak name similarity (31.1); similar address/PIN (87.6)
PAIR-001249,UDYAM,UDYAM-KR-BLRU-2015-000005,Ganesh Dine LLP,GST,GST-KA-BLRU-2021-000003,Asha Trans LLP,560085,40,NO_MATCH,28.6,92.2,25,0,False,reject/no-match candidate: weak name similarity (28.6); similar address/PIN (92.2)
PAIR-001250,UDYAM,UDYAM-KR-BLRU-2017-000092,M/S MEGHANA POLYMERS ASSOCIATES,LABOUR,LAB-KA-BLRU-2021-000046,Srinidhi Enterprises,560085,40,NO_MATCH,29.8,89.1,25,0,False,reject/no-match candidate: weak name similarity (29.8); similar address/PIN (89.1)
PAIR-001251,BBMP,BBMP-TL-NORT-2019-000054,Siddhi Supply LLP,LABOUR,LAB-KA-MYS-2022-000148,M/S Prakruthi Stores LLP,570016,40,NO_MATCH,27.6,90.4,25,0,False,reject/no-match candidate: weak name similarity (27.6); similar address/PIN (90.4)
PAIR-001252,GST,GST-KA-BLRU-2017-000100,M/S Udupi Logistics Company,SHOP,KAR-SHOP-BLRU-2016-000193,M/S Prakruthi Packaging Works,560043,39,NO_MATCH,30.0,83.2,25,0,False,reject/no-match candidate: weak name similarity (30.0); similar address/PIN (83.2)
PAIR-001253,UDYAM,UDYAM-KR-BLRU-2018-000048,Sharma Biryani Pvt Ltd,GST,GST-KA-BLRU-2020-000151,PRAKRUTHI BITES COMPANY,560068,39,NO_MATCH,27.6,86.4,25,0,False,reject/no-match candidate: weak name similarity (27.6); similar address/PIN (86.4)
PAIR-001254,GST,GST-KA-BLRU-2022-000149,MEGHANA MOULDING INDUSTRIES,FACTORY,KFBIS-FAC-BLRU-2017-000111,M/S Veda Precision Company,560058,39,NO_MATCH,24.4,90.7,25,0,False,reject/no-match candidate: weak name similarity (24.4); similar address/PIN (90.7)
PAIR-001255,BBMP,BBMP-TL-DASA-2016-000030,M/S Sharma Stitch Enterprises,LABOUR,LAB-KA-BLRU-2019-000121,Veda Precision Company,560058,39,NO_MATCH,30.8,82.9,25,0,False,reject/no-match candidate: weak name similarity (30.8); similar address/PIN (82.9)
PAIR-001256,LABOUR,LAB-KA-TUM-2021-000151,Sree Tech Associates,FACTORY,KFBIS-FAC-TUM-2018-000031,Prakruthi CNC LLP,572106,39,NO_MATCH,24.2,92.1,25,0,False,reject/no-match candidate: weak name similarity (24.2); similar address/PIN (92.1)
PAIR-001257,FACTORY,KFBIS-FAC-BLRU-2018-000100,M/S Siddhi Industries,UDYAM,UDYAM-KR-BLRU-2015-000062,M/S Sri Devices LLP,560043,39,NO_MATCH,42.9,67.7,25,0,False,reject/no-match candidate: weak name similarity (42.9)
PAIR-001258,SHOP,KAR-SHOP-BLRU-2023-000187,Asha CNC LLP,GST,GST-KA-BLRU-2021-000096,M/S Sri Devices LLP,560043,39,NO_MATCH,31.6,82.7,25,0,False,reject/no-match candidate: weak name similarity (31.6); similar address/PIN (82.7)
PAIR-001259,SHOP,KAR-SHOP-BLRU-2022-000004,Sree Logistics Pvt Ltd,BBMP,BBMP-TL-BOMM-2025-000043,M/S Sree Clinic Industries,560102,39,NO_MATCH,61.1,84.5,0,0,False,reject/no-match candidate: medium name similarity (61.1); similar address/PIN (84.5); no shared identifier available
PAIR-001260,UDYAM,UDYAM-KR-BLRR-2022-000100,Veda Associates,LABOUR,LAB-KA-BLRR-2023-000118,Aditya Tech Enterprises,562157,39,NO_MATCH,31.6,83.7,25,0,False,reject/no-match candidate: weak name similarity (31.6); similar address/PIN (83.7)
PAIR-001261,KSPCB,PCB/BLRU/CTO/2017/00098,Harsha LLP,UDYAM,UDYAM-KR-BLRU-2019-000158,M/S Srinidhi Labels Company,560034,39,NO_MATCH,28.6,88.6,25,0,False,reject/no-match candidate: weak name similarity (28.6); similar address/PIN (88.6)
PAIR-001262,KSPCB,PCB/BLRU/CTE/2022/00053,Ravi Solutions,FACTORY,KFBIS-FAC-BLRU-2023-000030,M/S Veda Devices Co,560034,39,NO_MATCH,30.8,85.9,25,0,False,reject/no-match candidate: weak name similarity (30.8); similar address/PIN (85.9)
PAIR-001263,GST,GST-KA-BLRU-2024-000252,Ganesh Medical Solutions,SHOP,KAR-SHOP-BLRU-2022-000007,Ganesh Dine LLP,560085,39,NO_MATCH,57.1,86.5,0,0,False,reject/no-match candidate: medium name similarity (57.1); similar address/PIN (86.5); no shared identifier available
PAIR-001264,FACTORY,KFBIS-FAC-BLRU-2021-000113,M/S Sharma LLP,UDYAM,UDYAM-KR-BLRU-2025-000046,M/S Sharma Stitch Enterprises,560058,39,NO_MATCH,38.7,76.2,25,0,False,reject/no-match candidate: weak name similarity (38.7); similar address/PIN (76.2)
PAIR-001265,LABOUR,LAB-KA-BLRU-2018-000073,Sahana Kitchen Solutions,GST,GST-KA-BLRU-2021-000213,M/S Ananya Cafe Entp,560058,39,NO_MATCH,40.0,73.9,25,0,False,reject/no-match candidate: weak name similarity (40.0)
PAIR-001266,KSPCB,PCB/BLRU/CTO/2025/00128,Harsha Works,GST,GST-KA-BLRU-2024-000077,ADITYA GARMENTS INDUSTRIES,560064,39,NO_MATCH,31.6,81.2,25,0,False,reject/no-match candidate: weak name similarity (31.6); similar address/PIN (81.2)
PAIR-001267,KSPCB,PCB/BLRR/CTE/2018/00009,Veda Coatings Works,SHOP,KAR-SHOP-BLRR-2020-000090,M/S Kaveri Textiles Enterprises,562110,39,NO_MATCH,39.1,74.9,25,0,False,reject/no-match candidate: weak name similarity (39.1)
PAIR-001268,UDYAM,UDYAM-KR-BLRR-2015-000098,M/S Siddhi Industries,BBMP,BBMP-TL-BENG-2023-000059,Asha Clinic Solutions,562114,39,NO_MATCH,36.8,77.8,25,0,False,reject/no-match candidate: weak name similarity (36.8); similar address/PIN (77.8)
PAIR-001269,GST,GST-KA-BLRU-2020-000221,Varun Traders,UDYAM,UDYAM-KR-BLRU-2025-000028,Varun Enterprises,560076,39,NO_MATCH,66.7,76.7,0,0,False,reject/no-match candidate: medium name similarity (66.7); similar address/PIN (76.7); no shared identifier available
PAIR-001270,KSPCB,PCB/BLRU/CTE/2024/00090,M/S Lakshmi Electronics LLP,BBMP,BBMP-TL-YELA-2022-000121,Lakshmi Kitchen Pvt Ltd,560024,39,NO_MATCH,58.8,87.1,0,0,False,reject/no-match candidate: medium name similarity (58.8); similar address/PIN (87.1); no shared identifier available
PAIR-001271,UDYAM,UDYAM-KR-BLRU-2023-000149,M/S Lakshmi Kitche Pvt Ltd,SHOP,KAR-SHOP-BLRU-2018-000140,Lakshmi Electronics LLP,560024,39,NO_MATCH,60.6,83.6,0,0,False,reject/no-match candidate: medium name similarity (60.6); similar address/PIN (83.6); no shared identifier available
PAIR-001272,GST,GST-KA-BLRU-2021-000015,Navya Devices Co,UDYAM,UDYAM-KR-BLRU-2022-000067,Omkar Agro Company,560068,39,NO_MATCH,17.4,100,25,0,False,reject/no-match candidate: weak name similarity (17.4); similar address/PIN (100)
PAIR-001273,UDYAM,UDYAM-KR-BLRU-2017-000001,M/S Vijaya Associates,GST,GST-KA-BLRU-2018-000031,Varun Textiles Industries,560068,39,NO_MATCH,28.6,86.3,25,0,False,reject/no-match candidate: weak name similarity (28.6); similar address/PIN (86.3)
PAIR-001274,KSPCB,PCB/BLRU/CTE/2023/00051,Harsha Tools Associates,GST,GST-KA-BLRU-2021-000244,Nandi Moulding Company,560001,39,NO_MATCH,27.0,87.9,25,0,False,reject/no-match candidate: weak name similarity (27.0); similar address/PIN (87.9)
PAIR-001275,SHOP,KAR-SHOP-BLRU-2024-000209,M/S Sree Mold Traders,KSPCB,PCB/BLRU/CTE/2023/00051,Harsha Tools Associates,560001,39,NO_MATCH,40.0,71.7,25,0,False,reject/no-match candidate: weak name similarity (40.0)
PAIR-001276,FACTORY,KFBIS-FAC-BLRR-2025-000028,Srinidhi Labs Industries,SHOP,KAR-SHOP-BLRR-2021-000006,Srinidhi rans Works,562114,39,NO_MATCH,60.5,82.3,0,0,False,reject/no-match candidate: medium name similarity (60.5); similar address/PIN (82.3); no shared identifier available
PAIR-001277,LABOUR,LAB-KA-BLRR-2017-000030,Veda Stitch LLP,GST,GST-KA-BLRR-2015-000114,Lakshmi Graphics Solutions,562114,39,NO_MATCH,27.0,89.2,25,0,False,reject/no-match candidate: weak name similarity (27.0); similar address/PIN (89.2)
PAIR-001278,KSPCB,PCB/BLRR/CTO/2024/00025,Srinidhi Labs Industries,BBMP,BBMP-TL-BENG-2016-000019,Veda Stitch LLP,562114,39,NO_MATCH,28.6,84.7,25,0,False,reject/no-match candidate: weak name similarity (28.6); similar address/PIN (84.7)
PAIR-001279,BBMP,BBMP-TL-SOUT-2019-000066,M/S Bharath Medical Soluions,GST,GST-KA-BLRU-2022-000157,Nisarga Clinic LLP,560068,39,NO_MATCH,31.6,81.4,25,0,False,reject/no-match candidate: weak name similarity (31.6); similar address/PIN (81.4)
PAIR-001280,SHOP,KAR-SHOP-BLRR-2016-000079,M/S Aarohi Medical Works,GST,GST-KA-BLRR-2018-000095,M/S Srinidhi Co,562110,39,NO_MATCH,21.4,96.6,25,0,False,reject/no-match candidate: weak name similarity (21.4); similar address/PIN (96.6)
PAIR-001281,SHOP,KAR-SHOP-BLRR-2021-000086,Srinidhi Co,GST,GST-KA-BLRR-2019-000233,Lakshmi Meds Pvt. Ltd.,562110,39,NO_MATCH,30.0,83.7,25,0,False,reject/no-match candidate: weak name similarity (30.0); similar address/PIN (83.7)
PAIR-001282,UDYAM,UDYAM-KR-BLRU-2019-000018,Nandi Cargo Company,LABOUR,LAB-KA-BLRU-2016-000110,M/S Lakshmi Works,560085,39,NO_MATCH,33.3,81.2,25,0,False,reject/no-match candidate: weak name similarity (33.3); similar address/PIN (81.2)
PAIR-001283,FACTORY,KFBIS-FAC-BLRU-2019-000115,M/S Sidhi Entp,BBMP,BBMP-TL-YELA-2022-000089,M/S Prakruthi Biryani Solutions,560064,39,NO_MATCH,27.0,87.4,25,0,False,reject/no-match candidate: weak name similarity (27.0); similar address/PIN (87.4)
PAIR-001284,LABOUR,LAB-KA-BLRR-2016-000143,M/S Nandi Tools Co,GST,GST-KA-BLRR-2025-000118,Aditya Chem Co,561203,39,NO_MATCH,36.4,79.2,25,0,False,reject/no-match candidate: weak name similarity (36.4); similar address/PIN (79.2)
PAIR-001285,SHOP,KAR-SHOP-BLRR-2022-000126,Varun Industries Industries,GST,GST-KA-BLRR-2024-000002,VEDA DEVICES WORKS,561203,39,NO_MATCH,35.6,77.8,25,0,False,reject/no-match candidate: weak name similarity (35.6); similar address/PIN (77.8)
PAIR-001286,FACTORY,KFBIS-FAC-MYS-2019-000088,Sharma Pvt. Ltd.,SHOP,KAR-SHOP-MYS-2016-000060,Mysore Works,570018,38,NO_MATCH,22.2,88.8,25,0,False,reject/no-match candidate: weak name similarity (22.2); similar address/PIN (88.8)
PAIR-001287,GST,GST-KA-BLRU-2015-000165,M/S Srinidhi Works,LABOUR,LAB-KA-BLRU-2025-000064,Udupi Logistics Company,560043,38,NO_MATCH,34.5,74.2,25,0,False,reject/no-match candidate: weak name similarity (34.5)
PAIR-001288,SHOP,KAR-SHOP-BLRU-2016-000103,Navya Trans Co,GST,GST-KA-BLRU-2015-000165,M/S Srinidhi Works,560043,38,NO_MATCH,32.0,77.9,25,0,False,reject/no-match candidate: weak name similarity (32.0); similar address/PIN (77.9)
PAIR-001289,GST,GST-KA-BLRU-2020-000246,Sree Mold Traders,FACTORY,KFBIS-FAC-BLRU-2017-000111,M/S Veda Precision Company,560058,38,NO_MATCH,19.4,95.0,25,0,False,reject/no-match candidate: weak name similarity (19.4); similar address/PIN (95.0)
PAIR-001290,UDYAM,UDYAM-KR-BLRU-2018-000038,M/S Sahana Meds Enterprises,BBMP,BBMP-TL-SOUT-2018-000093,M/S Nisarga Clinic Solutions,560029,38,NO_MATCH,29.8,81.8,25,0,False,reject/no-match candidate: weak name similarity (29.8); similar address/PIN (81.8)
PAIR-001291,UDYAM,UDYAM-KR-TUM-2025-000024,Bangalore Garments Solutions,GST,GST-KA-TUM-2022-000065,BANGALORE CO,572106,38,NO_MATCH,48.6,93.1,0,0,False,reject/no-match candidate: weak name similarity (48.6); similar address/PIN (93.1); no shared identifier available
PAIR-001292,GST,GST-KA-BLRU-2020-000090,M/S Sree Clini Industries,BBMP,BBMP-TL-BOMM-2016-000021,Sree Dine Co,560102,38,NO_MATCH,53.3,86.9,0,0,False,reject/no-match candidate: weak name similarity (53.3); similar address/PIN (86.9); no shared identifier available
PAIR-001293,FACTORY,KFBIS-FAC-BLRU-2021-000011,M/S Sri Devices Solutions,SHOP,KAR-SHOP-BLRU-2018-000121,Sri Pvt. td.,560102,38,NO_MATCH,37.0,74.3,25,0,False,reject/no-match candidate: weak name similarity (37.0)
PAIR-001294,LABOUR,LAB-KA-BLRR-2023-000118,Aditya Tech Enterprises,SHOP,KAR-SHOP-BLRR-2017-000137,Veda Associates,562157,38,NO_MATCH,31.6,80.4,25,0,False,reject/no-match candidate: weak name similarity (31.6); similar address/PIN (80.4)
PAIR-001295,UDYAM,UDYAM-KR-BLRR-2021-000120,Sharma Coaings Pvt Ltd,GST,GST-KA-BLRR-2017-000170,Navya Precision Traders,562157,38,NO_MATCH,37.8,73.6,25,0,False,reject/no-match candidate: weak name similarity (37.8)
PAIR-001296,BBMP,BBMP-TL-SOUT-2015-000102,Veda Logistics Works,LABOUR,LAB-KA-BLRU-2017-000068,M/S Veda Works,560076,38,NO_MATCH,66.7,70.0,0,0,False,reject/no-match candidate: medium name similarity (66.7); no shared identifier available
PAIR-001297,SHOP,KAR-SHOP-BLRU-2022-000007,Ganesh Dine LLP,BBMP,BBMP-TL-SOUT-2018-000129,Ganesh Medical Solutions,560085,38,NO_MATCH,57.1,82.4,0,0,False,reject/no-match candidate: medium name similarity (57.1); similar address/PIN (82.4); no shared identifier available
PAIR-001298,UDYAM,UDYAM-KR-BLRU-2023-000132,M/S Vijaya Moulding Solutions,BBMP,BBMP-TL-MAHA-2022-000095,M/S Deccan Precision Co,560066,38,NO_MATCH,24.4,86.1,25,0,False,reject/no-match candidate: weak name similarity (24.4); similar address/PIN (86.1)
PAIR-001299,SHOP,KAR-SHOP-BLRU-2022-000017,Harsha Biryani Works,LABOUR,LAB-KA-BLRU-2024-000027,Harsha Packaging Enterprises,560059,38,NO_MATCH,45.8,97.2,0,0,False,reject/no-match candidate: weak name similarity (45.8); similar address/PIN (97.2); no shared identifier available
PAIR-001300,SHOP,KAR-SHOP-BLRU-2015-000203,Srinidhi Press Works,UDYAM,UDYAM-KR-BLRU-2024-000117,M/S KAVERI COMPONENTS ENTP,560078,38,NO_MATCH,28.6,81.2,25,0,False,reject/no-match candidate: weak name similarity (28.6); similar address/PIN (81.2)
PAIR-001301,GST,GST-KA-BLRU-2019-000164,Bangalore Snacks LLP,FACTORY,KFBIS-FAC-BLRU-2016-000131,M/S Srinidhi Press Works,560078,38,NO_MATCH,27.8,83.9,25,0,False,reject/no-match candidate: weak name similarity (27.8); similar address/PIN (83.9)
PAIR-001302,FACTORY,KFBIS-FAC-BLRU-2020-000078,Omkar Labs Co,SHOP,KAR-SHOP-BLRU-2022-000018,Bangalore Moulding Associates,560068,38,NO_MATCH,25.6,84.6,25,0,False,reject/no-match candidate: weak name similarity (25.6); similar address/PIN (84.6)
PAIR-001303,LABOUR,LAB-KA-BLRU-2025-000005,Siddhi Industrial Industries,KSPCB,PCB/BLRU/CTE/2016/00017,Nandi Solvents LLP,560100,38,NO_MATCH,23.8,87.0,25,0,False,reject/no-match candidate: weak name similarity (23.8); similar address/PIN (87.0)
PAIR-001304,GST,GST-KA-BLRU-2017-000020,Sree Elec Inds,SHOP,KAR-SHOP-BLRU-2016-000210,Naveen Printers Solutions,560059,38,NO_MATCH,30.8,81.4,25,0,False,reject/no-match candidate: weak name similarity (30.8); similar address/PIN (81.4)
PAIR-001305,FACTORY,KFBIS-FAC-BLRU-2017-000111,M/S Veda Precision Company,UDYAM,UDYAM-KR-BLRU-2018-000035,Veda Pharma Associates,560058,38,NO_MATCH,55.6,86.0,0,0,False,reject/no-match candidate: medium name similarity (55.6); similar address/PIN (86.0); no shared identifier available
PAIR-001306,BBMP,BBMP-TL-SOUT-2019-000066,M/S Bharath Medical Soluions,SHOP,KAR-SHOP-BLRU-2024-000136,Nisarga Clinic LLP,560068,38,NO_MATCH,31.6,77.2,25,0,False,reject/no-match candidate: weak name similarity (31.6); similar address/PIN (77.2)
PAIR-001307,GST,GST-KA-BLRR-2018-000095,M/S Srinidhi Co,FACTORY,KFBIS-FAC-BLRR-2016-000062,Aarohi Medical Works,562110,38,NO_MATCH,21.4,90.8,25,0,False,reject/no-match candidate: weak name similarity (21.4); similar address/PIN (90.8)
PAIR-001308,GST,GST-KA-BLRU-2023-000135,Nisarga Trans Enterprises,SHOP,KAR-SHOP-BLRU-2023-000146,Ganesh Cafe Company,560024,38,NO_MATCH,27.8,85.3,25,0,False,reject/no-match candidate: weak name similarity (27.8); similar address/PIN (85.3)
PAIR-001309,SHOP,KAR-SHOP-BLRU-2021-000145,M/S Lakshmi Works,GST,GST-KA-BLRU-2021-000030,Meghana Bites Associates,560085,38,NO_MATCH,21.6,92.7,25,0,False,reject/no-match candidate: weak name similarity (21.6); similar address/PIN (92.7)
PAIR-001310,SHOP,KAR-SHOP-BLRU-2015-000156,Sharma Print Enterprises,FACTORY,KFBIS-FAC-BLRU-2022-000074,Vijaya Tools Solutions,560085,38,NO_MATCH,26.1,86.1,25,0,False,reject/no-match candidate: weak name similarity (26.1); similar address/PIN (86.1)
PAIR-001311,GST,GST-KA-BLRR-2024-000002,VEDA DEVICES WORKS,FACTORY,KFBIS-FAC-BLRR-2024-000076,M/S Aditya Chem Co,561203,38,NO_MATCH,27.6,83.2,25,0,False,reject/no-match candidate: weak name similarity (27.6); similar address/PIN (83.2)
PAIR-001312,UDYAM,UDYAM-KR-BLRU-2025-000028,Varun Enterprises,LABOUR,LAB-KA-BLRU-2022-000141,Aarohi Bakery Associates,560076,38,NO_MATCH,34.1,77.2,25,0,False,reject/no-match candidate: weak name similarity (34.1); similar address/PIN (77.2)
PAIR-001313,SHOP,KAR-SHOP-BLRU-2018-000046,M/S Sri Agro Industries,LABOUR,LAB-KA-BLRU-2023-000025,Varun Entp,560076,38,NO_MATCH,27.6,82.0,25,0,False,reject/no-match candidate: weak name similarity (27.6); similar address/PIN (82.0)
PAIR-001314,UDYAM,UDYAM-KR-MYS-2022-000153,Prakruthi Stores LLP,BBMP,BBMP-TL-NORT-2024-000113,M/S Nandi Meals Enterprises,570016,38,NO_MATCH,30.8,80.3,25,0,False,reject/no-match candidate: weak name similarity (30.8); similar address/PIN (80.3)
PAIR-001315,GST,GST-KA-MYS-2024-000167,Veda Cafe Industries,BBMP,BBMP-TL-NORT-2023-000099,Sinidhi LLP,570016,38,NO_MATCH,29.6,80.1,25,0,False,reject/no-match candidate: weak name similarity (29.6); similar address/PIN (80.1)
PAIR-001316,SHOP,KAR-SHOP-BLRR-2021-000006,Srinidhi rans Works,UDYAM,UDYAM-KR-BLRR-2022-000049,Mysore Cargo olutions,562114,37,NO_MATCH,25.0,83.9,25,0,False,reject/no-match candidate: weak name similarity (25.0); similar address/PIN (83.9)
PAIR-001317,BBMP,BBMP-TL-EAST-2024-000117,M/S Prakruthi Packaging Works,UDYAM,UDYAM-KR-BLRU-2023-000065,M/S Udupi Logistics Company,560043,37,NO_MATCH,30.0,76.7,25,0,False,reject/no-match candidate: weak name similarity (30.0); similar address/PIN (76.7)
PAIR-001318,SHOP,KAR-SHOP-BLRU-2025-000148,M/S Ravi Logistics Solutions,BBMP,BBMP-TL-SOUT-2018-000029,M/S Bharath Biryani Pvt Ltd,560076,37,NO_MATCH,20.5,88.7,25,0,False,reject/no-match candidate: weak name similarity (20.5); similar address/PIN (88.7)
PAIR-001319,LABOUR,LAB-KA-BLRU-2021-000044,Sharma Biryani Pvt Ltd,GST,GST-KA-BLRU-2020-000151,PRAKRUTHI BITES COMPANY,560068,37,NO_MATCH,27.6,81.8,25,0,False,reject/no-match candidate: weak name similarity (27.6); similar address/PIN (81.8)
PAIR-001320,SHOP,KAR-SHOP-TUM-2017-000115,Vijaya Fashions Works,LABOUR,LAB-KA-TUM-2016-000047,Sharma CNC Enterprises,572106,37,NO_MATCH,23.3,86.9,25,0,False,reject/no-match candidate: weak name similarity (23.3); similar address/PIN (86.9)
PAIR-001321,SHOP,KAR-SHOP-BLRR-2016-000011,Nandi Trans Solutions,LABOUR,LAB-KA-BLRR-2017-000093,Siddhi Warehouse Inds,561203,37,NO_MATCH,19.0,90.7,25,0,False,reject/no-match candidate: weak name similarity (19.0); similar address/PIN (90.7)
PAIR-001322,SHOP,KAR-SHOP-BLRU-2025-000015,Sri Devices Solutions,GST,GST-KA-BLRU-2024-000142,SRI PVT LTD,560102,37,NO_MATCH,25.0,83.2,25,0,False,reject/no-match candidate: weak name similarity (25.0); similar address/PIN (83.2)
PAIR-001323,LABOUR,LAB-KA-BLRU-2024-000011,Sri Devices Solutions,GST,GST-KA-BLRU-2024-000142,SRI PVT LTD,560102,37,NO_MATCH,25.0,82.4,25,0,False,reject/no-match candidate: weak name similarity (25.0); similar address/PIN (82.4)
PAIR-001324,BBMP,BBMP-TL-BOMM-2019-000008,Sri Devices Slutions,SHOP,KAR-SHOP-BLRU-2018-000121,Sri Pvt. td.,560102,37,NO_MATCH,38.5,67.4,25,0,False,reject/no-match candidate: weak name similarity (38.5)
PAIR-001325,LABOUR,LAB-KA-BLRU-2016-000115,Harsha LLP,FACTORY,KFBIS-FAC-BLRU-2023-000030,M/S Veda Devices Co,560034,37,NO_MATCH,22.2,85.2,25,0,False,reject/no-match candidate: weak name similarity (22.2); similar address/PIN (85.2)
PAIR-001326,FACTORY,KFBIS-FAC-BLRU-2017-000139,Ganesh Coatings LLP,KSPCB,PCB/BLRU/CTO/2025/00027,Veda Devices Co,560034,37,NO_MATCH,22.2,87.3,25,0,False,reject/no-match candidate: weak name similarity (22.2); similar address/PIN (87.3)
PAIR-001327,FACTORY,KFBIS-FAC-BLRU-2018-000073,M/S Udupi Circuits LLP,LABOUR,LAB-KA-BLRU-2025-000064,Udupi Logistics Company,560043,37,NO_MATCH,55.2,82.7,0,0,False,reject/no-match candidate: medium name similarity (55.2); similar address/PIN (82.7); no shared identifier available
PAIR-001328,FACTORY,KFBIS-FAC-BLRU-2017-000042,M/S Kaveri Labs Pvt Ltd,UDYAM,UDYAM-KR-BLRU-2024-000040,SRINIDHI COMPANY,560037,37,NO_MATCH,21.1,87.2,25,0,False,reject/no-match candidate: weak name similarity (21.1); similar address/PIN (87.2)
PAIR-001329,KSPCB,PCB/BLRU/CTE/2025/00114,Siddhi Packaging Entp,BBMP,BBMP-TL-MAHA-2015-000007,Mysore Mold Solutions,560066,37,NO_MATCH,14.3,94.8,25,0,False,reject/no-match candidate: weak name similarity (14.3); similar address/PIN (94.8)
PAIR-001330,SHOP,KAR-SHOP-BLRU-2023-000179,Ananya Cafe Enterprises,GST,GST-KA-BLRU-2021-000097,Kaveri Cargo Solutions,560058,37,NO_MATCH,31.1,76.7,25,0,False,reject/no-match candidate: weak name similarity (31.1); similar address/PIN (76.7)
PAIR-001331,FACTORY,KFBIS-FAC-MYS-2019-000005,Naveen Systems Pvt Ltd,KSPCB,PCB/MYS/CTO/2019/00126,Prakruthi Packaging Enterprises,570001,37,NO_MATCH,26.7,82.0,25,0,False,reject/no-match candidate: weak name similarity (26.7); similar address/PIN (82.0)
PAIR-001332,GST,GST-KA-BLRR-2025-000153,Uupi Electronics LLP,KSPCB,PCB/BLRR/CTE/2017/00145,M/S Navya Industrial Co,562110,37,NO_MATCH,25.0,81.1,25,0,False,reject/no-match candidate: weak name similarity (25.0); similar address/PIN (81.1)
PAIR-001333,BBMP,BBMP-TL-BENG-2023-000025,M/S Aditya Medical Pvt Ltd,UDYAM,UDYAM-KR-BLRR-2015-000098,M/S Siddhi Industries,562114,37,NO_MATCH,25.8,80.9,25,0,False,reject/no-match candidate: weak name similarity (25.8); similar address/PIN (80.9)
PAIR-001334,GST,GST-KA-BLRU-2025-000189,M/S Mysore Biryani Associates,SHOP,KAR-SHOP-BLRU-2015-000130,Nisarga Trans Works,560066,37,NO_MATCH,18.2,91.9,25,0,False,reject/no-match candidate: weak name similarity (18.2); similar address/PIN (91.9)
PAIR-001335,GST,GST-KA-BLRU-2020-000221,Varun Traders,LABOUR,LAB-KA-BLRU-2023-000025,Varun Entp,560076,37,NO_MATCH,60.9,73.4,0,0,False,reject/no-match candidate: medium name similarity (60.9); no shared identifier available
PAIR-001336,KSPCB,PCB/BLRU/CTO/2020/00130,M/S Deccan Tools Traders,FACTORY,KFBIS-FAC-BLRU-2019-000009,Navya Devices Co,560068,37,NO_MATCH,24.2,82.1,25,0,False,reject/no-match candidate: weak name similarity (24.2); similar address/PIN (82.1)
PAIR-001337,BBMP,BBMP-TL-CENT-2021-000003,Mysore Bies Works,UDYAM,UDYAM-KR-MYS-2022-000102,M/S SAHANA WAREHOUSE TRADERS,570001,37,NO_MATCH,29.3,78.1,25,0,False,reject/no-match candidate: weak name similarity (29.3); similar address/PIN (78.1)
PAIR-001338,BBMP,BBMP-TL-DASA-2022-000122,Veda Apparels Company,UDYAM,UDYAM-KR-BLRU-2018-000035,Veda Pharma Associates,560058,37,NO_MATCH,57.1,78.3,0,0,False,reject/no-match candidate: medium name similarity (57.1); similar address/PIN (78.3); no shared identifier available
PAIR-001339,LABOUR,LAB-KA-BLRU-2019-000121,Veda Precision Company,BBMP,BBMP-TL-DASA-2021-000020,M/S Veda Pharma Associates,560058,37,NO_MATCH,55.6,81.2,0,0,False,reject/no-match candidate: medium name similarity (55.6); similar address/PIN (81.2); no shared identifier available
PAIR-001340,UDYAM,UDYAM-KR-BLRR-2023-000034,M/S Veda Stitch LLP,LABOUR,LAB-KA-BLRR-2024-000125,Navya Mold LLP,562114,37,NO_MATCH,28.6,79.6,25,0,False,reject/no-match candidate: weak name similarity (28.6); similar address/PIN (79.6)
PAIR-001341,SHOP,KAR-SHOP-BLRU-2025-000128,Veda Meds Works,UDYAM,UDYAM-KR-BLRU-2019-000124,Sree Pharma Pvt Ltd,560068,37,NO_MATCH,23.1,85.0,25,0,False,reject/no-match candidate: weak name similarity (23.1); similar address/PIN (85.0)
PAIR-001342,UDYAM,UDYAM-KR-BLRR-2020-000146,M/S LAKSHMI MEDS PVT LTD,BBMP,BBMP-TL-BENG-2022-000045,M/S Srinidhi Co,562110,37,NO_MATCH,30.0,77.8,25,0,False,reject/no-match candidate: weak name similarity (30.0); similar address/PIN (77.8)
PAIR-001343,BBMP,BBMP-TL-BENG-2016-000042,M/S Aarohi Medical Works,LABOUR,LAB-KA-BLRR-2016-000063,Srinidhi Co,562110,37,NO_MATCH,21.4,87.5,25,0,False,reject/no-match candidate: weak name similarity (21.4); similar address/PIN (87.5)
PAIR-001344,LABOUR,LAB-KA-BLRU-2023-000090,Lakshmi Solvents Company,KSPCB,PCB/BLRU/CTO/2022/00046,Kaveri Pvt Ltd,560029,37,NO_MATCH,27.3,81.6,25,0,False,reject/no-match candidate: weak name similarity (27.3); similar address/PIN (81.6)
PAIR-001345,BBMP,BBMP-TL-SOUT-2021-000081,M/S Nisarga Clinic LLP,GST,GST-KA-BLRU-2020-000212,Nisarga Printers Pvt. Ltd.,560066,37,NO_MATCH,66.7,66.7,0,0,False,reject/no-match candidate: medium name similarity (66.7); no shared identifier available
PAIR-001346,SHOP,KAR-SHOP-BLRU-2018-000016,Sree Solutions,GST,GST-KA-BLRU-2025-000194,M/S Ananya Labs Enterprises,560085,37,NO_MATCH,21.6,88.9,25,0,False,reject/no-match candidate: weak name similarity (21.6); similar address/PIN (88.9)
PAIR-001347,SHOP,KAR-SHOP-BLRU-2015-000190,Aditya Meds Co,BBMP,BBMP-TL-YELA-2015-000125,Omkar Health Entp,560064,37,NO_MATCH,28.6,78.5,25,0,False,reject/no-match candidate: weak name similarity (28.6); similar address/PIN (78.5)
PAIR-001348,KSPCB,PCB/BLRR/CTE/2015/00068,M/S Aditya Chem Co,LABOUR,LAB-KA-BLRR-2017-000089,Varun Inds Inds,561203,37,NO_MATCH,23.1,83.6,25,0,False,reject/no-match candidate: weak name similarity (23.1); similar address/PIN (83.6)
PAIR-001349,FACTORY,KFBIS-FAC-BLRU-2020-000127,Nandi Moulding Company,SHOP,KAR-SHOP-BLRU-2018-000046,M/S Sri Agro Industries,560076,37,NO_MATCH,24.2,85.0,25,0,False,reject/no-match candidate: weak name similarity (24.2); similar address/PIN (85.0)
PAIR-001350,GST,GST-KA-BLRU-2015-000230,Nandi Moulding Company,SHOP,KAR-SHOP-BLRU-2018-000046,M/S Sri Agro Industries,560076,37,NO_MATCH,24.2,83.9,25,0,False,reject/no-match candidate: weak name similarity (24.2); similar address/PIN (83.9)
PAIR-001351,GST,GST-KA-BLRU-2017-000100,M/S Udupi Logistics Company,LABOUR,LAB-KA-BLRU-2025-000140,Prakruthi Packaging Works,560043,36,NO_MATCH,30.0,71.5,25,0,False,reject/no-match candidate: weak name similarity (30.0)
PAIR-001352,SHOP,KAR-SHOP-BLRU-2016-000171,Veda Logistics Works,BBMP,BBMP-TL-SOUT-2018-000029,M/S Bharath Biryani Pvt Ltd,560076,36,NO_MATCH,22.9,83.4,25,0,False,reject/no-match candidate: weak name similarity (22.9); similar address/PIN (83.4)
PAIR-001353,GST,GST-KA-TUM-2023-000081,Bangalore Packaging Works,UDYAM,UDYAM-KR-TUM-2017-000105,Udupi Systems Traders,572101,36,NO_MATCH,13.0,93.1,25,0,False,reject/no-match candidate: weak name similarity (13.0); similar address/PIN (93.1)
PAIR-001354,GST,GST-KA-TUM-2025-000055,M/S Prakruthi CNC LLP,FACTORY,KFBIS-FAC-TUM-2021-000135,M/S Sree Tech Associates,572106,36,NO_MATCH,18.2,88.9,25,0,False,reject/no-match candidate: weak name similarity (18.2); similar address/PIN (88.9)
PAIR-001355,SHOP,KAR-SHOP-BLRR-2018-000151,Kaveri Meds Pv Ltd,BBMP,BBMP-TL-BENG-2019-000051,Lakshmi Pharma Works,562157,36,NO_MATCH,29.4,73.7,25,0,False,reject/no-match candidate: weak name similarity (29.4)
PAIR-001356,LABOUR,LAB-KA-BLRU-2025-000123,Prakruthi Clinic Pvt. Ltd.,BBMP,BBMP-TL-BOMM-2017-000131,Naveen Medical Solutions,560102,36,NO_MATCH,25.0,79.8,25,0,False,reject/no-match candidate: weak name similarity (25.0); similar address/PIN (79.8)
PAIR-001357,FACTORY,KFBIS-FAC-MYS-2020-000097,Aarohi Solutions,KSPCB,PCB/MYS/CTE/2017/00138,Harsha Pvt Ltd,570016,36,NO_MATCH,27.3,75.3,25,0,False,reject/no-match candidate: weak name similarity (27.3); similar address/PIN (75.3)
PAIR-001358,SHOP,KAR-SHOP-MYS-2016-000042,M/S Prakruthi Electronics Industries,GST,GST-KA-MYS-2019-000224,M/S Omkar Coatings Pvt Ltd,570016,36,NO_MATCH,26.1,78.1,25,0,False,reject/no-match candidate: weak name similarity (26.1); similar address/PIN (78.1)
PAIR-001359,UDYAM,UDYAM-KR-BLRU-2018-000084,Siddhi Warehouse Solutions,SHOP,KAR-SHOP-BLRU-2025-000208,M/S Udupi Cafe Pvt Ltd,560102,36,NO_MATCH,27.8,74.9,25,0,False,reject/no-match candidate: weak name similarity (27.8)
PAIR-001360,LABOUR,LAB-KA-BLRR-2021-000017,Omkar LLP,GST,GST-KA-BLRR-2025-000201,Bangalore LLP,561203,36,NO_MATCH,28.6,72.9,25,0,False,reject/no-match candidate: weak name similarity (28.6)
PAIR-001361,BBMP,BBMP-TL-TUMA-2016-000028,Bangalore Co,LABOUR,LAB-KA-TUM-2020-000077,M/S Srinidhi Bites Co,572106,36,NO_MATCH,17.4,86.6,25,0,False,reject/no-match candidate: weak name similarity (17.4); similar address/PIN (86.6)
PAIR-001362,UDYAM,UDYAM-KR-BLRU-2023-000065,M/S Udupi Logistics Company,FACTORY,KFBIS-FAC-BLRU-2018-000073,M/S Udupi Circuits LLP,560043,36,NO_MATCH,55.2,77.8,0,0,False,reject/no-match candidate: medium name similarity (55.2); similar address/PIN (77.8); no shared identifier available
PAIR-001363,KSPCB,PCB/MYS/CTO/2016/00010,M/S Prakruthi Packaging Solutions,LABOUR,LAB-KA-MYS-2022-000148,M/S Prakruthi Stores LLP,570016,36,NO_MATCH,57.8,74.2,0,0,False,reject/no-match candidate: medium name similarity (57.8); no shared identifier available
PAIR-001364,UDYAM,UDYAM-KR-BLRR-2023-000009,MEGHANA WAREHOUSE TRADERS,SHOP,KAR-SHOP-BLRR-2020-000113,Ganesh Kitchen LLP,562110,36,NO_MATCH,25.6,76.7,25,0,False,reject/no-match candidate: weak name similarity (25.6); similar address/PIN (76.7)
PAIR-001365,SHOP,KAR-SHOP-BLRR-2020-000113,Ganesh Kitchen LLP,LABOUR,LAB-KA-BLRR-2019-000008,M/S Mysore Cafe Traders,562110,36,NO_MATCH,18.2,86.3,25,0,False,reject/no-match candidate: weak name similarity (18.2); similar address/PIN (86.3)
PAIR-001366,SHOP,KAR-SHOP-BLRU-2019-000093,M/S Harsha Works Co,UDYAM,UDYAM-KR-BLRU-2025-000077,M/S Ananya CNC LLP,560037,36,NO_MATCH,27.3,76.7,25,0,False,reject/no-match candidate: weak name similarity (27.3); similar address/PIN (76.7)
PAIR-001367,FACTORY,KFBIS-FAC-BLRU-2025-000012,Harsha Biryani Works,KSPCB,PCB/BLRU/CTO/2017/00020,Harsha Packaging Enterprises,560059,36,NO_MATCH,45.8,90.0,0,0,False,reject/no-match candidate: weak name similarity (45.8); similar address/PIN (90.0); no shared identifier available
PAIR-001368,LABOUR,LAB-KA-BLRR-2018-000065,Kaveri Textiles Enterprises,GST,GST-KA-BLRR-2018-000253,Navya Industrial Co,562110,36,NO_MATCH,23.3,79.2,25,0,False,reject/no-match candidate: weak name similarity (23.3); similar address/PIN (79.2)
PAIR-001369,SHOP,KAR-SHOP-BLRR-2022-000162,M/S Kaveri Associates,UDYAM,UDYAM-KR-BLRR-2023-000095,UDUPI ELECTRONICS LLP,562110,36,NO_MATCH,17.6,87.2,25,0,False,reject/no-match candidate: weak name similarity (17.6); similar address/PIN (87.2)
PAIR-001370,KSPCB,PCB/BLRR/CTE/2019/00005,Srinidhi Trans Works,LABOUR,LAB-KA-BLRR-2021-000031,Srinidhi Labs Industries,562114,36,NO_MATCH,54.5,79.4,0,0,False,reject/no-match candidate: weak name similarity (54.5); similar address/PIN (79.4); no shared identifier available
PAIR-001371,GST,GST-KA-BLRU-2025-000071,M/S DECCAN PACKAGING TRADERS,FACTORY,KFBIS-FAC-BLRU-2025-000090,Lakshmi Solvents Company,560029,36,NO_MATCH,20.0,84.8,25,0,False,reject/no-match candidate: weak name similarity (20.0); similar address/PIN (84.8)
PAIR-001372,BBMP,BBMP-TL-WEST-2020-000009,Harsha Biryani Works,KSPCB,PCB/BLRU/CTE/2022/00054,Nisarga Industrial Co,560024,36,NO_MATCH,36.8,63.3,25,0,False,reject/no-match candidate: weak name similarity (36.8)
PAIR-001373,SHOP,KAR-SHOP-BLRU-2023-000059,Veda Kitchen Industries,UDYAM,UDYAM-KR-BLRU-2019-000114,Prakruthi Biryani Solutions,560064,36,NO_MATCH,24.0,81.7,25,0,False,reject/no-match candidate: weak name similarity (24.0); similar address/PIN (81.7)
PAIR-001374,BBMP,BBMP-TL-SOUT-2015-000102,Veda Logistics Works,SHOP,KAR-SHOP-BLRU-2015-000061,Bharath Biryani Pvt Ltd,560076,35,NO_MATCH,22.9,76.1,25,0,False,reject/no-match candidate: weak name similarity (22.9); similar address/PIN (76.1)
PAIR-001375,UDYAM,UDYAM-KR-TUM-2015-000022,Kaveri Press Enterprises,GST,GST-KA-TUM-2025-000162,M/S Udupi Systems Traders,572101,35,NO_MATCH,17.8,84.4,25,0,False,reject/no-match candidate: weak name similarity (17.8); similar address/PIN (84.4)
PAIR-001376,SHOP,KAR-SHOP-TUM-2024-000030,M/S Kaveri Press Entp,FACTORY,KFBIS-FAC-TUM-2019-000054,Bangalore Packaging Works,572101,35,NO_MATCH,19.0,82.7,25,0,False,reject/no-match candidate: weak name similarity (19.0); similar address/PIN (82.7)
PAIR-001377,FACTORY,KFBIS-FAC-BLRU-2017-000045,Sharma Stitch Enterprises,UDYAM,UDYAM-KR-BLRU-2016-000011,NAVYA DEVICES CO,560058,35,NO_MATCH,36.8,62.5,25,0,False,reject/no-match candidate: weak name similarity (36.8)
PAIR-001378,KSPCB,PCB/TUM/CTE/2022/00122,Harsha Works,UDYAM,UDYAM-KR-TUM-2024-000039,Prakruthi CNC LLP,572106,35,NO_MATCH,16.0,84.8,25,0,False,reject/no-match candidate: weak name similarity (16.0); similar address/PIN (84.8)
PAIR-001379,UDYAM,UDYAM-KR-BLRU-2024-000063,Kaveri Cargo Solutions,SHOP,KAR-SHOP-BLRU-2025-000206,Naveen Kitchen Pvt Ltd,560078,35,NO_MATCH,33.3,66.0,25,0,False,reject/no-match candidate: weak name similarity (33.3)
PAIR-001380,LABOUR,LAB-KA-MYS-2016-000041,Bangalore Works,UDYAM,UDYAM-KR-MYS-2020-000099,AAROHI SOLUTIONS,570016,35,NO_MATCH,19.4,83.7,25,0,False,reject/no-match candidate: weak name similarity (19.4); similar address/PIN (83.7)
PAIR-001381,UDYAM,UDYAM-KR-BLRU-2018-000084,Siddhi Warehouse Solutions,FACTORY,KFBIS-FAC-BLRU-2016-000083,Nisarga Trans Enterprises,560102,35,NO_MATCH,27.5,73.7,25,0,False,reject/no-match candidate: weak name similarity (27.5)
PAIR-001382,BBMP,BBMP-TL-BOMM-2016-000021,Sree Dine Co,LABOUR,LAB-KA-BLRU-2020-000150,Udupi Cafe Pvt Ltd,560102,35,NO_MATCH,10.5,92.7,25,0,False,reject/no-match candidate: weak name similarity (10.5); similar address/PIN (92.7)
PAIR-001383,SHOP,KAR-SHOP-BLRU-2016-000076,Bangalore Care Works,GST,GST-KA-BLRU-2020-000221,Varun Traders,560076,35,NO_MATCH,30.3,70.0,25,0,False,reject/no-match candidate: weak name similarity (30.3)
PAIR-001384,BBMP,BBMP-TL-SOUT-2021-000081,M/S Nisarga Clinic LLP,UDYAM,UDYAM-KR-BLRU-2020-000133,BANGALORE TRADERS,560066,35,NO_MATCH,25.8,72.4,25,0,False,reject/no-match candidate: weak name similarity (25.8)
PAIR-001385,GST,GST-KA-BLRU-2018-000214,Bangalore Traders,BBMP,BBMP-TL-SOUT-2021-000081,M/S Nisarga Clinic LLP,560066,35,NO_MATCH,25.8,74.5,25,0,False,reject/no-match candidate: weak name similarity (25.8)
PAIR-001386,SHOP,KAR-SHOP-BLRU-2022-000017,Harsha Biryani Works,UDYAM,UDYAM-KR-BLRU-2016-000030,Harsha Packaging Enterprises,560059,35,NO_MATCH,45.8,85.8,0,0,False,reject/no-match candidate: weak name similarity (45.8); similar address/PIN (85.8); no shared identifier available
PAIR-001387,UDYAM,UDYAM-KR-BLRU-2021-000159,Kaveri Catings Solutions,SHOP,KAR-SHOP-BLRU-2017-000107,Bangalore Apparels Enterprises,560064,35,NO_MATCH,22.2,77.9,25,0,False,reject/no-match candidate: weak name similarity (22.2); similar address/PIN (77.9)
PAIR-001388,GST,GST-KA-BLRU-2019-000250,Kaveri Coatings Solutions,UDYAM,UDYAM-KR-BLRU-2023-000141,Harsha Works,560064,35,NO_MATCH,10.8,90.4,25,0,False,reject/no-match candidate: weak name similarity (10.8); similar address/PIN (90.4)
PAIR-001389,LABOUR,LAB-KA-BLRU-2020-000066,M/S Aarohi Bakery Industries,FACTORY,KFBIS-FAC-BLRU-2019-000015,Asha Co,560064,35,NO_MATCH,14.3,89.3,25,0,False,reject/no-match candidate: weak name similarity (14.3); similar address/PIN (89.3)
PAIR-001390,GST,GST-KA-BLRU-2015-000119,M/S MYSORE INDUSTRIES,KSPCB,PCB/BLRU/CTE/2016/00040,M/S Ananya Labs Pvt Ltd,560085,35,NO_MATCH,14.3,87.5,25,0,False,reject/no-match candidate: weak name similarity (14.3); similar address/PIN (87.5)
PAIR-001391,BBMP,BBMP-TL-YELA-2025-000053,M/S Varun Meals Solutions,FACTORY,KFBIS-FAC-BLRU-2019-000115,M/S Sidhi Entp,560064,35,NO_MATCH,12.9,88.6,25,0,False,reject/no-match candidate: weak name similarity (12.9); similar address/PIN (88.6)
PAIR-001392,BBMP,BBMP-TL-NORT-2019-000054,Siddhi Supply LLP,SHOP,KAR-SHOP-MYS-2023-000142,Veda Cafe Industries,570016,35,NO_MATCH,18.2,85.0,25,0,False,reject/no-match candidate: weak name similarity (18.2); similar address/PIN (85.0)
PAIR-001393,FACTORY,KFBIS-FAC-BLRU-2023-000059,Nandi Bakery Pvt Ltd,GST,GST-KA-BLRU-2020-000196,Veda Precision Company,560058,34,NO_MATCH,7.7,90.0,25,0,False,reject/no-match candidate: weak name similarity (7.7); similar address/PIN (90.0)
PAIR-001394,UDYAM,UDYAM-KR-BLRU-2018-000056,M/SAnanya Solutions,BBMP,BBMP-TL-YELA-2017-000083,M/S Ravi TextilesCompany,560024,34,NO_MATCH,20.5,75.3,25,0,False,reject/no-match candidate: weak name similarity (20.5); similar address/PIN (75.3)
PAIR-001395,SHOP,KAR-SHOP-MYS-2023-000056,Ravi Co,FACTORY,KFBIS-FAC-MYS-2023-000043,M/S Bangalore Works,570016,34,NO_MATCH,10.5,89.2,25,0,False,reject/no-match candidate: weak name similarity (10.5); similar address/PIN (89.2)
PAIR-001396,KSPCB,PCB/MYS/CTO/2019/00126,Prakruthi Packaging Enterprises,UDYAM,UDYAM-KR-MYS-2021-000081,M/S Asha Bakery Co,570001,34,NO_MATCH,19.0,77.3,25,0,False,reject/no-match candidate: weak name similarity (19.0); similar address/PIN (77.3)
PAIR-001397,KSPCB,PCB/BLRU/CTE/2023/00051,Harsha Tools Associates,SHOP,KAR-SHOP-BLRU-2023-000173,Veda Print Enterprises,560001,34,NO_MATCH,31.1,63.1,25,0,False,reject/no-match candidate: weak name similarity (31.1)
PAIR-001398,SHOP,KAR-SHOP-BLRU-2015-000130,Nisarga Trans Works,BBMP,BBMP-TL-SOUT-2021-000081,M/S Nisarga Clinic LLP,560066,34,NO_MATCH,54.5,72.5,0,0,False,reject/no-match candidate: weak name similarity (54.5); no shared identifier available
PAIR-001399,UDYAM,UDYAM-KR-BLRU-2024-000063,Kaveri Cargo Solutions,KSPCB,PCB/BLRU/CTO/2017/00102,M/S Kaveri Components Enterprises,560078,34,NO_MATCH,47.1,79.9,0,0,False,reject/no-match candidate: weak name similarity (47.1); similar address/PIN (79.9); no shared identifier available
PAIR-001400,UDYAM,UDYAM-KR-BLRU-2018-000004,Siddhi Cafe Inds,GST,GST-KA-BLRU-2021-000229,Prakruthi Packaging Works,560100,33,NO_MATCH,39.0,51.4,25,0,False,reject/no-match candidate: weak name similarity (39.0)
PAIR-001401,LABOUR,LAB-KA-BLRU-2016-000003,Siddhi Cafe Industries,GST,GST-KA-BLRU-2021-000229,Prakruthi Packaging Works,560100,33,NO_MATCH,34.0,57.9,25,0,False,reject/no-match candidate: weak name similarity (34.0)
PAIR-001402,GST,GST-KA-BLRU-2021-000229,Prakruthi Packaging Works,KSPCB,PCB/BLRU/CTO/2020/00004,Siddhi Cafe Industries,560100,33,NO_MATCH,34.0,58.1,25,0,False,reject/no-match candidate: weak name similarity (34.0)
PAIR-001403,BBMP,BBMP-TL-SOUT-2018-000110,Ganesh Care Company,SHOP,KAR-SHOP-BLRU-2017-000180,M/S Bangalore Traders,560034,33,NO_MATCH,28.6,63.6,25,0,False,reject/no-match candidate: weak name similarity (28.6)
PAIR-001404,SHOP,KAR-SHOP-BLRU-2023-000187,Asha CNC LLP,BBMP,BBMP-TL-SOUT-2016-000011,M/S Varun Textiles Industries,560043,33,NO_MATCH,24.2,68.5,25,0,False,reject/no-match candidate: weak name similarity (24.2)
PAIR-001405,FACTORY,KFBIS-FAC-BLRU-2016-000022,M/S Omkar Pvt Ltd,LABOUR,LAB-KA-BLRU-2023-000026,Naveen Company,560043,33,NO_MATCH,18.2,75.5,25,0,False,reject/no-match candidate: weak name similarity (18.2); similar address/PIN (75.5)
PAIR-001406,LABOUR,LAB-KA-MYS-2015-000009,M/S Praruthi Packaging Solutions,GST,GST-KA-MYS-2023-000032,ADITYA CIRCUITS WORKS,570016,33,NO_MATCH,16.3,77.9,25,0,False,reject/no-match candidate: weak name similarity (16.3); similar address/PIN (77.9)
PAIR-001407,GST,GST-KA-BLRU-2019-000080,M/S Mysore Fashions Enterprises,UDYAM,UDYAM-KR-BLRU-2018-000150,Mysore Health Industries,560064,33,NO_MATCH,54.9,66.7,0,0,False,reject/no-match candidate: weak name similarity (54.9); no shared identifier available
PAIR-001408,BBMP,BBMP-TL-SOUT-2017-000090,M/S Bharath Cargo Pvt Ltd,LABOUR,LAB-KA-BLRU-2025-000028,BharathMachining Company,560034,33,NO_MATCH,62.1,57.9,0,0,False,reject/no-match candidate: medium name similarity (62.1); no shared identifier available
PAIR-001409,FACTORY,KFBIS-FAC-BLRU-2015-000023,M/S Harsha Packaging Enterprises,SHOP,KAR-SHOP-BLRU-2022-000017,Harsha Biryani Works,560059,33,NO_MATCH,41.7,81.4,0,0,False,reject/no-match candidate: weak name similarity (41.7); similar address/PIN (81.4); no shared identifier available
PAIR-001410,GST,GST-KA-BLRU-2024-000077,ADITYA GARMENTS INDUSTRIES,FACTORY,KFBIS-FAC-BLRU-2019-000015,Asha Co,560064,33,NO_MATCH,13.3,81.2,25,0,False,reject/no-match candidate: weak name similarity (13.3); similar address/PIN (81.2)
PAIR-001411,KSPCB,PCB/BLRU/CTE/2020/00142,Kaveri Coatings Solutions,UDYAM,UDYAM-KR-BLRU-2023-000141,Harsha Works,560064,33,NO_MATCH,10.8,85.0,25,0,False,reject/no-match candidate: weak name similarity (10.8); similar address/PIN (85.0)
PAIR-001412,GST,GST-KA-BLRU-2021-000244,Nandi Moulding Company,LABOUR,LAB-KA-BLRU-2025-000056,Harsha Tools Associates,560001,33,NO_MATCH,10.8,82.6,25,0,False,reject/no-match candidate: weak name similarity (10.8); similar address/PIN (82.6)
PAIR-001413,LABOUR,LAB-KA-BLRU-2019-000149,Nandi MouldingCo,UDYAM,UDYAM-KR-BLRU-2018-000080,Sharma Electronics Solutions,560001,33,NO_MATCH,9.1,84.3,25,0,False,reject/no-match candidate: weak name similarity (9.1); similar address/PIN (84.3)
PAIR-001414,BBMP,BBMP-TL-SOUT-2019-000073,Veda Meds Works,SHOP,KAR-SHOP-BLRU-2024-000136,Nisarga Clinic LLP,560068,33,NO_MATCH,13.8,80.0,25,0,False,reject/no-match candidate: weak name similarity (13.8); similar address/PIN (80.0)
PAIR-001415,LABOUR,LAB-KA-BLRU-2018-000132,Nisarga Printers Pvt Ltd,BBMP,BBMP-TL-SOUT-2021-000081,M/S Nisarga Clinic LLP,560066,33,NO_MATCH,66.7,51.7,0,0,False,reject/no-match candidate: medium name similarity (66.7); no shared identifier available
PAIR-001416,GST,GST-KA-TUM-2018-000033,Kaveri Press Entp,LABOUR,LAB-KA-TUM-2019-000053,Bangalore Packaging Works,572101,32,NO_MATCH,19.0,71.0,25,0,False,reject/no-match candidate: weak name similarity (19.0)
PAIR-001417,UDYAM,UDYAM-KR-BLRU-2017-000134,Ganesh Care Co,SHOP,KAR-SHOP-BLRU-2022-000100,Udupi Pharma Works,560034,32,NO_MATCH,20.7,67.9,25,0,False,reject/no-match candidate: weak name similarity (20.7)
PAIR-001418,SHOP,KAR-SHOP-TUM-2025-000152,M/S Veda LLP,LABOUR,LAB-KA-TUM-2020-000019,M/S Nandi Stores LLP,572101,32,NO_MATCH,12.5,78.2,25,0,False,reject/no-match candidate: weak name similarity (12.5); similar address/PIN (78.2)
PAIR-001419,SHOP,KAR-SHOP-BLRU-2022-000004,Sree Logistics Pvt Ltd,GST,GST-KA-BLRU-2025-000245,M/S Udupi Cafe Pvt Ltd,560102,32,NO_MATCH,8.3,81.4,25,0,False,reject/no-match candidate: weak name similarity (8.3); similar address/PIN (81.4)
PAIR-001420,BBMP,BBMP-TL-YELA-2017-000038,Aditya Garments Industries,SHOP,KAR-SHOP-BLRU-2015-000190,Aditya Meds Co,560064,32,NO_MATCH,54.1,63.7,0,0,False,reject/no-match candidate: weak name similarity (54.1); no shared identifier available
PAIR-001421,FACTORY,KFBIS-FAC-BLRU-2019-000006,Siddhi Industrial Industries,KSPCB,PCB/BLRU/CTE/2019/00060,Omkar Agro Co,560100,32,NO_MATCH,10.5,79.4,25,0,False,reject/no-match candidate: weak name similarity (10.5); similar address/PIN (79.4)
PAIR-001422,SHOP,KAR-SHOP-BLRU-2024-000005,Siddhi Cafe Inds,LABOUR,LAB-KA-BLRU-2017-000113,Asha Enterprises,560037,32,NO_MATCH,25.0,64.5,25,0,False,reject/no-match candidate: weak name similarity (25.0)
PAIR-001423,KSPCB,PCB/TUM/CTE/2023/00047,Bangalore ackaging Works,GST,GST-KA-TUM-2018-000033,Kaveri Press Entp,572101,31,NO_MATCH,24.4,61.3,25,0,False,reject/no-match candidate: weak name similarity (24.4)
PAIR-001424,BBMP,BBMP-TL-SOUT-2018-000110,Ganesh Care Company,SHOP,KAR-SHOP-BLRU-2022-000100,Udupi Pharma Works,560034,31,NO_MATCH,20.7,64.1,25,0,False,reject/no-match candidate: weak name similarity (20.7)
PAIR-001425,KSPCB,PCB/BLRU/CTO/2020/00132,Veda Appaels Company,SHOP,KAR-SHOP-BLRU-2022-000075,Nandi Bakery Pvt Ltd,560058,31,NO_MATCH,8.3,77.2,25,0,False,reject/no-match candidate: weak name similarity (8.3); similar address/PIN (77.2)
PAIR-001426,BBMP,BBMP-TL-SOUT-2018-000093,M/S Nisarga Clinic Solutions,GST,GST-KA-BLRU-2015-000148,Nisarga Trans Works,560029,31,NO_MATCH,51.2,62.6,0,0,False,reject/no-match candidate: weak name similarity (51.2); no shared identifier available
PAIR-001427,SHOP,KAR-SHOP-BLRU-2019-000037,M/S Naveen Company,GST,GST-KA-BLRU-2025-000086,PRAKRUTHI PACKAGING INDUSTRIES,560043,31,NO_MATCH,11.1,74.3,25,0,False,reject/no-match candidate: weak name similarity (11.1)
PAIR-001428,SHOP,KAR-SHOP-BLRU-2015-000190,Aditya Meds Co,LABOUR,LAB-KA-BLRU-2018-000048,Aditya Garments Industries,560064,31,NO_MATCH,59.5,53.0,0,0,False,reject/no-match candidate: medium name similarity (59.5); no shared identifier available
PAIR-001429,SHOP,KAR-SHOP-BLRU-2023-000155,M/S Bharath Cargo Pvt Ltd,LABOUR,LAB-KA-BLRU-2025-000028,BharathMachining Company,560034,31,NO_MATCH,62.1,47.7,0,0,False,reject/no-match candidate: medium name similarity (62.1); no shared identifier available
PAIR-001430,UDYAM,UDYAM-KR-BLRU-2019-000137,ASHA CNC LLP,SHOP,KAR-SHOP-BLRU-2017-000050,Sri Spices Solutions,560001,31,NO_MATCH,28.6,54.2,25,0,False,reject/no-match candidate: weak name similarity (28.6)
PAIR-001431,SHOP,KAR-SHOP-BLRU-2015-000190,Aditya Meds Co,GST,GST-KA-BLRU-2024-000243,M/S Omkar Healt Entp,560064,31,NO_MATCH,29.6,54.9,25,0,False,reject/no-match candidate: weak name similarity (29.6)
PAIR-001432,UDYAM,UDYAM-KR-BLRU-2024-000117,M/S KAVERI COMPONENTS ENTP,SHOP,KAR-SHOP-BLRU-2022-000096,Siddhi Pvt Ltd,560078,30,NO_MATCH,7.1,76.7,25,0,False,reject/no-match candidate: weak name similarity (7.1); similar address/PIN (76.7)
PAIR-001433,GST,GST-KA-BLRU-2017-000091,Nisarga Industrial Co,SHOP,KAR-SHOP-BLRU-2015-000200,Lakshmi Kitchen Pvt Ltd,560024,30,NO_MATCH,6.1,76.0,25,0,False,reject/no-match candidate: weak name similarity (6.1); similar address/PIN (76.0)
PAIR-001434,GST,GST-KA-BLRU-2025-000007,Ganesh Dine LLP,KSPCB,PCB/BLRU/CTE/2019/00137,Udupi Cafe Pvt Ltd,560085,30,NO_MATCH,19.0,63.1,25,0,False,reject/no-match candidate: weak name similarity (19.0)
PAIR-001435,GST,GST-KA-BLRU-2016-000116,Sahana Kitchen Solutions,LABOUR,LAB-KA-BLRU-2025-000140,Prakruthi Packaging Works,560043,29,NO_MATCH,28.6,47.3,25,0,False,reject/no-match candidate: weak name similarity (28.6)
PAIR-001436,UDYAM,UDYAM-KR-BLRU-2019-000137,ASHA CNC LLP,SHOP,KAR-SHOP-BLRU-2023-000173,Veda Print Enterprises,560001,29,NO_MATCH,20.0,58.2,25,0,False,reject/no-match candidate: weak name similarity (20.0)
PAIR-001437,GST,GST-KA-BLRU-2021-000186,Kaveri Components Entp,UDYAM,UDYAM-KR-BLRU-2024-000063,Kaveri Cargo Solutions,560078,29,NO_MATCH,54.5,49.2,0,0,False,reject/no-match candidate: weak name similarity (54.5); no shared identifier available
PAIR-001438,LABOUR,LAB-KA-BLRU-2025-000028,BharathMachining Company,FACTORY,KFBIS-FAC-BLRU-2023-000030,M/S Veda Devices Co,560034,28,NO_MATCH,14.3,60.4,25,0,False,reject/no-match candidate: weak name similarity (14.3)
PAIR-001439,KSPCB,PCB/BLRU/CTO/2025/00027,Veda Devices Co,LABOUR,LAB-KA-BLRU-2025-000028,BharathMachining Company,560034,28,NO_MATCH,14.3,60.0,25,0,False,reject/no-match candidate: weak name similarity (14.3)
PAIR-001440,FACTORY,KFBIS-FAC-MYS-2017-000118,M/S Aditya Polymers Associates,KSPCB,PCB/MYS/CTE/2016/00084,Sharma Pvt Ltd,570001,28,NO_MATCH,12.5,60.5,25,0,False,reject/no-match candidate: weak name similarity (12.5)
PAIR-001441,BBMP,BBMP-TL-TUMA-2018-000091,M/S Aditya Labels Enterprises,GST,GST-KA-TUM-2019-000238,M/S Aditya Wors,572106,27,NO_MATCH,44.4,53.5,0,0,False,reject/no-match candidate: weak name similarity (44.4); no shared identifier available
PAIR-001442,BBMP,BBMP-TL-SOUT-2016-000011,M/S Varun Textiles Industries,SHOP,KAR-SHOP-BLRU-2021-000034,Omkar Pvt Ltd,560043,26,NO_MATCH,13.3,52.3,25,0,False,reject/no-match candidate: weak name similarity (13.3)
PAIR-001443,GST,GST-KA-BLRU-2021-000003,Asha Trans LLP,KSPCB,PCB/BLRU/CTE/2019/00137,Udupi Cafe Pvt Ltd,560085,25,NO_MATCH,10.0,51.5,25,0,False,reject/no-match candidate: weak name similarity (10.0)
