candidate_pair_id,left_source_system,left_record_id,left_business_name,right_source_system,right_record_id,right_business_name,pin_code,match_score,decision,name_score,address_score,identifier_score,phone_score,same_entity_ground_truth,explanation
PAIR-000285,GST,GST-KA-BLRU-2019-000080,M/S Mysore Fashions Enterprises,FACTORY,KFBIS-FAC-BLRU-2023-000053,Mysore Fashions Entp,560064,84,HUMAN_REVIEW,85.1,100,95,0,True,requires human review: high name similarity (85.1); similar address/PIN (100); strong hashed PAN/GSTIN/Udyam match
PAIR-000286,KSPCB,PCB/BLRR/CTO/2015/00087,Udupi Electronics LLP,LABOUR,LAB-KA-BLRR-2023-000098,Udupi Electronics LP,562110,84,HUMAN_REVIEW,91.9,93.5,95,0,True,requires human review: high name similarity (91.9); similar address/PIN (93.5); strong hashed PAN/GSTIN/Udyam match
PAIR-000287,GST,GST-KA-BLRU-2016-000176,Sree Toos LLP,LABOUR,LAB-KA-BLRU-2019-000114,Sree Tools LLP,560064|560066,84,HUMAN_REVIEW,94.7,89.3,95,0,True,requires human review: high name similarity (94.7); similar address/PIN (89.3); strong hashed PAN/GSTIN/Udyam match
PAIR-000288,FACTORY,KFBIS-FAC-BLRU-2024-000117,Veda Print Enterprises,KSPCB,PCB/BLRU/CTO/2021/00115,M/S Veda Print Entp,560029,84,HUMAN_REVIEW,81.1,100,100,0,True,requires human review: high name similarity (81.1); similar address/PIN (100); strong hashed PAN/GSTIN/Udyam match
PAIR-000289,KSPCB,PCB/BLRU/CTO/2021/00115,M/S Veda Print Entp,UDYAM,UDYAM-KR-BLRU-2015-000128,Veda Print Enterprises,560029,84,HUMAN_REVIEW,81.1,100,100,0,True,requires human review: high name similarity (81.1); similar address/PIN (100); strong hashed PAN/GSTIN/Udyam match
PAIR-000290,SHOP,KAR-SHOP-BLRU-2018-000026,M/S Meghana Bites Associates,UDYAM,UDYAM-KR-BLRU-2025-000020,Meghana Bites Associates,560085,83,HUMAN_REVIEW,100.0,100,80,0,True,requires human review: high name similarity (100.0); similar address/PIN (100); strong hashed PAN/GSTIN/Udyam match
PAIR-000291,BBMP,BBMP-TL-WEST-2019-000031,Prakruthi Care Industries,SHOP,KAR-SHOP-BLRU-2023-000064,Prakruthi Care Industries,560059,83,HUMAN_REVIEW,100.0,100,80,0,True,requires human review: high name similarity (100.0); similar address/PIN (100); strong hashed PAN/GSTIN/Udyam match
PAIR-000292,GST,GST-KA-BLRU-2017-000091,Nisarga Industrial Co,KSPCB,PCB/BLRU/CTE/2022/00054,Nisarga Industrial Co,560024,83,HUMAN_REVIEW,100.0,100,80,0,True,requires human review: high name similarity (100.0); similar address/PIN (100); strong hashed PAN/GSTIN/Udyam match
PAIR-000293,UDYAM,UDYAM-KR-BLRU-2016-000069,M/S Udupi Circuits LLP,FACTORY,KFBIS-FAC-BLRU-2018-000073,M/S Udupi Circuits LLP,560043,83,HUMAN_REVIEW,100.0,100,80,0,True,requires human review: high name similarity (100.0); similar address/PIN (100); strong hashed PAN/GSTIN/Udyam match
PAIR-000294,LABOUR,LAB-KA-BLRU-2017-000083,Nisarga Trans Enterprises,KSPCB,PCB/BLRU/CTO/2015/00079,M/S Nisarga Trans Entp,560024,83,HUMAN_REVIEW,83.7,97.2,95,0,True,requires human review: high name similarity (83.7); similar address/PIN (97.2); strong hashed PAN/GSTIN/Udyam match
PAIR-000295,KSPCB,PCB/BLRU/CTO/2015/00079,M/S Nisarga Trans Entp,GST,GST-KA-BLRU-2023-000135,Nisarga Trans Enterprises,560024,83,HUMAN_REVIEW,83.7,97.2,95,0,True,requires human review: high name similarity (83.7); similar address/PIN (97.2); strong hashed PAN/GSTIN/Udyam match
PAIR-000296,GST,GST-KA-BLRU-2024-000185,SHARMA PRINT ENTERPRISES,UDYAM,UDYAM-KR-BLRU-2018-000116,Sharma Print Enterprises,560085,83,HUMAN_REVIEW,100.0,100,80,0,True,requires human review: high name similarity (100.0); similar address/PIN (100); strong hashed PAN/GSTIN/Udyam match
PAIR-000297,BBMP,BBMP-TL-SOUT-2021-000097,M/S Sree Pharma Pv Ltd,SHOP,KAR-SHOP-BLRU-2023-000166,Sree Pharma Pvt. Ltd.,560068,83,HUMAN_REVIEW,88.0,93.5,95,0,True,requires human review: high name similarity (88.0); similar address/PIN (93.5); strong hashed PAN/GSTIN/Udyam match
PAIR-000298,KSPCB,PCB/BLRU/CTO/2017/00134,Varun Systems Solutions,UDYAM,UDYAM-KR-BLRU-2017-000151,Varun Systems Solutions,560100,83,HUMAN_REVIEW,100.0,100,80,0,True,requires human review: high name similarity (100.0); similar address/PIN (100); strong hashed PAN/GSTIN/Udyam match
PAIR-000299,KSPCB,PCB/MYS/CTO/2022/00146,Nisarga Circuits Enterprises,UDYAM,UDYAM-KR-MYS-2024-000163,M/S Nisarga Circuits Enterprises,570018,83,HUMAN_REVIEW,100.0,100,80,0,True,requires human review: high name similarity (100.0); similar address/PIN (100); strong hashed PAN/GSTIN/Udyam match
PAIR-000300,UDYAM,UDYAM-KR-BLRU-2018-000004,Siddhi Cafe Inds,KSPCB,PCB/BLRU/CTO/2020/00004,Siddhi Cafe Industries,560100,82,HUMAN_REVIEW,84.2,93.5,95,0,True,requires human review: high name similarity (84.2); similar address/PIN (93.5); strong hashed PAN/GSTIN/Udyam match
PAIR-000301,GST,GST-KA-BLRU-2024-000070,Sharma Biryani Pvt. Ltd.,UDYAM,UDYAM-KR-BLRU-2018-000048,Sharma Biryani Pvt Ltd,560068,82,HUMAN_REVIEW,100.0,95.5,80,0,True,requires human review: high name similarity (100.0); similar address/PIN (95.5); strong hashed PAN/GSTIN/Udyam match
PAIR-000302,UDYAM,UDYAM-KR-BLRU-2022-000058,Prakruthi Electronics Industries,FACTORY,KFBIS-FAC-BLRU-2025-000061,Prakruthi Electonics Industries,560076,82,HUMAN_REVIEW,98.4,97.0,80,0,True,requires human review: high name similarity (98.4); similar address/PIN (97.0); strong hashed PAN/GSTIN/Udyam match
PAIR-000303,UDYAM,UDYAM-KR-BLRU-2017-000093,Meghana Moulding Industries,SHOP,KAR-SHOP-BLRU-2017-000131,Meghana Moulding Indstries,560058,82,HUMAN_REVIEW,98.1,96.7,80,0,True,requires human review: high name similarity (98.1); similar address/PIN (96.7); strong hashed PAN/GSTIN/Udyam match
PAIR-000304,GST,GST-KA-BLRU-2016-000023,M/S Mysore Enterprises,UDYAM,UDYAM-KR-BLRU-2023-000016,MYSORE ENTP,560102,81,HUMAN_REVIEW,75.9,91.6,100,0,True,requires human review: medium name similarity (75.9); similar address/PIN (91.6); strong hashed PAN/GSTIN/Udyam match
PAIR-000305,KSPCB,PCB/BLRU/CTE/2024/00018,Omkar Pvt Ltd,GST,GST-KA-BLRU-2017-000038,Omkar Pvt Ld,560043,81,HUMAN_REVIEW,76.9,100,95,0,True,requires human review: medium name similarity (76.9); similar address/PIN (100); strong hashed PAN/GSTIN/Udyam match
PAIR-000306,UDYAM,UDYAM-KR-BLRU-2022-000026,M/S Omkar Pvt Ltd,GST,GST-KA-BLRU-2017-000038,Omkar Pvt Ld,560043,81,HUMAN_REVIEW,76.9,100,95,0,True,requires human review: medium name similarity (76.9); similar address/PIN (100); strong hashed PAN/GSTIN/Udyam match
PAIR-000307,UDYAM,UDYAM-KR-BLRU-2024-000104,Lakshmi Electronics LLP,GST,GST-KA-BLRU-2020-000161,Lakshmi Elec LLP,560024,80,HUMAN_REVIEW,77.4,92.1,95,0,True,requires human review: medium name similarity (77.4); similar address/PIN (92.1); strong hashed PAN/GSTIN/Udyam match
PAIR-000308,FACTORY,KFBIS-FAC-BLRU-2015-000017,Mysore Enterprises,UDYAM,UDYAM-KR-BLRU-2023-000016,MYSORE ENTP,560102,79,HUMAN_REVIEW,75.9,91.6,95,0,True,requires human review: medium name similarity (75.9); similar address/PIN (91.6); strong hashed PAN/GSTIN/Udyam match
PAIR-000309,BBMP,BBMP-TL-EAST-2023-000071,Nisarga Enterprises,FACTORY,KFBIS-FAC-BLRU-2016-000089,M/S Nisarga Entp,560001|560064,78,HUMAN_REVIEW,77.4,85.4,95,0,True,requires human review: medium name similarity (77.4); similar address/PIN (85.4); strong hashed PAN/GSTIN/Udyam match
PAIR-000310,UDYAM,UDYAM-KR-BLRU-2024-000072,M/S Mysore Industries,KSPCB,PCB/BLRU/CTE/2018/00069,Mysore Inds,560085,77,HUMAN_REVIEW,78.6,100,80,0,True,requires human review: medium name similarity (78.6); similar address/PIN (100); strong hashed PAN/GSTIN/Udyam match
PAIR-000311,GST,GST-KA-BLRR-2024-000002,VEDA DEVICES WORKS,KSPCB,PCB/BLRR/CTE/2021/00001,Veda Devices Works,561203,74,HUMAN_REVIEW,100.0,100,25,100,True,requires human review: high name similarity (100.0); similar address/PIN (100); same phone number
PAIR-000312,FACTORY,KFBIS-FAC-MYS-2018-000003,Deccan Industries,SHOP,KAR-SHOP-MYS-2024-000003,Deccan Industries,570001,74,HUMAN_REVIEW,100.0,100,25,100,True,requires human review: high name similarity (100.0); similar address/PIN (100); same phone number
PAIR-000313,SHOP,KAR-SHOP-MYS-2024-000003,Deccan Industries,KSPCB,PCB/MYS/CTO/2018/00003,M/S Deccan Industries,570001,74,HUMAN_REVIEW,100.0,100,25,100,True,requires human review: high name similarity (100.0); similar address/PIN (100); same phone number
PAIR-000314,GST,GST-KA-BLRU-2019-000008,Naveen Fashions Traders,SHOP,KAR-SHOP-BLRU-2025-000008,Naveen Fashions Traders,560076,74,HUMAN_REVIEW,100.0,100,25,100,True,requires human review: high name similarity (100.0); similar address/PIN (100); same phone number
PAIR-000315,FACTORY,KFBIS-FAC-BLRU-2023-000004,Naveen Fashions Traders,SHOP,KAR-SHOP-BLRU-2025-000008,Naveen Fashions Traders,560076,74,HUMAN_REVIEW,100.0,100,25,100,True,requires human review: high name similarity (100.0); similar address/PIN (100); same phone number
PAIR-000316,GST,GST-KA-MYS-2024-000009,MYSORE BITES WORKS,SHOP,KAR-SHOP-MYS-2015-000009,Mysore Bites Works,570001,74,HUMAN_REVIEW,100.0,100,25,100,True,requires human review: high name similarity (100.0); similar address/PIN (100); same phone number
PAIR-000317,GST,GST-KA-MYS-2023-000032,ADITYA CIRCUITS WORKS,SHOP,KAR-SHOP-MYS-2025-000029,M/S Aditya Circuits Works,570016,74,HUMAN_REVIEW,100.0,100,25,100,True,requires human review: high name similarity (100.0); similar address/PIN (100); same phone number
PAIR-000318,UDYAM,UDYAM-KR-MYS-2017-000023,Aarohi Solutions,BBMP,BBMP-TL-NORT-2020-000014,Aarohi Solutions,570016,74,HUMAN_REVIEW,100.0,100,25,100,True,requires human review: high name similarity (100.0); similar address/PIN (100); same phone number
PAIR-000319,LABOUR,LAB-KA-BLRU-2022-000023,Nandi Solvents LLP,KSPCB,PCB/BLRU/CTE/2016/00017,Nandi Solvents LLP,560100,74,HUMAN_REVIEW,100.0,100,25,100,True,requires human review: high name similarity (100.0); similar address/PIN (100); same phone number
PAIR-000320,KSPCB,PCB/BLRU/CTE/2016/00017,Nandi Solvents LLP,GST,GST-KA-BLRU-2024-000037,Nandi Solvents LLP,560100,74,HUMAN_REVIEW,100.0,99.3,25,100,True,requires human review: high name similarity (100.0); similar address/PIN (99.3); same phone number
PAIR-000321,GST,GST-KA-BLRU-2024-000037,Nandi Solvents LLP,FACTORY,KFBIS-FAC-BLRU-2024-000021,Nandi Solvents LLP,560100,74,HUMAN_REVIEW,100.0,100,25,100,True,requires human review: high name similarity (100.0); similar address/PIN (100); same phone number
PAIR-000322,LABOUR,LAB-KA-BLRU-2024-000024,Omkar Pvt Ltd,FACTORY,KFBIS-FAC-BLRU-2016-000022,M/S Omkar Pvt Ltd,560043,74,HUMAN_REVIEW,100.0,100,25,100,True,requires human review: high name similarity (100.0); similar address/PIN (100); same phone number
PAIR-000323,UDYAM,UDYAM-KR-BLRU-2021-000031,SRINIDHI MILLING TRADERS,SHOP,KAR-SHOP-BLRU-2022-000039,Srinidhi Milling Traders,560037,74,HUMAN_REVIEW,100.0,100,25,100,True,requires human review: high name similarity (100.0); similar address/PIN (100); same phone number
PAIR-000324,UDYAM,UDYAM-KR-BLRU-2018-000033,Siddhi Systems LLP,LABOUR,LAB-KA-BLRU-2021-000029,Siddhi Systems LLP,560043,74,HUMAN_REVIEW,100.0,100,25,100,True,requires human review: high name similarity (100.0); similar address/PIN (100); same phone number
PAIR-000325,BBMP,BBMP-TL-BENG-2016-000019,Veda Stitch LLP,KSPCB,PCB/BLRR/CTE/2019/00024,M/S Veda Stitch LLP,562114,74,HUMAN_REVIEW,100.0,100,25,100,True,requires human review: high name similarity (100.0); similar address/PIN (100); same phone number
PAIR-000326,BBMP,BBMP-TL-BENG-2016-000019,Veda Stitch LLP,GST,GST-KA-BLRR-2025-000048,Veda Stitch LLP,562114,74,HUMAN_REVIEW,100.0,100,25,100,True,requires human review: high name similarity (100.0); similar address/PIN (100); same phone number
PAIR-000327,GST,GST-KA-BLRR-2018-000049,M/S Srinidhi Labs Industries,FACTORY,KFBIS-FAC-BLRR-2025-000028,Srinidhi Labs Industries,562114,74,HUMAN_REVIEW,100.0,100,25,100,True,requires human review: high name similarity (100.0); similar address/PIN (100); same phone number
PAIR-000328,UDYAM,UDYAM-KR-BLRU-2018-000035,Veda Pharma Associates,BBMP,BBMP-TL-DASA-2021-000020,M/S Veda Pharma Associates,560058,74,HUMAN_REVIEW,100.0,100,25,100,True,requires human review: high name similarity (100.0); similar address/PIN (100); same phone number
PAIR-000329,GST,GST-KA-TUM-2025-000055,M/S Prakruthi CNC LLP,UDYAM,UDYAM-KR-TUM-2024-000039,Prakruthi CNC LLP,572106,74,HUMAN_REVIEW,100.0,100,25,100,True,requires human review: high name similarity (100.0); similar address/PIN (100); same phone number
PAIR-000330,FACTORY,KFBIS-FAC-BLRU-2022-000038,Meghana Wear Traders,GST,GST-KA-BLRU-2015-000062,M/S Meghana Wear Traders,560058,74,HUMAN_REVIEW,100.0,100,25,100,True,requires human review: high name similarity (100.0); similar address/PIN (100); same phone number
PAIR-000331,LABOUR,LAB-KA-BLRU-2023-000038,M/S Meghana Wear Traders,BBMP,BBMP-TL-DASA-2015-000026,Meghana Wear Traders,560058,74,HUMAN_REVIEW,100.0,100,25,100,True,requires human review: high name similarity (100.0); similar address/PIN (100); same phone number
PAIR-000332,FACTORY,KFBIS-FAC-MYS-2018-000041,M/S Mysore Works,GST,GST-KA-MYS-2018-000064,Mysore Works,570018,74,HUMAN_REVIEW,100.0,100,25,100,True,requires human review: high name similarity (100.0); similar address/PIN (100); same phone number
PAIR-000333,FACTORY,KFBIS-FAC-MYS-2018-000041,M/S Mysore Works,UDYAM,UDYAM-KR-MYS-2018-000044,M/S Mysore Works,570018,74,HUMAN_REVIEW,100.0,100,25,100,True,requires human review: high name similarity (100.0); similar address/PIN (100); same phone number
PAIR-000334,LABOUR,LAB-KA-BLRU-2023-000043,Kaveri Systems Pvt. Ltd.,FACTORY,KFBIS-FAC-BLRU-2017-000046,Kaveri Systems Pvt Ltd,560102,74,HUMAN_REVIEW,100.0,99.1,25,100,True,requires human review: high name similarity (100.0); similar address/PIN (99.1); same phone number
PAIR-000335,FACTORY,KFBIS-FAC-BLRU-2023-000047,M/S Deccan Packaging Traders,GST,GST-KA-BLRU-2025-000071,M/S DECCAN PACKAGING TRADERS,560029,74,HUMAN_REVIEW,100.0,100,25,100,True,requires human review: high name similarity (100.0); similar address/PIN (100); same phone number
PAIR-000336,FACTORY,KFBIS-FAC-BLRU-2017-000049,M/S Ananya Labs Pvt Ltd,KSPCB,PCB/BLRU/CTE/2016/00040,M/S Ananya Labs Pvt Ltd,560085,74,HUMAN_REVIEW,100.0,100,25,100,True,requires human review: high name similarity (100.0); similar address/PIN (100); same phone number
PAIR-000337,GST,GST-KA-BLRU-2015-000083,Naveen Polymers Solutions,FACTORY,KFBIS-FAC-BLRU-2021-000056,Naveen Polymers Solutions,560102,74,HUMAN_REVIEW,100.0,100,25,100,True,requires human review: high name similarity (100.0); similar address/PIN (100); same phone number
PAIR-000338,GST,GST-KA-BLRU-2017-000088,Ravi Solutions,KSPCB,PCB/BLRU/CTE/2022/00053,Ravi Solutions,560034,74,HUMAN_REVIEW,100.0,100,25,100,True,requires human review: high name similarity (100.0); similar address/PIN (100); same phone number
PAIR-000339,FACTORY,KFBIS-FAC-BLRU-2020-000063,M/S Sree Clinic Industries,SHOP,KAR-SHOP-BLRU-2016-000080,Sree Clinic Industries,560102,74,HUMAN_REVIEW,100.0,100,25,100,True,requires human review: high name similarity (100.0); similar address/PIN (100); same phone number
PAIR-000340,SHOP,KAR-SHOP-BLRR-2021-000086,Srinidhi Co,BBMP,BBMP-TL-BENG-2022-000045,M/S Srinidhi Co,562110,74,HUMAN_REVIEW,100.0,99.7,25,100,True,requires human review: high name similarity (100.0); similar address/PIN (99.7); same phone number
PAIR-000341,UDYAM,UDYAM-KR-BLRU-2015-000062,M/S Sri Devices LLP,KSPCB,PCB/BLRU/CTO/2022/00057,M/S Sri Devices LLP,560043,74,HUMAN_REVIEW,100.0,100,25,100,True,requires human review: high name similarity (100.0); similar address/PIN (100); same phone number
PAIR-000342,GST,GST-KA-BLRU-2015-000102,Aarohi Bakery Industries,BBMP,BBMP-TL-YELA-2019-000048,Aarohi Bakery Industries,560064,74,HUMAN_REVIEW,100.0,100,25,100,True,requires human review: high name similarity (100.0); similar address/PIN (100); same phone number
PAIR-000343,KSPCB,PCB/BLRU/CTE/2019/00060,Omkar Agro Co,SHOP,KAR-SHOP-BLRU-2021-000091,Omkar Agro Co,560100,74,HUMAN_REVIEW,100.0,100,25,100,True,requires human review: high name similarity (100.0); similar address/PIN (100); same phone number
PAIR-000344,KSPCB,PCB/BLRU/CTO/2022/00062,Omkar Agro Co,FACTORY,KFBIS-FAC-BLRU-2021-000070,Omkar Agro Company,560068,74,HUMAN_REVIEW,100.0,100,25,100,True,requires human review: high name similarity (100.0); similar address/PIN (100); same phone number
PAIR-000345,GST,GST-KA-MYS-2021-000113,Bangalore Company,KSPCB,PCB/MYS/CTO/2017/00065,M/S Bangalore Company,570001,74,HUMAN_REVIEW,100.0,100,25,100,True,requires human review: high name similarity (100.0); similar address/PIN (100); same phone number
PAIR-000346,UDYAM,UDYAM-KR-BLRR-2017-000071,LAKSHMI GRAPHICS SOLUTIONS,KSPCB,PCB/BLRR/CTO/2019/00066,Lakshmi Graphics Solutions,562114,74,HUMAN_REVIEW,100.0,100,25,100,True,requires human review: high name similarity (100.0); similar address/PIN (100); same phone number
PAIR-000347,SHOP,KAR-SHOP-BLRU-2025-000108,M/S Ananya CNC LLP,LABOUR,LAB-KA-BLRU-2015-000078,Ananya CNC LLP,560037,74,HUMAN_REVIEW,100.0,100,25,100,True,requires human review: high name similarity (100.0); similar address/PIN (100); same phone number
PAIR-000348,BBMP,BBMP-TL-BENG-2023-000059,Asha Clinic Solutions,SHOP,KAR-SHOP-BLRR-2020-000109,Asha Clinic Solutions,562114,74,HUMAN_REVIEW,100.0,100,25,100,True,requires human review: high name similarity (100.0); similar address/PIN (100); same phone number
PAIR-000349,FACTORY,KFBIS-FAC-BLRU-2022-000080,Sahana Kitchen Solutions,SHOP,KAR-SHOP-BLRU-2022-000110,M/S Sahana Kitchen Solutions,560058,74,HUMAN_REVIEW,100.0,100,25,100,True,requires human review: high name similarity (100.0); similar address/PIN (100); same phone number
PAIR-000350,KSPCB,PCB/BLRU/CTO/2023/00077,Bharath Spices LLP,SHOP,KAR-SHOP-BLRU-2018-000114,Bharath Spices LLP,560066,74,HUMAN_REVIEW,100.0,100,25,100,True,requires human review: high name similarity (100.0); similar address/PIN (100); same phone number
PAIR-000351,SHOP,KAR-SHOP-BLRU-2018-000114,Bharath Spices LLP,FACTORY,KFBIS-FAC-BLRU-2019-000081,Bharath Spices LLP,560066,74,HUMAN_REVIEW,100.0,100,25,100,True,requires human review: high name similarity (100.0); similar address/PIN (100); same phone number
PAIR-000352,LABOUR,LAB-KA-TUM-2025-000081,Vijaya Fashions Works,SHOP,KAR-SHOP-TUM-2017-000115,Vijaya Fashions Works,572106,74,HUMAN_REVIEW,100.0,100,25,100,True,requires human review: high name similarity (100.0); similar address/PIN (100); same phone number
PAIR-000353,LABOUR,LAB-KA-BLRU-2025-000085,Prakruthi LLP,GST,GST-KA-BLRU-2023-000136,M/S PRAKRUTHI LLP,560085,74,HUMAN_REVIEW,100.0,100,25,100,True,requires human review: high name similarity (100.0); similar address/PIN (100); same phone number
PAIR-000354,UDYAM,UDYAM-KR-MYS-2023-000085,M/S Sree Associates,KSPCB,PCB/MYS/CTO/2020/00080,M/S Sree Associates,570018,74,HUMAN_REVIEW,100.0,100,25,100,True,requires human review: high name similarity (100.0); similar address/PIN (100); same phone number
PAIR-000355,BBMP,BBMP-TL-SOUT-2019-000070,Sharma Pvt Ltd,SHOP,KAR-SHOP-MYS-2021-000124,Sharma Pvt. Ltd.,570018,74,HUMAN_REVIEW,100.0,99.4,25,100,True,requires human review: high name similarity (100.0); similar address/PIN (99.4); same phone number
PAIR-000356,BBMP,BBMP-TL-MAHA-2022-000072,Sahana Apparels Co,LABOUR,LAB-KA-BLRU-2019-000091,Sahana Apparels Co,560037,74,HUMAN_REVIEW,100.0,100,25,100,True,requires human review: high name similarity (100.0); similar address/PIN (100); same phone number
PAIR-000357,BBMP,BBMP-TL-SOUT-2019-000073,Veda Meds Works,LABOUR,LAB-KA-BLRU-2017-000092,M/S Veda Meds Works,560068,74,HUMAN_REVIEW,100.0,100,25,100,True,requires human review: high name similarity (100.0); similar address/PIN (100); same phone number
PAIR-000358,LABOUR,LAB-KA-BLRU-2017-000092,M/S Veda Meds Works,SHOP,KAR-SHOP-BLRU-2025-000128,Veda Meds Works,560068,74,HUMAN_REVIEW,100.0,100,25,100,True,requires human review: high name similarity (100.0); similar address/PIN (100); same phone number
PAIR-000359,LABOUR,LAB-KA-BLRU-2019-000097,M/S Sri Foods Company,SHOP,KAR-SHOP-BLRU-2016-000132,Sri Foods Company,560100,74,HUMAN_REVIEW,100.0,99.8,25,100,True,requires human review: high name similarity (100.0); similar address/PIN (99.8); same phone number
PAIR-000360,BBMP,BBMP-TL-SOUT-2019-000078,M/S Harsha Meals Associates,LABOUR,LAB-KA-MYS-2016-000099,Harsha Meals Associates,570018,74,HUMAN_REVIEW,100.0,100,25,100,True,requires human review: high name similarity (100.0); similar address/PIN (100); same phone number
PAIR-000361,BBMP,BBMP-TL-SOUT-2019-000078,M/S Harsha Meals Associates,SHOP,KAR-SHOP-MYS-2022-000134,Harsha Meals Associates,570018,74,HUMAN_REVIEW,100.0,100,25,100,True,requires human review: high name similarity (100.0); similar address/PIN (100); same phone number
PAIR-000362,KSPCB,PCB/BLRU/CTE/2020/00089,Deccan Coatings Associates,UDYAM,UDYAM-KR-BLRU-2016-000101,Deccan Coatings Associates,560102,74,HUMAN_REVIEW,100.0,99.5,25,100,True,requires human review: high name similarity (100.0); similar address/PIN (99.5); same phone number
PAIR-000363,LABOUR,LAB-KA-BLRU-2016-000101,Deccan Coatings Associates,UDYAM,UDYAM-KR-BLRU-2016-000101,Deccan Coatings Associates,560102,74,HUMAN_REVIEW,100.0,100,25,100,True,requires human review: high name similarity (100.0); similar address/PIN (100); same phone number
PAIR-000364,SHOP,KAR-SHOP-BLRR-2019-000144,M/S Navya Precision Traders,FACTORY,KFBIS-FAC-BLRR-2023-000101,Navya Precision Traders,562157,74,HUMAN_REVIEW,100.0,100,25,100,True,requires human review: high name similarity (100.0); similar address/PIN (100); same phone number
PAIR-000365,LABOUR,LAB-KA-BLRU-2022-000112,Ravi Logistics Solutions,GST,GST-KA-BLRU-2024-000174,M/S Ravi Logistics Solutions,560076,74,HUMAN_REVIEW,100.0,100,25,100,True,requires human review: high name similarity (100.0); similar address/PIN (100); same phone number
PAIR-000366,GST,GST-KA-BLRU-2024-000174,M/S Ravi Logistics Solutions,SHOP,KAR-SHOP-BLRU-2025-000148,M/S Ravi Logistics Solutions,560076,74,HUMAN_REVIEW,100.0,99.7,25,100,True,requires human review: high name similarity (100.0); similar address/PIN (99.7); same phone number
PAIR-000367,LABOUR,LAB-KA-BLRU-2016-000115,Harsha LLP,GST,GST-KA-BLRU-2023-000177,Harsha LLP,560034,74,HUMAN_REVIEW,100.0,100,25,100,True,requires human review: high name similarity (100.0); similar address/PIN (100); same phone number
PAIR-000368,UDYAM,UDYAM-KR-TUM-2021-000112,Lakshmi Medical LLP,LABOUR,LAB-KA-TUM-2024-000116,Lakshmi Medical LLP,572101,74,HUMAN_REVIEW,100.0,99.8,25,100,True,requires human review: high name similarity (100.0); similar address/PIN (99.8); same phone number
PAIR-000369,GST,GST-KA-BLRU-2022-000184,BHARATH CARGO PVT LTD,BBMP,BBMP-TL-SOUT-2017-000090,M/S Bharath Cargo Pvt Ltd,560034,74,HUMAN_REVIEW,100.0,100,25,100,True,requires human review: high name similarity (100.0); similar address/PIN (100); same phone number
PAIR-000370,SHOP,KAR-SHOP-BLRU-2015-000156,Sharma Print Enterprises,GST,GST-KA-BLRU-2024-000185,SHARMA PRINT ENTERPRISES,560085,74,HUMAN_REVIEW,100.0,100,25,100,True,requires human review: high name similarity (100.0); similar address/PIN (100); same phone number
PAIR-000371,UDYAM,UDYAM-KR-BLRU-2021-000123,DECCAN PRECISION CO,KSPCB,PCB/BLRU/CTO/2025/00110,Deccan Precision Co,560066,74,HUMAN_REVIEW,100.0,99.4,25,100,True,requires human review: high name similarity (100.0); similar address/PIN (99.4); same phone number
PAIR-000372,UDYAM,UDYAM-KR-BLRU-2021-000123,DECCAN PRECISION CO,FACTORY,KFBIS-FAC-BLRU-2016-000112,Deccan Precision Co,560066,74,HUMAN_REVIEW,100.0,100,25,100,True,requires human review: high name similarity (100.0); similar address/PIN (100); same phone number
PAIR-000373,SHOP,KAR-SHOP-MYS-2021-000168,M/S Srinidhi LLP,UDYAM,UDYAM-KR-MYS-2019-000125,SRINIDHI LLP,570016,74,HUMAN_REVIEW,100.0,100,25,100,True,requires human review: high name similarity (100.0); similar address/PIN (100); same phone number
PAIR-000374,GST,GST-KA-MYS-2019-000202,M/S Srinidhi LLP,UDYAM,UDYAM-KR-MYS-2019-000125,SRINIDHI LLP,570016,74,HUMAN_REVIEW,100.0,100,25,100,True,requires human review: high name similarity (100.0); similar address/PIN (100); same phone number
PAIR-000375,FACTORY,KFBIS-FAC-BLRR-2021-000114,Navya Mold LLP,LABOUR,LAB-KA-BLRR-2024-000125,Navya Mold LLP,562114,74,HUMAN_REVIEW,100.0,100,25,100,True,requires human review: high name similarity (100.0); similar address/PIN (100); same phone number
PAIR-000376,LABOUR,LAB-KA-BLRR-2024-000125,Navya Mold LLP,SHOP,KAR-SHOP-BLRR-2017-000169,Navya Mold LLP,562114,74,HUMAN_REVIEW,100.0,100,25,100,True,requires human review: high name similarity (100.0); similar address/PIN (100); same phone number
PAIR-000377,SHOP,KAR-SHOP-BLRR-2019-000174,Meghana Spices LLP,UDYAM,UDYAM-KR-BLRR-2015-000129,M/S Meghana Spices LLP,562114,74,HUMAN_REVIEW,100.0,99.1,25,100,True,requires human review: high name similarity (100.0); similar address/PIN (99.1); same phone number
PAIR-000378,UDYAM,UDYAM-KR-BLRR-2015-000129,M/S Meghana Spices LLP,BBMP,BBMP-TL-BENG-2020-000103,Meghana Spices LLP,562114,74,HUMAN_REVIEW,100.0,100,25,100,True,requires human review: high name similarity (100.0); similar address/PIN (100); same phone number
PAIR-000379,BBMP,BBMP-TL-BENG-2020-000103,Meghana Spices LLP,KSPCB,PCB/BLRR/CTE/2019/00116,Meghana Spices LLP,562114,74,HUMAN_REVIEW,100.0,100,25,100,True,requires human review: high name similarity (100.0); similar address/PIN (100); same phone number
PAIR-000380,SHOP,KAR-SHOP-BLRU-2016-000176,Sree Print Co,BBMP,BBMP-TL-BOMM-2022-000105,Sree Print Co,560102,74,HUMAN_REVIEW,100.0,100,25,100,True,requires human review: high name similarity (100.0); similar address/PIN (100); same phone number
PAIR-000381,SHOP,KAR-SHOP-BLRU-2019-000177,Vijaya Moulding Solutions,FACTORY,KFBIS-FAC-BLRU-2015-000121,Vijaya Moulding Solutions,560066,74,HUMAN_REVIEW,100.0,100,25,100,True,requires human review: high name similarity (100.0); similar address/PIN (100); same phone number
PAIR-000382,SHOP,KAR-SHOP-BLRU-2018-000181,Ganesh Care Company,UDYAM,UDYAM-KR-BLRU-2017-000134,Ganesh Care Co,560034,74,HUMAN_REVIEW,100.0,100,25,100,True,requires human review: high name similarity (100.0); similar address/PIN (100); same phone number
PAIR-000383,LABOUR,LAB-KA-BLRU-2025-000138,M/S Ananya Chem Industries,KSPCB,PCB/BLRU/CTO/2015/00127,Ananya Chem Industries,560059,74,HUMAN_REVIEW,100.0,100,25,100,True,requires human review: high name similarity (100.0); similar address/PIN (100); same phone number
PAIR-000384,LABOUR,LAB-KA-BLRU-2022-000139,M/S Harsha Works,SHOP,KAR-SHOP-BLRU-2023-000192,Harsha Works,560064,74,HUMAN_REVIEW,100.0,100,25,100,True,requires human review: high name similarity (100.0); similar address/PIN (100); same phone number
PAIR-000385,SHOP,KAR-SHOP-BLRU-2022-000195,Aarohi Bakery Associates,UDYAM,UDYAM-KR-BLRU-2022-000144,Aarohi Bakery Associates,560076,74,HUMAN_REVIEW,100.0,100,25,100,True,requires human review: high name similarity (100.0); similar address/PIN (100); same phone number
PAIR-000386,GST,GST-KA-BLRU-2021-000231,Aarohi Bakery Associates,LABOUR,LAB-KA-BLRU-2022-000141,Aarohi Bakery Associates,560076,74,HUMAN_REVIEW,100.0,100,25,100,True,requires human review: high name similarity (100.0); similar address/PIN (100); same phone number
PAIR-000387,UDYAM,UDYAM-KR-BLRU-2017-000151,Varun Systems Solutions,GST,GST-KA-BLRU-2025-000240,Varun Systems Solutions,560100,74,HUMAN_REVIEW,100.0,100,25,100,True,requires human review: high name similarity (100.0); similar address/PIN (100); same phone number
PAIR-000388,GST,GST-KA-BLRU-2025-000240,Varun Systems Solutions,SHOP,KAR-SHOP-BLRU-2016-000204,Varun Systems Solutions,560100,74,HUMAN_REVIEW,100.0,100,25,100,True,requires human review: high name similarity (100.0); similar address/PIN (100); same phone number
PAIR-000389,FACTORY,KFBIS-FAC-BLRU-2021-000132,M/S Varun Systems Solutions,SHOP,KAR-SHOP-BLRU-2016-000204,Varun Systems Solutions,560100,74,HUMAN_REVIEW,100.0,100,25,100,True,requires human review: high name similarity (100.0); similar address/PIN (100); same phone number
PAIR-000390,BBMP,BBMP-TL-MAHA-2018-000126,Bangalore Industries LLP,KSPCB,PCB/BLRU/CTE/2023/00140,M/S Bangalore Industries LLP,560066,74,HUMAN_REVIEW,100.0,100,25,100,True,requires human review: high name similarity (100.0); similar address/PIN (100); same phone number
PAIR-000391,LABOUR,LAB-KA-BLRU-2023-000152,Naveen Printers Solutions,KSPCB,PCB/BLRU/CTE/2017/00141,Naveen Printers Solutions,560059,74,HUMAN_REVIEW,100.0,100,25,100,True,requires human review: high name similarity (100.0); similar address/PIN (100); same phone number
PAIR-000392,LABOUR,LAB-KA-BLRU-2023-000152,Naveen Printers Solutions,BBMP,BBMP-TL-WEST-2017-000127,Naveen Printers Solutions,560059,74,HUMAN_REVIEW,100.0,100,25,100,True,requires human review: high name similarity (100.0); similar address/PIN (100); same phone number
PAIR-000393,FACTORY,KFBIS-FAC-MYS-2017-000142,Nisarga Circuits Enterprises,KSPCB,PCB/MYS/CTO/2022/00146,Nisarga Circuits Enterprises,570018,74,HUMAN_REVIEW,100.0,100,25,100,True,requires human review: high name similarity (100.0); similar address/PIN (100); same phone number
PAIR-000394,KSPCB,PCB/BLRU/CTE/2023/00147,Sree Enterprises,FACTORY,KFBIS-FAC-BLRU-2024-000143,Sree Enterprises,560100,74,HUMAN_REVIEW,100.0,100,25,100,True,requires human review: high name similarity (100.0); similar address/PIN (100); same phone number
PAIR-000395,KSPCB,PCB/BLRU/CTE/2023/00147,Sree Enterprises,BBMP,BBMP-TL-BOMM-2020-000130,Sree Enterprises,560100,74,HUMAN_REVIEW,100.0,100,25,100,True,requires human review: high name similarity (100.0); similar address/PIN (100); same phone number
PAIR-000396,SHOP,KAR-SHOP-BLRU-2021-000217,Varun Industries,KSPCB,PCB/BLRU/CTE/2021/00148,Varun Industries,560078,74,HUMAN_REVIEW,100.0,100,25,100,True,requires human review: high name similarity (100.0); similar address/PIN (100); same phone number
PAIR-000397,BBMP,BBMP-TL-BOMM-2017-000131,Naveen Medical Solutions,GST,GST-KA-BLRU-2019-000258,Naveen Medical Solutions,560102,74,HUMAN_REVIEW,100.0,100,25,100,True,requires human review: high name similarity (100.0); similar address/PIN (100); same phone number
PAIR-000398,UDYAM,UDYAM-KR-BLRU-2024-000002,Sharma Coatings Co,GST,GST-KA-BLRU-2022-000004,Sharma Coatings Co,560059,73,HUMAN_REVIEW,100.0,96.3,25,100,True,requires human review: high name similarity (100.0); similar address/PIN (96.3); same phone number
PAIR-000399,KSPCB,PCB/MYS/CTO/2018/00003,M/S Deccan Industries,LABOUR,LAB-KA-MYS-2016-000002,Deccan Industres,570001,73,HUMAN_REVIEW,97.0,100,25,100,True,requires human review: high name similarity (97.0); similar address/PIN (100); same phone number
PAIR-000400,GST,GST-KA-BLRR-2025-000006,M/S Srinidhi Trans Works,SHOP,KAR-SHOP-BLRR-2021-000006,Srinidhi rans Works,562114,73,HUMAN_REVIEW,97.4,99.6,25,100,True,requires human review: high name similarity (97.4); similar address/PIN (99.6); same phone number
PAIR-000401,FACTORY,KFBIS-FAC-BLRU-2019-000006,Siddhi Industrial Industries,LABOUR,LAB-KA-BLRU-2025-000005,Siddhi Industrial Industries,560100,73,HUMAN_REVIEW,100.0,96.4,25,100,True,requires human review: high name similarity (100.0); similar address/PIN (96.4); same phone number
PAIR-000402,FACTORY,KFBIS-FAC-BLRR-2016-000008,Vea Coatings Works,GST,GST-KA-BLRR-2017-000014,Veda Coatings Works,562110,73,HUMAN_REVIEW,97.3,100,25,100,True,requires human review: high name similarity (97.3); similar address/PIN (100); same phone number
PAIR-000403,LABOUR,LAB-KA-BLRU-2024-000014,Bangalore Moulding Associates,SHOP,KAR-SHOP-BLRU-2022-000018,Bangalore Moulding Associates,560068,73,HUMAN_REVIEW,100.0,95.7,25,100,True,requires human review: high name similarity (100.0); similar address/PIN (95.7); same phone number
PAIR-000404,KSPCB,PCB/BLRU/CTO/2024/00012,Bangalore Moulding Associates,FACTORY,KFBIS-FAC-BLRU-2025-000013,Bangalore Moulding Associates,560068,73,HUMAN_REVIEW,100.0,97.9,25,100,True,requires human review: high name similarity (100.0); similar address/PIN (97.9); same phone number
PAIR-000405,GST,GST-KA-BLRU-2023-000019,Bangalore Moulding Assocites,FACTORY,KFBIS-FAC-BLRU-2025-000013,Bangalore Moulding Associates,560068,73,HUMAN_REVIEW,98.2,100,25,100,True,requires human review: high name similarity (98.2); similar address/PIN (100); same phone number
PAIR-000406,LABOUR,LAB-KA-BLRU-2022-000023,Nandi Solvents LLP,FACTORY,KFBIS-FAC-BLRU-2024-000021,Nandi Solvents LLP,560100,73,HUMAN_REVIEW,100.0,96.4,25,100,True,requires human review: high name similarity (100.0); similar address/PIN (96.4); same phone number
PAIR-000407,SHOP,KAR-SHOP-BLRU-2021-000034,Omkar Pvt Ltd,LABOUR,LAB-KA-BLRU-2024-000024,Omkar Pvt Ltd,560043,73,HUMAN_REVIEW,100.0,96.4,25,100,True,requires human review: high name similarity (100.0); similar address/PIN (96.4); same phone number
PAIR-000408,FACTORY,KFBIS-FAC-BLRR-2022-000027,Veda Stitch LLP,LABOUR,LAB-KA-BLRR-2017-000030,Veda Stitch LLP,562114,73,HUMAN_REVIEW,100.0,98.5,25,100,True,requires human review: high name similarity (100.0); similar address/PIN (98.5); same phone number
PAIR-000409,BBMP,BBMP-TL-CENT-2019-000022,Vijaya Bites Industries,SHOP,KAR-SHOP-MYS-2022-000049,Vijaya Bites Idustries,570001,73,HUMAN_REVIEW,97.8,100,25,100,True,requires human review: high name similarity (97.8); similar address/PIN (100); same phone number
PAIR-000410,UDYAM,UDYAM-KR-TUM-2024-000039,Prakruthi CNC LLP,SHOP,KAR-SHOP-TUM-2015-000051,Prakruth CNC LLP,572106,73,HUMAN_REVIEW,96.0,100,25,100,True,requires human review: high name similarity (96.0); similar address/PIN (100); same phone number
PAIR-000411,BBMP,BBMP-TL-BENG-2023-000025,M/S Aditya Medical Pvt Ltd,LABOUR,LAB-KA-BLRR-2022-000035,Aditya Medical Pvt. Ltd.,562114,73,HUMAN_REVIEW,100.0,97.1,25,100,True,requires human review: high name similarity (100.0); similar address/PIN (97.1); same phone number
PAIR-000412,FACTORY,KFBIS-FAC-BLRU-2017-000046,Kaveri Systems Pvt Ltd,BBMP,BBMP-TL-BOMM-2022-000032,Kaveri Systems Pvt Ltd,560102,73,HUMAN_REVIEW,100.0,97.9,25,100,True,requires human review: high name similarity (100.0); similar address/PIN (97.9); same phone number
PAIR-000413,BBMP,BBMP-TL-BOMM-2022-000032,Kaveri Systems Pvt Ltd,KSPCB,PCB/BLRU/CTO/2018/00038,M/S Kaveri Systems Pvt Ltd,560102,73,HUMAN_REVIEW,100.0,97.9,25,100,True,requires human review: high name similarity (100.0); similar address/PIN (97.9); same phone number
PAIR-000414,SHOP,KAR-SHOP-BLRU-2016-000080,Sree Clinic Industries,GST,GST-KA-BLRU-2020-000090,M/S Sree Clini Industries,560102,73,HUMAN_REVIEW,97.7,100,25,100,True,requires human review: high name similarity (97.7); similar address/PIN (100); same phone number
PAIR-000415,FACTORY,KFBIS-FAC-BLRU-2018-000064,Aarohi Aparels Co,SHOP,KAR-SHOP-BLRU-2022-000081,Aarohi Apparels Company,560076,73,HUMAN_REVIEW,96.6,100,25,100,True,requires human review: high name similarity (96.6); similar address/PIN (100); same phone number
PAIR-000416,SHOP,KAR-SHOP-BLRU-2023-000083,Sahana Works Company,UDYAM,UDYAM-KR-BLRU-2024-000060,SAHANA WORKS COMPANY,560059,73,HUMAN_REVIEW,100.0,96.7,25,100,True,requires human review: high name similarity (100.0); similar address/PIN (96.7); same phone number
PAIR-000417,BBMP,BBMP-TL-BENG-2020-000047,Sri Kitchen Entp,SHOP,KAR-SHOP-BLRR-2017-000088,Sri Kitchen Entp,562114,73,HUMAN_REVIEW,100.0,95.7,25,100,True,requires human review: high name similarity (100.0); similar address/PIN (95.7); same phone number
PAIR-000418,SHOP,KAR-SHOP-BLRU-2021-000091,Omkar Agro Co,UDYAM,UDYAM-KR-BLRU-2020-000066,OMKAR AGRO CO,560100,73,HUMAN_REVIEW,100.0,95.5,25,100,True,requires human review: high name similarity (100.0); similar address/PIN (95.5); same phone number
PAIR-000419,SHOP,KAR-SHOP-BLRR-2020-000109,Asha Clinic Solutions,GST,GST-KA-BLRR-2020-000126,Asha Clinic Solutions,562114,73,HUMAN_REVIEW,100.0,96.2,25,100,True,requires human review: high name similarity (100.0); similar address/PIN (96.2); same phone number
PAIR-000420,UDYAM,UDYAM-KR-BLRU-2018-000080,Sharma Electronics Solutions,BBMP,BBMP-TL-EAST-2019-000061,M/S Sharma Electronics Solutions,560001,73,HUMAN_REVIEW,100.0,95.2,25,100,True,requires human review: high name similarity (100.0); similar address/PIN (95.2); same phone number
PAIR-000421,LABOUR,LAB-KA-MYS-2016-000099,Harsha Meals Associates,GST,GST-KA-MYS-2018-000155,Hrsha Meals Associates,570018,73,HUMAN_REVIEW,97.8,100,25,100,True,requires human review: high name similarity (97.8); similar address/PIN (100); same phone number
PAIR-000422,GST,GST-KA-MYS-2018-000155,Hrsha Meals Associates,SHOP,KAR-SHOP-MYS-2022-000134,Harsha Meals Associates,570018,73,HUMAN_REVIEW,97.8,100,25,100,True,requires human review: high name similarity (97.8); similar address/PIN (100); same phone number
PAIR-000423,SHOP,KAR-SHOP-BLRR-2017-000137,Veda Associates,GST,GST-KA-BLRR-2022-000158,Veda Associates,562157,73,HUMAN_REVIEW,100.0,97.3,25,100,True,requires human review: high name similarity (100.0); similar address/PIN (97.3); same phone number
PAIR-000424,FACTORY,KFBIS-FAC-BLRR-2023-000101,Navya Precision Traders,KSPCB,PCB/BLRR/CTE/2023/00095,M/S Navya Precision Traders,562157,73,HUMAN_REVIEW,100.0,98.1,25,100,True,requires human review: high name similarity (100.0); similar address/PIN (98.1); same phone number
PAIR-000425,KSPCB,PCB/BLRR/CTE/2023/00095,M/S Navya Precision Traders,LABOUR,LAB-KA-BLRR-2023-000109,Navya Precision Traders,562157,73,HUMAN_REVIEW,100.0,96.3,25,100,True,requires human review: high name similarity (100.0); similar address/PIN (96.3); same phone number
PAIR-000426,BBMP,BBMP-TL-SOUT-2017-000090,M/S Bharath Cargo Pvt Ltd,SHOP,KAR-SHOP-BLRU-2023-000155,M/S Bharath Cargo Pvt Ltd,560034,73,HUMAN_REVIEW,100.0,98.1,25,100,True,requires human review: high name similarity (100.0); similar address/PIN (98.1); same phone number
PAIR-000427,KSPCB,PCB/BLRU/CTE/2016/00101,M/S Sharma Print Enterprises,SHOP,KAR-SHOP-BLRU-2015-000156,Sharma Print Enterprises,560085,73,HUMAN_REVIEW,100.0,96.6,25,100,True,requires human review: high name similarity (100.0); similar address/PIN (96.6); same phone number
PAIR-000428,GST,GST-KA-BLRR-2022-000193,Sharma Coatings Pvt Ltd,UDYAM,UDYAM-KR-BLRR-2021-000120,Sharma Coaings Pvt Ltd,562157,73,HUMAN_REVIEW,96.6,100,25,100,True,requires human review: high name similarity (96.6); similar address/PIN (100); same phone number
PAIR-000429,KSPCB,PCB/BLRU/CTE/2025/00107,Ananya Labs Enterprises,GST,GST-KA-BLRU-2025-000194,M/S Ananya Labs Enterprises,560085,73,HUMAN_REVIEW,100.0,96.4,25,100,True,requires human review: high name similarity (100.0); similar address/PIN (96.4); same phone number
PAIR-000430,SHOP,KAR-SHOP-BLRR-2019-000174,Meghana Spices LLP,KSPCB,PCB/BLRR/CTE/2019/00116,Meghana Spices LLP,562114,73,HUMAN_REVIEW,100.0,96.3,25,100,True,requires human review: high name similarity (100.0); similar address/PIN (96.3); same phone number
PAIR-000431,FACTORY,KFBIS-FAC-BLRU-2015-000121,Vijaya Moulding Solutions,KSPCB,PCB/BLRU/CTE/2022/00120,Vijaya Mouding Solutions,560066,73,HUMAN_REVIEW,98.0,98.7,25,100,True,requires human review: high name similarity (98.0); similar address/PIN (98.7); same phone number
PAIR-000432,KSPCB,PCB/BLRU/CTE/2022/00120,Vijaya Mouding Solutions,LABOUR,LAB-KA-BLRU-2020-000131,M/S Vijaya Moulding Solutions,560066,73,HUMAN_REVIEW,98.0,98.7,25,100,True,requires human review: high name similarity (98.0); similar address/PIN (98.7); same phone number
PAIR-000433,BBMP,BBMP-TL-EAST-2024-000117,M/S Prakruthi Packaging Works,LABOUR,LAB-KA-BLRU-2025-000140,Prakruthi Packaging Works,560043,73,HUMAN_REVIEW,100.0,95.7,25,100,True,requires human review: high name similarity (100.0); similar address/PIN (95.7); same phone number
PAIR-000434,LABOUR,LAB-KA-BLRU-2021-000156,Nisarga Labels Pvt Ltd,SHOP,KAR-SHOP-BLRU-2022-000212,Nisarga Labels Pvt. Ltd.,560037,73,HUMAN_REVIEW,100.0,98.2,25,100,True,requires human review: high name similarity (100.0); similar address/PIN (98.2); same phone number
PAIR-000435,GST,GST-KA-BLRU-2019-000258,Naveen Medical Solutions,LABOUR,LAB-KA-BLRU-2018-000160,M/S Naveen Medical Solutions,560102,73,HUMAN_REVIEW,100.0,97.9,25,100,True,requires human review: high name similarity (100.0); similar address/PIN (97.9); same phone number
PAIR-000436,KSPCB,PCB/BLRR/CTE/2018/00009,Veda Coatings Works,FACTORY,KFBIS-FAC-BLRR-2016-000008,Vea Coatings Works,562110,72,HUMAN_REVIEW,97.3,95.7,25,100,True,requires human review: high name similarity (97.3); similar address/PIN (95.7); same phone number
PAIR-000437,GST,GST-KA-BLRU-2023-000019,Bangalore Moulding Assocites,LABOUR,LAB-KA-BLRU-2024-000014,Bangalore Moulding Associates,560068,72,HUMAN_REVIEW,98.2,95.7,25,100,True,requires human review: high name similarity (98.2); similar address/PIN (95.7); same phone number
PAIR-000438,GST,GST-KA-MYS-2023-000045,Pakruthi Electronics Industries,FACTORY,KFBIS-FAC-MYS-2018-000025,M/S Prakruthi Electronics Industries,570016,72,HUMAN_REVIEW,98.4,96.9,25,100,True,requires human review: high name similarity (98.4); similar address/PIN (96.9); same phone number
PAIR-000439,SHOP,KAR-SHOP-TUM-2015-000051,Prakruth CNC LLP,FACTORY,KFBIS-FAC-TUM-2018-000031,Prakruthi CNC LLP,572106,72,HUMAN_REVIEW,96.0,96.4,25,100,True,requires human review: high name similarity (96.0); similar address/PIN (96.4); same phone number
PAIR-000440,LABOUR,LAB-KA-BLRU-2024-000055,M/S Naveen Polymers Solutions,KSPCB,PCB/BLRU/CTE/2025/00049,Naveen Polymers Solutions,560102,72,HUMAN_REVIEW,100.0,92.6,25,100,True,requires human review: high name similarity (100.0); similar address/PIN (92.6); same phone number
PAIR-000441,FACTORY,KFBIS-FAC-BLRU-2024-000065,Sahana Works Company,SHOP,KAR-SHOP-BLRU-2023-000083,Sahana Works Company,560059,72,HUMAN_REVIEW,100.0,92.6,25,100,True,requires human review: high name similarity (100.0); similar address/PIN (92.6); same phone number
PAIR-000442,UDYAM,UDYAM-KR-BLRU-2024-000060,SAHANA WORKS COMPANY,KSPCB,PCB/BLRU/CTE/2023/00055,Sahna Works Company,560059,72,HUMAN_REVIEW,95.7,100,25,100,True,requires human review: high name similarity (95.7); similar address/PIN (100); same phone number
PAIR-000443,SHOP,KAR-SHOP-BLRU-2023-000104,Mysore Industries,LABOUR,LAB-KA-BLRU-2019-000075,M/S ysore Industries,560085,72,HUMAN_REVIEW,97.0,96.7,25,100,True,requires human review: high name similarity (97.0); similar address/PIN (96.7); same phone number
PAIR-000444,LABOUR,LAB-KA-BLRU-2015-000078,Ananya CNC LLP,UDYAM,UDYAM-KR-BLRU-2025-000077,M/S Ananya CNC LLP,560037,72,HUMAN_REVIEW,100.0,93.5,25,100,True,requires human review: high name similarity (100.0); similar address/PIN (93.5); same phone number
PAIR-000445,GST,GST-KA-BLRU-2018-000127,Sahana Kitchen Solutions,FACTORY,KFBIS-FAC-BLRU-2022-000080,Sahana Kitchen Solutions,560058,72,HUMAN_REVIEW,100.0,93.8,25,100,True,requires human review: high name similarity (100.0); similar address/PIN (93.8); same phone number
PAIR-000446,UDYAM,UDYAM-KR-BLRU-2015-000110,Sree Tools LLP,KSPCB,PCB/BLRU/CTE/2016/00097,M/S Sree Tools LLP,560066,72,HUMAN_REVIEW,100.0,92.9,25,100,True,requires human review: high name similarity (100.0); similar address/PIN (92.9); same phone number
PAIR-000447,UDYAM,UDYAM-KR-BLRR-2020-000126,Navya Mol LLP,FACTORY,KFBIS-FAC-BLRR-2021-000114,Navya Mold LLP,562114,72,HUMAN_REVIEW,94.7,100,25,100,True,requires human review: high name similarity (94.7); similar address/PIN (100); same phone number
PAIR-000448,UDYAM,UDYAM-KR-BLRU-2020-000133,BANGALORE TRADERS,GST,GST-KA-BLRU-2018-000214,Bangalore Traders,560066,72,HUMAN_REVIEW,100.0,94.8,25,100,True,requires human review: high name similarity (100.0); similar address/PIN (94.8); same phone number
PAIR-000449,SHOP,KAR-SHOP-TUM-2020-000202,Aditya Works,GST,GST-KA-TUM-2019-000238,M/S Aditya Wors,572106,72,HUMAN_REVIEW,95.7,100,25,100,True,requires human review: high name similarity (95.7); similar address/PIN (100); same phone number
PAIR-000450,SHOP,KAR-SHOP-BLRU-2015-000203,Srinidhi Press Works,KSPCB,PCB/BLRU/CTE/2015/00133,Srinidhi Press Works,560078,72,HUMAN_REVIEW,100.0,94.6,25,100,True,requires human review: high name similarity (100.0); similar address/PIN (94.6); same phone number
PAIR-000451,UDYAM,UDYAM-KR-BLRU-2020-000160,M/S Nisarga Labels Pvt Ltd,SHOP,KAR-SHOP-BLRU-2022-000212,Nisarga Labels Pvt. Ltd.,560037,72,HUMAN_REVIEW,100.0,92.6,25,100,True,requires human review: high name similarity (100.0); similar address/PIN (92.6); same phone number
PAIR-000452,UDYAM,UDYAM-KR-BLRR-2023-000034,M/S Veda Stitch LLP,FACTORY,KFBIS-FAC-BLRR-2022-000027,Veda Stitch LLP,562114,71,HUMAN_REVIEW,100.0,90.4,25,100,True,requires human review: high name similarity (100.0); similar address/PIN (90.4); same phone number
PAIR-000453,GST,GST-KA-BLRU-2025-000071,M/S DECCAN PACKAGING TRADERS,KSPCB,PCB/BLRU/CTO/2020/00039,Deccan Packaging Traders,560029,71,HUMAN_REVIEW,100.0,88.7,25,100,True,requires human review: high name similarity (100.0); similar address/PIN (88.7); same phone number
PAIR-000454,KSPCB,PCB/BLRU/CTO/2020/00039,Deccan Packaging Traders,SHOP,KAR-SHOP-BLRU-2016-000066,Decan Packaging Traders,560029,71,HUMAN_REVIEW,97.9,91.2,25,100,True,requires human review: high name similarity (97.9); similar address/PIN (91.2); same phone number
PAIR-000455,KSPCB,PCB/BLRU/CTE/2017/00141,Naveen Printers Solutions,SHOP,KAR-SHOP-BLRU-2016-000210,Naveen Printers Solutions,560059,71,HUMAN_REVIEW,100.0,90.7,25,100,True,requires human review: high name similarity (100.0); similar address/PIN (90.7); same phone number
PAIR-000456,SHOP,KAR-SHOP-BLRU-2016-000210,Naveen Printers Solutions,BBMP,BBMP-TL-WEST-2017-000127,Naveen Printers Solutions,560059,71,HUMAN_REVIEW,100.0,90.7,25,100,True,requires human review: high name similarity (100.0); similar address/PIN (90.7); same phone number
PAIR-000457,UDYAM,UDYAM-KR-BLRR-2023-000079,VARUN DINE COMPANY,SHOP,KAR-SHOP-BLRR-2015-000111,M/SVarun Dine Company,562110,70,HUMAN_REVIEW,87.0,100,25,100,True,requires human review: high name similarity (87.0); similar address/PIN (100); same phone number
PAIR-000458,SHOP,KAR-SHOP-BLRR-2015-000111,M/SVarun Dine Company,GST,GST-KA-BLRR-2015-000128,VARUN DINE COMPANY,562110,70,HUMAN_REVIEW,87.0,100,25,100,True,requires human review: high name similarity (87.0); similar address/PIN (100); same phone number
PAIR-000459,KSPCB,PCB/BLRU/CTE/2018/00007,Siddhi Industrial Inds,FACTORY,KFBIS-FAC-BLRU-2019-000006,Siddhi Industrial Industries,560100,69,HUMAN_REVIEW,88.0,96.4,25,100,True,requires human review: high name similarity (88.0); similar address/PIN (96.4); same phone number
PAIR-000460,BBMP,BBMP-TL-YELA-2024-000027,Veda Kitchen Inds,SHOP,KAR-SHOP-BLRU-2023-000059,Veda Kitchen Industries,560064,69,HUMAN_REVIEW,85.0,100,25,100,True,requires human review: high name similarity (85.0); similar address/PIN (100); same phone number
PAIR-000461,BBMP,BBMP-TL-CENT-2023-000049,Meghana Meals Inds,SHOP,KAR-SHOP-MYS-2022-000092,Meghana Meals Industries,570001,69,HUMAN_REVIEW,85.7,100,25,100,True,requires human review: high name similarity (85.7); similar address/PIN (100); same phone number
PAIR-000462,LABOUR,LAB-KA-BLRU-2019-000097,M/S Sri Foods Company,FACTORY,KFBIS-FAC-BLRU-2024-000094,M/S Sr Foods Company,560100,69,HUMAN_REVIEW,94.1,89.7,25,100,True,requires human review: high name similarity (94.1); similar address/PIN (89.7); same phone number
PAIR-000463,KSPCB,PCB/BLRU/CTO/2017/00102,M/S Kaveri Components Enterprises,GST,GST-KA-BLRU-2021-000186,Kaveri Components Entp,560078,69,HUMAN_REVIEW,86.3,97.4,25,100,True,requires human review: high name similarity (86.3); similar address/PIN (97.4); same phone number
PAIR-000464,UDYAM,UDYAM-KR-BLRU-2015-000140,Ananya Chem Inds,LABOUR,LAB-KA-BLRU-2025-000138,M/S Ananya Chem Industries,560059,69,HUMAN_REVIEW,84.2,99.7,25,100,True,requires human review: high name similarity (84.2); similar address/PIN (99.7); same phone number
PAIR-000465,SHOP,KAR-SHOP-BLRU-2021-000207,M/S Omkar Health Enterprises,BBMP,BBMP-TL-YELA-2015-000125,Omkar Health Entp,560064,69,HUMAN_REVIEW,82.9,100,25,100,True,requires human review: high name similarity (82.9); similar address/PIN (100); same phone number
PAIR-000466,UDYAM,UDYAM-KR-BLRU-2018-000038,M/S Sahana Meds Enterprises,SHOP,KAR-SHOP-BLRU-2018-000048,M/S Sahana Meds Entp,560029,68,HUMAN_REVIEW,82.1,100,25,100,True,requires human review: high name similarity (82.1); similar address/PIN (100); same phone number
PAIR-000467,SHOP,KAR-SHOP-BLRU-2019-000157,Kaveri Components Enterprises,GST,GST-KA-BLRU-2021-000186,Kaveri Components Entp,560078,68,HUMAN_REVIEW,86.3,94.9,25,100,True,requires human review: high name similarity (86.3); similar address/PIN (94.9); same phone number
PAIR-000468,SHOP,KAR-SHOP-TUM-2019-000158,Aditya Labels nterprises,GST,GST-KA-TUM-2022-000187,Aditya Labels Entp,572101,68,HUMAN_REVIEW,81.0,100,25,100,True,requires human review: high name similarity (81.0); similar address/PIN (100); same phone number
PAIR-000469,LABOUR,LAB-KA-BLRU-2020-000133,Ananya Cafe Enterprises,GST,GST-KA-BLRU-2021-000213,M/S Ananya Cafe Entp,560058,68,HUMAN_REVIEW,82.1,100,25,100,True,requires human review: high name similarity (82.1); similar address/PIN (100); same phone number
PAIR-000470,KSPCB,PCB/BLRU/CTO/2015/00094,Ananya Elec Co,GST,GST-KA-BLRU-2016-000169,ANANYA ELECTRONICS CO,560029,67,HUMAN_REVIEW,75.9,100,25,100,True,requires human review: medium name similarity (75.9); similar address/PIN (100); same phone number
PAIR-000471,GST,GST-KA-BLRU-2024-000257,Varun Inds,KSPCB,PCB/BLRU/CTE/2021/00148,Varun Industries,560078,67,HUMAN_REVIEW,76.9,100,25,100,True,requires human review: medium name similarity (76.9); similar address/PIN (100); same phone number
PAIR-000472,GST,GST-KA-MYS-2024-000005,DeccanInds,FACTORY,KFBIS-FAC-MYS-2018-000003,Deccan Industries,570001,66,HUMAN_REVIEW,74.1,100,25,100,True,requires human review: medium name similarity (74.1); similar address/PIN (100); same phone number
PAIR-000473,KSPCB,PCB/BLRU/CTE/2018/00069,Mysore Inds,LABOUR,LAB-KA-BLRU-2019-000075,M/S ysore Industries,560085,66,HUMAN_REVIEW,74.1,99.1,25,100,True,requires human review: medium name similarity (74.1); similar address/PIN (99.1); same phone number
PAIR-000474,FACTORY,KFBIS-FAC-BLRU-2019-000009,Navya Devices Co,UDYAM,UDYAM-KR-BLRU-2016-000011,NAVYA DEVICES CO,560068|560058,65,HUMAN_REVIEW,100.0,100,0,100,True,requires human review: high name similarity (100.0); similar address/PIN (100); no shared identifier available; same phone number
PAIR-000475,GST,GST-KA-BLRU-2021-000097,Kaveri Cargo Solutions,UDYAM,UDYAM-KR-BLRU-2024-000063,Kaveri Cargo Solutions,560058|560078,65,HUMAN_REVIEW,100.0,100,0,100,True,requires human review: high name similarity (100.0); similar address/PIN (100); no shared identifier available; same phone number
PAIR-000476,FACTORY,KFBIS-FAC-BLRU-2019-000115,M/S Sidhi Entp,BBMP,BBMP-TL-YELA-2022-000101,Siddhi Enterprises,560064,65,HUMAN_REVIEW,71.4,100,25,100,True,requires human review: medium name similarity (71.4); similar address/PIN (100); same phone number
PAIR-000477,BBMP,BBMP-TL-BOMM-2015-000001,Siddhi Cafe Industries,LABOUR,LAB-KA-BLRU-2016-000003,Siddhi Cafe Industries,560100,64,HUMAN_REVIEW,100.0,100,25,0,True,requires human review: high name similarity (100.0); similar address/PIN (100)
PAIR-000478,KSPCB,PCB/BLRR/CTE/2019/00005,Srinidhi Trans Works,GST,GST-KA-BLRR-2025-000006,M/S Srinidhi Trans Works,562114,64,HUMAN_REVIEW,100.0,100,25,0,True,requires human review: high name similarity (100.0); similar address/PIN (100)
PAIR-000479,SHOP,KAR-SHOP-BLRU-2022-000007,Ganesh Dine LLP,BBMP,BBMP-TL-SOUT-2016-000002,M/S Ganesh Dine LLP,560085,64,HUMAN_REVIEW,100.0,100,25,0,True,requires human review: high name similarity (100.0); similar address/PIN (100)
PAIR-000480,FACTORY,KFBIS-FAC-MYS-2019-000005,Naveen Systems Pvt Ltd,UDYAM,UDYAM-KR-MYS-2020-000007,Naveen Systems Pvt. Ltd.,570001,64,HUMAN_REVIEW,100.0,100,25,0,True,requires human review: high name similarity (100.0); similar address/PIN (100)
PAIR-000481,SHOP,KAR-SHOP-BLRR-2016-000011,Nandi Trans Solutions,LABOUR,LAB-KA-BLRR-2018-000007,Nandi Trans Solutions,561203,64,HUMAN_REVIEW,100.0,100,25,0,True,requires human review: high name similarity (100.0); similar address/PIN (100)
PAIR-000482,BBMP,BBMP-TL-BENG-2020-000006,Mysore Cafe Traders,LABOUR,LAB-KA-BLRR-2019-000008,M/S Mysore Cafe Traders,562110,64,HUMAN_REVIEW,100.0,100,25,0,True,requires human review: high name similarity (100.0); similar address/PIN (100)
PAIR-000483,LABOUR,LAB-KA-BLRR-2019-000008,M/S Mysore Cafe Traders,GST,GST-KA-BLRR-2017-000012,Mysore Cafe Traders,562110,64,HUMAN_REVIEW,100.0,100,25,0,True,requires human review: high name similarity (100.0); similar address/PIN (100)
PAIR-000484,LABOUR,LAB-KA-MYS-2024-000010,Ravi Plastics Works,KSPCB,PCB/MYS/CTE/2021/00011,Ravi Plastics Works,570016,64,HUMAN_REVIEW,100.0,100,25,0,True,requires human review: high name similarity (100.0); similar address/PIN (100)
PAIR-000485,SHOP,KAR-SHOP-BLRU-2018-000016,Sree Solutions,LABOUR,LAB-KA-BLRU-2015-000012,M/S Sree Solutions,560085,64,HUMAN_REVIEW,100.0,100,25,0,True,requires human review: high name similarity (100.0); similar address/PIN (100)
PAIR-000486,SHOP,KAR-SHOP-MYS-2025-000019,Bangalore Solutions,BBMP,BBMP-TL-NORT-2025-000010,Bangalore Solutions,570016,64,HUMAN_REVIEW,100.0,100,25,0,True,requires human review: high name similarity (100.0); similar address/PIN (100)
PAIR-000487,SHOP,KAR-SHOP-MYS-2021-000023,Deccan Industries,LABOUR,LAB-KA-MYS-2021-000018,Deccan Industries,570018,64,HUMAN_REVIEW,100.0,100,25,0,True,requires human review: high name similarity (100.0); similar address/PIN (100)
PAIR-000488,GST,GST-KA-BLRU-2024-000027,Kaveri Components Pvt Ltd,KSPCB,PCB/BLRU/CTO/2020/00014,M/S Kaveri Components Pvt Ltd,560102,64,HUMAN_REVIEW,100.0,100,25,0,True,requires human review: high name similarity (100.0); similar address/PIN (100)
PAIR-000489,KSPCB,PCB/BLRU/CTO/2020/00014,M/S Kaveri Components Pvt Ltd,UDYAM,UDYAM-KR-BLRU-2025-000019,M/S KAVERI COMPONENTS PVT. LTD.,560102,64,HUMAN_REVIEW,100.0,100,25,0,True,requires human review: high name similarity (100.0); similar address/PIN (100)
PAIR-000490,UDYAM,UDYAM-KR-BLRU-2025-000019,M/S KAVERI COMPONENTS PVT. LTD.,SHOP,KAR-SHOP-BLRU-2022-000024,Kaveri Components Pvt. Ltd.,560102,64,HUMAN_REVIEW,100.0,100,25,0,True,requires human review: high name similarity (100.0); similar address/PIN (100)
PAIR-000491,GST,GST-KA-BLRU-2024-000027,Kaveri Components Pvt Ltd,SHOP,KAR-SHOP-BLRU-2022-000024,Kaveri Components Pvt. Ltd.,560102,64,HUMAN_REVIEW,100.0,100,25,0,True,requires human review: high name similarity (100.0); similar address/PIN (100)
PAIR-000492,GST,GST-KA-TUM-2015-000028,NANDI STORES LLP,LABOUR,LAB-KA-TUM-2020-000019,M/S Nandi Stores LLP,572101,64,HUMAN_REVIEW,100.0,100,25,0,True,requires human review: high name similarity (100.0); similar address/PIN (100)
PAIR-000493,SHOP,KAR-SHOP-MYS-2025-000029,M/S Aditya Circuits Works,BBMP,BBMP-TL-NORT-2025-000013,Aditya Circuits Works,570016,64,HUMAN_REVIEW,100.0,100,25,0,True,requires human review: high name similarity (100.0); similar address/PIN (100)
PAIR-000494,UDYAM,UDYAM-KR-MYS-2021-000021,Aditya Circuits Works,BBMP,BBMP-TL-NORT-2025-000013,Aditya Circuits Works,570016,64,HUMAN_REVIEW,100.0,100,25,0,True,requires human review: high name similarity (100.0); similar address/PIN (100)
PAIR-000495,GST,GST-KA-MYS-2024-000034,M/S Aarohi Solutions,UDYAM,UDYAM-KR-MYS-2017-000023,Aarohi Solutions,570016,64,HUMAN_REVIEW,100.0,100,25,0,True,requires human review: high name similarity (100.0); similar address/PIN (100)
PAIR-000496,SHOP,KAR-SHOP-TUM-2017-000031,Bangalore Garments Solutions,BBMP,BBMP-TL-TUMA-2019-000015,Bangalore Garments Solutions,572106,64,HUMAN_REVIEW,100.0,100,25,0,True,requires human review: high name similarity (100.0); similar address/PIN (100)
PAIR-000497,BBMP,BBMP-TL-TUMA-2019-000015,Bangalore Garments Solutions,UDYAM,UDYAM-KR-TUM-2025-000024,Bangalore Garments Solutions,572106,64,HUMAN_REVIEW,100.0,100,25,0,True,requires human review: high name similarity (100.0); similar address/PIN (100)
PAIR-000498,UDYAM,UDYAM-KR-TUM-2025-000024,Bangalore Garments Solutions,GST,GST-KA-TUM-2019-000035,Bangalore Garments Solutions,572106,64,HUMAN_REVIEW,100.0,100,25,0,True,requires human review: high name similarity (100.0); similar address/PIN (100)
PAIR-000499,SHOP,KAR-SHOP-TUM-2017-000031,Bangalore Garments Solutions,FACTORY,KFBIS-FAC-TUM-2018-000020,Bangalore Garments Solutions,572106,64,HUMAN_REVIEW,100.0,100,25,0,True,requires human review: high name similarity (100.0); similar address/PIN (100)
PAIR-000500,KSPCB,PCB/BLRU/CTO/2021/00019,Varun Enterprises,SHOP,KAR-SHOP-BLRU-2025-000036,M/S Varun Enterprises,560076,64,HUMAN_REVIEW,100.0,100,25,0,True,requires human review: high name similarity (100.0); similar address/PIN (100)
PAIR-000501,LABOUR,LAB-KA-BLRU-2023-000026,Naveen Company,SHOP,KAR-SHOP-BLRU-2019-000037,M/S Naveen Company,560043,64,HUMAN_REVIEW,100.0,100,25,0,True,requires human review: high name similarity (100.0); similar address/PIN (100)
PAIR-000502,KSPCB,PCB/BLRU/CTO/2017/00020,Harsha Packaging Enterprises,SHOP,KAR-SHOP-BLRU-2021-000038,Harsha Packaging Enterprises,560059,64,HUMAN_REVIEW,100.0,100,25,0,True,requires human review: high name similarity (100.0); similar address/PIN (100)
PAIR-000503,GST,GST-KA-BLRU-2020-000042,Srinidhi Milling Traders,KSPCB,PCB/BLRU/CTE/2018/00021,M/S Srinidhi Milling Traders,560037,64,HUMAN_REVIEW,100.0,100,25,0,True,requires human review: high name similarity (100.0); similar address/PIN (100)
PAIR-000504,KSPCB,PCB/BLRU/CTE/2018/00021,M/S Srinidhi Milling Traders,UDYAM,UDYAM-KR-BLRU-2021-000031,SRINIDHI MILLING TRADERS,560037,64,HUMAN_REVIEW,100.0,100,25,0,True,requires human review: high name similarity (100.0); similar address/PIN (100)
PAIR-000505,SHOP,KAR-SHOP-BLRU-2022-000040,Bharath Machining Company,KSPCB,PCB/BLRU/CTO/2018/00022,Bharath Machining Co,560059,64,HUMAN_REVIEW,100.0,100,25,0,True,requires human review: high name similarity (100.0); similar address/PIN (100)
PAIR-000506,SHOP,KAR-SHOP-BLRU-2015-000041,Bharath Graphics Solutions,GST,GST-KA-BLRU-2016-000044,BHARATH GRAPHICS SOLUTIONS,560078,64,HUMAN_REVIEW,100.0,100,25,0,True,requires human review: high name similarity (100.0); similar address/PIN (100)
PAIR-000507,FACTORY,KFBIS-FAC-MYS-2018-000025,M/S Prakruthi Electronics Industries,SHOP,KAR-SHOP-MYS-2016-000042,M/S Prakruthi Electronics Industries,570016,64,HUMAN_REVIEW,100.0,100,25,0,True,requires human review: high name similarity (100.0); similar address/PIN (100)
PAIR-000508,KSPCB,PCB/BLRU/CTO/2017/00023,Siddhi Systems LLP,SHOP,KAR-SHOP-BLRU-2019-000043,M/S Siddhi Systems LLP,560043,64,HUMAN_REVIEW,100.0,100,25,0,True,requires human review: high name similarity (100.0); similar address/PIN (100)
PAIR-000509,BBMP,BBMP-TL-SOUT-2020-000018,Bangalore Apparels Company,FACTORY,KFBIS-FAC-MYS-2019-000026,Bangalore Apparels Company,570018,64,HUMAN_REVIEW,100.0,100,25,0,True,requires human review: high name similarity (100.0); similar address/PIN (100)
PAIR-000510,FACTORY,KFBIS-FAC-MYS-2019-000026,Bangalore Apparels Company,GST,GST-KA-MYS-2024-000047,Bangalore Apparels Company,570018,64,HUMAN_REVIEW,100.0,100,25,0,True,requires human review: high name similarity (100.0); similar address/PIN (100)
PAIR-000511,UDYAM,UDYAM-KR-BLRU-2017-000036,VEDA DEVICES CO,LABOUR,LAB-KA-BLRU-2020-000032,M/S Veda Devices Co,560034,64,HUMAN_REVIEW,100.0,100,25,0,True,requires human review: high name similarity (100.0); similar address/PIN (100)
PAIR-000512,LABOUR,LAB-KA-BLRU-2020-000032,M/S Veda Devices Co,FACTORY,KFBIS-FAC-BLRU-2023-000030,M/S Veda Devices Co,560034,64,HUMAN_REVIEW,100.0,100,25,0,True,requires human review: high name similarity (100.0); similar address/PIN (100)
PAIR-000513,FACTORY,KFBIS-FAC-BLRU-2023-000030,M/S Veda Devices Co,KSPCB,PCB/BLRU/CTO/2025/00027,Veda Devices Co,560034,64,HUMAN_REVIEW,100.0,100,25,0,True,requires human review: high name similarity (100.0); similar address/PIN (100)
PAIR-000514,SHOP,KAR-SHOP-BLRU-2017-000047,Sree Dine Co,BBMP,BBMP-TL-BOMM-2016-000021,Sree Dine Co,560102,64,HUMAN_REVIEW,100.0,100,25,0,True,requires human review: high name similarity (100.0); similar address/PIN (100)
PAIR-000515,BBMP,BBMP-TL-BOMM-2016-000021,Sree Dine Co,LABOUR,LAB-KA-BLRU-2018-000033,Sree Dine Co,560102,64,HUMAN_REVIEW,100.0,100,25,0,True,requires human review: high name similarity (100.0); similar address/PIN (100)
PAIR-000516,SHOP,KAR-SHOP-BLRU-2017-000050,Sri Spices Solutions,GST,GST-KA-BLRU-2016-000054,Sri Spices Solutions,560001,64,HUMAN_REVIEW,100.0,100,25,0,True,requires human review: high name similarity (100.0); similar address/PIN (100)
PAIR-000517,FACTORY,KFBIS-FAC-BLRU-2019-000032,Siddhi Bakery LLP,GST,GST-KA-BLRU-2020-000056,SIDDHI BAKERY LLP,560076,64,HUMAN_REVIEW,100.0,100,25,0,True,requires human review: high name similarity (100.0); similar address/PIN (100)
PAIR-000518,KSPCB,PCB/BLRU/CTE/2019/00031,Kaveri Labels Traders,BBMP,BBMP-TL-SOUT-2022-000024,M/S Kaveri Labels Traders,560085,64,HUMAN_REVIEW,100.0,99.5,25,0,True,requires human review: high name similarity (100.0); similar address/PIN (99.5)
PAIR-000519,FACTORY,KFBIS-FAC-BLRU-2017-000037,Meghana Coatings Traders,LABOUR,LAB-KA-BLRU-2018-000037,Meghana Coatings Traders,560068,64,HUMAN_REVIEW,100.0,100,25,0,True,requires human review: high name similarity (100.0); similar address/PIN (100)
PAIR-000520,SHOP,KAR-SHOP-BLRU-2024-000057,Meghana Wear Traders,FACTORY,KFBIS-FAC-BLRU-2022-000038,Meghana Wear Traders,560058,64,HUMAN_REVIEW,100.0,100,25,0,True,requires human review: high name similarity (100.0); similar address/PIN (100)
PAIR-000521,GST,GST-KA-BLRU-2015-000062,M/S Meghana Wear Traders,UDYAM,UDYAM-KR-BLRU-2023-000041,Meghana Wear Traders,560058,64,HUMAN_REVIEW,100.0,100,25,0,True,requires human review: high name similarity (100.0); similar address/PIN (100)
PAIR-000522,GST,GST-KA-MYS-2018-000064,Mysore Works,SHOP,KAR-SHOP-MYS-2016-000060,Mysore Works,570018,64,HUMAN_REVIEW,100.0,100,25,0,True,requires human review: high name similarity (100.0); similar address/PIN (100)
PAIR-000523,SHOP,KAR-SHOP-MYS-2016-000060,Mysore Works,UDYAM,UDYAM-KR-MYS-2018-000044,M/S Mysore Works,570018,64,HUMAN_REVIEW,100.0,100,25,0,True,requires human review: high name similarity (100.0); similar address/PIN (100)
PAIR-000524,LABOUR,LAB-KA-BLRU-2019-000040,Kaveri Labs Pvt. Ltd.,FACTORY,KFBIS-FAC-BLRU-2017-000042,M/S Kaveri Labs Pvt Ltd,560037,64,HUMAN_REVIEW,100.0,100,25,0,True,requires human review: high name similarity (100.0); similar address/PIN (100)
PAIR-000525,FACTORY,KFBIS-FAC-BLRU-2017-000042,M/S Kaveri Labs Pvt Ltd,KSPCB,PCB/BLRU/CTO/2023/00036,M/S Kaveri Labs Pvt Ltd,560037,64,HUMAN_REVIEW,100.0,100,25,0,True,requires human review: high name similarity (100.0); similar address/PIN (100)
PAIR-000526,GST,GST-KA-TUM-2022-000065,BANGALORE CO,BBMP,BBMP-TL-TUMA-2016-000028,Bangalore Co,572106,64,HUMAN_REVIEW,100.0,100,25,0,True,requires human review: high name similarity (100.0); similar address/PIN (100)
PAIR-000527,BBMP,BBMP-TL-SOUT-2018-000029,M/S Bharath Biryani Pvt Ltd,KSPCB,PCB/BLRU/CTE/2025/00037,M/S Bharath Biryani Pvt Ltd,560076,64,HUMAN_REVIEW,100.0,100,25,0,True,requires human review: high name similarity (100.0); similar address/PIN (100)
PAIR-000528,FACTORY,KFBIS-FAC-MYS-2023-000043,M/S Bangalore Works,LABOUR,LAB-KA-MYS-2016-000041,Bangalore Works,570016,64,HUMAN_REVIEW,100.0,100,25,0,True,requires human review: high name similarity (100.0); similar address/PIN (100)
PAIR-000529,LABOUR,LAB-KA-BLRU-2020-000042,M/S Bharath Tech Associates,UDYAM,UDYAM-KR-BLRU-2023-000045,BHARATH TECH ASSOCIATES,560029,64,HUMAN_REVIEW,100.0,100,25,0,True,requires human review: high name similarity (100.0); similar address/PIN (100)
PAIR-000530,FACTORY,KFBIS-FAC-BLRU-2015-000044,Bharath Tech Associates,UDYAM,UDYAM-KR-BLRU-2023-000045,BHARATH TECH ASSOCIATES,560029,64,HUMAN_REVIEW,100.0,100,25,0,True,requires human review: high name similarity (100.0); similar address/PIN (100)
PAIR-000531,FACTORY,KFBIS-FAC-BLRU-2017-000045,Sharma Stitch Enterprises,BBMP,BBMP-TL-DASA-2016-000030,M/S Sharma Stitch Enterprises,560058,64,HUMAN_REVIEW,100.0,100,25,0,True,requires human review: high name similarity (100.0); similar address/PIN (100)
PAIR-000532,BBMP,BBMP-TL-SOUT-2019-000033,M/S Sharma Biryani Pvt. Ltd.,LABOUR,LAB-KA-BLRU-2021-000044,Sharma Biryani Pvt Ltd,560068,64,HUMAN_REVIEW,100.0,100,25,0,True,requires human review: high name similarity (100.0); similar address/PIN (100)
PAIR-000533,SHOP,KAR-SHOP-MYS-2023-000067,M/S Ananya Devices Solutions,FACTORY,KFBIS-FAC-MYS-2024-000048,Ananya Devices Solutions,570016,64,HUMAN_REVIEW,100.0,100,25,0,True,requires human review: high name similarity (100.0); similar address/PIN (100)
PAIR-000534,GST,GST-KA-MYS-2017-000072,M/S Ananya Devices Solutions,BBMP,BBMP-TL-NORT-2025-000034,Ananya Devices Solutions,570016,64,HUMAN_REVIEW,100.0,100,25,0,True,requires human review: high name similarity (100.0); similar address/PIN (100)
PAIR-000535,SHOP,KAR-SHOP-BLRU-2025-000068,Ganesh Works,KSPCB,PCB/BLRU/CTE/2019/00041,Ganesh Works,560029,64,HUMAN_REVIEW,100.0,100,25,0,True,requires human review: high name similarity (100.0); similar address/PIN (100)
PAIR-000536,BBMP,BBMP-TL-EAST-2019-000037,Srinidhi Traders,KSPCB,PCB/BLRU/CTE/2020/00042,Srinidhi Traders,560043,64,HUMAN_REVIEW,100.0,100,25,0,True,requires human review: high name similarity (100.0); similar address/PIN (100)
PAIR-000537,SHOP,KAR-SHOP-BLRU-2018-000070,Srinidhi Enterprises,FACTORY,KFBIS-FAC-BLRU-2022-000050,Srinidhi Enterprises,560085,64,HUMAN_REVIEW,100.0,100,25,0,True,requires human review: high name similarity (100.0); similar address/PIN (100)
PAIR-000538,FACTORY,KFBIS-FAC-BLRU-2022-000050,Srinidhi Enterprises,LABOUR,LAB-KA-BLRU-2021-000046,Srinidhi Enterprises,560085,64,HUMAN_REVIEW,100.0,100,25,0,True,requires human review: high name similarity (100.0); similar address/PIN (100)
PAIR-000539,SHOP,KAR-SHOP-BLRU-2018-000070,Srinidhi Enterprises,KSPCB,PCB/BLRU/CTO/2022/00043,M/S Srinidhi Enterprises,560085,64,HUMAN_REVIEW,100.0,100,25,0,True,requires human review: high name similarity (100.0); similar address/PIN (100)
PAIR-000540,GST,GST-KA-BLRU-2020-000078,M/S Navya Printers Traders,SHOP,KAR-SHOP-BLRU-2019-000072,Navya Printers Traders,560100,64,HUMAN_REVIEW,100.0,100,25,0,True,requires human review: high name similarity (100.0); similar address/PIN (100)
PAIR-000541,SHOP,KAR-SHOP-BLRU-2019-000072,Navya Printers Traders,KSPCB,PCB/BLRU/CTE/2021/00045,Navya Printers Traders,560100,64,HUMAN_REVIEW,100.0,100,25,0,True,requires human review: high name similarity (100.0); similar address/PIN (100)
PAIR-000542,FACTORY,KFBIS-FAC-BLRU-2022-000052,Kaveri Pvt Ltd,KSPCB,PCB/BLRU/CTO/2022/00046,Kaveri Pvt Ltd,560029,64,HUMAN_REVIEW,100.0,100,25,0,True,requires human review: high name similarity (100.0); similar address/PIN (100)
PAIR-000543,FACTORY,KFBIS-FAC-TUM-2019-000054,Bangalore Packaging Works,LABOUR,LAB-KA-TUM-2019-000053,Bangalore Packaging Works,572101,64,HUMAN_REVIEW,100.0,100,25,0,True,requires human review: high name similarity (100.0); similar address/PIN (100)
PAIR-000544,GST,GST-KA-TUM-2023-000081,Bangalore Packaging Works,LABOUR,LAB-KA-TUM-2019-000053,Bangalore Packaging Works,572101,64,HUMAN_REVIEW,100.0,100,25,0,True,requires human review: high name similarity (100.0); similar address/PIN (100)
PAIR-000545,KSPCB,PCB/BLRU/CTE/2021/00048,Sharma Chem LLP,LABOUR,LAB-KA-BLRU-2022-000054,Sharma Chem LLP,560085,64,HUMAN_REVIEW,100.0,100,25,0,True,requires human review: high name similarity (100.0); similar address/PIN (100)
PAIR-000546,UDYAM,UDYAM-KR-BLRU-2018-000055,Naveen Polymers Solutions,LABOUR,LAB-KA-BLRU-2024-000055,M/S Naveen Polymers Solutions,560102,64,HUMAN_REVIEW,100.0,100,25,0,True,requires human review: high name similarity (100.0); similar address/PIN (100)
PAIR-000547,KSPCB,PCB/BLRU/CTE/2023/00051,Harsha Tools Associates,LABOUR,LAB-KA-BLRU-2025-000056,Harsha Tools Associates,560001,64,HUMAN_REVIEW,100.0,100,25,0,True,requires human review: high name similarity (100.0); similar address/PIN (100)
PAIR-000548,LABOUR,LAB-KA-BLRU-2025-000056,Harsha Tools Associates,FACTORY,KFBIS-FAC-BLRU-2022-000058,Harsha Tools Associates,560001,64,HUMAN_REVIEW,100.0,100,25,0,True,requires human review: high name similarity (100.0); similar address/PIN (100)
PAIR-000549,FACTORY,KFBIS-FAC-BLRU-2023-000059,Nandi Bakery Pvt Ltd,GST,GST-KA-BLRU-2016-000084,Nandi Bakery Pvt Ltd,560058,64,HUMAN_REVIEW,100.0,100,25,0,True,requires human review: high name similarity (100.0); similar address/PIN (100)
PAIR-000550,GST,GST-KA-BLRU-2016-000084,Nandi Bakery Pvt Ltd,BBMP,BBMP-TL-DASA-2015-000041,Nandi Bakery Pvt. Ltd.,560058,64,HUMAN_REVIEW,100.0,100,25,0,True,requires human review: high name similarity (100.0); similar address/PIN (100)
PAIR-000551,SHOP,KAR-SHOP-BLRU-2016-000076,Bangalore Care Works,GST,GST-KA-BLRU-2015-000085,M/S BANGALORE CARE WORKS,560076,64,HUMAN_REVIEW,100.0,100,25,0,True,requires human review: high name similarity (100.0); similar address/PIN (100)
PAIR-000552,UDYAM,UDYAM-KR-BLRU-2022-000057,M/S Prakruthi Packaging Industries,GST,GST-KA-BLRU-2025-000086,PRAKRUTHI PACKAGING INDUSTRIES,560043,64,HUMAN_REVIEW,100.0,100,25,0,True,requires human review: high name similarity (100.0); similar address/PIN (100)
PAIR-000553,GST,GST-KA-BLRR-2022-000089,Aarohi Medical Works,FACTORY,KFBIS-FAC-BLRR-2016-000062,Aarohi Medical Works,562110,64,HUMAN_REVIEW,100.0,100,25,0,True,requires human review: high name similarity (100.0); similar address/PIN (100)
PAIR-000554,SHOP,KAR-SHOP-BLRR-2016-000079,M/S Aarohi Medical Works,FACTORY,KFBIS-FAC-BLRR-2016-000062,Aarohi Medical Works,562110,64,HUMAN_REVIEW,100.0,100,25,0,True,requires human review: high name similarity (100.0); similar address/PIN (100)
PAIR-000555,FACTORY,KFBIS-FAC-BLRU-2018-000066,Navya Snacks Industries,LABOUR,LAB-KA-BLRU-2017-000060,Navya Snacks Industries,560100,64,HUMAN_REVIEW,100.0,100,25,0,True,requires human review: high name similarity (100.0); similar address/PIN (100)
PAIR-000556,LABOUR,LAB-KA-BLRU-2017-000060,Navya Snacks Industries,UDYAM,UDYAM-KR-BLRU-2018-000061,NAVYA SNACKS INDUSTRIES,560100,64,HUMAN_REVIEW,100.0,100,25,0,True,requires human review: high name similarity (100.0); similar address/PIN (100)
PAIR-000557,UDYAM,UDYAM-KR-BLRU-2018-000061,NAVYA SNACKS INDUSTRIES,SHOP,KAR-SHOP-BLRU-2015-000084,M/S Navya Snacks Industries,560100,64,HUMAN_REVIEW,100.0,100,25,0,True,requires human review: high name similarity (100.0); similar address/PIN (100)
PAIR-000558,SHOP,KAR-SHOP-BLRU-2015-000084,M/S Navya Snacks Industries,GST,GST-KA-BLRU-2025-000092,Navya Snacks Industries,560100,64,HUMAN_REVIEW,100.0,100,25,0,True,requires human review: high name similarity (100.0); similar address/PIN (100)
PAIR-000559,GST,GST-KA-MYS-2021-000093,SAHANA GARMENTS COMPANY,SHOP,KAR-SHOP-MYS-2018-000085,Sahana Garments Co,570018,64,HUMAN_REVIEW,100.0,100,25,0,True,requires human review: high name similarity (100.0); similar address/PIN (100)
PAIR-000560,SHOP,KAR-SHOP-MYS-2018-000085,Sahana Garments Co,LABOUR,LAB-KA-MYS-2015-000061,M/S Sahana Garments Company,570018,64,HUMAN_REVIEW,100.0,100,25,0,True,requires human review: high name similarity (100.0); similar address/PIN (100)
PAIR-000561,BBMP,BBMP-TL-EAST-2020-000046,Sri Devices LLP,UDYAM,UDYAM-KR-BLRU-2015-000062,M/S Sri Devices LLP,560043,64,HUMAN_REVIEW,100.0,100,25,0,True,requires human review: high name similarity (100.0); similar address/PIN (100)
PAIR-000562,BBMP,BBMP-TL-EAST-2020-000046,Sri Devices LLP,GST,GST-KA-BLRU-2021-000096,M/S Sri Devices LLP,560043,64,HUMAN_REVIEW,100.0,100,25,0,True,requires human review: high name similarity (100.0); similar address/PIN (100)
PAIR-000563,KSPCB,PCB/MYS/CTE/2017/00059,Sri Moulding Works,SHOP,KAR-SHOP-MYS-2021-000089,Sri Moulding Works,570001,64,HUMAN_REVIEW,100.0,100,25,0,True,requires human review: high name similarity (100.0); similar address/PIN (100)
PAIR-000564,SHOP,KAR-SHOP-MYS-2021-000089,Sri Moulding Works,FACTORY,KFBIS-FAC-MYS-2025-000067,M/S Sri Moulding Works,570001,64,HUMAN_REVIEW,100.0,100,25,0,True,requires human review: high name similarity (100.0); similar address/PIN (100)
PAIR-000565,FACTORY,KFBIS-FAC-MYS-2025-000067,M/S Sri Moulding Works,GST,GST-KA-MYS-2019-000099,M/S Sri Moulding Works,570001,64,HUMAN_REVIEW,100.0,100,25,0,True,requires human review: high name similarity (100.0); similar address/PIN (100)
PAIR-000566,GST,GST-KA-BLRU-2017-000100,M/S Udupi Logistics Company,LABOUR,LAB-KA-BLRU-2025-000064,Udupi Logistics Company,560043,64,HUMAN_REVIEW,100.0,100,25,0,True,requires human review: high name similarity (100.0); similar address/PIN (100)
PAIR-000567,LABOUR,LAB-KA-BLRR-2018-000065,Kaveri Textiles Enterprises,SHOP,KAR-SHOP-BLRR-2020-000090,M/S Kaveri Textiles Enterprises,562110,64,HUMAN_REVIEW,100.0,100,25,0,True,requires human review: high name similarity (100.0); similar address/PIN (100)
PAIR-000568,SHOP,KAR-SHOP-BLRR-2020-000090,M/S Kaveri Textiles Enterprises,GST,GST-KA-BLRR-2017-000101,M/S Kaveri Textiles Enterprises,562110,64,HUMAN_REVIEW,100.0,100,25,0,True,requires human review: high name similarity (100.0); similar address/PIN (100)
PAIR-000569,FACTORY,KFBIS-FAC-BLRU-2017-000069,Aarohi Bakery Industries,BBMP,BBMP-TL-YELA-2019-000048,Aarohi Bakery Industries,560064,64,HUMAN_REVIEW,100.0,100,25,0,True,requires human review: high name similarity (100.0); similar address/PIN (100)
PAIR-000570,GST,GST-KA-BLRU-2024-000103,OMKAR AGRO CO,UDYAM,UDYAM-KR-BLRU-2020-000066,OMKAR AGRO CO,560100,64,HUMAN_REVIEW,100.0,100,25,0,True,requires human review: high name similarity (100.0); similar address/PIN (100)
PAIR-000571,UDYAM,UDYAM-KR-BLRU-2022-000067,Omkar Agro Company,SHOP,KAR-SHOP-BLRU-2017-000094,Omkar Agro Company,560068,64,HUMAN_REVIEW,100.0,100,25,0,True,requires human review: high name similarity (100.0); similar address/PIN (100)
PAIR-000572,SHOP,KAR-SHOP-BLRR-2024-000095,Lakshmi Pharma Works,BBMP,BBMP-TL-BENG-2019-000051,Lakshmi Pharma Works,562157,64,HUMAN_REVIEW,100.0,100,25,0,True,requires human review: high name similarity (100.0); similar address/PIN (100)
PAIR-000573,BBMP,BBMP-TL-SOUT-2024-000052,Siddhi Pvt Ltd,GST,GST-KA-BLRU-2017-000106,Siddhi Pvt.Ltd.,560078,64,HUMAN_REVIEW,100.0,100,25,0,True,requires human review: high name similarity (100.0); similar address/PIN (100)
PAIR-000574,KSPCB,PCB/MYS/CTO/2017/00065,M/S Bangalore Company,UDYAM,UDYAM-KR-MYS-2021-000070,Bangalore Co,570001,64,HUMAN_REVIEW,100.0,100,25,0,True,requires human review: high name similarity (100.0); similar address/PIN (100)
PAIR-000575,LABOUR,LAB-KA-BLRU-2018-000073,Sahana Kitchen Solutions,BBMP,BBMP-TL-DASA-2017-000055,Sahana Kitchen Solutions,560058,64,HUMAN_REVIEW,100.0,99.3,25,0,True,requires human review: high name similarity (100.0); similar address/PIN (99.3)
PAIR-000576,GST,GST-KA-BLRU-2015-000117,Navya Trans Co,SHOP,KAR-SHOP-BLRU-2016-000103,Navya Trans Co,560043,64,HUMAN_REVIEW,100.0,100,25,0,True,requires human review: high name similarity (100.0); similar address/PIN (100)
PAIR-000577,KSPCB,PCB/BLRR/CTE/2015/00068,M/S Aditya Chem Co,FACTORY,KFBIS-FAC-BLRR-2024-000076,M/S Aditya Chem Co,561203,64,HUMAN_REVIEW,100.0,100,25,0,True,requires human review: high name similarity (100.0); similar address/PIN (100)
PAIR-000578,SHOP,KAR-SHOP-BLRU-2023-000104,Mysore Industries,GST,GST-KA-BLRU-2015-000119,M/S MYSORE INDUSTRIES,560085,64,HUMAN_REVIEW,100.0,100,25,0,True,requires human review: high name similarity (100.0); similar address/PIN (100)
PAIR-000579,GST,GST-KA-BLRU-2015-000119,M/S MYSORE INDUSTRIES,UDYAM,UDYAM-KR-BLRU-2024-000072,M/S Mysore Industries,560085,64,HUMAN_REVIEW,100.0,100,25,0,True,requires human review: high name similarity (100.0); similar address/PIN (100)
PAIR-000580,SHOP,KAR-SHOP-BLRU-2015-000105,Naveen Coatings Co,FACTORY,KFBIS-FAC-BLRU-2020-000077,M/S Naveen Coatings Co,560059,64,HUMAN_REVIEW,100.0,100,25,0,True,requires human review: high name similarity (100.0); similar address/PIN (100)
PAIR-000581,FACTORY,KFBIS-FAC-BLRU-2020-000078,Omkar Labs Co,BBMP,BBMP-TL-SOUT-2021-000056,Omkar Labs Co,560068,64,HUMAN_REVIEW,100.0,100,25,0,True,requires human review: high name similarity (100.0); similar address/PIN (100)
PAIR-000582,BBMP,BBMP-TL-SOUT-2021-000056,Omkar Labs Co,KSPCB,PCB/BLRU/CTE/2023/00071,M/S Omkar Labs Co,560068,64,HUMAN_REVIEW,100.0,100,25,0,True,requires human review: high name similarity (100.0); similar address/PIN (100)
PAIR-000583,KSPCB,PCB/TUM/CTE/2025/00072,Bangalore Machining Co,UDYAM,UDYAM-KR-TUM-2021-000074,Bangalore Machining Co,572106,64,HUMAN_REVIEW,100.0,100,25,0,True,requires human review: high name similarity (100.0); similar address/PIN (100)
PAIR-000584,KSPCB,PCB/TUM/CTE/2025/00072,Bangalore Machining Co,LABOUR,LAB-KA-TUM-2024-000076,Bangalore Machining Co,572106,64,HUMAN_REVIEW,100.0,100,25,0,True,requires human review: high name similarity (100.0); similar address/PIN (100)
PAIR-000585,BBMP,BBMP-TL-TUMA-2018-000057,Srinidhi Bites Co,LABOUR,LAB-KA-TUM-2020-000077,M/S Srinidhi Bites Co,572106,64,HUMAN_REVIEW,100.0,100,25,0,True,requires human review: high name similarity (100.0); similar address/PIN (100)
PAIR-000586,LABOUR,LAB-KA-TUM-2020-000077,M/S Srinidhi Bites Co,GST,GST-KA-TUM-2018-000123,Srinidhi Bites Co,572106,64,HUMAN_REVIEW,100.0,100,25,0,True,requires human review: high name similarity (100.0); similar address/PIN (100)
PAIR-000587,SHOP,KAR-SHOP-TUM-2020-000106,Srinidhi Bites Co,GST,GST-KA-TUM-2018-000123,Srinidhi Bites Co,572106,64,HUMAN_REVIEW,100.0,100,25,0,True,requires human review: high name similarity (100.0); similar address/PIN (100)
PAIR-000588,GST,GST-KA-BLRU-2019-000124,BANGALORE APPARELS ENTERPRISES,BBMP,BBMP-TL-YELA-2020-000058,Bangalore Apparels Enterprises,560064,64,HUMAN_REVIEW,100.0,100,25,0,True,requires human review: high name similarity (100.0); similar address/PIN (100)
PAIR-000589,BBMP,BBMP-TL-EAST-2019-000061,M/S Sharma Electronics Solutions,KSPCB,PCB/BLRU/CTE/2023/00074,Sharma Electronics Solutions,560001,64,HUMAN_REVIEW,100.0,100,25,0,True,requires human review: high name similarity (100.0); similar address/PIN (100)
PAIR-000590,BBMP,BBMP-TL-BENG-2021-000062,Ganesh Kitchen LLP,GST,GST-KA-BLRR-2023-000130,Ganesh Kitchen LLP,562110,64,HUMAN_REVIEW,100.0,100,25,0,True,requires human review: high name similarity (100.0); similar address/PIN (100)
PAIR-000591,LABOUR,LAB-KA-BLRU-2022-000080,Bharath Spices LLP,KSPCB,PCB/BLRU/CTO/2023/00077,Bharath Spices LLP,560066,64,HUMAN_REVIEW,100.0,100,25,0,True,requires human review: high name similarity (100.0); similar address/PIN (100)
PAIR-000592,BBMP,BBMP-TL-TUMA-2018-000064,M/S Vijaya Fashions Works,UDYAM,UDYAM-KR-TUM-2021-000082,M/S VIJAYA FASHIONS WORKS,572106,64,HUMAN_REVIEW,100.0,100,25,0,True,requires human review: high name similarity (100.0); similar address/PIN (100)
PAIR-000593,GST,GST-KA-BLRU-2021-000134,M/S Asha Solutions,SHOP,KAR-SHOP-BLRU-2024-000116,M/S Asha Solutions,560024,64,HUMAN_REVIEW,100.0,100,25,0,True,requires human review: high name similarity (100.0); similar address/PIN (100)
PAIR-000594,UDYAM,UDYAM-KR-BLRU-2016-000083,MS Prakruthi LLP,LABOUR,LAB-KA-BLRU-2025-000085,Prakruthi LLP,560085,64,HUMAN_REVIEW,100.0,100,25,0,True,requires human review: high name similarity (100.0); similar address/PIN (100)
PAIR-000595,GST,GST-KA-BLRU-2023-000136,M/S PRAKRUTHI LLP,SHOP,KAR-SHOP-BLRU-2018-000118,Prakruthi LLP,560085,64,HUMAN_REVIEW,100.0,100,25,0,True,requires human review: high name similarity (100.0); similar address/PIN (100)
PAIR-000596,UDYAM,UDYAM-KR-BLRU-2016-000083,MS Prakruthi LLP,SHOP,KAR-SHOP-BLRU-2018-000118,Prakruthi LLP,560085,64,HUMAN_REVIEW,100.0,100,25,0,True,requires human review: high name similarity (100.0); similar address/PIN (100)
PAIR-000597,BBMP,BBMP-TL-BOMM-2024-000067,Siddhi Warehouse Solutions,UDYAM,UDYAM-KR-BLRU-2018-000084,Siddhi Warehouse Solutions,560102,64,HUMAN_REVIEW,100.0,99.7,25,0,True,requires human review: high name similarity (100.0); similar address/PIN (99.7)
PAIR-000598,SHOP,KAR-SHOP-MYS-2018-000120,Kaveri Meds Associates,GST,GST-KA-MYS-2025-000139,Kaveri Meds Associates,570018,64,HUMAN_REVIEW,100.0,99.4,25,0,True,requires human review: high name similarity (100.0); similar address/PIN (99.4)
PAIR-000599,GST,GST-KA-MYS-2025-000139,Kaveri Meds Associates,BBMP,BBMP-TL-SOUT-2015-000068,Kaveri Meds Associates,570018,64,HUMAN_REVIEW,100.0,100,25,0,True,requires human review: high name similarity (100.0); similar address/PIN (100)
PAIR-000600,KSPCB,PCB/MYS/CTO/2020/00081,M/S Varun Industrial Associates,FACTORY,KFBIS-FAC-MYS-2016-000084,M/S Varun Industrial Associates,570018,64,HUMAN_REVIEW,100.0,100,25,0,True,requires human review: high name similarity (100.0); similar address/PIN (100)
PAIR-000601,FACTORY,KFBIS-FAC-MYS-2016-000084,M/S Varun Industrial Associates,GST,GST-KA-MYS-2023-000141,M/S VARUN INDUSTRIAL ASSOCIATES,570018,64,HUMAN_REVIEW,100.0,100,25,0,True,requires human review: high name similarity (100.0); similar address/PIN (100)
PAIR-000602,FACTORY,KFBIS-FAC-BLRU-2021-000085,M/S Srinidhi Injection Enterprises,BBMP,BBMP-TL-SOUT-2022-000069,Srinidhi Injection Enterprises,560076,64,HUMAN_REVIEW,100.0,100,25,0,True,requires human review: high name similarity (100.0); similar address/PIN (100)
PAIR-000603,FACTORY,KFBIS-FAC-BLRU-2022-000086,Sri Pvt Ltd,GST,GST-KA-BLRU-2024-000142,SRI PVT LTD,560102,64,HUMAN_REVIEW,100.0,100,25,0,True,requires human review: high name similarity (100.0); similar address/PIN (100)
PAIR-000604,GST,GST-KA-BLRU-2024-000142,SRI PVT LTD,UDYAM,UDYAM-KR-BLRU-2025-000086,SRI PVT LTD,560102,64,HUMAN_REVIEW,100.0,100,25,0,True,requires human review: high name similarity (100.0); similar address/PIN (100)
PAIR-000605,UDYAM,UDYAM-KR-BLRU-2025-000086,SRI PVT LTD,LABOUR,LAB-KA-BLRU-2015-000086,Sri Pvt Ltd,560102,64,HUMAN_REVIEW,100.0,100,25,0,True,requires human review: high name similarity (100.0); similar address/PIN (100)
PAIR-000606,FACTORY,KFBIS-FAC-BLRU-2015-000087,M/S Varun Components LLP,SHOP,KAR-SHOP-BLRU-2018-000123,Varun Components LLP,560066,64,HUMAN_REVIEW,100.0,100,25,0,True,requires human review: high name similarity (100.0); similar address/PIN (100)
PAIR-000607,SHOP,KAR-SHOP-BLRU-2018-000123,Varun Components LLP,LABOUR,LAB-KA-BLRU-2021-000087,Varun Components LLP,560066,64,HUMAN_REVIEW,100.0,100,25,0,True,requires human review: high name similarity (100.0); similar address/PIN (100)
PAIR-000608,LABOUR,LAB-KA-BLRU-2021-000087,Varun Components LLP,GST,GST-KA-BLRU-2021-000143,Varun Components LLP,560066,64,HUMAN_REVIEW,100.0,100,25,0,True,requires human review: high name similarity (100.0); similar address/PIN (100)
PAIR-000609,UDYAM,UDYAM-KR-MYS-2015-000088,SHARMA PVT LTD,FACTORY,KFBIS-FAC-MYS-2019-000088,Sharma Pvt. Ltd.,570018,64,HUMAN_REVIEW,100.0,100,25,0,True,requires human review: high name similarity (100.0); similar address/PIN (100)
PAIR-000610,FACTORY,KFBIS-FAC-BLRU-2021-000092,Navya Solvents Pvt Ltd,KSPCB,PCB/BLRU/CTE/2022/00085,Navya Solvents Pvt Ltd,560059,64,HUMAN_REVIEW,100.0,100,25,0,True,requires human review: high name similarity (100.0); similar address/PIN (100)
PAIR-000611,UDYAM,UDYAM-KR-BLRU-2017-000092,M/S MEGHANA POLYMERS ASSOCIATES,LABOUR,LAB-KA-BLRU-2016-000095,Meghana Polymers Associates,560085,64,HUMAN_REVIEW,100.0,100,25,0,True,requires human review: high name similarity (100.0); similar address/PIN (100)
PAIR-000612,LABOUR,LAB-KA-BLRU-2024-000096,Meghana Moulding Industries,UDYAM,UDYAM-KR-BLRU-2017-000093,Meghana Moulding Industries,560058,64,HUMAN_REVIEW,100.0,100,25,0,True,requires human review: high name similarity (100.0); similar address/PIN (100)
PAIR-000613,KSPCB,PCB/BLRU/CTO/2020/00086,Meghana Moulding Industries,GST,GST-KA-BLRU-2022-000149,MEGHANA MOULDING INDUSTRIES,560058,64,HUMAN_REVIEW,100.0,100,25,0,True,requires human review: high name similarity (100.0); similar address/PIN (100)
PAIR-000614,SHOP,KAR-SHOP-BLRR-2018-000133,Sri Moulding Works,FACTORY,KFBIS-FAC-BLRR-2017-000096,Sri Moulding Works,562157,64,HUMAN_REVIEW,100.0,99.8,25,0,True,requires human review: high name similarity (100.0); similar address/PIN (99.8)
PAIR-000615,SHOP,KAR-SHOP-BLRU-2022-000135,M/S Veda Agro Co,BBMP,BBMP-TL-WEST-2017-000079,Veda Agro Co,560059,64,HUMAN_REVIEW,100.0,100,25,0,True,requires human review: high name similarity (100.0); similar address/PIN (100)
PAIR-000616,BBMP,BBMP-TL-WEST-2017-000079,Veda Agro Co,UDYAM,UDYAM-KR-BLRU-2024-000097,M/S Veda Agro Co,560059,64,HUMAN_REVIEW,100.0,100,25,0,True,requires human review: high name similarity (100.0); similar address/PIN (100)
PAIR-000617,BBMP,BBMP-TL-SOUT-2021-000081,M/S Nisarga Clinic LLP,SHOP,KAR-SHOP-BLRU-2024-000136,Nisarga Clinic LLP,560066|560068,64,HUMAN_REVIEW,100.0,96.7,0,100,True,requires human review: high name similarity (100.0); similar address/PIN (96.7); no shared identifier available; same phone number
PAIR-000618,UDYAM,UDYAM-KR-MYS-2020-000099,AAROHI SOLUTIONS,FACTORY,KFBIS-FAC-MYS-2020-000097,Aarohi Solutions,570016,64,HUMAN_REVIEW,100.0,100,25,0,True,requires human review: high name similarity (100.0); similar address/PIN (100)
PAIR-000619,FACTORY,KFBIS-FAC-MYS-2020-000097,Aarohi Solutions,BBMP,BBMP-TL-NORT-2017-000082,Aarohi Solutions,570016,64,HUMAN_REVIEW,100.0,99.3,25,0,True,requires human review: high name similarity (100.0); similar address/PIN (99.3)
PAIR-000620,LABOUR,LAB-KA-BLRU-2016-000101,Deccan Coatings Associates,GST,GST-KA-BLRU-2022-000159,M/S Deccan Coatings Associates,560102,64,HUMAN_REVIEW,100.0,100,25,0,True,requires human review: high name similarity (100.0); similar address/PIN (100)
PAIR-000621,SHOP,KAR-SHOP-MYS-2019-000138,M/S Sahana Warehouse Traders,GST,GST-KA-MYS-2020-000160,Sahana Warehouse Traders,570001,64,HUMAN_REVIEW,100.0,100,25,0,True,requires human review: high name similarity (100.0); similar address/PIN (100)
PAIR-000622,SHOP,KAR-SHOP-BLRU-2022-000141,Ravi Textiles Company,GST,GST-KA-BLRU-2017-000163,Ravi Textiles Company,560024,64,HUMAN_REVIEW,100.0,100,25,0,True,requires human review: high name similarity (100.0); similar address/PIN (100)
PAIR-000623,UDYAM,UDYAM-KR-BLRU-2015-000106,Bangalore Snacks LLP,LABOUR,LAB-KA-BLRU-2015-000104,Bangalore Snacks LLP,560078,64,HUMAN_REVIEW,100.0,100,25,0,True,requires human review: high name similarity (100.0); similar address/PIN (100)
PAIR-000624,LABOUR,LAB-KA-BLRU-2015-000104,Bangalore Snacks LLP,GST,GST-KA-BLRU-2019-000164,Bangalore Snacks LLP,560078,64,HUMAN_REVIEW,100.0,100,25,0,True,requires human review: high name similarity (100.0); similar address/PIN (100)
PAIR-000625,GST,GST-KA-BLRU-2019-000164,Bangalore Snacks LLP,KSPCB,PCB/BLRU/CTO/2015/00091,Bangalore Snacks LLP,560078,64,HUMAN_REVIEW,100.0,100,25,0,True,requires human review: high name similarity (100.0); similar address/PIN (100)
PAIR-000626,LABOUR,LAB-KA-BLRU-2023-000107,Siddhi Industries,GST,GST-KA-BLRU-2015-000168,Siddhi Industries,560029,64,HUMAN_REVIEW,100.0,100,25,0,True,requires human review: high name similarity (100.0); similar address/PIN (100)
PAIR-000627,LABOUR,LAB-KA-BLRR-2023-000109,Navya Precision Traders,GST,GST-KA-BLRR-2017-000170,Navya Precision Traders,562157,64,HUMAN_REVIEW,100.0,100,25,0,True,requires human review: high name similarity (100.0); similar address/PIN (100)
PAIR-000628,UDYAM,UDYAM-KR-BLRU-2020-000108,Lakshmi Works,BBMP,BBMP-TL-SOUT-2025-000086,Lakshmi Works,560085,64,HUMAN_REVIEW,100.0,100,25,0,True,requires human review: high name similarity (100.0); similar address/PIN (100)
PAIR-000629,GST,GST-KA-BLRU-2015-000173,Ganesh Cafe Company,SHOP,KAR-SHOP-BLRU-2023-000146,Ganesh Cafe Company,560024,64,HUMAN_REVIEW,100.0,100,25,0,True,requires human review: high name similarity (100.0); similar address/PIN (100)
PAIR-000630,FACTORY,KFBIS-FAC-MYS-2015-000103,Varun Mold LLP,SHOP,KAR-SHOP-MYS-2018-000147,Varun Mold LLP,570016,64,HUMAN_REVIEW,100.0,100,25,0,True,requires human review: high name similarity (100.0); similar address/PIN (100)
PAIR-000631,SHOP,KAR-SHOP-MYS-2018-000147,Varun Mold LLP,UDYAM,UDYAM-KR-MYS-2015-000109,Varun Mold LLP,570016,64,HUMAN_REVIEW,100.0,100,25,0,True,requires human review: high name similarity (100.0); similar address/PIN (100)
PAIR-000632,KSPCB,PCB/BLRU/CTO/2017/00098,Harsha LLP,LABOUR,LAB-KA-BLRU-2016-000115,Harsha LLP,560034,64,HUMAN_REVIEW,100.0,100,25,0,True,requires human review: high name similarity (100.0); similar address/PIN (100)
PAIR-000633,GST,GST-KA-BLRU-2020-000178,Kaveri Print Company,SHOP,KAR-SHOP-BLRU-2015-000150,Kaveri Print Company,560059,64,HUMAN_REVIEW,100.0,100,25,0,True,requires human review: high name similarity (100.0); similar address/PIN (100)
PAIR-000634,GST,GST-KA-BLRR-2021-000180,M/S Aditya Tech Enterprises,LABOUR,LAB-KA-BLRR-2023-000118,Aditya Tech Enterprises,562157,64,HUMAN_REVIEW,100.0,100,25,0,True,requires human review: high name similarity (100.0); similar address/PIN (100)
PAIR-000635,UDYAM,UDYAM-KR-BLRU-2024-000115,Sahana Industries,LABOUR,LAB-KA-BLRU-2024-000119,Sahana Industries,560076,64,HUMAN_REVIEW,100.0,100,25,0,True,requires human review: high name similarity (100.0); similar address/PIN (100)
PAIR-000636,LABOUR,LAB-KA-BLRU-2024-000119,Sahana Industries,SHOP,KAR-SHOP-BLRU-2023-000154,Sahana Industries,560076,64,HUMAN_REVIEW,100.0,100,25,0,True,requires human review: high name similarity (100.0); similar address/PIN (100)
PAIR-000637,UDYAM,UDYAM-KR-TUM-2021-000118,Aditya Labels Enterprises,FACTORY,KFBIS-FAC-TUM-2018-000106,M/S Aditya Labels Enterprises,572101,64,HUMAN_REVIEW,100.0,100,25,0,True,requires human review: high name similarity (100.0); similar address/PIN (100)
PAIR-000638,BBMP,BBMP-TL-SOUT-2023-000092,Sahana Industries Co,GST,GST-KA-MYS-2015-000188,M/S Sahana Industries Co,570018,64,HUMAN_REVIEW,100.0,100,25,0,True,requires human review: high name similarity (100.0); similar address/PIN (100)
PAIR-000639,GST,GST-KA-MYS-2015-000188,M/S Sahana Industries Co,FACTORY,KFBIS-FAC-MYS-2022-000107,Sahana Industries Co,570018,64,HUMAN_REVIEW,100.0,100,25,0,True,requires human review: high name similarity (100.0); similar address/PIN (100)
PAIR-000640,SHOP,KAR-SHOP-BLRU-2018-000161,Naveen LLP,BBMP,BBMP-TL-WEST-2019-000094,Naveen LLP,560059,64,HUMAN_REVIEW,100.0,100,25,0,True,requires human review: high name similarity (100.0); similar address/PIN (100)
PAIR-000641,BBMP,BBMP-TL-WEST-2019-000094,Naveen LLP,GST,GST-KA-BLRU-2020-000192,NAVEEN LLP,560059,64,HUMAN_REVIEW,100.0,100,25,0,True,requires human review: high name similarity (100.0); similar address/PIN (100)
PAIR-000642,KSPCB,PCB/BLRU/CTO/2025/00110,Deccan Precision Co,BBMP,BBMP-TL-MAHA-2022-000095,M/S Deccan Precision Co,560066,64,HUMAN_REVIEW,100.0,100,25,0,True,requires human review: high name similarity (100.0); similar address/PIN (100)
PAIR-000643,BBMP,BBMP-TL-MAHA-2022-000095,M/S Deccan Precision Co,SHOP,KAR-SHOP-BLRU-2022-000163,M/S Deccan Precision Co,560066,64,HUMAN_REVIEW,100.0,100,25,0,True,requires human review: high name similarity (100.0); similar address/PIN (100)
PAIR-000644,SHOP,KAR-SHOP-BLRU-2022-000163,M/S Deccan Precision Co,GST,GST-KA-BLRU-2016-000197,DECCAN PRECISION CO,560066,64,HUMAN_REVIEW,100.0,100,25,0,True,requires human review: high name similarity (100.0); similar address/PIN (100)
PAIR-000645,GST,GST-KA-BLRU-2016-000197,DECCAN PRECISION CO,FACTORY,KFBIS-FAC-BLRU-2016-000112,Deccan Precision Co,560066,64,HUMAN_REVIEW,100.0,100,25,0,True,requires human review: high name similarity (100.0); similar address/PIN (100)
PAIR-000646,SHOP,KAR-SHOP-BLRU-2015-000165,Prakruthi Clinic Pvt Ltd,GST,GST-KA-BLRU-2018-000199,M/S Prakruthi Clinic Pvt Ltd,560102,64,HUMAN_REVIEW,100.0,99.8,25,0,True,requires human review: high name similarity (100.0); similar address/PIN (99.8)
PAIR-000647,GST,GST-KA-BLRU-2018-000199,M/S Prakruthi Clinic Pvt Ltd,BBMP,BBMP-TL-BOMM-2015-000096,Prakruthi Clinic Pvt Ltd,560102,64,HUMAN_REVIEW,100.0,100,25,0,True,requires human review: high name similarity (100.0); similar address/PIN (100)
PAIR-000648,BBMP,BBMP-TL-BOMM-2015-000096,Prakruthi Clinic Pvt Ltd,LABOUR,LAB-KA-BLRU-2025-000123,Prakruthi Clinic Pvt. Ltd.,560102,64,HUMAN_REVIEW,100.0,100,25,0,True,requires human review: high name similarity (100.0); similar address/PIN (100)
PAIR-000649,GST,GST-KA-BLRR-2025-000201,Bangalore LLP,SHOP,KAR-SHOP-BLRR-2020-000167,Bangalore LLP,561203,64,HUMAN_REVIEW,100.0,100,25,0,True,requires human review: high name similarity (100.0); similar address/PIN (100)
PAIR-000650,LABOUR,LAB-KA-BLRU-2025-000124,Sharma LLP,FACTORY,KFBIS-FAC-BLRU-2021-000113,M/S Sharma LLP,560058,64,HUMAN_REVIEW,100.0,100,25,0,True,requires human review: high name similarity (100.0); similar address/PIN (100)
PAIR-000651,FACTORY,KFBIS-FAC-BLRU-2021-000113,M/S Sharma LLP,KSPCB,PCB/BLRU/CTE/2024/00111,Sharma LLP,560058,64,HUMAN_REVIEW,100.0,100,25,0,True,requires human review: high name similarity (100.0); similar address/PIN (100)
PAIR-000652,KSPCB,PCB/BLRU/CTE/2024/00111,Sharma LLP,BBMP,BBMP-TL-DASA-2018-000100,M/S Sharma LLP,560058,64,HUMAN_REVIEW,100.0,99.2,25,0,True,requires human review: high name similarity (100.0); similar address/PIN (99.2)
PAIR-000653,UDYAM,UDYAM-KR-BLRU-2017-000127,VIJAYA INDUSTRIES WORKS,KSPCB,PCB/BLRU/CTE/2025/00113,Vijaya Industries Works,560078,64,HUMAN_REVIEW,100.0,100,25,0,True,requires human review: high name similarity (100.0); similar address/PIN (100)
PAIR-000654,KSPCB,PCB/BLRU/CTE/2025/00113,Vijaya Industries Works,GST,GST-KA-BLRU-2024-000204,Vijaya Industries Works,560078,64,HUMAN_REVIEW,100.0,100,25,0,True,requires human review: high name similarity (100.0); similar address/PIN (100)
PAIR-000655,LABOUR,LAB-KA-BLRU-2018-000127,Veda Logistics Works,SHOP,KAR-SHOP-BLRU-2016-000171,Veda Logistics Works,560076,64,HUMAN_REVIEW,100.0,100,25,0,True,requires human review: high name similarity (100.0); similar address/PIN (100)
PAIR-000656,SHOP,KAR-SHOP-BLRU-2016-000171,Veda Logistics Works,BBMP,BBMP-TL-SOUT-2015-000102,Veda Logistics Works,560076,64,HUMAN_REVIEW,100.0,100,25,0,True,requires human review: high name similarity (100.0); similar address/PIN (100)
PAIR-000657,GST,GST-KA-BLRU-2019-000205,Siddhi Packaging Enterprises,SHOP,KAR-SHOP-BLRU-2018-000172,M/S Siddhi Packaging Enterprises,560066,64,HUMAN_REVIEW,100.0,99.5,25,0,True,requires human review: high name similarity (100.0); similar address/PIN (99.5)
PAIR-000658,SHOP,KAR-SHOP-MYS-2023-000175,Aditya Polymers Associates,KSPCB,PCB/MYS/CTE/2018/00117,M/S Aditya Polymers Associates,570001,64,HUMAN_REVIEW,100.0,100,25,0,True,requires human review: high name similarity (100.0); similar address/PIN (100)
PAIR-000659,KSPCB,PCB/MYS/CTE/2018/00117,M/S Aditya Polymers Associates,GST,GST-KA-MYS-2021-000207,Aditya Polymers Associates,570001,64,HUMAN_REVIEW,100.0,100,25,0,True,requires human review: high name similarity (100.0); similar address/PIN (100)
PAIR-000660,FACTORY,KFBIS-FAC-BLRU-2016-000119,M/S Veda Coatings Solutions,UDYAM,UDYAM-KR-BLRU-2018-000130,M/S Veda Coatings Solutions,560066,64,HUMAN_REVIEW,100.0,100,25,0,True,requires human review: high name similarity (100.0); similar address/PIN (100)
PAIR-000661,UDYAM,UDYAM-KR-BLRU-2018-000130,M/S Veda Coatings Solutions,KSPCB,PCB/BLRU/CTO/2022/00118,Veda Coatings Solutions,560066,64,HUMAN_REVIEW,100.0,100,25,0,True,requires human review: high name similarity (100.0); similar address/PIN (100)
PAIR-000662,FACTORY,KFBIS-FAC-BLRU-2016-000119,M/S Veda Coatings Solutions,GST,GST-KA-BLRU-2017-000208,Veda Coatings Solutions,560066,64,HUMAN_REVIEW,100.0,100,25,0,True,requires human review: high name similarity (100.0); similar address/PIN (100)
PAIR-000663,LABOUR,LAB-KA-BLRR-2019-000129,Sharma Textiles Pvt Ltd,BBMP,BBMP-TL-BENG-2016-000104,M/S Sharma Textiles Pvt Ltd,562114,64,HUMAN_REVIEW,100.0,100,25,0,True,requires human review: high name similarity (100.0); similar address/PIN (100)
PAIR-000664,LABOUR,LAB-KA-BLRR-2025-000130,Harsha Meals Industries,BBMP,BBMP-TL-BENG-2024-000106,Harsha Meals Industries,562157,64,HUMAN_REVIEW,100.0,100,25,0,True,requires human review: high name similarity (100.0); similar address/PIN (100)
PAIR-000665,BBMP,BBMP-TL-BENG-2024-000106,Harsha Meals Industries,GST,GST-KA-BLRR-2025-000210,M/S Harsha Meals Industries,562157,64,HUMAN_REVIEW,100.0,100,25,0,True,requires human review: high name similarity (100.0); similar address/PIN (100)
PAIR-000666,SHOP,KAR-SHOP-BLRU-2018-000178,Nisarga Printers Pvt Ltd,LABOUR,LAB-KA-BLRU-2018-000132,Nisarga Printers Pvt Ltd,560066,64,HUMAN_REVIEW,100.0,100,25,0,True,requires human review: high name similarity (100.0); similar address/PIN (100)
PAIR-000667,UDYAM,UDYAM-KR-BLRU-2017-000134,Ganesh Care Co,BBMP,BBMP-TL-SOUT-2018-000110,Ganesh Care Company,560034,64,HUMAN_REVIEW,100.0,100,25,0,True,requires human review: high name similarity (100.0); similar address/PIN (100)
PAIR-000668,FACTORY,KFBIS-FAC-TUM-2017-000122,Harsha Works,KSPCB,PCB/TUM/CTE/2022/00122,Harsha Works,572106,64,HUMAN_REVIEW,100.0,100,25,0,True,requires human review: high name similarity (100.0); similar address/PIN (100)
PAIR-000669,GST,GST-KA-BLRU-2017-000219,Omkar Mold Traders,FACTORY,KFBIS-FAC-BLRU-2022-000123,M/S Omkar Mold Traders,560029,64,HUMAN_REVIEW,100.0,100,25,0,True,requires human review: high name similarity (100.0); similar address/PIN (100)
PAIR-000670,FACTORY,KFBIS-FAC-BLRU-2022-000123,M/S Omkar Mold Traders,UDYAM,UDYAM-KR-BLRU-2023-000136,Omkar Mold Traders,560029,64,HUMAN_REVIEW,100.0,100,25,0,True,requires human review: high name similarity (100.0); similar address/PIN (100)
PAIR-000671,GST,GST-KA-BLRU-2022-000220,ASHA CNC LLP,FACTORY,KFBIS-FAC-BLRU-2021-000124,M/S Asha CNC LLP,560043,64,HUMAN_REVIEW,100.0,99.7,25,0,True,requires human review: high name similarity (100.0); similar address/PIN (99.7)
PAIR-000672,GST,GST-KA-BLRU-2020-000221,Varun Traders,SHOP,KAR-SHOP-BLRU-2021-000188,Varun Traders,560076,64,HUMAN_REVIEW,100.0,100,25,0,True,requires human review: high name similarity (100.0); similar address/PIN (100)
PAIR-000673,BBMP,BBMP-TL-NORT-2024-000113,M/S Nandi Meals Enterprises,SHOP,KAR-SHOP-MYS-2023-000189,M/S Nandi Meals Enterprises,570016,64,HUMAN_REVIEW,100.0,100,25,0,True,requires human review: high name similarity (100.0); similar address/PIN (100)
PAIR-000674,GST,GST-KA-MYS-2020-000226,Prakruthi Packaging Enterprises,LABOUR,LAB-KA-MYS-2021-000137,M/S Prakruthi Packaging Enterprises,570001,64,HUMAN_REVIEW,100.0,100,25,0,True,requires human review: high name similarity (100.0); similar address/PIN (100)
PAIR-000675,KSPCB,PCB/BLRU/CTO/2025/00128,Harsha Works,UDYAM,UDYAM-KR-BLRU-2023-000141,Harsha Works,560064,64,HUMAN_REVIEW,100.0,100,25,0,True,requires human review: high name similarity (100.0); similar address/PIN (100)
PAIR-000676,SHOP,KAR-SHOP-BLRU-2023-000192,Harsha Works,FACTORY,KFBIS-FAC-BLRU-2022-000126,Harsha Works,560064,64,HUMAN_REVIEW,100.0,100,25,0,True,requires human review: high name similarity (100.0); similar address/PIN (100)
PAIR-000677,SHOP,KAR-SHOP-BLRU-2016-000193,M/S Prakruthi Packaging Works,UDYAM,UDYAM-KR-BLRU-2024-000142,M/S Prakruthi Packaging Works,560043,64,HUMAN_REVIEW,100.0,100,25,0,True,requires human review: high name similarity (100.0); similar address/PIN (100)
PAIR-000678,SHOP,KAR-SHOP-BLRU-2024-000194,Nandi Moulding Company,FACTORY,KFBIS-FAC-BLRU-2020-000127,Nandi Moulding Company,560076,64,HUMAN_REVIEW,100.0,100,25,0,True,requires human review: high name similarity (100.0); similar address/PIN (100)
PAIR-000679,FACTORY,KFBIS-FAC-BLRU-2020-000127,Nandi Moulding Company,UDYAM,UDYAM-KR-BLRU-2020-000143,M/S Nandi Moulding Company,560076,64,HUMAN_REVIEW,100.0,100,25,0,True,requires human review: high name similarity (100.0); similar address/PIN (100)
PAIR-000680,UDYAM,UDYAM-KR-BLRU-2020-000143,M/S Nandi Moulding Company,KSPCB,PCB/BLRU/CTO/2023/00129,Nandi Moulding Company,560076,64,HUMAN_REVIEW,100.0,100,25,0,True,requires human review: high name similarity (100.0); similar address/PIN (100)
PAIR-000681,KSPCB,PCB/BLRU/CTO/2023/00129,Nandi Moulding Company,GST,GST-KA-BLRU-2015-000230,Nandi Moulding Company,560076,64,HUMAN_REVIEW,100.0,100,25,0,True,requires human review: high name similarity (100.0); similar address/PIN (100)
PAIR-000682,BBMP,BBMP-TL-SOUT-2022-000118,Aarohi Bakery Associates,GST,GST-KA-BLRU-2021-000231,Aarohi Bakery Associates,560076,64,HUMAN_REVIEW,100.0,100,25,0,True,requires human review: high name similarity (100.0); similar address/PIN (100)
PAIR-000683,SHOP,KAR-SHOP-BLRU-2015-000196,Deccan Tools Traders,FACTORY,KFBIS-FAC-BLRU-2022-000128,Deccan Tools Traders,560068,64,HUMAN_REVIEW,100.0,100,25,0,True,requires human review: high name similarity (100.0); similar address/PIN (100)
PAIR-000684,FACTORY,KFBIS-FAC-BLRU-2022-000128,Deccan Tools Traders,KSPCB,PCB/BLRU/CTO/2020/00130,M/S Deccan Tools Traders,560068,64,HUMAN_REVIEW,100.0,100,25,0,True,requires human review: high name similarity (100.0); similar address/PIN (100)
PAIR-000685,KSPCB,PCB/BLRU/CTO/2020/00130,M/S Deccan Tools Traders,GST,GST-KA-BLRU-2023-000232,M/S DECCAN TOOLS TRADERS,560068,64,HUMAN_REVIEW,100.0,100,25,0,True,requires human review: high name similarity (100.0); similar address/PIN (100)
PAIR-000686,BBMP,BBMP-TL-BOMM-2019-000119,M/S Udupi Health Works,SHOP,KAR-SHOP-BLRU-2020-000198,Udupi Health Works,560100,64,HUMAN_REVIEW,100.0,100,25,0,True,requires human review: high name similarity (100.0); similar address/PIN (100)
PAIR-000687,SHOP,KAR-SHOP-BLRU-2020-000198,Udupi Health Works,GST,GST-KA-BLRU-2016-000234,Udupi Health Works,560100,64,HUMAN_REVIEW,100.0,100,25,0,True,requires human review: high name similarity (100.0); similar address/PIN (100)
PAIR-000688,KSPCB,PCB/BLRU/CTO/2020/00131,Siddhi Works Enterprises,FACTORY,KFBIS-FAC-BLRU-2021-000129,Siddhi Works Enterprises,560076,64,HUMAN_REVIEW,100.0,100,25,0,True,requires human review: high name similarity (100.0); similar address/PIN (100)
PAIR-000689,LABOUR,LAB-KA-BLRR-2016-000143,M/S Nandi Tools Co,BBMP,BBMP-TL-BENG-2015-000120,Nandi Tools Co,561203,64,HUMAN_REVIEW,100.0,100,25,0,True,requires human review: high name similarity (100.0); similar address/PIN (100)
PAIR-000690,SHOP,KAR-SHOP-BLRU-2019-000201,Mysore Health Industries,LABOUR,LAB-KA-BLRU-2023-000145,Mysore Health Industries,560068,64,HUMAN_REVIEW,100.0,100,25,0,True,requires human review: high name similarity (100.0); similar address/PIN (100)
PAIR-000691,SHOP,KAR-SHOP-BLRU-2020-000205,Vijaya Fashions Pvt Ltd,BBMP,BBMP-TL-YELA-2022-000123,Vijaya Fashions Pvt Ltd,560064,64,HUMAN_REVIEW,100.0,100,25,0,True,requires human review: high name similarity (100.0); similar address/PIN (100)
PAIR-000692,BBMP,BBMP-TL-YELA-2022-000123,Vijaya Fashions Pvt Ltd,LABOUR,LAB-KA-BLRU-2022-000146,Vijaya Fashions Pvt Ltd,560064,64,HUMAN_REVIEW,100.0,100,25,0,True,requires human review: high name similarity (100.0); similar address/PIN (100)
PAIR-000693,GST,GST-KA-BLRU-2021-000241,Vijaya Fashions Pvt Ltd,LABOUR,LAB-KA-BLRU-2022-000146,Vijaya Fashions Pvt Ltd,560064,64,HUMAN_REVIEW,100.0,100,25,0,True,requires human review: high name similarity (100.0); similar address/PIN (100)
PAIR-000694,GST,GST-KA-BLRU-2016-000242,M/S Kaveri Wear Works,KSPCB,PCB/BLRU/CTO/2020/00135,Kaveri Wear Works,560059,64,HUMAN_REVIEW,100.0,100,25,0,True,requires human review: high name similarity (100.0); similar address/PIN (100)
PAIR-000695,KSPCB,PCB/BLRU/CTO/2020/00135,Kaveri Wear Works,LABOUR,LAB-KA-BLRU-2019-000147,M/S Kaveri Wear Works,560059,64,HUMAN_REVIEW,100.0,100,25,0,True,requires human review: high name similarity (100.0); similar address/PIN (100)
PAIR-000696,LABOUR,LAB-KA-MYS-2022-000148,M/S Prakruthi Stores LLP,UDYAM,UDYAM-KR-MYS-2022-000153,Prakruthi Stores LLP,570016,64,HUMAN_REVIEW,100.0,100,25,0,True,requires human review: high name similarity (100.0); similar address/PIN (100)
PAIR-000697,GST,GST-KA-TUM-2024-000248,Sree Tech Associates,LABOUR,LAB-KA-TUM-2021-000151,Sree Tech Associates,572106,64,HUMAN_REVIEW,100.0,100,25,0,True,requires human review: high name similarity (100.0); similar address/PIN (100)
PAIR-000698,LABOUR,LAB-KA-TUM-2021-000151,Sree Tech Associates,KSPCB,PCB/TUM/CTO/2021/00139,M/S Sree Tech Associates,572106,64,HUMAN_REVIEW,100.0,100,25,0,True,requires human review: high name similarity (100.0); similar address/PIN (100)
PAIR-000699,KSPCB,PCB/TUM/CTO/2021/00139,M/S Sree Tech Associates,FACTORY,KFBIS-FAC-TUM-2021-000135,M/S Sree Tech Associates,572106,64,HUMAN_REVIEW,100.0,100,25,0,True,requires human review: high name similarity (100.0); similar address/PIN (100)
PAIR-000700,KSPCB,PCB/BLRU/CTE/2020/00142,Kaveri Coatings Solutions,LABOUR,LAB-KA-BLRU-2018-000154,Kaveri Coatings Solutions,560064,64,HUMAN_REVIEW,100.0,100,25,0,True,requires human review: high name similarity (100.0); similar address/PIN (100)
PAIR-000701,LABOUR,LAB-KA-BLRU-2018-000154,Kaveri Coatings Solutions,GST,GST-KA-BLRU-2019-000250,Kaveri Coatings Solutions,560064,64,HUMAN_REVIEW,100.0,100,25,0,True,requires human review: high name similarity (100.0); similar address/PIN (100)
PAIR-000702,KSPCB,PCB/BLRU/CTO/2023/00143,M/S Ganesh Coatings LLP,FACTORY,KFBIS-FAC-BLRU-2017-000139,Ganesh Coatings LLP,560034,64,HUMAN_REVIEW,100.0,100,25,0,True,requires human review: high name similarity (100.0); similar address/PIN (100)
PAIR-000703,GST,GST-KA-BLRU-2024-000252,Ganesh Medical Solutions,LABOUR,LAB-KA-BLRU-2024-000157,M/S Ganesh Medical Solutions,560085,64,HUMAN_REVIEW,100.0,100,25,0,True,requires human review: high name similarity (100.0); similar address/PIN (100)
PAIR-000704,LABOUR,LAB-KA-BLRU-2024-000157,M/S Ganesh Medical Solutions,SHOP,KAR-SHOP-BLRU-2017-000214,Ganesh Medical Solutions,560085,64,HUMAN_REVIEW,100.0,100,25,0,True,requires human review: high name similarity (100.0); similar address/PIN (100)
PAIR-000705,UDYAM,UDYAM-KR-BLRU-2022-000162,Ganesh Medical Solutions,BBMP,BBMP-TL-SOUT-2018-000129,Ganesh Medical Solutions,560085,64,HUMAN_REVIEW,100.0,100,25,0,True,requires human review: high name similarity (100.0); similar address/PIN (100)
PAIR-000706,FACTORY,KFBIS-FAC-BLRR-2017-000140,Navya Industrial Co,GST,GST-KA-BLRR-2018-000253,Navya Industrial Co,562110,64,HUMAN_REVIEW,100.0,100,25,0,True,requires human review: high name similarity (100.0); similar address/PIN (100)
PAIR-000707,GST,GST-KA-BLRR-2018-000253,Navya Industrial Co,KSPCB,PCB/BLRR/CTE/2017/00145,M/S Navya Industrial Co,562110,64,HUMAN_REVIEW,100.0,100,25,0,True,requires human review: high name similarity (100.0); similar address/PIN (100)
PAIR-000708,LABOUR,LAB-KA-BLRR-2025-000158,Navya Industrial Co,KSPCB,PCB/BLRR/CTE/2017/00145,M/S Navya Industrial Co,562110,64,HUMAN_REVIEW,100.0,100,25,0,True,requires human review: high name similarity (100.0); similar address/PIN (100)
PAIR-000709,GST,GST-KA-MYS-2025-000255,M/S Nisarga Circuits Enterprises,FACTORY,KFBIS-FAC-MYS-2017-000142,Nisarga Circuits Enterprises,570018,64,HUMAN_REVIEW,100.0,100,25,0,True,requires human review: high name similarity (100.0); similar address/PIN (100)
PAIR-000710,FACTORY,KFBIS-FAC-BLRU-2024-000143,Sree Enterprises,LABOUR,LAB-KA-BLRU-2018-000159,Sree Enterprises,560100,64,HUMAN_REVIEW,100.0,100,25,0,True,requires human review: high name similarity (100.0); similar address/PIN (100)
PAIR-000711,LABOUR,LAB-KA-BLRU-2018-000159,Sree Enterprises,GST,GST-KA-BLRU-2023-000256,SREE ENTERPRISES,560100,64,HUMAN_REVIEW,100.0,100,25,0,True,requires human review: high name similarity (100.0); similar address/PIN (100)
PAIR-000712,GST,GST-KA-BLRU-2023-000256,SREE ENTERPRISES,BBMP,BBMP-TL-BOMM-2020-000130,Sree Enterprises,560100,64,HUMAN_REVIEW,100.0,100,25,0,True,requires human review: high name similarity (100.0); similar address/PIN (100)
PAIR-000713,FACTORY,KFBIS-FAC-BLRU-2023-000144,M/S Varun Industries,SHOP,KAR-SHOP-BLRU-2021-000217,Varun Industries,560078,64,HUMAN_REVIEW,100.0,100,25,0,True,requires human review: high name similarity (100.0); similar address/PIN (100)
PAIR-000714,GST,GST-KA-BLRU-2015-000001,Vijaya Associates,FACTORY,KFBIS-FAC-BLRU-2025-000001,Vijaya Associates,560068,63,HUMAN_REVIEW,100.0,96.8,25,0,True,requires human review: high name similarity (100.0); similar address/PIN (96.8)
PAIR-000715,KSPCB,PCB/BLRU/CTO/2017/00002,Sharma Coatings Co,LABOUR,LAB-KA-BLRU-2025-000001,Sharma Coatings Co,560059,63,HUMAN_REVIEW,100.0,98.1,25,0,True,requires human review: high name similarity (100.0); similar address/PIN (98.1)
PAIR-000716,LABOUR,LAB-KA-BLRU-2025-000001,Sharma Coatings Co,UDYAM,UDYAM-KR-BLRU-2024-000002,Sharma Coatings Co,560059,63,HUMAN_REVIEW,100.0,98.2,25,0,True,requires human review: high name similarity (100.0); similar address/PIN (98.2)
PAIR-000717,GST,GST-KA-BLRU-2022-000004,Sharma Coatings Co,SHOP,KAR-SHOP-BLRU-2016-000002,Shama Coatings Co,560059,63,HUMAN_REVIEW,96.6,100,25,0,True,requires human review: high name similarity (96.6); similar address/PIN (100)
PAIR-000718,SHOP,KAR-SHOP-MYS-2015-000009,Mysore Bites Works,BBMP,BBMP-TL-CENT-2021-000003,Mysore Bies Works,570001,63,HUMAN_REVIEW,97.1,100,25,0,True,requires human review: high name similarity (97.1); similar address/PIN (100)
PAIR-000719,GST,GST-KA-BLRR-2017-000011,M/S Nandi Trans Solutions,SHOP,KAR-SHOP-BLRR-2016-000011,Nandi Trans Solutions,561203,63,HUMAN_REVIEW,100.0,97.3,25,0,True,requires human review: high name similarity (100.0); similar address/PIN (97.3)
PAIR-000720,KSPCB,PCB/BLRU/CTO/2015/00008,Mysore Mold Solutions,SHOP,KAR-SHOP-BLRU-2015-000012,Mysore Mold Solutions,560066,63,HUMAN_REVIEW,100.0,97.0,25,0,True,requires human review: high name similarity (100.0); similar address/PIN (97.0)
PAIR-000721,GST,GST-KA-BLRR-2017-000014,Veda Coatings Works,SHOP,KAR-SHOP-BLRR-2016-000013,Veda Coatings Works,562110,63,HUMAN_REVIEW,100.0,96.2,25,0,True,requires human review: high name similarity (100.0); similar address/PIN (96.2)
PAIR-000722,BBMP,BBMP-TL-BOMM-2019-000008,Sri Devices Slutions,FACTORY,KFBIS-FAC-BLRU-2021-000011,M/S Sri Devices Solutions,560102,63,HUMAN_REVIEW,97.6,100,25,0,True,requires human review: high name similarity (97.6); similar address/PIN (100)
PAIR-000723,SHOP,KAR-SHOP-BLRU-2022-000017,Harsha Biryani Works,FACTORY,KFBIS-FAC-BLRU-2025-000012,Harsha Biryani Works,560059,63,HUMAN_REVIEW,100.0,96.0,25,0,True,requires human review: high name similarity (100.0); similar address/PIN (96.0)
PAIR-000724,SHOP,KAR-SHOP-BLRU-2022-000018,Bangalore Moulding Associates,UDYAM,UDYAM-KR-BLRU-2018-000013,Bangalore Moulding Associates,560068|560043,63,HUMAN_REVIEW,100.0,90.2,0,100,True,requires human review: high name similarity (100.0); similar address/PIN (90.2); no shared identifier available; same phone number
PAIR-000725,KSPCB,PCB/BLRU/CTE/2018/00013,Mysore Enterprises,FACTORY,KFBIS-FAC-BLRU-2015-000017,Mysore Enterprises,560102,63,HUMAN_REVIEW,100.0,97.3,25,0,True,requires human review: high name similarity (100.0); similar address/PIN (97.3)
PAIR-000726,UDYAM,UDYAM-KR-BLRU-2019-000018,Nandi Cargo Company,GST,GST-KA-BLRU-2018-000026,M/S Nandi Cargo Co,560085,63,HUMAN_REVIEW,100.0,96.2,25,0,True,requires human review: high name similarity (100.0); similar address/PIN (96.2)
PAIR-000727,GST,GST-KA-BLRU-2018-000031,Varun Textiles Industries,LABOUR,LAB-KA-BLRU-2015-000020,Varun Textiles Industries,560068,63,HUMAN_REVIEW,100.0,96.6,25,0,True,requires human review: high name similarity (100.0); similar address/PIN (96.6)
PAIR-000728,LABOUR,LAB-KA-BLRU-2015-000020,Varun Textiles Industries,SHOP,KAR-SHOP-BLRU-2016-000027,M/S Varun Textiles Industries,560068,63,HUMAN_REVIEW,100.0,96.7,25,0,True,requires human review: high name similarity (100.0); similar address/PIN (96.7)
PAIR-000729,BBMP,BBMP-TL-SOUT-2019-000012,Meghana Bites Associates,SHOP,KAR-SHOP-BLRU-2018-000028,Meghana Bites Associates,560085,63,HUMAN_REVIEW,100.0,96.0,25,0,True,requires human review: high name similarity (100.0); similar address/PIN (96.0)
PAIR-000730,GST,GST-KA-TUM-2019-000035,Bangalore Garments Solutions,KSPCB,PCB/TUM/CTE/2016/00016,Bangalore Garmens Solutions,572106,63,HUMAN_REVIEW,98.2,100,25,0,True,requires human review: high name similarity (98.2); similar address/PIN (100)
PAIR-000731,KSPCB,PCB/TUM/CTE/2016/00016,Bangalore Garmens Solutions,LABOUR,LAB-KA-TUM-2015-000022,Bangalore Garments Solutions,572106,63,HUMAN_REVIEW,98.2,100,25,0,True,requires human review: high name similarity (98.2); similar address/PIN (100)
PAIR-000732,BBMP,BBMP-TL-TUMA-2021-000016,Bangalore Die Associates,SHOP,KAR-SHOP-TUM-2017-000033,M/S Bangalore Dine Associates,572106,63,HUMAN_REVIEW,98.0,100,25,0,True,requires human review: high name similarity (98.0); similar address/PIN (100)
PAIR-000733,SHOP,KAR-SHOP-BLRU-2019-000037,M/S Naveen Company,UDYAM,UDYAM-KR-BLRU-2018-000029,NAVEEN COMPANY,560043,63,HUMAN_REVIEW,100.0,96.6,25,0,True,requires human review: high name similarity (100.0); similar address/PIN (96.6)
PAIR-000734,GST,GST-KA-BLRU-2020-000042,Srinidhi Milling Traders,SHOP,KAR-SHOP-BLRU-2022-000039,Srinidhi Milling Traders,560037,63,HUMAN_REVIEW,100.0,96.7,25,0,True,requires human review: high name similarity (100.0); similar address/PIN (96.7)
PAIR-000735,BBMP,BBMP-TL-SOUT-2019-000017,Bharath Graphics Solutions,SHOP,KAR-SHOP-BLRU-2015-000041,Bharath Graphics Solutions,560078,63,HUMAN_REVIEW,100.0,98.2,25,0,True,requires human review: high name similarity (100.0); similar address/PIN (98.2)
PAIR-000736,KSPCB,PCB/BLRR/CTO/2024/00025,Srinidhi Labs Industries,LABOUR,LAB-KA-BLRR-2021-000031,Srinidhi Labs Industries,562114,63,HUMAN_REVIEW,100.0,95.7,25,0,True,requires human review: high name similarity (100.0); similar address/PIN (95.7)
PAIR-000737,KSPCB,PCB/BLRU/CTE/2020/00028,Sri Spices Solutions,SHOP,KAR-SHOP-BLRU-2017-000050,Sri Spices Solutions,560001,63,HUMAN_REVIEW,100.0,95.4,25,0,True,requires human review: high name similarity (100.0); similar address/PIN (95.4)
PAIR-000738,SHOP,KAR-SHOP-BLRR-2019-000055,M/S Aditya Medical Pvt. Ltd.,GST,GST-KA-BLRR-2017-000059,Aditya Medical Pvt. Ltd.,562114,63,HUMAN_REVIEW,100.0,98.9,25,0,True,requires human review: high name similarity (100.0); similar address/PIN (98.9)
PAIR-000739,GST,GST-KA-MYS-2015-000060,M/S Ravi Co,SHOP,KAR-SHOP-MYS-2023-000056,Ravi Co,570016,63,HUMAN_REVIEW,100.0,98.7,25,0,True,requires human review: high name similarity (100.0); similar address/PIN (98.7)
PAIR-000740,SHOP,KAR-SHOP-MYS-2023-000056,Ravi Co,LABOUR,LAB-KA-MYS-2017-000036,Ravi Co,570016,63,HUMAN_REVIEW,100.0,97.9,25,0,True,requires human review: high name similarity (100.0); similar address/PIN (97.9)
PAIR-000741,GST,GST-KA-BLRU-2020-000061,MEGHANA COATINGS TRADERS,LABOUR,LAB-KA-BLRU-2018-000037,Meghana Coatings Traders,560068,63,HUMAN_REVIEW,100.0,97.1,25,0,True,requires human review: high name similarity (100.0); similar address/PIN (97.1)
PAIR-000742,UDYAM,UDYAM-KR-BLRU-2023-000041,Meghana Wear Traders,LABOUR,LAB-KA-BLRU-2023-000038,M/S Meghana Wear Traders,560058,63,HUMAN_REVIEW,100.0,98.5,25,0,True,requires human review: high name similarity (100.0); similar address/PIN (98.5)
PAIR-000743,FACTORY,KFBIS-FAC-BLRU-2020-000040,Nandi Electronics Solutions,GST,GST-KA-BLRU-2024-000063,Nandi Electronics Solutions,560100,63,HUMAN_REVIEW,100.0,97.6,25,0,True,requires human review: high name similarity (100.0); similar address/PIN (97.6)
PAIR-000744,GST,GST-KA-BLRU-2024-000063,Nandi Electronics Solutions,SHOP,KAR-SHOP-BLRU-2022-000058,M/S Nandi Electronics Solutions,560100,63,HUMAN_REVIEW,100.0,96.4,25,0,True,requires human review: high name similarity (100.0); similar address/PIN (96.4)
PAIR-000745,SHOP,KAR-SHOP-BLRU-2022-000058,M/S Nandi Electronics Solutions,UDYAM,UDYAM-KR-BLRU-2025-000043,NANDI ELECTRONICS SOLUTIONS,560100,63,HUMAN_REVIEW,100.0,97.0,25,0,True,requires human review: high name similarity (100.0); similar address/PIN (97.0)
PAIR-000746,SHOP,KAR-SHOP-BLRU-2015-000061,Bharath Biryani Pvt Ltd,BBMP,BBMP-TL-SOUT-2018-000029,M/S Bharath Biryani Pvt Ltd,560076,63,HUMAN_REVIEW,100.0,96.4,25,0,True,requires human review: high name similarity (100.0); similar address/PIN (96.4)
PAIR-000747,GST,GST-KA-BLRU-2017-000067,Bharath Tech Asociates,LABOUR,LAB-KA-BLRU-2020-000042,M/S Bharath Tech Associates,560029,63,HUMAN_REVIEW,97.8,100,25,0,True,requires human review: high name similarity (97.8); similar address/PIN (100)
PAIR-000748,BBMP,BBMP-TL-DASA-2016-000030,M/S Sharma Stitch Enterprises,UDYAM,UDYAM-KR-BLRU-2025-000046,M/S Sharma Stitch Enterprises,560058,63,HUMAN_REVIEW,100.0,96.2,25,0,True,requires human review: high name similarity (100.0); similar address/PIN (96.2)
PAIR-000749,UDYAM,UDYAM-KR-BLRU-2025-000046,M/S Sharma Stitch Enterprises,SHOP,KAR-SHOP-BLRU-2021-000063,M/S Sharma Stitch Enterprises,560058,63,HUMAN_REVIEW,100.0,97.1,25,0,True,requires human review: high name similarity (100.0); similar address/PIN (97.1)
PAIR-000750,UDYAM,UDYAM-KR-BLRU-2018-000048,Sharma Biryani Pvt Ltd,LABOUR,LAB-KA-BLRU-2021-000044,Sharma Biryani Pvt Ltd,560068,63,HUMAN_REVIEW,100.0,97.9,25,0,True,requires human review: high name similarity (100.0); similar address/PIN (97.9)
PAIR-000751,GST,GST-KA-TUM-2023-000081,Bangalore Packaging Works,KSPCB,PCB/TUM/CTE/2023/00047,Bangalore ackaging Works,572101,63,HUMAN_REVIEW,98.0,100,25,0,True,requires human review: high name similarity (98.0); similar address/PIN (100)
PAIR-000752,KSPCB,PCB/TUM/CTE/2023/00047,Bangalore ackaging Works,FACTORY,KFBIS-FAC-TUM-2019-000054,Bangalore Packaging Works,572101,63,HUMAN_REVIEW,98.0,100,25,0,True,requires human review: high name similarity (98.0); similar address/PIN (100)
PAIR-000753,SHOP,KAR-SHOP-BLRU-2015-000078,M/S Prakruthi Electronics Industries,UDYAM,UDYAM-KR-BLRU-2022-000058,Prakruthi Electronics Industries,560076,63,HUMAN_REVIEW,100.0,97.1,25,0,True,requires human review: high name similarity (100.0); similar address/PIN (97.1)
PAIR-000754,FACTORY,KFBIS-FAC-BLRU-2025-000061,Prakruthi Electonics Industries,GST,GST-KA-BLRU-2019-000087,Prakruthi Electronics Industries,560076,63,HUMAN_REVIEW,98.4,100,25,0,True,requires human review: high name similarity (98.4); similar address/PIN (100)
PAIR-000755,SHOP,KAR-SHOP-BLRU-2022-000081,Aarohi Apparels Company,LABOUR,LAB-KA-BLRU-2019-000058,Aarohi Apparels Company,560076,63,HUMAN_REVIEW,100.0,98.5,25,0,True,requires human review: high name similarity (100.0); similar address/PIN (98.5)
PAIR-000756,SHOP,KAR-SHOP-BLRU-2020-000082,Nisarga Industrial Co,GST,GST-KA-BLRU-2017-000091,Nisarga Industrial Co,560024,63,HUMAN_REVIEW,100.0,97.4,25,0,True,requires human review: high name similarity (100.0); similar address/PIN (97.4)
PAIR-000757,FACTORY,KFBIS-FAC-BLRU-2018-000066,Navya Snacks Industries,GST,GST-KA-BLRU-2025-000092,Navya Snacks Industries,560100,63,HUMAN_REVIEW,100.0,98.9,25,0,True,requires human review: high name similarity (100.0); similar address/PIN (98.9)
PAIR-000758,KSPCB,PCB/BLRU/CTO/2020/00061,Harsha Works Co,BBMP,BBMP-TL-MAHA-2023-000050,Harsha Works Co,560037,63,HUMAN_REVIEW,100.0,97.1,25,0,True,requires human review: high name similarity (100.0); similar address/PIN (97.1)
PAIR-000759,KSPCB,PCB/BLRU/CTO/2022/00062,Omkar Agro Co,SHOP,KAR-SHOP-BLRU-2017-000094,Omkar Agro Company,560068,63,HUMAN_REVIEW,100.0,96.4,25,0,True,requires human review: high name similarity (100.0); similar address/PIN (96.4)
PAIR-000760,SHOP,KAR-SHOP-BLRU-2016-000097,Varun Meals Solutions,BBMP,BBMP-TL-YELA-2025-000053,M/S Varun Meals Solutions,560064,63,HUMAN_REVIEW,100.0,98.9,25,0,True,requires human review: high name similarity (100.0); similar address/PIN (98.9)
PAIR-000761,BBMP,BBMP-TL-YELA-2025-000053,M/S Varun Meals Solutions,GST,GST-KA-BLRU-2025-000107,VARUN MEALS SOLUTIONS,560064,63,HUMAN_REVIEW,100.0,96.4,25,0,True,requires human review: high name similarity (100.0); similar address/PIN (96.4)
PAIR-000762,LABOUR,LAB-KA-BLRU-2017-000068,M/S Veda Works,KSPCB,PCB/BLRU/CTO/2018/00064,Veda Works,560076,63,HUMAN_REVIEW,100.0,96.0,25,0,True,requires human review: high name similarity (100.0); similar address/PIN (96.0)
PAIR-000763,KSPCB,PCB/BLRU/CTO/2018/00064,Veda Works,GST,GST-KA-BLRU-2019-000108,VEDA WORKS,560076,63,HUMAN_REVIEW,100.0,98.3,25,0,True,requires human review: high name similarity (100.0); similar address/PIN (98.3)
PAIR-000764,FACTORY,KFBIS-FAC-BLRU-2018-000073,M/S Udupi Circuits LLP,GST,GST-KA-BLRU-2025-000109,Udupi Circuits LLP,560043,63,HUMAN_REVIEW,100.0,96.0,25,0,True,requires human review: high name similarity (100.0); similar address/PIN (96.0)
PAIR-000765,SHOP,KAR-SHOP-BLRU-2015-000105,Naveen Coatings Co,UDYAM,UDYAM-KR-BLRU-2020-000073,NAVEEN COATINGS CO,560059,63,HUMAN_REVIEW,100.0,98.3,25,0,True,requires human review: high name similarity (100.0); similar address/PIN (98.3)
PAIR-000766,GST,GST-KA-BLRU-2022-000132,BHARATHSPICES LLP,BBMP,BBMP-TL-MAHA-2017-000063,Bharath Spices LLP,560066,63,HUMAN_REVIEW,96.3,100,25,0,True,requires human review: high name similarity (96.3); similar address/PIN (100)
PAIR-000767,BBMP,BBMP-TL-MAHA-2017-000063,Bharath Spices LLP,LABOUR,LAB-KA-BLRU-2022-000080,Bharath Spices LLP,560066,63,HUMAN_REVIEW,100.0,98.3,25,0,True,requires human review: high name similarity (100.0); similar address/PIN (98.3)
PAIR-000768,GST,GST-KA-BLRU-2022-000132,BHARATHSPICES LLP,FACTORY,KFBIS-FAC-BLRU-2019-000081,Bharath Spices LLP,560066,63,HUMAN_REVIEW,96.3,100,25,0,True,requires human review: high name similarity (96.3); similar address/PIN (100)
PAIR-000769,SHOP,KAR-SHOP-BLRU-2017-000117,Bharath Medical Solutions,BBMP,BBMP-TL-SOUT-2019-000066,M/S Bharath Medical Soluions,560068,63,HUMAN_REVIEW,98.0,99.7,25,0,True,requires human review: high name similarity (98.0); similar address/PIN (99.7)
PAIR-000770,GST,GST-KA-BLRU-2019-000137,SIDDHI WAREHOUSE SOLUTIONS,BBMP,BBMP-TL-BOMM-2024-000067,Siddhi Warehouse Solutions,560102,63,HUMAN_REVIEW,100.0,97.2,25,0,True,requires human review: high name similarity (100.0); similar address/PIN (97.2)
PAIR-000771,FACTORY,KFBIS-FAC-BLRU-2015-000087,M/S Varun Components LLP,UDYAM,UDYAM-KR-BLRU-2017-000087,Varun Components LLP,560066,63,HUMAN_REVIEW,100.0,97.3,25,0,True,requires human review: high name similarity (100.0); similar address/PIN (97.3)
PAIR-000772,GST,GST-KA-BLRU-2025-000144,LAKSHMI SOLVENTS COMPANY,LABOUR,LAB-KA-BLRU-2023-000090,Lakshmi Solvents Company,560029,63,HUMAN_REVIEW,100.0,98.9,25,0,True,requires human review: high name similarity (100.0); similar address/PIN (98.9)
PAIR-000773,GST,GST-KA-BLRU-2020-000145,M/S SAHANA APPARELS CO,FACTORY,KFBIS-FAC-BLRU-2020-000091,Sahna Apparels Co,560037,63,HUMAN_REVIEW,96.6,100,25,0,True,requires human review: high name similarity (96.6); similar address/PIN (100)
PAIR-000774,FACTORY,KFBIS-FAC-BLRU-2020-000091,Sahna Apparels Co,BBMP,BBMP-TL-MAHA-2022-000072,Sahana Apparels Co,560037,63,HUMAN_REVIEW,96.6,100,25,0,True,requires human review: high name similarity (96.6); similar address/PIN (100)
PAIR-000775,BBMP,BBMP-TL-WEST-2018-000077,Kaveri Bakery LLP,UDYAM,UDYAM-KR-BLRU-2015-000094,M/S Kaveri Bakery LLP,560059,63,HUMAN_REVIEW,100.0,97.8,25,0,True,requires human review: high name similarity (100.0); similar address/PIN (97.8)
PAIR-000776,UDYAM,UDYAM-KR-BLRR-2023-000095,UDUPI ELECTRONICS LLP,GST,GST-KA-BLRR-2025-000153,Uupi Electronics LLP,562110,63,HUMAN_REVIEW,97.0,100,25,0,True,requires human review: high name similarity (97.0); similar address/PIN (100)
PAIR-000777,FACTORY,KFBIS-FAC-BLRR-2024-000095,Udupi Eectronics LLP,KSPCB,PCB/BLRR/CTO/2015/00087,Udupi Electronics LLP,562110,63,HUMAN_REVIEW,97.0,100,25,0,True,requires human review: high name similarity (97.0); similar address/PIN (100)
PAIR-000778,GST,GST-KA-BLRU-2022-000159,M/S Deccan Coatings Associates,KSPCB,PCB/BLRU/CTE/2020/00089,Deccan Coatings Associates,560102,63,HUMAN_REVIEW,100.0,96.4,25,0,True,requires human review: high name similarity (100.0); similar address/PIN (96.4)
PAIR-000779,UDYAM,UDYAM-KR-MYS-2022-000102,M/S SAHANA WAREHOUSE TRADERS,SHOP,KAR-SHOP-MYS-2019-000138,M/S Sahana Warehouse Traders,570001,63,HUMAN_REVIEW,100.0,95.1,25,0,True,requires human review: high name similarity (100.0); similar address/PIN (95.1)
PAIR-000780,LABOUR,LAB-KA-BLRU-2019-000102,Ananya Circuits Enterprises,SHOP,KAR-SHOP-BLRU-2020-000139,Ananya Circuits Enterprises,560085,63,HUMAN_REVIEW,100.0,96.9,25,0,True,requires human review: high name similarity (100.0); similar address/PIN (96.9)
PAIR-000781,KSPCB,PCB/BLRU/CTE/2024/00090,M/S Lakshmi Electronics LLP,SHOP,KAR-SHOP-BLRU-2018-000140,Lakshmi Electronics LLP,560024,63,HUMAN_REVIEW,100.0,95.7,25,0,True,requires human review: high name similarity (100.0); similar address/PIN (95.7)
PAIR-000782,BBMP,BBMP-TL-NORT-2024-000084,Veda Cafe Industries,GST,GST-KA-MYS-2024-000167,Veda Cafe Industries,570016,63,HUMAN_REVIEW,100.0,95.5,25,0,True,requires human review: high name similarity (100.0); similar address/PIN (95.5)
PAIR-000783,GST,GST-KA-BLRU-2018-000171,ANANYA ASSOCIATES,BBMP,BBMP-TL-YELA-2020-000085,Ananya Associates,560024,63,HUMAN_REVIEW,100.0,95.2,25,0,True,requires human review: high name similarity (100.0); similar address/PIN (95.2)
PAIR-000784,SHOP,KAR-SHOP-BLRU-2021-000145,M/S Lakshmi Works,LABOUR,LAB-KA-BLRU-2016-000110,M/S Lakshmi Works,560085,63,HUMAN_REVIEW,100.0,97.4,25,0,True,requires human review: high name similarity (100.0); similar address/PIN (97.4)
PAIR-000785,LABOUR,LAB-KA-MYS-2019-000111,Varun Mold LLP,FACTORY,KFBIS-FAC-MYS-2015-000103,Varun Mold LLP,570016,63,HUMAN_REVIEW,100.0,97.5,25,0,True,requires human review: high name similarity (100.0); similar address/PIN (97.5)
PAIR-000786,GST,GST-KA-BLRU-2017-000175,M/S Asha Enterprises,SHOP,KAR-SHOP-BLRU-2018-000149,Asha Enterprises,560037,63,HUMAN_REVIEW,100.0,97.6,25,0,True,requires human review: high name similarity (100.0); similar address/PIN (97.6)
PAIR-000787,SHOP,KAR-SHOP-TUM-2019-000158,Aditya Labels nterprises,UDYAM,UDYAM-KR-TUM-2021-000118,Aditya Labels Enterprises,572101,63,HUMAN_REVIEW,98.0,100,25,0,True,requires human review: high name similarity (98.0); similar address/PIN (100)
PAIR-000788,FACTORY,KFBIS-FAC-MYS-2022-000107,Sahana Industries Co,KSPCB,PCB/MYS/CTO/2021/00103,Sahana Industries Co,570018,63,HUMAN_REVIEW,100.0,95.3,25,0,True,requires human review: high name similarity (100.0); similar address/PIN (95.3)
PAIR-000789,KSPCB,PCB/MYS/CTO/2021/00103,Sahana Industries Co,SHOP,KAR-SHOP-MYS-2021-000159,M/S Sahana Industries Co,570018,63,HUMAN_REVIEW,100.0,95.3,25,0,True,requires human review: high name similarity (100.0); similar address/PIN (95.3)
PAIR-000790,KSPCB,PCB/BLRU/CTO/2021/00104,M/S Mysore Biryan Associates,LABOUR,LAB-KA-BLRU-2021-000120,Mysore Biryani Associates,560066,63,HUMAN_REVIEW,98.0,99.7,25,0,True,requires human review: high name similarity (98.0); similar address/PIN (99.7)
PAIR-000791,GST,GST-KA-BLRU-2020-000190,Nisarga Clinic Solutions,BBMP,BBMP-TL-SOUT-2018-000093,M/S Nisarga Clinic Solutions,560029,63,HUMAN_REVIEW,100.0,98.9,25,0,True,requires human review: high name similarity (100.0); similar address/PIN (98.9)
PAIR-000792,UDYAM,UDYAM-KR-BLRR-2021-000120,Sharma Coaings Pvt Ltd,KSPCB,PCB/BLRR/CTO/2015/00106,Sharma Coatings Pvt Ltd,562157,63,HUMAN_REVIEW,96.6,100,25,0,True,requires human review: high name similarity (96.6); similar address/PIN (100)
PAIR-000793,KSPCB,PCB/BLRR/CTO/2015/00106,Sharma Coatings Pvt Ltd,FACTORY,KFBIS-FAC-BLRR-2023-000109,Sharma Coatings Pvt Ltd,562157,63,HUMAN_REVIEW,100.0,96.0,25,0,True,requires human review: high name similarity (100.0); similar address/PIN (96.0)
PAIR-000794,SHOP,KAR-SHOP-BLRR-2022-000162,M/S Kaveri Associates,KSPCB,PCB/BLRR/CTE/2019/00108,Kaveri Associaes,562110,63,HUMAN_REVIEW,97.0,100,25,0,True,requires human review: high name similarity (97.0); similar address/PIN (100)
PAIR-000795,KSPCB,PCB/BLRR/CTE/2019/00108,Kaveri Associaes,UDYAM,UDYAM-KR-BLRR-2017-000121,M/S Kaveri Associates,562110,63,HUMAN_REVIEW,97.0,100,25,0,True,requires human review: high name similarity (97.0); similar address/PIN (100)
PAIR-000796,GST,GST-KA-BLRU-2024-000203,Sharma LLP,LABOUR,LAB-KA-BLRU-2025-000124,Sharma LLP,560058,63,HUMAN_REVIEW,100.0,95.5,25,0,True,requires human review: high name similarity (100.0); similar address/PIN (95.5)
PAIR-000797,LABOUR,LAB-KA-BLRU-2020-000131,M/S Vijaya Moulding Solutions,GST,GST-KA-BLRU-2017-000211,VIJAYA MOULDING SOLUTIONS,560066,63,HUMAN_REVIEW,100.0,96.2,25,0,True,requires human review: high name similarity (100.0); similar address/PIN (96.2)
PAIR-000798,LABOUR,LAB-KA-BLRU-2018-000132,Nisarga Printers Pvt Ltd,GST,GST-KA-BLRU-2020-000212,Nisarga Printers Pvt. Ltd.,560066,63,HUMAN_REVIEW,100.0,98.3,25,0,True,requires human review: high name similarity (100.0); similar address/PIN (98.3)
PAIR-000799,BBMP,BBMP-TL-DASA-2016-000108,M/S Ananya Cafe Enterprises,LABOUR,LAB-KA-BLRU-2020-000133,Ananya Cafe Enterprises,560058,63,HUMAN_REVIEW,100.0,97.0,25,0,True,requires human review: high name similarity (100.0); similar address/PIN (97.0)
PAIR-000800,SHOP,KAR-SHOP-BLRU-2019-000182,Mysore Industries,KSPCB,PCB/BLRU/CTE/2015/00121,Mysore Industries,560043,63,HUMAN_REVIEW,100.0,96.9,25,0,True,requires human review: high name similarity (100.0); similar address/PIN (96.9)
PAIR-000801,KSPCB,PCB/BLRU/CTE/2015/00121,Mysore Industries,UDYAM,UDYAM-KR-BLRU-2020-000135,M/S MYSORE INDUSTRIES,560043,63,HUMAN_REVIEW,100.0,96.9,25,0,True,requires human review: high name similarity (100.0); similar address/PIN (96.9)
PAIR-000802,BBMP,BBMP-TL-BENG-2024-000111,Omkar Cafe Indstries,SHOP,KAR-SHOP-BLRR-2016-000183,M/S Omkar Cafe Industries,562114,63,HUMAN_REVIEW,97.6,100,25,0,True,requires human review: high name similarity (97.6); similar address/PIN (100)
PAIR-000803,FACTORY,KFBIS-FAC-BLRU-2021-000124,M/S Asha CNC LLP,KSPCB,PCB/BLRU/CTO/2020/00124,Asha CNC LLP,560043,63,HUMAN_REVIEW,100.0,95.7,25,0,True,requires human review: high name similarity (100.0); similar address/PIN (95.7)
PAIR-000804,GST,GST-KA-MYS-2022-000222,Nandi Meals Enterprses,BBMP,BBMP-TL-NORT-2024-000113,M/S Nandi Meals Enterprises,570016,63,HUMAN_REVIEW,97.8,100,25,0,True,requires human review: high name similarity (97.8); similar address/PIN (100)
PAIR-000805,KSPCB,PCB/MYS/CTO/2019/00126,Prakruthi Packaging Enterprises,FACTORY,KFBIS-FAC-MYS-2018-000125,Prakruthi Packaging Eterprises,570001,63,HUMAN_REVIEW,98.4,100,25,0,True,requires human review: high name similarity (98.4); similar address/PIN (100)
PAIR-000806,UDYAM,UDYAM-KR-BLRU-2023-000141,Harsha Works,GST,GST-KA-BLRU-2023-000228,Harsha Works,560064,63,HUMAN_REVIEW,100.0,97.3,25,0,True,requires human review: high name similarity (100.0); similar address/PIN (97.3)
PAIR-000807,GST,GST-KA-BLRU-2023-000228,Harsha Works,LABOUR,LAB-KA-BLRU-2022-000139,M/S Harsha Works,560064,63,HUMAN_REVIEW,100.0,97.3,25,0,True,requires human review: high name similarity (100.0); similar address/PIN (97.3)
PAIR-000808,SHOP,KAR-SHOP-BLRU-2024-000194,Nandi Moulding Company,GST,GST-KA-BLRU-2015-000230,Nandi Moulding Company,560076,63,HUMAN_REVIEW,100.0,97.3,25,0,True,requires human review: high name similarity (100.0); similar address/PIN (97.3)
PAIR-000809,UDYAM,UDYAM-KR-BLRU-2022-000144,Aarohi Bakery Associates,BBMP,BBMP-TL-SOUT-2022-000118,Aarohi Bakery Associates,560076,63,HUMAN_REVIEW,100.0,98.5,25,0,True,requires human review: high name similarity (100.0); similar address/PIN (98.5)
PAIR-000810,GST,GST-KA-BLRU-2023-000232,M/S DECCAN TOOLS TRADERS,UDYAM,UDYAM-KR-BLRU-2025-000145,Deccan Tools Traders,560068,63,HUMAN_REVIEW,100.0,97.3,25,0,True,requires human review: high name similarity (100.0); similar address/PIN (97.3)
PAIR-000811,FACTORY,KFBIS-FAC-BLRU-2021-000129,Siddhi Works Enterprises,SHOP,KAR-SHOP-BLRU-2015-000199,Siddhi Works Enterprises,560076,63,HUMAN_REVIEW,100.0,95.4,25,0,True,requires human review: high name similarity (100.0); similar address/PIN (95.4)
PAIR-000812,SHOP,KAR-SHOP-BLRU-2015-000199,Siddhi Works Enterprises,LABOUR,LAB-KA-BLRU-2018-000142,Siddhi WorksEnterprises,560076,63,HUMAN_REVIEW,97.9,98.0,25,0,True,requires human review: high name similarity (97.9); similar address/PIN (98.0)
PAIR-000813,LABOUR,LAB-KA-BLRR-2016-000143,M/S Nandi Tools Co,UDYAM,UDYAM-KR-BLRR-2016-000148,Nandi Tools Co,561203,63,HUMAN_REVIEW,100.0,98.1,25,0,True,requires human review: high name similarity (100.0); similar address/PIN (98.1)
PAIR-000814,KSPCB,PCB/BLRU/CTE/2015/00133,Srinidhi Press Works,GST,GST-KA-BLRU-2020-000239,Srinidhi Press Works,560078,63,HUMAN_REVIEW,100.0,97.0,25,0,True,requires human review: high name similarity (100.0); similar address/PIN (97.0)
PAIR-000815,FACTORY,KFBIS-FAC-BLRU-2021-000132,M/S Varun Systems Solutions,KSPCB,PCB/BLRU/CTO/2017/00134,Varun Systems Solutions,560100,63,HUMAN_REVIEW,100.0,98.4,25,0,True,requires human review: high name similarity (100.0); similar address/PIN (98.4)
PAIR-000816,KSPCB,PCB/MYS/CTE/2017/00138,Harsha Pvt Ltd,GST,GST-KA-MYS-2023-000247,HARSHA PVT LTD,570016,63,HUMAN_REVIEW,100.0,98.6,25,0,True,requires human review: high name similarity (100.0); similar address/PIN (98.6)
PAIR-000817,BBMP,BBMP-TL-SOUT-2024-000128,M/S Nandi Foods Industries,FACTORY,KFBIS-FAC-MYS-2015-000137,Nandi Foods Inustries,570018,63,HUMAN_REVIEW,97.7,100,25,0,True,requires human review: high name similarity (97.7); similar address/PIN (100)
PAIR-000818,FACTORY,KFBIS-FAC-BLRU-2025-000138,Kaveri Coatings Solutions,UDYAM,UDYAM-KR-BLRU-2021-000159,Kaveri Catings Solutions,560064,63,HUMAN_REVIEW,98.0,100,25,0,True,requires human review: high name similarity (98.0); similar address/PIN (100)
PAIR-000819,FACTORY,KFBIS-FAC-BLRU-2017-000139,Ganesh Coatings LLP,LABOUR,LAB-KA-BLRU-2023-000155,Ganesh Coatings LLP,560034,63,HUMAN_REVIEW,100.0,95.7,25,0,True,requires human review: high name similarity (100.0); similar address/PIN (95.7)
PAIR-000820,LABOUR,LAB-KA-BLRR-2025-000158,Navya Industrial Co,FACTORY,KFBIS-FAC-BLRR-2017-000140,Navya Industrial Co,562110,63,HUMAN_REVIEW,100.0,96.2,25,0,True,requires human review: high name similarity (100.0); similar address/PIN (96.2)
PAIR-000821,SHOP,KAR-SHOP-BLRU-2023-000218,Naveen Medical Solutions,UDYAM,UDYAM-KR-BLRU-2017-000164,Naveen Medical Solutions,560102,63,HUMAN_REVIEW,100.0,97.0,25,0,True,requires human review: high name similarity (100.0); similar address/PIN (97.0)
PAIR-000822,KSPCB,PCB/BLRR/CTE/2021/00001,Veda Devices Works,FACTORY,KFBIS-FAC-BLRR-2020-000002,Veda Devices Works,561203,62,HUMAN_REVIEW,100.0,94.7,25,0,True,requires human review: high name similarity (100.0); similar address/PIN (94.7)
PAIR-000823,KSPCB,PCB/BLRU/CTO/2017/00002,Sharma Coatings Co,SHOP,KAR-SHOP-BLRU-2016-000002,Shama Coatings Co,560059,62,HUMAN_REVIEW,96.6,98.7,25,0,True,requires human review: high name similarity (96.6); similar address/PIN (98.7)
PAIR-000824,BBMP,BBMP-TL-SOUT-2016-000002,M/S Ganesh Dine LLP,UDYAM,UDYAM-KR-BLRU-2015-000005,Ganesh Dine LLP,560085,62,HUMAN_REVIEW,100.0,94.6,25,0,True,requires human review: high name similarity (100.0); similar address/PIN (94.6)
PAIR-000825,FACTORY,KFBIS-FAC-BLRU-2024-000007,Mysore Mold Solutions,KSPCB,PCB/BLRU/CTO/2015/00008,Mysore Mold Solutions,560066,62,HUMAN_REVIEW,100.0,93.5,25,0,True,requires human review: high name similarity (100.0); similar address/PIN (93.5)
PAIR-000826,GST,GST-KA-BLRU-2021-000015,Navya Devices Co,FACTORY,KFBIS-FAC-BLRU-2019-000009,Navya Devices Co,560068,62,HUMAN_REVIEW,100.0,94.0,25,0,True,requires human review: high name similarity (100.0); similar address/PIN (94.0)
PAIR-000827,FACTORY,KFBIS-FAC-BLRU-2021-000011,M/S Sri Devices Solutions,LABOUR,LAB-KA-BLRU-2024-000011,Sri Devices Solutions,560102,62,HUMAN_REVIEW,100.0,94.0,25,0,True,requires human review: high name similarity (100.0); similar address/PIN (94.0)
PAIR-000828,UDYAM,UDYAM-KR-BLRU-2019-000014,Asha Co,FACTORY,KFBIS-FAC-BLRU-2019-000015,Asha Co,560064,62,HUMAN_REVIEW,100.0,94.0,25,0,True,requires human review: high name similarity (100.0); similar address/PIN (94.0)
PAIR-000829,UDYAM,UDYAM-KR-MYS-2017-000017,M/S Deccan Industries,SHOP,KAR-SHOP-MYS-2021-000023,Deccan Industries,570018,62,HUMAN_REVIEW,100.0,94.8,25,0,True,requires human review: high name similarity (100.0); similar address/PIN (94.8)
PAIR-000830,GST,GST-KA-BLRU-2021-000030,Meghana Bites Associates,SHOP,KAR-SHOP-BLRU-2018-000026,M/S Meghana Bites Associates,560085,62,HUMAN_REVIEW,100.0,91.9,25,0,True,requires human review: high name similarity (100.0); similar address/PIN (91.9)
PAIR-000831,GST,GST-KA-BLRU-2020-000041,M/S Naveen Company,LABOUR,LAB-KA-BLRU-2023-000026,Naveen Company,560043,62,HUMAN_REVIEW,100.0,94.6,25,0,True,requires human review: high name similarity (100.0); similar address/PIN (94.6)
PAIR-000832,BBMP,BBMP-TL-SOUT-2022-000024,M/S Kaveri Labels Traders,FACTORY,KFBIS-FAC-BLRU-2018-000034,M/S Kaveri Labels Traders,560085,62,HUMAN_REVIEW,100.0,93.7,25,0,True,requires human review: high name similarity (100.0); similar address/PIN (93.7)
PAIR-000833,UDYAM,UDYAM-KR-MYS-2018-000042,Prakruthi Packaging Solutions,LABOUR,LAB-KA-MYS-2024-000039,Prakruthi Packaging Solutions,570016,62,HUMAN_REVIEW,100.0,93.2,25,0,True,requires human review: high name similarity (100.0); similar address/PIN (93.2)
PAIR-000834,FACTORY,KFBIS-FAC-BLRU-2020-000040,Nandi Electronics Solutions,UDYAM,UDYAM-KR-BLRU-2025-000043,NANDI ELECTRONICS SOLUTIONS,560100,62,HUMAN_REVIEW,100.0,94.7,25,0,True,requires human review: high name similarity (100.0); similar address/PIN (94.7)
PAIR-000835,KSPCB,PCB/BLRU/CTE/2020/00042,Srinidhi Traders,GST,GST-KA-BLRU-2024-000074,M/S Srinidhi Traders,560043,62,HUMAN_REVIEW,100.0,93.5,25,0,True,requires human review: high name similarity (100.0); similar address/PIN (93.5)
PAIR-000836,BBMP,BBMP-TL-BOMM-2019-000039,Navya Printers Traders,LABOUR,LAB-KA-BLRU-2018-000049,Navya Printers Traders,560100,62,HUMAN_REVIEW,100.0,93.8,25,0,True,requires human review: high name similarity (100.0); similar address/PIN (93.8)
PAIR-000837,UDYAM,UDYAM-KR-BLRU-2017-000051,M/S Kaveri Pvt Ltd,KSPCB,PCB/BLRU/CTO/2022/00046,Kaveri Pvt Ltd,560029,62,HUMAN_REVIEW,100.0,94.0,25,0,True,requires human review: high name similarity (100.0); similar address/PIN (94.0)
PAIR-000838,UDYAM,UDYAM-KR-BLRU-2018-000055,Naveen Polymers Solutions,FACTORY,KFBIS-FAC-BLRU-2021-000056,Naveen Polymers Solutions,560102,62,HUMAN_REVIEW,100.0,95.0,25,0,True,requires human review: high name similarity (100.0); similar address/PIN (95.0)
PAIR-000839,BBMP,BBMP-TL-DASA-2015-000041,Nandi Bakery Pvt. Ltd.,SHOP,KAR-SHOP-BLRU-2022-000075,Nandi Bakery Pvt Ltd,560058,62,HUMAN_REVIEW,100.0,91.7,25,0,True,requires human review: high name similarity (100.0); similar address/PIN (91.7)
PAIR-000840,KSPCB,PCB/BLRU/CTE/2022/00054,Nisarga Industrial Co,BBMP,BBMP-TL-YELA-2020-000044,M/S Nisarga Industrial Co,560024,62,HUMAN_REVIEW,100.0,92.6,25,0,True,requires human review: high name similarity (100.0); similar address/PIN (92.6)
PAIR-000841,LABOUR,LAB-KA-BLRU-2022-000059,Sahana Works Company,KSPCB,PCB/BLRU/CTE/2023/00055,Sahna Works Company,560059,62,HUMAN_REVIEW,95.7,99.2,25,0,True,requires human review: high name similarity (95.7); similar address/PIN (99.2)
PAIR-000842,LABOUR,LAB-KA-BLRR-2016-000063,Srinidhi Co,SHOP,KAR-SHOP-BLRR-2021-000086,Srinidhi Co,562110,62,HUMAN_REVIEW,100.0,94.9,25,0,True,requires human review: high name similarity (100.0); similar address/PIN (94.9)
PAIR-000843,KSPCB,PCB/BLRU/CTO/2022/00057,M/S Sri Devices LLP,GST,GST-KA-BLRU-2021-000096,M/S Sri Devices LLP,560043,62,HUMAN_REVIEW,100.0,91.9,25,0,True,requires human review: high name similarity (100.0); similar address/PIN (91.9)
PAIR-000844,UDYAM,UDYAM-KR-BLRU-2023-000065,M/S Udupi Logistics Company,GST,GST-KA-BLRU-2017-000100,M/S Udupi Logistics Company,560043,62,HUMAN_REVIEW,100.0,94.0,25,0,True,requires human review: high name similarity (100.0); similar address/PIN (94.0)
PAIR-000845,SHOP,KAR-SHOP-BLRU-2022-000096,Siddhi Pvt Ltd,BBMP,BBMP-TL-SOUT-2024-000052,Siddhi Pvt Ltd,560078,62,HUMAN_REVIEW,100.0,92.6,25,0,True,requires human review: high name similarity (100.0); similar address/PIN (92.6)
PAIR-000846,BBMP,BBMP-TL-NORT-2019-000054,Siddhi Supply LLP,GST,GST-KA-MYS-2023-000110,Siddhi Supply LLP,570016,62,HUMAN_REVIEW,100.0,91.3,25,0,True,requires human review: high name similarity (100.0); similar address/PIN (91.3)
PAIR-000847,FACTORY,KFBIS-FAC-BLRU-2022-000074,Vijaya Tools Solutions,GST,GST-KA-BLRU-2024-000111,M/S Vijya Tools Solutions,560085,62,HUMAN_REVIEW,97.7,93.8,25,0,True,requires human review: high name similarity (97.7); similar address/PIN (93.8)
PAIR-000848,SHOP,KAR-SHOP-TUM-2020-000106,Srinidhi Bites Co,UDYAM,UDYAM-KR-TUM-2019-000075,SRINIDHI BITESCO,572106,62,HUMAN_REVIEW,93.3,100,25,0,True,requires human review: high name similarity (93.3); similar address/PIN (100)
PAIR-000849,UDYAM,UDYAM-KR-TUM-2019-000075,SRINIDHI BITESCO,BBMP,BBMP-TL-TUMA-2018-000057,Srinidhi Bites Co,572106,62,HUMAN_REVIEW,93.3,100,25,0,True,requires human review: high name similarity (93.3); similar address/PIN (100)
PAIR-000850,BBMP,BBMP-TL-YELA-2020-000058,Bangalore Apparels Enterprises,SHOP,KAR-SHOP-BLRU-2017-000107,Bangalore Apparels Enterprises,560064,62,HUMAN_REVIEW,100.0,94.4,25,0,True,requires human review: high name similarity (100.0); similar address/PIN (94.4)
PAIR-000851,BBMP,BBMP-TL-DASA-2016-000060,Sahana Kitchen Solutions,GST,GST-KA-BLRU-2018-000127,Sahana Kitchen Solutions,560034|560058,62,HUMAN_REVIEW,100.0,89.1,0,100,True,requires human review: high name similarity (100.0); similar address/PIN (89.1); no shared identifier available; same phone number
PAIR-000852,BBMP,BBMP-TL-SOUT-2019-000066,M/S Bharath Medical Soluions,LABOUR,LAB-KA-BLRU-2019-000084,Bharath Medical Solutions,560068,62,HUMAN_REVIEW,98.0,95.7,25,0,True,requires human review: high name similarity (98.0); similar address/PIN (95.7)
PAIR-000853,UDYAM,UDYAM-KR-BLRU-2016-000089,Nisarga Enterprises,SHOP,KAR-SHOP-BLRU-2015-000125,Nisarga Enterprises,560001,62,HUMAN_REVIEW,100.0,91.7,25,0,True,requires human review: high name similarity (100.0); similar address/PIN (91.7)
PAIR-000854,SHOP,KAR-SHOP-BLRU-2015-000125,Nisarga Enterprises,LABOUR,LAB-KA-BLRU-2018-000088,Nisarga Enterprises,560001,62,HUMAN_REVIEW,100.0,91.7,25,0,True,requires human review: high name similarity (100.0); similar address/PIN (91.7)
PAIR-000855,UDYAM,UDYAM-KR-BLRU-2017-000090,Lakshmi Solvents Company,LABOUR,LAB-KA-BLRU-2023-000090,Lakshmi Solvents Company,560029,62,HUMAN_REVIEW,100.0,94.7,25,0,True,requires human review: high name similarity (100.0); similar address/PIN (94.7)
PAIR-000856,GST,GST-KA-BLRU-2020-000145,M/S SAHANA APPARELS CO,SHOP,KAR-SHOP-BLRU-2016-000127,Sahan Apparels Co,560037,62,HUMAN_REVIEW,96.6,96.0,25,0,True,requires human review: high name similarity (96.6); similar address/PIN (96.0)
PAIR-000857,LABOUR,LAB-KA-BLRU-2016-000095,Meghana Polymers Associates,GST,GST-KA-BLRU-2019-000147,M/S Meghana Polymers Associates,560085,62,HUMAN_REVIEW,100.0,94.6,25,0,True,requires human review: high name similarity (100.0); similar address/PIN (94.6)
PAIR-000858,LABOUR,LAB-KA-BLRU-2024-000096,Meghana Moulding Industries,GST,GST-KA-BLRU-2022-000149,MEGHANA MOULDING INDUSTRIES,560058,62,HUMAN_REVIEW,100.0,91.6,25,0,True,requires human review: high name similarity (100.0); similar address/PIN (91.6)
PAIR-000859,GST,GST-KA-BLRR-2025-000153,Uupi Electronics LLP,FACTORY,KFBIS-FAC-BLRR-2024-000095,Udupi Eectronics LLP,562110,62,HUMAN_REVIEW,93.8,100,25,0,True,requires human review: high name similarity (93.8); similar address/PIN (100)
PAIR-000860,FACTORY,KFBIS-FAC-BLRR-2021-000098,Veda Associates,GST,GST-KA-BLRR-2022-000158,Veda Associates,562157,62,HUMAN_REVIEW,100.0,94.5,25,0,True,requires human review: high name similarity (100.0); similar address/PIN (94.5)
PAIR-000861,LABOUR,LAB-KA-BLRU-2023-000108,Ananya Electronics Co,SHOP,KAR-SHOP-BLRU-2017-000143,Anany Electronics Co,560029,62,HUMAN_REVIEW,97.1,97.0,25,0,True,requires human review: high name similarity (97.1); similar address/PIN (97.0)
PAIR-000862,BBMP,BBMP-TL-SOUT-2025-000086,Lakshmi Works,SHOP,KAR-SHOP-BLRU-2021-000145,M/S Lakshmi Works,560085,62,HUMAN_REVIEW,100.0,94.1,25,0,True,requires human review: high name similarity (100.0); similar address/PIN (94.1)
PAIR-000863,UDYAM,UDYAM-KR-MYS-2015-000109,Varun Mold LLP,KSPCB,PCB/MYS/CTE/2023/00096,Varun Mold LLP,570016,62,HUMAN_REVIEW,100.0,94.4,25,0,True,requires human review: high name similarity (100.0); similar address/PIN (94.4)
PAIR-000864,SHOP,KAR-SHOP-BLRU-2018-000149,Asha Enterprises,LABOUR,LAB-KA-BLRU-2017-000113,Asha Enterprises,560037,62,HUMAN_REVIEW,100.0,94.3,25,0,True,requires human review: high name similarity (100.0); similar address/PIN (94.3)
PAIR-000865,SHOP,KAR-SHOP-BLRU-2015-000150,Kaveri Print Company,FACTORY,KFBIS-FAC-BLRU-2025-000104,Kaveri Print Company,560059,62,HUMAN_REVIEW,100.0,94.1,25,0,True,requires human review: high name similarity (100.0); similar address/PIN (94.1)
PAIR-000866,KSPCB,PCB/BLRU/CTE/2020/00109,M/S Veda Precision Company,LABOUR,LAB-KA-BLRU-2019-000121,Veda Precision Company,560058,62,HUMAN_REVIEW,100.0,93.5,25,0,True,requires human review: high name similarity (100.0); similar address/PIN (93.5)
PAIR-000867,GST,GST-KA-MYS-2019-000202,M/S Srinidhi LLP,BBMP,BBMP-TL-NORT-2023-000099,Sinidhi LLP,570016,62,HUMAN_REVIEW,93.3,100,25,0,True,requires human review: high name similarity (93.3); similar address/PIN (100)
PAIR-000868,BBMP,BBMP-TL-NORT-2023-000099,Sinidhi LLP,SHOP,KAR-SHOP-MYS-2021-000168,M/S Srinidhi LLP,570016,62,HUMAN_REVIEW,93.3,99.1,25,0,True,requires human review: high name similarity (93.3); similar address/PIN (99.1)
PAIR-000869,KSPCB,PCB/BLRR/CTO/2021/00112,Navya Mold LLP,SHOP,KAR-SHOP-BLRR-2017-000169,Navya Mold LLP,562114,62,HUMAN_REVIEW,100.0,93.8,25,0,True,requires human review: high name similarity (100.0); similar address/PIN (93.8)
PAIR-000870,SHOP,KAR-SHOP-BLRU-2016-000176,Sree Print Co,FACTORY,KFBIS-FAC-BLRU-2021-000120,Sree Prin Co,560102,62,HUMAN_REVIEW,94.7,100,25,0,True,requires human review: high name similarity (94.7); similar address/PIN (100)
PAIR-000871,SHOP,KAR-SHOP-BLRR-2016-000183,M/S Omkar Cafe Industries,GST,GST-KA-BLRR-2017-000217,M/SOmkar Cafe Industries,562114,62,HUMAN_REVIEW,93.3,100,25,0,True,requires human review: high name similarity (93.3); similar address/PIN (100)
PAIR-000872,SHOP,KAR-SHOP-TUM-2025-000184,Harsha Works,GST,GST-KA-TUM-2018-000218,Harsa Works,572106,62,HUMAN_REVIEW,95.7,100,25,0,True,requires human review: high name similarity (95.7); similar address/PIN (100)
PAIR-000873,GST,GST-KA-TUM-2018-000218,Harsa Works,FACTORY,KFBIS-FAC-TUM-2017-000122,Harsha Works,572106,62,HUMAN_REVIEW,95.7,100,25,0,True,requires human review: high name similarity (95.7); similar address/PIN (100)
PAIR-000874,KSPCB,PCB/BLRU/CTE/2022/00123,Omkar Mold Traders,LABOUR,LAB-KA-BLRU-2024-000134,Omkar Mold Traders,560029,62,HUMAN_REVIEW,100.0,94.5,25,0,True,requires human review: high name similarity (100.0); similar address/PIN (94.5)
PAIR-000875,SHOP,KAR-SHOP-BLRU-2025-000185,Omkar Mold Taders,LABOUR,LAB-KA-BLRU-2024-000134,Omkar Mold Traders,560029,62,HUMAN_REVIEW,97.1,98.4,25,0,True,requires human review: high name similarity (97.1); similar address/PIN (98.4)
PAIR-000876,UDYAM,UDYAM-KR-BLRU-2024-000142,M/S Prakruthi Packaging Works,BBMP,BBMP-TL-EAST-2024-000117,M/S Prakruthi Packaging Works,560043,62,HUMAN_REVIEW,100.0,93.5,25,0,True,requires human review: high name similarity (100.0); similar address/PIN (93.5)
PAIR-000877,LABOUR,LAB-KA-BLRU-2018-000142,Siddhi WorksEnterprises,GST,GST-KA-BLRU-2016-000235,Siddhi Works Enterprises,560076,62,HUMAN_REVIEW,97.9,94.9,25,0,True,requires human review: high name similarity (97.9); similar address/PIN (94.9)
PAIR-000878,UDYAM,UDYAM-KR-BLRU-2023-000149,M/S Lakshmi Kitche Pvt Ltd,BBMP,BBMP-TL-YELA-2022-000121,Lakshmi Kitchen Pvt Ltd,560024,62,HUMAN_REVIEW,96.6,98.9,25,0,True,requires human review: high name similarity (96.6); similar address/PIN (98.9)
PAIR-000879,KSPCB,PCB/BLRU/CTO/2020/00132,Veda Appaels Company,LABOUR,LAB-KA-BLRU-2018-000144,Veda Apparels Company,560058,62,HUMAN_REVIEW,96.0,98.9,25,0,True,requires human review: high name similarity (96.0); similar address/PIN (98.9)
PAIR-000880,LABOUR,LAB-KA-BLRU-2019-000149,Nandi MouldingCo,KSPCB,PCB/BLRU/CTO/2021/00136,Nandi Moulding Company,560001,62,HUMAN_REVIEW,93.3,100,25,0,True,requires human review: high name similarity (93.3); similar address/PIN (100)
PAIR-000881,SHOP,KAR-SHOP-BLRU-2023-000211,M/S Srinidhi Labels Company,UDYAM,UDYAM-KR-BLRU-2019-000158,M/S Srinidhi Labels Company,560034,62,HUMAN_REVIEW,100.0,91.9,25,0,True,requires human review: high name similarity (100.0); similar address/PIN (91.9)
PAIR-000882,LABOUR,LAB-KA-BLRU-2021-000156,Nisarga Labels Pvt Ltd,KSPCB,PCB/BLRU/CTO/2016/00144,Nisarga Labels Pvt Ltd,560037,62,HUMAN_REVIEW,100.0,94.9,25,0,True,requires human review: high name similarity (100.0); similar address/PIN (94.9)
PAIR-000883,KSPCB,PCB/BLRU/CTO/2016/00144,Nisarga Labels Pvt Ltd,UDYAM,UDYAM-KR-BLRU-2020-000160,M/S Nisarga Labels Pvt Ltd,560037,62,HUMAN_REVIEW,100.0,95.0,25,0,True,requires human review: high name similarity (100.0); similar address/PIN (95.0)
PAIR-000884,LABOUR,LAB-KA-BLRU-2018-000160,M/S Naveen Medical Solutions,SHOP,KAR-SHOP-BLRU-2023-000218,Naveen Medical Solutions,560102,62,HUMAN_REVIEW,100.0,94.6,25,0,True,requires human review: high name similarity (100.0); similar address/PIN (94.6)
PAIR-000885,SHOP,KAR-SHOP-MYS-2015-000014,Ravi lastics Works,KSPCB,PCB/MYS/CTE/2021/00011,Ravi Plastics Works,570016,61,HUMAN_REVIEW,97.3,93.2,25,0,True,requires human review: high name similarity (97.3); similar address/PIN (93.2)
PAIR-000886,FACTORY,KFBIS-FAC-BLRR-2025-000028,Srinidhi Labs Industries,KSPCB,PCB/BLRR/CTO/2024/00025,Srinidhi Labs Industries,562114,61,HUMAN_REVIEW,100.0,87.8,25,0,True,requires human review: high name similarity (100.0); similar address/PIN (87.8)
PAIR-000887,GST,GST-KA-BLRU-2020-000053,Sahana Meds Enterprises,UDYAM,UDYAM-KR-BLRU-2018-000038,M/S Sahana Meds Enterprises,560102|560029,61,HUMAN_REVIEW,100.0,84.1,0,100,True,requires human review: high name similarity (100.0); similar address/PIN (84.1); no shared identifier available; same phone number
PAIR-000888,KSPCB,PCB/TUM/CTO/2024/00029,Prakruthi CNC LLP,LABOUR,LAB-KA-TUM-2023-000034,Prakruthi CNCLLP,572106,61,HUMAN_REVIEW,89.7,100,25,0,True,requires human review: high name similarity (89.7); similar address/PIN (100)
PAIR-000889,LABOUR,LAB-KA-TUM-2023-000034,Prakruthi CNCLLP,GST,GST-KA-TUM-2025-000055,M/S Prakruthi CNC LLP,572106,61,HUMAN_REVIEW,89.7,100,25,0,True,requires human review: high name similarity (89.7); similar address/PIN (100)
PAIR-000890,FACTORY,KFBIS-FAC-BLRU-2015-000044,Bharath Tech Associates,SHOP,KAR-SHOP-BLRU-2019-000062,Bharath Tech Associats,560029,61,HUMAN_REVIEW,97.8,92.6,25,0,True,requires human review: high name similarity (97.8); similar address/PIN (92.6)
PAIR-000891,BBMP,BBMP-TL-SOUT-2019-000033,M/S Sharma Biryani Pvt. Ltd.,SHOP,KAR-SHOP-BLRU-2015-000065,Sharma Biryani Pv Ltd,560068,61,HUMAN_REVIEW,90.3,100,25,0,True,requires human review: high name similarity (90.3); similar address/PIN (100)
PAIR-000892,SHOP,KAR-SHOP-BLRU-2015-000065,Sharma Biryani Pv Ltd,GST,GST-KA-BLRU-2024-000070,Sharma Biryani Pvt. Ltd.,560068,61,HUMAN_REVIEW,90.3,100,25,0,True,requires human review: high name similarity (90.3); similar address/PIN (100)
PAIR-000893,LABOUR,LAB-KA-BLRU-2021-000046,Srinidhi Enterprises,GST,GST-KA-BLRU-2019-000075,M/S Srinidhi Enterprises,560085,61,HUMAN_REVIEW,100.0,87.2,25,0,True,requires human review: high name similarity (100.0); similar address/PIN (87.2)
PAIR-000894,GST,GST-KA-BLRU-2019-000075,M/S Srinidhi Enterprises,KSPCB,PCB/BLRU/CTO/2022/00043,M/S Srinidhi Enterprises,560085,61,HUMAN_REVIEW,100.0,89.3,25,0,True,requires human review: high name similarity (100.0); similar address/PIN (89.3)
PAIR-000895,UDYAM,UDYAM-KR-BLRU-2018-000056,M/SAnanya Solutions,FACTORY,KFBIS-FAC-BLRU-2022-000057,Ananya Solutions,560024,61,HUMAN_REVIEW,91.4,100,25,0,True,requires human review: high name similarity (91.4); similar address/PIN (100)
PAIR-000896,SHOP,KAR-SHOP-BLRU-2025-000077,M/S Prakruthi Packaging Industries,LABOUR,LAB-KA-BLRU-2018-000057,Prakruthi Packaging Industries,560043,61,HUMAN_REVIEW,100.0,87.7,25,0,True,requires human review: high name similarity (100.0); similar address/PIN (87.7)
PAIR-000897,LABOUR,LAB-KA-BLRU-2022-000059,Sahana Works Company,FACTORY,KFBIS-FAC-BLRU-2024-000065,Sahana Works Company,560059,61,HUMAN_REVIEW,100.0,87.6,25,0,True,requires human review: high name similarity (100.0); similar address/PIN (87.6)
PAIR-000898,SHOP,KAR-SHOP-BLRU-2019-000093,M/S Harsha Works Co,KSPCB,PCB/BLRU/CTO/2020/00061,Harsha Works Co,560037,61,HUMAN_REVIEW,100.0,88.7,25,0,True,requires human review: high name similarity (100.0); similar address/PIN (88.7)
PAIR-000899,LABOUR,LAB-KA-BLRR-2025-000071,M/S Lakshmi Graphics Solutions,FACTORY,KFBIS-FAC-BLRR-2024-000075,Lakshmi Graphics Solutions,562114,61,HUMAN_REVIEW,100.0,90.0,25,0,True,requires human review: high name similarity (100.0); similar address/PIN (90.0)
PAIR-000900,FACTORY,KFBIS-FAC-BLRR-2024-000075,Lakshmi Graphics Solutions,GST,GST-KA-BLRR-2015-000114,Lakshmi Graphics Solutions,562114,61,HUMAN_REVIEW,100.0,87.2,25,0,True,requires human review: high name similarity (100.0); similar address/PIN (87.2)
PAIR-000901,KSPCB,PCB/BLRU/CTE/2023/00074,Sharma Electronics Solutions,SHOP,KAR-SHOP-BLRU-2025-000112,Sharma Electronics Solutions,560001,61,HUMAN_REVIEW,100.0,90.0,25,0,True,requires human review: high name similarity (100.0); similar address/PIN (90.0)
PAIR-000902,SHOP,KAR-SHOP-BLRU-2024-000116,M/S Asha Solutions,LABOUR,LAB-KA-BLRU-2025-000082,Asha Solutions,560024,61,HUMAN_REVIEW,100.0,90.0,25,0,True,requires human review: high name similarity (100.0); similar address/PIN (90.0)
PAIR-000903,SHOP,KAR-SHOP-BLRU-2024-000129,M/S Navya Solvents Pvt Ltd,LABOUR,LAB-KA-BLRU-2016-000094,Navya Solvent Pvt Ltd,560059,61,HUMAN_REVIEW,96.3,91.9,25,0,True,requires human review: high name similarity (96.3); similar address/PIN (91.9)
PAIR-000904,UDYAM,UDYAM-KR-BLRR-2023-000095,UDUPI ELECTRONICS LLP,LABOUR,LAB-KA-BLRR-2023-000098,Udupi Electronics LP,562110,61,HUMAN_REVIEW,91.9,100,25,0,True,requires human review: high name similarity (91.9); similar address/PIN (100)
PAIR-000905,UDYAM,UDYAM-KR-BLRR-2022-000100,Veda Associates,SHOP,KAR-SHOP-BLRR-2017-000137,Veda Associates,562157,61,HUMAN_REVIEW,100.0,89.6,25,0,True,requires human review: high name similarity (100.0); similar address/PIN (89.6)
PAIR-000906,LABOUR,LAB-KA-BLRU-2023-000107,Siddhi Industries,FACTORY,KFBIS-FAC-BLRU-2018-000100,M/S Siddhi Industries,560029|560043,61,HUMAN_REVIEW,100.0,85.7,0,100,True,requires human review: high name similarity (100.0); similar address/PIN (85.7); no shared identifier available; same phone number
PAIR-000907,LABOUR,LAB-KA-BLRR-2023-000118,Aditya Tech Enterprises,FACTORY,KFBIS-FAC-BLRR-2024-000105,Aditya Tech Enterprises,562157,61,HUMAN_REVIEW,100.0,88.0,25,0,True,requires human review: high name similarity (100.0); similar address/PIN (88.0)
PAIR-000908,SHOP,KAR-SHOP-BLRU-2023-000179,Ananya Cafe Enterprises,BBMP,BBMP-TL-DASA-2016-000108,M/S Ananya Cafe Enterprises,560058,61,HUMAN_REVIEW,100.0,90.0,25,0,True,requires human review: high name similarity (100.0); similar address/PIN (90.0)
PAIR-000909,UDYAM,UDYAM-KR-BLRR-2016-000138,M/S Navya Garments Works,BBMP,BBMP-TL-BENG-2020-000114,Navya Garments Works,562157,61,HUMAN_REVIEW,100.0,90.4,25,0,True,requires human review: high name similarity (100.0); similar address/PIN (90.4)
PAIR-000910,BBMP,BBMP-TL-DASA-2022-000122,Veda Apparels Company,KSPCB,PCB/BLRU/CTO/2020/00132,Veda Appaels Company,560058,61,HUMAN_REVIEW,96.0,94.0,25,0,True,requires human review: high name similarity (96.0); similar address/PIN (94.0)
PAIR-000911,BBMP,BBMP-TL-SOUT-2019-000124,Naveen Kitchen Pvt Ltd,SHOP,KAR-SHOP-BLRU-2025-000206,Naveen Kitchen Pvt Ltd,560078,61,HUMAN_REVIEW,100.0,87.2,25,0,True,requires human review: high name similarity (100.0); similar address/PIN (87.2)
PAIR-000912,FACTORY,KFBIS-FAC-MYS-2016-000134,Harsha Pvt. Ltd.,KSPCB,PCB/MYS/CTE/2017/00138,Harsha Pvt Ltd,570016,61,HUMAN_REVIEW,100.0,88.7,25,0,True,requires human review: high name similarity (100.0); similar address/PIN (88.7)
PAIR-000913,LABOUR,LAB-KA-BLRU-2025-000005,Siddhi Industrial Industries,BBMP,BBMP-TL-BOMM-2021-000004,Siddhi Industrial Inds,560100,60,HUMAN_REVIEW,88.0,100,25,0,True,requires human review: high name similarity (88.0); similar address/PIN (100)
PAIR-000914,KSPCB,PCB/BLRR/CTE/2018/00009,Veda Coatings Works,SHOP,KAR-SHOP-BLRR-2016-000013,Veda Coatings Works,562110,60,HUMAN_REVIEW,100.0,85.9,25,0,True,requires human review: high name similarity (100.0); similar address/PIN (85.9)
PAIR-000915,LABOUR,LAB-KA-MYS-2024-000039,Prakruthi Packaging Solutions,FACTORY,KFBIS-FAC-MYS-2021-000039,Prakruthi Packaging Solutins,570016,60,HUMAN_REVIEW,98.2,87.8,25,0,True,requires human review: high name similarity (98.2); similar address/PIN (87.8)
PAIR-000916,BBMP,BBMP-TL-BENG-2022-000045,M/S Srinidhi Co,GST,GST-KA-BLRR-2018-000095,M/S Srinidhi Co,562110,60,HUMAN_REVIEW,100.0,84.5,25,0,True,requires human review: high name similarity (100.0); similar address/PIN (84.5)
PAIR-000917,BBMP,BBMP-TL-BENG-2015-000074,M/S Siddhi Warehouse Industries,LABOUR,LAB-KA-BLRR-2017-000093,Siddhi Warehouse Inds,561203,60,HUMAN_REVIEW,87.5,100,25,0,True,requires human review: high name similarity (87.5); similar address/PIN (100)
PAIR-000918,FACTORY,KFBIS-FAC-BLRU-2015-000093,Meghana Moulding Inds,KSPCB,PCB/BLRU/CTO/2020/00086,Meghana Moulding Industries,560058,60,HUMAN_REVIEW,87.5,100,25,0,True,requires human review: high name similarity (87.5); similar address/PIN (100)
PAIR-000919,FACTORY,KFBIS-FAC-BLRR-2021-000098,Veda Associates,LABOUR,LAB-KA-BLRR-2025-000100,Veda Associates,562157,60,HUMAN_REVIEW,100.0,85.3,25,0,True,requires human review: high name similarity (100.0); similar address/PIN (85.3)
PAIR-000920,LABOUR,LAB-KA-BLRR-2025-000100,Veda Associates,UDYAM,UDYAM-KR-BLRR-2022-000100,Veda Associates,562157,60,HUMAN_REVIEW,100.0,85.3,25,0,True,requires human review: high name similarity (100.0); similar address/PIN (85.3)
PAIR-000921,BBMP,BBMP-TL-BENG-2019-000088,Kaveri Meds Pvt Ltd,SHOP,KAR-SHOP-BLRR-2018-000151,Kaveri Meds Pv Ltd,562157,60,HUMAN_REVIEW,88.0,97.5,25,0,True,requires human review: high name similarity (88.0); similar address/PIN (97.5)
PAIR-000922,FACTORY,KFBIS-FAC-BLRR-2024-000105,Aditya Tech Enterprises,KSPCB,PCB/BLRR/CTE/2018/00099,Aditya Tech Enterprises,562157,60,HUMAN_REVIEW,100.0,86.3,25,0,True,requires human review: high name similarity (100.0); similar address/PIN (86.3)
PAIR-000923,LABOUR,LAB-KA-BLRU-2025-000140,Prakruthi Packaging Works,GST,GST-KA-BLRU-2021-000229,Prakruthi Packaging Works,560043|560100,60,HUMAN_REVIEW,100.0,81.2,0,100,True,requires human review: high name similarity (100.0); similar address/PIN (81.2); no shared identifier available; same phone number
PAIR-000924,LABOUR,LAB-KA-BLRU-2025-000153,Srinidhi Labels Company,SHOP,KAR-SHOP-BLRU-2023-000211,M/S Srinidhi Labels Company,560034,60,HUMAN_REVIEW,100.0,86.5,25,0,True,requires human review: high name similarity (100.0); similar address/PIN (86.5)
