candidate_pair_id,left_source_system,left_record_id,left_business_name,right_source_system,right_record_id,right_business_name,pin_code,match_score,decision,name_score,address_score,identifier_score,phone_score,same_entity_ground_truth,explanation
PAIR-000925,SHOP,KAR-SHOP-TUM-2024-000030,M/S Kaveri Press Entp,UDYAM,UDYAM-KR-TUM-2015-000022,Kaveri Press Enterprises,572101,59,NO_MATCH,82.9,100,25,0,True,reject/no-match candidate: high name similarity (82.9); similar address/PIN (100)
PAIR-000926,GST,GST-KA-BLRU-2025-000068,Sharma Stitch Entp,FACTORY,KFBIS-FAC-BLRU-2017-000045,Sharma Stitch Enterprises,560058,59,NO_MATCH,83.7,100,25,0,True,reject/no-match candidate: high name similarity (83.7); similar address/PIN (100)
PAIR-000927,GST,GST-KA-BLRU-2025-000068,Sharma Stitch Entp,SHOP,KAR-SHOP-BLRU-2021-000063,M/S Sharma Stitch Enterprises,560058,59,NO_MATCH,83.7,100,25,0,True,reject/no-match candidate: high name similarity (83.7); similar address/PIN (100)
PAIR-000928,GST,GST-KA-MYS-2017-000104,MEGHANA MEALS INDUSTRIES,BBMP,BBMP-TL-CENT-2023-000049,Meghana Meals Inds,570001,59,NO_MATCH,85.7,100,25,0,True,reject/no-match candidate: high name similarity (85.7); similar address/PIN (100)
PAIR-000929,SHOP,KAR-SHOP-BLRU-2022-000098,Veda Wors,LABOUR,LAB-KA-BLRU-2017-000068,M/S Veda Works,560076,59,NO_MATCH,94.7,87.7,25,0,True,reject/no-match candidate: high name similarity (94.7); similar address/PIN (87.7)
PAIR-000930,BBMP,BBMP-TL-TUMA-2018-000091,M/S Aditya Labels Enterprises,GST,GST-KA-TUM-2022-000187,Aditya Labels Entp,572106|572101,59,NO_MATCH,83.7,97.2,0,100,True,reject/no-match candidate: high name similarity (83.7); similar address/PIN (97.2); no shared identifier available; same phone number
PAIR-000931,KSPCB,PCB/BLRU/CTE/2025/00114,Siddhi Packaging Entp,GST,GST-KA-BLRU-2019-000205,Siddhi Packaging Enterprises,560066,59,NO_MATCH,85.7,97.1,25,0,True,reject/no-match candidate: high name similarity (85.7); similar address/PIN (97.1)
PAIR-000932,BBMP,BBMP-TL-CENT-2023-000116,Praruthi Packaging Entp,KSPCB,PCB/MYS/CTO/2019/00126,Prakruthi Packaging Enterprises,570001,59,NO_MATCH,85.2,100,25,0,True,reject/no-match candidate: high name similarity (85.2); similar address/PIN (100)
PAIR-000933,UDYAM,UDYAM-KR-MYS-2024-000163,M/S Nisarga Circuits Enterprises,SHOP,KAR-SHOP-MYS-2018-000216,Nisarga Circuits Entp,570018,59,NO_MATCH,85.7,100,25,0,True,reject/no-match candidate: high name similarity (85.7); similar address/PIN (100)
PAIR-000934,GST,GST-KA-MYS-2025-000255,M/S Nisarga Circuits Enterprises,SHOP,KAR-SHOP-MYS-2018-000216,Nisarga Circuits Entp,570018,59,NO_MATCH,85.7,100,25,0,True,reject/no-match candidate: high name similarity (85.7); similar address/PIN (100)
PAIR-000935,LABOUR,LAB-KA-BLRU-2016-000003,Siddhi Cafe Industries,UDYAM,UDYAM-KR-BLRU-2018-000004,Siddhi Cafe Inds,560100,58,NO_MATCH,84.2,97.9,25,0,True,reject/no-match candidate: high name similarity (84.2); similar address/PIN (97.9)
PAIR-000936,GST,GST-KA-TUM-2020-000076,SHARMA CNC ENTERPRISES,SHOP,KAR-SHOP-TUM-2021-000071,Sharma CNC Entp,572106,58,NO_MATCH,81.1,98.3,25,0,True,reject/no-match candidate: high name similarity (81.1); similar address/PIN (98.3)
PAIR-000937,SHOP,KAR-SHOP-TUM-2021-000071,Sharma CNC Entp,KSPCB,PCB/TUM/CTE/2023/00044,M/S Sharma CNC Enterprises,572106,58,NO_MATCH,81.1,100,25,0,True,reject/no-match candidate: high name similarity (81.1); similar address/PIN (100)
PAIR-000938,FACTORY,KFBIS-FAC-BLRU-2023-000053,Mysore Fashions Entp,LABOUR,LAB-KA-BLRU-2025-000052,M/S Mysore Fashions Enterprises,560064,58,NO_MATCH,85.1,95.2,25,0,True,reject/no-match candidate: high name similarity (85.1); similar address/PIN (95.2)
PAIR-000939,SHOP,KAR-SHOP-BLRU-2019-000157,Kaveri Components Enterprises,UDYAM,UDYAM-KR-BLRU-2024-000117,M/S KAVERI COMPONENTS ENTP,560078,58,NO_MATCH,86.3,94.9,25,0,True,reject/no-match candidate: high name similarity (86.3); similar address/PIN (94.9)
PAIR-000940,UDYAM,UDYAM-KR-BLRU-2024-000117,M/S KAVERI COMPONENTS ENTP,KSPCB,PCB/BLRU/CTO/2017/00102,M/S Kaveri Components Enterprises,560078,58,NO_MATCH,86.3,91.6,25,0,True,reject/no-match candidate: high name similarity (86.3); similar address/PIN (91.6)
PAIR-000941,FACTORY,KFBIS-FAC-BLRU-2015-000136,Bangalore Industries LLP,UDYAM,UDYAM-KR-BLRU-2018-000157,Bangalore Inds LLP,560066,58,NO_MATCH,82.4,100,25,0,True,reject/no-match candidate: high name similarity (82.4); similar address/PIN (100)
PAIR-000942,LABOUR,LAB-KA-MYS-2024-000039,Prakruthi Packaging Solutions,KSPCB,PCB/MYS/CTO/2016/00010,M/S Prakruthi Packaging Solutions,570016,58,NO_MATCH,100.0,76.0,25,0,False,reject/no-match candidate: high name similarity (100.0); similar address/PIN (76.0)
PAIR-000943,LABOUR,LAB-KA-BLRU-2025-000016,Mysore Enterprises,SHOP,KAR-SHOP-BLRU-2016-000021,M/S Mysore Entp,560102,57,NO_MATCH,75.9,100,25,0,True,reject/no-match candidate: medium name similarity (75.9); similar address/PIN (100)
PAIR-000944,SHOP,KAR-SHOP-BLRU-2016-000021,M/S Mysore Entp,KSPCB,PCB/BLRU/CTE/2018/00013,Mysore Enterprises,560102,57,NO_MATCH,75.9,100,25,0,True,reject/no-match candidate: medium name similarity (75.9); similar address/PIN (100)
PAIR-000945,SHOP,KAR-SHOP-MYS-2015-000073,M/S Harsha Industries,LABOUR,LAB-KA-MYS-2024-000051,Harsha Inds,570001,57,NO_MATCH,78.6,100,25,0,True,reject/no-match candidate: medium name similarity (78.6); similar address/PIN (100)
PAIR-000946,LABOUR,LAB-KA-MYS-2024-000051,Harsha Inds,UDYAM,UDYAM-KR-MYS-2018-000052,Harsha Industries,570001,57,NO_MATCH,78.6,100,25,0,True,reject/no-match candidate: medium name similarity (78.6); similar address/PIN (100)
PAIR-000947,SHOP,KAR-SHOP-BLRR-2017-000088,Sri Kitchen Entp,GST,GST-KA-BLRR-2022-000098,Sri Kitchen Enterprises,562114,57,NO_MATCH,82.1,93.2,25,0,True,reject/no-match candidate: high name similarity (82.1); similar address/PIN (93.2)
PAIR-000948,SHOP,KAR-SHOP-BLRU-2017-000131,Meghana Moulding Indstries,FACTORY,KFBIS-FAC-BLRU-2015-000093,Meghana Moulding Inds,560058,57,NO_MATCH,89.4,86.5,25,0,True,reject/no-match candidate: high name similarity (89.4); similar address/PIN (86.5)
PAIR-000949,UDYAM,UDYAM-KR-BLRU-2018-000157,Bangalore Inds LLP,KSPCB,PCB/BLRU/CTE/2023/00140,M/S Bangalore Industries LLP,560066,57,NO_MATCH,82.4,95.7,25,0,True,reject/no-match candidate: high name similarity (82.4); similar address/PIN (95.7)
PAIR-000950,KSPCB,PCB/MYS/CTE/2023/00035,Prakruthi Packaging Solutions,GST,GST-KA-MYS-2022-000016,Prakruthi Packaging Solutions,570016,57,NO_MATCH,100.0,74.8,25,0,False,reject/no-match candidate: high name similarity (100.0)
PAIR-000951,LABOUR,LAB-KA-BLRU-2023-000025,Varun Entp,UDYAM,UDYAM-KR-BLRU-2025-000028,Varun Enterprises,560076,56,NO_MATCH,74.1,100,25,0,True,reject/no-match candidate: medium name similarity (74.1); similar address/PIN (100)
PAIR-000952,UDYAM,UDYAM-KR-BLRU-2025-000028,Varun Enterprises,GST,GST-KA-BLRU-2021-000040,M/S Varun Entp,560076,56,NO_MATCH,74.1,100,25,0,True,reject/no-match candidate: medium name similarity (74.1); similar address/PIN (100)
PAIR-000953,LABOUR,LAB-KA-BLRU-2023-000025,Varun Entp,SHOP,KAR-SHOP-BLRU-2025-000036,M/S Varun Enterprises,560076,56,NO_MATCH,74.1,99.7,25,0,True,reject/no-match candidate: medium name similarity (74.1); similar address/PIN (99.7)
PAIR-000954,BBMP,BBMP-TL-YELA-2017-000083,M/S Ravi TextilesCompany,SHOP,KAR-SHOP-BLRU-2022-000141,Ravi Textiles Company,560024,56,NO_MATCH,78.8,94.0,25,0,True,reject/no-match candidate: medium name similarity (78.8); similar address/PIN (94.0)
PAIR-000955,GST,GST-KA-BLRU-2024-000257,Varun Inds,FACTORY,KFBIS-FAC-BLRU-2023-000144,M/S Varun Industries,560078,56,NO_MATCH,76.9,98.3,25,0,True,reject/no-match candidate: medium name similarity (76.9); similar address/PIN (98.3)
PAIR-000956,SHOP,KAR-SHOP-BLRU-2024-000116,M/S Asha Solutions,GST,GST-KA-BLRU-2021-000129,Asha Labs Solutions,560024,56,NO_MATCH,84.8,87.9,25,0,False,reject/no-match candidate: high name similarity (84.8); similar address/PIN (87.9)
PAIR-000957,GST,GST-KA-BLRU-2021-000040,M/S Varun Entp,KSPCB,PCB/BLRU/CTO/2021/00019,Varun Enterprises,560076,55,NO_MATCH,74.1,95.3,25,0,True,reject/no-match candidate: medium name similarity (74.1); similar address/PIN (95.3)
PAIR-000958,LABOUR,LAB-KA-BLRR-2017-000089,Varun Inds Inds,SHOP,KAR-SHOP-BLRR-2022-000126,Varun Industries Industries,561203,55,NO_MATCH,71.4,100,25,0,True,reject/no-match candidate: medium name similarity (71.4); similar address/PIN (100)
PAIR-000959,SHOP,KAR-SHOP-BLRU-2017-000143,Anany Electronics Co,KSPCB,PCB/BLRU/CTO/2015/00094,Ananya Elec Co,560029,55,NO_MATCH,71.4,100,25,0,True,reject/no-match candidate: medium name similarity (71.4); similar address/PIN (100)
PAIR-000960,GST,GST-KA-BLRU-2019-000216,MYSORE INDUSTRIES,SHOP,KAR-SHOP-BLRU-2019-000182,Mysore Industries,560059|560043,55,NO_MATCH,100.0,100,0,0,True,reject/no-match candidate: high name similarity (100.0); similar address/PIN (100); no shared identifier available
PAIR-000961,GST,GST-KA-MYS-2015-000025,Deccan Industries,LABOUR,LAB-KA-MYS-2016-000002,Deccan Industres,570001,55,NO_MATCH,97.0,68.9,25,0,False,reject/no-match candidate: high name similarity (97.0)
PAIR-000962,SHOP,KAR-SHOP-BLRU-2016-000027,M/S Varun Textiles Industries,BBMP,BBMP-TL-SOUT-2016-000011,M/S Varun Textiles Industries,560068|560043,54,NO_MATCH,100.0,96.7,0,0,True,reject/no-match candidate: high name similarity (100.0); similar address/PIN (96.7); no shared identifier available
PAIR-000963,GST,GST-KA-BLRU-2018-000031,Varun Textiles Industries,BBMP,BBMP-TL-SOUT-2016-000011,M/S Varun Textiles Industries,560068|560043,54,NO_MATCH,100.0,97.6,0,0,True,reject/no-match candidate: high name similarity (100.0); similar address/PIN (97.6); no shared identifier available
PAIR-000964,BBMP,BBMP-TL-DASA-2017-000055,Sahana Kitchen Solutions,GST,GST-KA-BLRU-2016-000116,Sahana Kitchen Solutions,560058|560043,54,NO_MATCH,100.0,97.7,0,0,True,reject/no-match candidate: high name similarity (100.0); similar address/PIN (97.7); no shared identifier available
PAIR-000965,GST,GST-KA-BLRU-2020-000161,Lakshmi Elec LLP,KSPCB,PCB/BLRU/CTE/2024/00090,M/S Lakshmi Electronics LLP,560024,54,NO_MATCH,77.4,89.1,25,0,True,reject/no-match candidate: medium name similarity (77.4); similar address/PIN (89.1)
PAIR-000966,KSPCB,PCB/BLRU/CTO/2021/00136,Nandi Moulding Company,UDYAM,UDYAM-KR-BLRU-2023-000155,Nandi Moulding Company,560001|560085,54,NO_MATCH,100.0,96.4,0,0,True,reject/no-match candidate: high name similarity (100.0); similar address/PIN (96.4); no shared identifier available
PAIR-000967,KSPCB,PCB/BLRU/CTO/2025/00075,M/S Asha Labs Solutions,SHOP,KAR-SHOP-BLRU-2024-000116,M/S Asha Solutions,560024,54,NO_MATCH,84.8,80.5,25,0,False,reject/no-match candidate: high name similarity (84.8); similar address/PIN (80.5)
PAIR-000968,UDYAM,UDYAM-KR-BLRU-2024-000103,Ananya Circuits Enterprises,KSPCB,PCB/BLRU/CTE/2025/00107,Ananya Labs Enterprises,560085,54,NO_MATCH,80.0,86.7,25,0,False,reject/no-match candidate: high name similarity (80.0); similar address/PIN (86.7)
PAIR-000969,KSPCB,PCB/BLRU/CTO/2025/00075,M/S Asha Labs Solutions,GST,GST-KA-BLRU-2021-000134,M/S Asha Solutions,560024,54,NO_MATCH,84.8,80.5,25,0,False,reject/no-match candidate: high name similarity (84.8); similar address/PIN (80.5)
PAIR-000970,GST,GST-KA-BLRU-2021-000030,Meghana Bites Associates,BBMP,BBMP-TL-SOUT-2019-000012,Meghana Bites Associates,560085,54,NO_MATCH,100.0,96.5,0,0,False,reject/no-match candidate: high name similarity (100.0); similar address/PIN (96.5); no shared identifier available
PAIR-000971,FACTORY,KFBIS-FAC-BLRU-2025-000012,Harsha Biryani Works,BBMP,BBMP-TL-WEST-2020-000009,Harsha Biryani Works,560059|560024,53,NO_MATCH,100.0,93.5,0,0,True,reject/no-match candidate: high name similarity (100.0); similar address/PIN (93.5); no shared identifier available
PAIR-000972,FACTORY,KFBIS-FAC-BLRU-2016-000014,Sree Electronics Industries,GST,GST-KA-BLRU-2017-000020,Sree Elec Inds,560059,53,NO_MATCH,68.3,95.9,25,0,True,reject/no-match candidate: medium name similarity (68.3); similar address/PIN (95.9)
PAIR-000973,FACTORY,KFBIS-FAC-TUM-2023-000029,Lakshmi Graphics Works,KSPCB,PCB/TUM/CTO/2015/00026,M/S Lakshmi Graphics Works,572101|572106,53,NO_MATCH,100.0,93.1,0,0,True,reject/no-match candidate: high name similarity (100.0); similar address/PIN (93.1); no shared identifier available
PAIR-000974,KSPCB,PCB/TUM/CTO/2015/00026,M/S Lakshmi Graphics Works,GST,GST-KA-TUM-2020-000050,M/S Lakshmi Graphics Works,572106|572101,53,NO_MATCH,100.0,90.4,0,0,True,reject/no-match candidate: high name similarity (100.0); similar address/PIN (90.4); no shared identifier available
PAIR-000975,KSPCB,PCB/BLRU/CTE/2019/00032,Ravi Tech Associates,SHOP,KAR-SHOP-BLRU-2015-000053,M/S Ravi Tech Associates,560066|560058,53,NO_MATCH,100.0,93.6,0,0,True,reject/no-match candidate: high name similarity (100.0); similar address/PIN (93.6); no shared identifier available
PAIR-000976,LABOUR,LAB-KA-BLRU-2015-000086,Sri Pvt Ltd,SHOP,KAR-SHOP-BLRU-2018-000121,Sri Pvt. td.,560102,53,NO_MATCH,66.7,97.5,25,0,True,reject/no-match candidate: medium name similarity (66.7); similar address/PIN (97.5)
PAIR-000977,KSPCB,PCB/MYS/CTE/2016/00084,Sharma Pvt Ltd,BBMP,BBMP-TL-SOUT-2019-000070,Sharma Pvt Ltd,570001|570018,53,NO_MATCH,100.0,91.8,0,0,True,reject/no-match candidate: high name similarity (100.0); similar address/PIN (91.8); no shared identifier available
PAIR-000978,FACTORY,KFBIS-FAC-TUM-2018-000106,M/S Aditya Labels Enterprises,BBMP,BBMP-TL-TUMA-2018-000091,M/S Aditya Labels Enterprises,572101|572106,53,NO_MATCH,100.0,92.5,0,0,True,reject/no-match candidate: high name similarity (100.0); similar address/PIN (92.5); no shared identifier available
PAIR-000979,SHOP,KAR-SHOP-BLRU-2023-000187,Asha CNC LLP,UDYAM,UDYAM-KR-BLRU-2019-000137,ASHA CNC LLP,560043|560001,53,NO_MATCH,100.0,93.9,0,0,True,reject/no-match candidate: high name similarity (100.0); similar address/PIN (93.9); no shared identifier available
PAIR-000980,SHOP,KAR-SHOP-BLRU-2016-000193,M/S Prakruthi Packaging Works,GST,GST-KA-BLRU-2021-000229,Prakruthi Packaging Works,560043|560100,53,NO_MATCH,100.0,93.5,0,0,True,reject/no-match candidate: high name similarity (100.0); similar address/PIN (93.5); no shared identifier available
PAIR-000981,FACTORY,KFBIS-FAC-BLRR-2020-000130,Nandi Tools Co,BBMP,BBMP-TL-BENG-2015-000120,Nandi Tools Co,562114|561203,53,NO_MATCH,100.0,93.2,0,0,True,reject/no-match candidate: high name similarity (100.0); similar address/PIN (93.2); no shared identifier available
PAIR-000982,UDYAM,UDYAM-KR-BLRU-2023-000155,Nandi Moulding Company,FACTORY,KFBIS-FAC-BLRU-2020-000133,Nandi Moulding Company,560085|560001,53,NO_MATCH,100.0,93.6,0,0,True,reject/no-match candidate: high name similarity (100.0); similar address/PIN (93.6); no shared identifier available
PAIR-000983,GST,GST-KA-BLRU-2018-000171,ANANYA ASSOCIATES,KSPCB,PCB/BLRU/CTE/2018/00050,Ananya Solutions,560024,53,NO_MATCH,66.7,98.5,25,0,False,reject/no-match candidate: medium name similarity (66.7); similar address/PIN (98.5)
PAIR-000984,BBMP,BBMP-TL-NORT-2020-000014,Aarohi Solutions,SHOP,KAR-SHOP-MYS-2025-000019,Bangalore Solutions,570016,53,NO_MATCH,74.3,86.4,25,0,False,reject/no-match candidate: medium name similarity (74.3); similar address/PIN (86.4)
PAIR-000985,FACTORY,KFBIS-FAC-BLRU-2022-000080,Sahana Kitchen Solutions,BBMP,BBMP-TL-DASA-2017-000055,Sahana Kitchen Solutions,560058,53,NO_MATCH,100.0,92.5,0,0,False,reject/no-match candidate: high name similarity (100.0); similar address/PIN (92.5); no shared identifier available
PAIR-000986,BBMP,BBMP-TL-BENG-2020-000036,Mysore Cargo Solutions,LABOUR,LAB-KA-BLRR-2023-000045,Mysore Cargo Solutions,562114|562110,52,NO_MATCH,100.0,88.3,0,0,True,reject/no-match candidate: high name similarity (100.0); similar address/PIN (88.3); no shared identifier available
PAIR-000987,UDYAM,UDYAM-KR-BLRU-2024-000063,Kaveri Cargo Solutions,SHOP,KAR-SHOP-BLRU-2024-000087,Kaveri Cargo Solutions,560078|560058,52,NO_MATCH,100.0,88.9,0,0,True,reject/no-match candidate: high name similarity (100.0); similar address/PIN (88.9); no shared identifier available
PAIR-000988,LABOUR,LAB-KA-BLRU-2023-000079,Sharma Electronics Solutions,UDYAM,UDYAM-KR-BLRU-2018-000080,Sharma Electronics Solutions,560102|560001,52,NO_MATCH,100.0,87.8,0,0,True,reject/no-match candidate: high name similarity (100.0); similar address/PIN (87.8); no shared identifier available
PAIR-000989,GST,GST-KA-BLRU-2023-000135,Nisarga Trans Enterprises,FACTORY,KFBIS-FAC-BLRU-2016-000083,Nisarga Trans Enterprises,560024|560102,52,NO_MATCH,100.0,86.7,0,0,True,reject/no-match candidate: high name similarity (100.0); similar address/PIN (86.7); no shared identifier available
PAIR-000990,KSPCB,PCB/BLRU/CTE/2016/00097,M/S Sree Tools LLP,GST,GST-KA-BLRU-2016-000176,Sree Toos LLP,560066|560064,52,NO_MATCH,94.7,95.7,0,0,True,reject/no-match candidate: high name similarity (94.7); similar address/PIN (95.7); no shared identifier available
PAIR-000991,SHOP,KAR-SHOP-BLRR-2020-000167,Bangalore LLP,BBMP,BBMP-TL-BENG-2021-000098,Bangalore LLP,561203|562157,52,NO_MATCH,100.0,88.7,0,0,True,reject/no-match candidate: high name similarity (100.0); similar address/PIN (88.7); no shared identifier available
PAIR-000992,SHOP,KAR-SHOP-BLRU-2023-000173,Veda Print Enterprises,GST,GST-KA-BLRU-2018-000206,M/S Veda Print Enterprises,560001|560029,52,NO_MATCH,100.0,88.5,0,0,True,reject/no-match candidate: high name similarity (100.0); similar address/PIN (88.5); no shared identifier available
PAIR-000993,SHOP,KAR-SHOP-BLRU-2017-000180,M/S Bangalore Traders,UDYAM,UDYAM-KR-BLRU-2020-000133,BANGALORE TRADERS,560034|560066,52,NO_MATCH,100.0,86.9,0,0,True,reject/no-match candidate: high name similarity (100.0); similar address/PIN (86.9); no shared identifier available
PAIR-000994,FACTORY,KFBIS-FAC-BLRU-2022-000057,Ananya Solutions,GST,GST-KA-BLRU-2018-000171,ANANYA ASSOCIATES,560024,52,NO_MATCH,66.7,93.3,25,0,False,reject/no-match candidate: medium name similarity (66.7); similar address/PIN (93.3)
PAIR-000995,UDYAM,UDYAM-KR-MYS-2020-000099,AAROHI SOLUTIONS,GST,GST-KA-MYS-2024-000034,M/S Aarohi Solutions,570016,52,NO_MATCH,100.0,86.0,0,0,False,reject/no-match candidate: high name similarity (100.0); similar address/PIN (86.0); no shared identifier available
PAIR-000996,GST,GST-KA-BLRU-2020-000056,SIDDHI BAKERY LLP,UDYAM,UDYAM-KR-BLRU-2024-000147,Siddhi Works Entp,560076,52,NO_MATCH,60.0,100,25,0,False,reject/no-match candidate: medium name similarity (60.0); similar address/PIN (100)
PAIR-000997,LABOUR,LAB-KA-BLRR-2023-000045,Mysore Cargo Solutions,UDYAM,UDYAM-KR-BLRR-2022-000049,Mysore Cargo olutions,562110|562114,51,NO_MATCH,97.7,85.7,0,0,True,reject/no-match candidate: high name similarity (97.7); similar address/PIN (85.7); no shared identifier available
PAIR-000998,BBMP,BBMP-TL-BENG-2017-000040,Naveen Stores LLP,LABOUR,LAB-KA-BLRR-2024-000050,Naveen Stores LLP,562114|561203,51,NO_MATCH,100.0,85.5,0,0,True,reject/no-match candidate: high name similarity (100.0); similar address/PIN (85.5); no shared identifier available
PAIR-000999,SHOP,KAR-SHOP-BLRU-2022-000100,Udupi Pharma Works,LABOUR,LAB-KA-BLRU-2021-000070,Udupi PharmaWorks,560034|560066,51,NO_MATCH,97.1,89.2,0,0,True,reject/no-match candidate: high name similarity (97.1); similar address/PIN (89.2); no shared identifier available
PAIR-001000,FACTORY,KFBIS-FAC-BLRU-2016-000083,Nisarga Trans Enterprises,BBMP,BBMP-TL-YELA-2015-000065,Nisarga Trans Enterprises,560102|560024,51,NO_MATCH,100.0,83.7,0,0,True,reject/no-match candidate: high name similarity (100.0); similar address/PIN (83.7); no shared identifier available
PAIR-001001,UDYAM,UDYAM-KR-BLRU-2015-000128,Veda Print Enterprises,SHOP,KAR-SHOP-BLRU-2023-000173,Veda Print Enterprises,560029|560001,51,NO_MATCH,100.0,85.7,0,0,True,reject/no-match candidate: high name similarity (100.0); similar address/PIN (85.7); no shared identifier available
PAIR-001002,KSPCB,PCB/BLRU/CTE/2025/00107,Ananya Labs Enterprises,FACTORY,KFBIS-FAC-BLRU-2017-000049,M/S Ananya Labs Pvt Ltd,560085,51,NO_MATCH,64.7,93.2,25,0,False,reject/no-match candidate: medium name similarity (64.7); similar address/PIN (93.2)
PAIR-001003,UDYAM,UDYAM-KR-MYS-2017-000023,Aarohi Solutions,SHOP,KAR-SHOP-MYS-2025-000019,Bangalore Solutions,570016,51,NO_MATCH,74.3,81.7,25,0,False,reject/no-match candidate: medium name similarity (74.3); similar address/PIN (81.7)
PAIR-001004,SHOP,KAR-SHOP-BLRU-2018-000026,M/S Meghana Bites Associates,BBMP,BBMP-TL-SOUT-2019-000012,Meghana Bites Associates,560085,51,NO_MATCH,100.0,85.7,0,0,False,reject/no-match candidate: high name similarity (100.0); similar address/PIN (85.7); no shared identifier available
PAIR-001005,BBMP,BBMP-TL-WEST-2018-000077,Kaveri Bakery LLP,LABOUR,LAB-KA-BLRU-2019-000147,M/S Kaveri Wear Works,560059,51,NO_MATCH,60.0,97.5,25,0,False,reject/no-match candidate: medium name similarity (60.0); similar address/PIN (97.5)
PAIR-001006,LABOUR,LAB-KA-MYS-2015-000061,M/S Sahana Garments Company,GST,GST-KA-MYS-2015-000188,M/S Sahana Industries Co,570018,51,NO_MATCH,62.5,92.5,25,0,False,reject/no-match candidate: medium name similarity (62.5); similar address/PIN (92.5)
PAIR-001007,KSPCB,PCB/BLRU/CTO/2018/00022,Bharath Machining Co,LABOUR,LAB-KA-BLRU-2025-000028,BharathMachining Company,560059|560034,50,NO_MATCH,97.0,82.4,0,0,True,reject/no-match candidate: high name similarity (97.0); similar address/PIN (82.4); no shared identifier available
PAIR-001008,BBMP,BBMP-TL-MAHA-2017-000109,Bangalore Traders,SHOP,KAR-SHOP-BLRU-2017-000180,M/S Bangalore Traders,560066|560034,50,NO_MATCH,100.0,80.0,0,0,True,reject/no-match candidate: high name similarity (100.0); similar address/PIN (80.0); no shared identifier available
PAIR-001009,GST,GST-KA-BLRU-2020-000246,Sree Mold Traders,SHOP,KAR-SHOP-BLRU-2024-000209,M/S Sree Mold Traders,560058|560001,50,NO_MATCH,100.0,80.0,0,0,True,reject/no-match candidate: high name similarity (100.0); similar address/PIN (80.0); no shared identifier available
PAIR-001010,BBMP,BBMP-TL-SOUT-2021-000056,Omkar Labs Co,UDYAM,UDYAM-KR-BLRU-2022-000067,Omkar Agro Company,560068,50,NO_MATCH,70.0,80.9,25,0,False,reject/no-match candidate: medium name similarity (70.0); similar address/PIN (80.9)
PAIR-001011,BBMP,BBMP-TL-SOUT-2021-000056,Omkar Labs Co,KSPCB,PCB/BLRU/CTO/2022/00062,Omkar Agro Co,560068,50,NO_MATCH,70.0,81.1,25,0,False,reject/no-match candidate: medium name similarity (70.0); similar address/PIN (81.1)
PAIR-001012,SHOP,KAR-SHOP-BLRU-2020-000082,Nisarga Industrial Co,FACTORY,KFBIS-FAC-BLRU-2022-000019,Nisarga Industrial Co,560024,50,NO_MATCH,100.0,81.0,0,0,False,reject/no-match candidate: high name similarity (100.0); similar address/PIN (81.0); no shared identifier available
PAIR-001013,FACTORY,KFBIS-FAC-BLRU-2019-000032,Siddhi Bakery LLP,KSPCB,PCB/BLRU/CTO/2020/00131,Siddhi Works Enterprises,560076,50,NO_MATCH,54.1,98.3,25,0,False,reject/no-match candidate: weak name similarity (54.1); similar address/PIN (98.3)
PAIR-001014,UDYAM,UDYAM-KR-BLRU-2022-000152,Kaveri Wear Works,GST,GST-KA-BLRU-2020-000152,Kaveri Bakery LLP,560059,50,NO_MATCH,60.0,92.8,25,0,False,reject/no-match candidate: medium name similarity (60.0); similar address/PIN (92.8)
PAIR-001015,GST,GST-KA-BLRU-2020-000178,Kaveri Print Company,LABOUR,LAB-KA-BLRU-2019-000147,M/S Kaveri Wear Works,560059,50,NO_MATCH,55.2,98.2,25,0,False,reject/no-match candidate: medium name similarity (55.2); similar address/PIN (98.2)
PAIR-001016,BBMP,BBMP-TL-DASA-2022-000122,Veda Apparels Company,KSPCB,PCB/BLRU/CTE/2020/00109,M/S Veda Precision Company,560058,50,NO_MATCH,66.7,86.8,25,0,False,reject/no-match candidate: medium name similarity (66.7); similar address/PIN (86.8)
PAIR-001017,SHOP,KAR-SHOP-MYS-2018-000085,Sahana Garments Co,FACTORY,KFBIS-FAC-MYS-2022-000107,Sahana Industries Co,570018,50,NO_MATCH,62.5,91.3,25,0,False,reject/no-match candidate: medium name similarity (62.5); similar address/PIN (91.3)
PAIR-001018,SHOP,KAR-SHOP-BLRU-2024-000005,Siddhi Cafe Inds,BBMP,BBMP-TL-BOMM-2015-000001,Siddhi Cafe Industries,560037|560100,49,NO_MATCH,84.2,94.6,0,0,True,reject/no-match candidate: high name similarity (84.2); similar address/PIN (94.6); no shared identifier available
PAIR-001019,GST,GST-KA-BLRU-2025-000236,Lakshmi Kitchen Pvt Ltd,UDYAM,UDYAM-KR-BLRU-2023-000149,M/S Lakshmi Kitche Pvt Ltd,560058|560024,49,NO_MATCH,96.6,81.7,0,0,True,reject/no-match candidate: high name similarity (96.6); similar address/PIN (81.7); no shared identifier available
PAIR-001020,SHOP,KAR-SHOP-BLRU-2016-000171,Veda Logistics Works,LABOUR,LAB-KA-BLRU-2022-000112,Ravi Logistics Solutions,560076,49,NO_MATCH,63.6,82.9,25,0,False,reject/no-match candidate: medium name similarity (63.6); similar address/PIN (82.9)
PAIR-001021,KSPCB,PCB/BLRU/CTE/2018/00050,Ananya Solutions,BBMP,BBMP-TL-YELA-2020-000085,Ananya Associates,560024,49,NO_MATCH,66.7,82.2,25,0,False,reject/no-match candidate: medium name similarity (66.7); similar address/PIN (82.2)
PAIR-001022,BBMP,BBMP-TL-TUMA-2021-000016,Bangalore Die Associates,GST,GST-KA-TUM-2022-000065,BANGALORE CO,572106,49,NO_MATCH,54.5,94.8,25,0,False,reject/no-match candidate: weak name similarity (54.5); similar address/PIN (94.8)
PAIR-001023,FACTORY,KFBIS-FAC-BLRU-2018-000066,Navya Snacks Industries,SHOP,KAR-SHOP-BLRU-2019-000072,Navya Printers Traders,560100,49,NO_MATCH,57.8,90.0,25,0,False,reject/no-match candidate: medium name similarity (57.8); similar address/PIN (90.0)
PAIR-001024,GST,GST-KA-BLRU-2018-000127,Sahana Kitchen Solutions,BBMP,BBMP-TL-DASA-2017-000055,Sahana Kitchen Solutions,560058,49,NO_MATCH,100.0,75.5,0,0,False,reject/no-match candidate: high name similarity (100.0); similar address/PIN (75.5); no shared identifier available
PAIR-001025,LABOUR,LAB-KA-MYS-2016-000002,Deccan Industres,SHOP,KAR-SHOP-MYS-2015-000073,M/S Harsha Industries,570001,49,NO_MATCH,66.7,82.5,25,0,False,reject/no-match candidate: medium name similarity (66.7); similar address/PIN (82.5)
PAIR-001026,FACTORY,KFBIS-FAC-BLRU-2025-000104,Kaveri Print Company,GST,GST-KA-BLRU-2016-000242,M/S Kaveri Wear Works,560059,49,NO_MATCH,55.2,93.6,25,0,False,reject/no-match candidate: medium name similarity (55.2); similar address/PIN (93.6)
PAIR-001027,LABOUR,LAB-KA-BLRU-2019-000147,M/S Kaveri Wear Works,GST,GST-KA-BLRU-2020-000152,Kaveri Bakery LLP,560059,49,NO_MATCH,60.0,89.7,25,0,False,reject/no-match candidate: medium name similarity (60.0); similar address/PIN (89.7)
PAIR-001028,GST,GST-KA-BLRU-2024-000185,SHARMA PRINT ENTERPRISES,UDYAM,UDYAM-KR-BLRU-2024-000103,Ananya Circuits Enterprises,560085,49,NO_MATCH,70.6,77.8,25,0,False,reject/no-match candidate: medium name similarity (70.6); similar address/PIN (77.8)
PAIR-001029,LABOUR,LAB-KA-MYS-2015-000061,M/S Sahana Garments Company,SHOP,KAR-SHOP-MYS-2021-000159,M/S Sahana Industries Co,570018,49,NO_MATCH,62.5,86.6,25,0,False,reject/no-match candidate: medium name similarity (62.5); similar address/PIN (86.6)
PAIR-001030,SHOP,KAR-SHOP-MYS-2018-000085,Sahana Garments Co,GST,GST-KA-MYS-2015-000188,M/S Sahana Industries Co,570018,49,NO_MATCH,62.5,86.6,25,0,False,reject/no-match candidate: medium name similarity (62.5); similar address/PIN (86.6)
PAIR-001031,BBMP,BBMP-TL-YELA-2022-000089,M/S Prakruthi Biryani Solutions,GST,GST-KA-BLRU-2025-000107,VARUN MEALS SOLUTIONS,560064,49,NO_MATCH,62.5,86.8,25,0,False,reject/no-match candidate: medium name similarity (62.5); similar address/PIN (86.8)
PAIR-001032,LABOUR,LAB-KA-BLRU-2023-000079,Sharma Electronics Solutions,SHOP,KAR-SHOP-BLRU-2025-000112,Sharma Electronics Solutions,560102|560001,48,NO_MATCH,100.0,73.5,0,0,True,reject/no-match candidate: high name similarity (100.0); no shared identifier available
PAIR-001033,BBMP,BBMP-TL-SOUT-2024-000128,M/S Nandi Foods Industries,KSPCB,PCB/MYS/CTO/2021/00103,Sahana Industries Co,570018,48,NO_MATCH,66.7,75.0,25,0,False,reject/no-match candidate: medium name similarity (66.7); similar address/PIN (75.0)
PAIR-001034,SHOP,KAR-SHOP-BLRU-2015-000105,Naveen Coatings Co,BBMP,BBMP-TL-WEST-2019-000094,Naveen LLP,560059,48,NO_MATCH,57.1,88.5,25,0,False,reject/no-match candidate: medium name similarity (57.1); similar address/PIN (88.5)
PAIR-001035,KSPCB,PCB/BLRU/CTE/2023/00071,M/S Omkar Labs Co,UDYAM,UDYAM-KR-BLRU-2022-000067,Omkar Agro Company,560068,48,NO_MATCH,70.0,75.0,25,0,False,reject/no-match candidate: medium name similarity (70.0); similar address/PIN (75.0)
PAIR-001036,GST,GST-KA-BLRU-2022-000149,MEGHANA MOULDING INDUSTRIES,UDYAM,UDYAM-KR-BLRU-2023-000041,Meghana Wear Traders,560058,48,NO_MATCH,55.3,88.9,25,0,False,reject/no-match candidate: medium name similarity (55.3); similar address/PIN (88.9)
PAIR-001037,GST,GST-KA-BLRU-2024-000063,Nandi Electronics Solutions,FACTORY,KFBIS-FAC-BLRU-2024-000021,Nandi Solvents LLP,560100,48,NO_MATCH,53.7,90.9,25,0,False,reject/no-match candidate: weak name similarity (53.7); similar address/PIN (90.9)
PAIR-001038,UDYAM,UDYAM-KR-BLRU-2017-000093,Meghana Moulding Industries,LABOUR,LAB-KA-BLRU-2023-000038,M/S Meghana Wear Traders,560058,48,NO_MATCH,55.3,89.7,25,0,False,reject/no-match candidate: medium name similarity (55.3); similar address/PIN (89.7)
PAIR-001039,GST,GST-KA-MYS-2022-000016,Prakruthi Packaging Solutions,FACTORY,KFBIS-FAC-MYS-2018-000025,M/S Prakruthi Electronics Industries,570016,48,NO_MATCH,55.7,90.8,25,0,False,reject/no-match candidate: medium name similarity (55.7); similar address/PIN (90.8)
PAIR-001040,SHOP,KAR-SHOP-BLRU-2015-000084,M/S Navya Snacks Industries,GST,GST-KA-BLRU-2020-000078,M/S Navya Printers Traders,560100,48,NO_MATCH,57.8,86.8,25,0,False,reject/no-match candidate: medium name similarity (57.8); similar address/PIN (86.8)
PAIR-001041,GST,GST-KA-BLRU-2020-000056,SIDDHI BAKERY LLP,FACTORY,KFBIS-FAC-BLRU-2021-000129,Siddhi Works Enterprises,560076,48,NO_MATCH,54.1,90.4,25,0,False,reject/no-match candidate: weak name similarity (54.1); similar address/PIN (90.4)
PAIR-001042,UDYAM,UDYAM-KR-BLRU-2015-000094,M/S Kaveri Bakery LLP,GST,GST-KA-BLRU-2016-000242,M/S Kaveri Wear Works,560059,48,NO_MATCH,60.0,83.4,25,0,False,reject/no-match candidate: medium name similarity (60.0); similar address/PIN (83.4)
PAIR-001043,BBMP,BBMP-TL-BENG-2024-000111,Omkar Cafe Indstries,SHOP,KAR-SHOP-BLRR-2024-000025,Kaveri Cafe LLP,562114,47,NO_MATCH,51.6,89.6,25,0,False,reject/no-match candidate: weak name similarity (51.6); similar address/PIN (89.6)
PAIR-001044,SHOP,KAR-SHOP-BLRU-2022-000058,M/S Nandi Electronics Solutions,LABOUR,LAB-KA-BLRU-2022-000023,Nandi Solvents LLP,560100,47,NO_MATCH,53.7,89.0,25,0,False,reject/no-match candidate: weak name similarity (53.7); similar address/PIN (89.0)
PAIR-001045,FACTORY,KFBIS-FAC-MYS-2017-000118,M/S Aditya Polymers Associates,KSPCB,PCB/MYS/CTO/2021/00058,Aditya Systems LLP,570001,47,NO_MATCH,60.0,80.8,25,0,False,reject/no-match candidate: medium name similarity (60.0); similar address/PIN (80.8)
PAIR-001046,FACTORY,KFBIS-FAC-MYS-2017-000118,M/S Aditya Polymers Associates,UDYAM,UDYAM-KR-MYS-2018-000064,ADITYA SYSTEMS LLP,570001,47,NO_MATCH,60.0,80.8,25,0,False,reject/no-match candidate: medium name similarity (60.0); similar address/PIN (80.8)
PAIR-001047,UDYAM,UDYAM-KR-MYS-2018-000064,ADITYA SYSTEMS LLP,SHOP,KAR-SHOP-MYS-2023-000175,Aditya Polymers Associates,570001,47,NO_MATCH,60.0,79.8,25,0,False,reject/no-match candidate: medium name similarity (60.0); similar address/PIN (79.8)
PAIR-001048,UDYAM,UDYAM-KR-TUM-2021-000074,Bangalore Machining Co,BBMP,BBMP-TL-TUMA-2019-000015,Bangalore Garments Solutions,572106,47,NO_MATCH,55.3,87.6,25,0,False,reject/no-match candidate: medium name similarity (55.3); similar address/PIN (87.6)
PAIR-001049,SHOP,KAR-SHOP-BLRU-2016-000193,M/S Prakruthi Packaging Works,GST,GST-KA-BLRU-2025-000086,PRAKRUTHI PACKAGING INDUSTRIES,560043,47,NO_MATCH,80.0,91.4,0,0,False,reject/no-match candidate: high name similarity (80.0); similar address/PIN (91.4); no shared identifier available
PAIR-001050,BBMP,BBMP-TL-DASA-2015-000026,Meghana Wear Traders,KSPCB,PCB/BLRU/CTO/2020/00086,Meghana Moulding Industries,560058,47,NO_MATCH,55.3,87.3,25,0,False,reject/no-match candidate: medium name similarity (55.3); similar address/PIN (87.3)
PAIR-001051,FACTORY,KFBIS-FAC-BLRR-2023-000101,Navya Precision Traders,UDYAM,UDYAM-KR-BLRR-2016-000138,M/S Navya Garments Works,562157,47,NO_MATCH,55.8,86.1,25,0,False,reject/no-match candidate: medium name similarity (55.8); similar address/PIN (86.1)
PAIR-001052,SHOP,KAR-SHOP-BLRU-2015-000199,Siddhi Works Enterprises,FACTORY,KFBIS-FAC-BLRU-2019-000032,Siddhi Bakery LLP,560076,47,NO_MATCH,54.1,88.2,25,0,False,reject/no-match candidate: weak name similarity (54.1); similar address/PIN (88.2)
PAIR-001053,KSPCB,PCB/BLRU/CTO/2015/00079,M/S Nisarga Trans Entp,BBMP,BBMP-TL-YELA-2020-000044,M/S Nisarga Industrial Co,560024,47,NO_MATCH,61.1,79.3,25,0,False,reject/no-match candidate: medium name similarity (61.1); similar address/PIN (79.3)
PAIR-001054,UDYAM,UDYAM-KR-BLRU-2019-000114,Prakruthi Biryani Solutions,BBMP,BBMP-TL-YELA-2025-000053,M/S Varun Meals Solutions,560064,47,NO_MATCH,62.5,79.5,25,0,False,reject/no-match candidate: medium name similarity (62.5); similar address/PIN (79.5)
PAIR-001055,FACTORY,KFBIS-FAC-BLRU-2016-000089,M/S Nisarga Entp,UDYAM,UDYAM-KR-BLRU-2016-000089,Nisarga Enterprises,560064|560001,46,NO_MATCH,77.4,91.7,0,0,True,reject/no-match candidate: medium name similarity (77.4); similar address/PIN (91.7); no shared identifier available
PAIR-001056,SHOP,KAR-SHOP-BLRU-2020-000082,Nisarga Industrial Co,GST,GST-KA-BLRU-2023-000135,Nisarga Trans Enterprises,560024,46,NO_MATCH,51.2,87.6,25,0,False,reject/no-match candidate: weak name similarity (51.2); similar address/PIN (87.6)
PAIR-001057,SHOP,KAR-SHOP-BLRU-2024-000057,Meghana Wear Traders,LABOUR,LAB-KA-BLRU-2024-000096,Meghana Moulding Industries,560058,46,NO_MATCH,55.3,81.3,25,0,False,reject/no-match candidate: medium name similarity (55.3); similar address/PIN (81.3)
PAIR-001058,GST,GST-KA-BLRU-2022-000149,MEGHANA MOULDING INDUSTRIES,FACTORY,KFBIS-FAC-BLRU-2022-000038,Meghana Wear Traders,560058,46,NO_MATCH,55.3,82.0,25,0,False,reject/no-match candidate: medium name similarity (55.3); similar address/PIN (82.0)
PAIR-001059,KSPCB,PCB/BLRR/CTE/2023/00095,M/S Navya Precision Traders,GST,GST-KA-BLRR-2025-000223,NAVYA GARMENTS WORKS,562157,46,NO_MATCH,55.8,84.0,25,0,False,reject/no-match candidate: medium name similarity (55.8); similar address/PIN (84.0)
PAIR-001060,UDYAM,UDYAM-KR-BLRU-2018-000061,NAVYA SNACKS INDUSTRIES,BBMP,BBMP-TL-BOMM-2019-000039,Navya Printers Traders,560100,46,NO_MATCH,57.8,81.2,25,0,False,reject/no-match candidate: medium name similarity (57.8); similar address/PIN (81.2)
PAIR-001061,GST,GST-KA-BLRU-2015-000209,M/S Sree Print Co,SHOP,KAR-SHOP-BLRU-2025-000015,Sri Devices Solutions,560102,46,NO_MATCH,45.2,95.5,25,0,False,reject/no-match candidate: weak name similarity (45.2); similar address/PIN (95.5)
PAIR-001062,FACTORY,KFBIS-FAC-BLRU-2015-000136,Bangalore Industries LLP,GST,GST-KA-BLRU-2018-000214,Bangalore Traders,560066,46,NO_MATCH,75.7,92.9,0,0,False,reject/no-match candidate: medium name similarity (75.7); similar address/PIN (92.9); no shared identifier available
PAIR-001063,FACTORY,KFBIS-FAC-BLRU-2017-000046,Kaveri Systems Pvt Ltd,KSPCB,PCB/BLRU/CTO/2020/00014,M/S Kaveri Components Pvt Ltd,560102,46,NO_MATCH,51.6,87.2,25,0,False,reject/no-match candidate: weak name similarity (51.6); similar address/PIN (87.2)
PAIR-001064,FACTORY,KFBIS-FAC-BLRU-2016-000014,Sree Electronics Industries,GST,GST-KA-BLRU-2018-000227,Ananya Chem Industries,560059,46,NO_MATCH,49.0,91.5,25,0,False,reject/no-match candidate: weak name similarity (49.0); similar address/PIN (91.5)
PAIR-001065,FACTORY,KFBIS-FAC-BLRR-2016-000062,Aarohi Medical Works,UDYAM,UDYAM-KR-BLRR-2020-000146,M/S LAKSHMI MEDS PVT LTD,562110,46,NO_MATCH,50.0,88.6,25,0,False,reject/no-match candidate: weak name similarity (50.0); similar address/PIN (88.6)
PAIR-001066,KSPCB,PCB/BLRU/CTO/2017/00023,Siddhi Systems LLP,FACTORY,KFBIS-FAC-BLRU-2018-000100,M/S Siddhi Industries,560043,45,NO_MATCH,71.0,60.8,25,0,False,reject/no-match candidate: medium name similarity (71.0)
PAIR-001067,UDYAM,UDYAM-KR-BLRU-2024-000142,M/S Prakruthi Packaging Works,SHOP,KAR-SHOP-BLRU-2025-000077,M/S Prakruthi Packaging Industries,560043,45,NO_MATCH,80.0,82.1,0,0,False,reject/no-match candidate: high name similarity (80.0); similar address/PIN (82.1); no shared identifier available
PAIR-001068,SHOP,KAR-SHOP-BLRU-2017-000047,Sree Dine Co,FACTORY,KFBIS-FAC-BLRU-2021-000120,Sree Prin Co,560102,45,NO_MATCH,77.8,88.2,0,0,False,reject/no-match candidate: medium name similarity (77.8); similar address/PIN (88.2); no shared identifier available
PAIR-001069,SHOP,KAR-SHOP-BLRR-2019-000144,M/S Navya Precision Traders,BBMP,BBMP-TL-BENG-2020-000114,Navya Garments Works,562157,45,NO_MATCH,55.8,76.7,25,0,False,reject/no-match candidate: medium name similarity (55.8); similar address/PIN (76.7)
PAIR-001070,KSPCB,PCB/BLRR/CTE/2023/00095,M/S Navya Precision Traders,BBMP,BBMP-TL-BENG-2020-000114,Navya Garments Works,562157,45,NO_MATCH,55.8,78.8,25,0,False,reject/no-match candidate: medium name similarity (55.8); similar address/PIN (78.8)
PAIR-001071,GST,GST-KA-BLRR-2017-000012,Mysore Cafe Traders,LABOUR,LAB-KA-BLRR-2023-000045,Mysore Cargo Solutions,562110,45,NO_MATCH,58.5,76.7,25,0,False,reject/no-match candidate: medium name similarity (58.5); similar address/PIN (76.7)
PAIR-001072,FACTORY,KFBIS-FAC-BLRU-2015-000051,Navya Printers Traders,LABOUR,LAB-KA-BLRU-2017-000060,Navya Snacks Industries,560100,45,NO_MATCH,44.4,93.6,25,0,False,reject/no-match candidate: weak name similarity (44.4); similar address/PIN (93.6)
PAIR-001073,KSPCB,PCB/BLRU/CTE/2021/00045,Navya Printers Traders,SHOP,KAR-SHOP-BLRU-2015-000084,M/S Navya Snacks Industries,560100,45,NO_MATCH,44.4,90.3,25,0,False,reject/no-match candidate: weak name similarity (44.4); similar address/PIN (90.3)
PAIR-001074,UDYAM,UDYAM-KR-BLRU-2018-000116,Sharma Print Enterprises,LABOUR,LAB-KA-BLRU-2022-000054,Sharma Chem LLP,560085,45,NO_MATCH,45.7,89.0,25,0,False,reject/no-match candidate: weak name similarity (45.7); similar address/PIN (89.0)
PAIR-001075,GST,GST-KA-BLRU-2024-000027,Kaveri Components Pvt Ltd,SHOP,KAR-SHOP-BLRU-2016-000176,Sree Print Co,560102,45,NO_MATCH,37.0,100,25,0,False,reject/no-match candidate: weak name similarity (37.0); similar address/PIN (100)
PAIR-001076,LABOUR,LAB-KA-BLRU-2022-000141,Aarohi Bakery Associates,FACTORY,KFBIS-FAC-BLRU-2018-000064,Aarohi Aparels Co,560076,45,NO_MATCH,52.6,79.9,25,0,False,reject/no-match candidate: weak name similarity (52.6); similar address/PIN (79.9)
PAIR-001077,UDYAM,UDYAM-KR-BLRU-2017-000127,VIJAYA INDUSTRIES WORKS,FACTORY,KFBIS-FAC-BLRU-2016-000131,M/S Srinidhi Press Works,560078,45,NO_MATCH,51.2,83.5,25,0,False,reject/no-match candidate: weak name similarity (51.2); similar address/PIN (83.5)
PAIR-001078,BBMP,BBMP-TL-SOUT-2019-000012,Meghana Bites Associates,UDYAM,UDYAM-KR-BLRU-2017-000092,M/S MEGHANA POLYMERS ASSOCIATES,560085,45,NO_MATCH,82.4,81.8,0,0,False,reject/no-match candidate: high name similarity (82.4); similar address/PIN (81.8); no shared identifier available
PAIR-001079,KSPCB,PCB/BLRU/CTO/2020/00014,M/S Kaveri Components Pvt Ltd,GST,GST-KA-BLRU-2024-000069,Kaveri Systems Pvt Ltd,560102,45,NO_MATCH,58.1,73.6,25,0,False,reject/no-match candidate: medium name similarity (58.1)
PAIR-001080,GST,GST-KA-BLRU-2022-000004,Sharma Coatings Co,LABOUR,LAB-KA-BLRU-2024-000027,Harsha Packaging Enterprises,560059,45,NO_MATCH,46.5,90.6,25,0,False,reject/no-match candidate: weak name similarity (46.5); similar address/PIN (90.6)
PAIR-001081,UDYAM,UDYAM-KR-BLRU-2016-000008,Siddhi Industrial Industries,BBMP,BBMP-TL-BOMM-2015-000001,Siddhi Cafe Industries,560100,45,NO_MATCH,76.0,89.7,0,0,False,reject/no-match candidate: medium name similarity (76.0); similar address/PIN (89.7); no shared identifier available
PAIR-001082,SHOP,KAR-SHOP-BLRU-2019-000164,Aarohi Graphics Solutions,GST,GST-KA-BLRU-2015-000102,Aarohi Bakery Industries,560064,45,NO_MATCH,44.9,90.0,25,0,False,reject/no-match candidate: weak name similarity (44.9); similar address/PIN (90.0)
PAIR-001083,LABOUR,LAB-KA-BLRU-2020-000066,M/S Aarohi Bakery Industries,GST,GST-KA-BLRU-2019-000198,Aarohi Graphics Solutions,560064,45,NO_MATCH,49.0,87.3,25,0,False,reject/no-match candidate: weak name similarity (49.0); similar address/PIN (87.3)
PAIR-001084,KSPCB,PCB/MYS/CTO/2021/00103,Sahana Industries Co,GST,GST-KA-MYS-2021-000093,SAHANA GARMENTS COMPANY,570018,45,NO_MATCH,56.2,75.8,25,0,False,reject/no-match candidate: medium name similarity (56.2); similar address/PIN (75.8)
PAIR-001085,FACTORY,KFBIS-FAC-BLRU-2019-000032,Siddhi Bakery LLP,SHOP,KAR-SHOP-BLRU-2022-000195,Aarohi Bakery Associates,560076,45,NO_MATCH,48.6,86.6,25,0,False,reject/no-match candidate: weak name similarity (48.6); similar address/PIN (86.6)
PAIR-001086,GST,GST-KA-MYS-2019-000202,M/S Srinidhi LLP,LABOUR,LAB-KA-MYS-2024-000069,Siddhi Supply LLP,570016,45,NO_MATCH,47.6,89.2,25,0,False,reject/no-match candidate: weak name similarity (47.6); similar address/PIN (89.2)
PAIR-001087,BBMP,BBMP-TL-EAST-2024-000117,M/S Prakruthi Packaging Works,GST,GST-KA-BLRU-2015-000165,M/S Srinidhi Works,560043,44,NO_MATCH,46.2,85.7,25,0,False,reject/no-match candidate: weak name similarity (46.2); similar address/PIN (85.7)
PAIR-001088,GST,GST-KA-MYS-2019-000066,Bangalore Works,SHOP,KAR-SHOP-MYS-2025-000019,Bangalore Solutions,570016,44,NO_MATCH,70.6,89.7,0,0,False,reject/no-match candidate: medium name similarity (70.6); similar address/PIN (89.7); no shared identifier available
PAIR-001089,KSPCB,PCB/BLRU/CTE/2022/00054,Nisarga Industrial Co,BBMP,BBMP-TL-YELA-2015-000065,Nisarga Trans Enterprises,560024,44,NO_MATCH,51.2,78.6,25,0,False,reject/no-match candidate: weak name similarity (51.2); similar address/PIN (78.6)
PAIR-001090,SHOP,KAR-SHOP-MYS-2020-000054,Ananya Pharma Traders,GST,GST-KA-MYS-2022-000138,SRINIDHI HEALTH TRADERS,570001,44,NO_MATCH,45.5,88.4,25,0,False,reject/no-match candidate: weak name similarity (45.5); similar address/PIN (88.4)
PAIR-001091,UDYAM,UDYAM-KR-BLRU-2024-000040,SRINIDHI COMPANY,KSPCB,PCB/BLRU/CTE/2018/00021,M/S Srinidhi Milling Traders,560037,44,NO_MATCH,50.0,81.1,25,0,False,reject/no-match candidate: weak name similarity (50.0); similar address/PIN (81.1)
PAIR-001092,KSPCB,PCB/BLRU/CTE/2023/00030,M/S Srinidhi Co,GST,GST-KA-BLRU-2020-000042,Srinidhi Milling Traders,560037,44,NO_MATCH,50.0,81.8,25,0,False,reject/no-match candidate: weak name similarity (50.0); similar address/PIN (81.8)
PAIR-001093,SHOP,KAR-SHOP-BLRU-2025-000077,M/S Prakruthi Packaging Industries,UDYAM,UDYAM-KR-BLRU-2020-000135,M/S MYSORE INDUSTRIES,560043,44,NO_MATCH,51.1,81.5,25,0,False,reject/no-match candidate: weak name similarity (51.1); similar address/PIN (81.5)
PAIR-001094,GST,GST-KA-MYS-2025-000094,Omkar Graphics Industries,KSPCB,PCB/MYS/CTE/2023/00125,Omkar Coatings Pvt Ltd,570016,44,NO_MATCH,51.3,80.7,25,0,False,reject/no-match candidate: weak name similarity (51.3); similar address/PIN (80.7)
PAIR-001095,FACTORY,KFBIS-FAC-BLRU-2015-000093,Meghana Moulding Inds,SHOP,KAR-SHOP-BLRU-2024-000057,Meghana Wear Traders,560058,44,NO_MATCH,48.8,82.3,25,0,False,reject/no-match candidate: weak name similarity (48.8); similar address/PIN (82.3)
PAIR-001096,BBMP,BBMP-TL-BOMM-2017-000131,Naveen Medical Solutions,FACTORY,KFBIS-FAC-BLRU-2020-000063,M/S Sree Clinic Industries,560102,44,NO_MATCH,43.5,89.6,25,0,False,reject/no-match candidate: weak name similarity (43.5); similar address/PIN (89.6)
PAIR-001097,UDYAM,UDYAM-KR-MYS-2021-000021,Aditya Circuits Works,SHOP,KAR-SHOP-MYS-2015-000014,Ravi lastics Works,570016,44,NO_MATCH,56.4,73.0,25,0,False,reject/no-match candidate: medium name similarity (56.4)
PAIR-001098,SHOP,KAR-SHOP-BLRU-2015-000156,Sharma Print Enterprises,GST,GST-KA-BLRU-2025-000082,Sharma Chem LLP,560085,44,NO_MATCH,45.7,84.4,25,0,False,reject/no-match candidate: weak name similarity (45.7); similar address/PIN (84.4)
PAIR-001099,LABOUR,LAB-KA-BLRU-2019-000091,Sahana Apparels Co,BBMP,BBMP-TL-MAHA-2023-000050,Harsha Works Co,560037,44,NO_MATCH,44.4,88.6,25,0,False,reject/no-match candidate: weak name similarity (44.4); similar address/PIN (88.6)
PAIR-001100,GST,GST-KA-BLRR-2017-000101,M/S Kaveri Textiles Enterprises,SHOP,KAR-SHOP-BLRR-2022-000162,M/S Kaveri Associates,562110,44,NO_MATCH,45.5,87.7,25,0,False,reject/no-match candidate: weak name similarity (45.5); similar address/PIN (87.7)
PAIR-001101,LABOUR,LAB-KA-BLRR-2018-000065,Kaveri Textiles Enterprises,SHOP,KAR-SHOP-BLRR-2022-000162,M/S Kaveri Associates,562110,44,NO_MATCH,45.5,87.7,25,0,False,reject/no-match candidate: weak name similarity (45.5); similar address/PIN (87.7)
PAIR-001102,FACTORY,KFBIS-FAC-BLRU-2024-000007,Mysore Mold Solutions,KSPCB,PCB/BLRU/CTE/2023/00140,M/S Bangalore Industries LLP,560066,44,NO_MATCH,43.9,88.0,25,0,False,reject/no-match candidate: weak name similarity (43.9); similar address/PIN (88.0)
PAIR-001103,FACTORY,KFBIS-FAC-BLRU-2019-000081,Bharath Spices LLP,BBMP,BBMP-TL-MAHA-2018-000126,Bangalore Industries LLP,560066,44,NO_MATCH,41.2,93.1,25,0,False,reject/no-match candidate: weak name similarity (41.2); similar address/PIN (93.1)
PAIR-001104,GST,GST-KA-BLRU-2017-000249,BANGALORE INDUSTRIES LLP,BBMP,BBMP-TL-MAHA-2017-000109,Bangalore Traders,560066,44,NO_MATCH,75.7,86.3,0,0,False,reject/no-match candidate: medium name similarity (75.7); similar address/PIN (86.3); no shared identifier available
PAIR-001105,GST,GST-KA-BLRU-2021-000231,Aarohi Bakery Associates,UDYAM,UDYAM-KR-BLRU-2024-000059,Aarohi Apparels Company,560076,44,NO_MATCH,51.3,79.9,25,0,False,reject/no-match candidate: weak name similarity (51.3); similar address/PIN (79.9)
PAIR-001106,KSPCB,PCB/MYS/CTE/2021/00076,Asha Bakery Co,LABOUR,LAB-KA-MYS-2022-000067,Nisarga Packaging Traders,570001,44,NO_MATCH,38.9,93.8,25,0,False,reject/no-match candidate: weak name similarity (38.9); similar address/PIN (93.8)
PAIR-001107,SHOP,KAR-SHOP-MYS-2015-000073,M/S Harsha Industries,BBMP,BBMP-TL-CENT-2023-000116,Praruthi Packaging Entp,570001,44,NO_MATCH,35.0,100,25,0,False,reject/no-match candidate: weak name similarity (35.0); similar address/PIN (100)
PAIR-001108,UDYAM,UDYAM-KR-BLRU-2025-000019,M/S KAVERI COMPONENTS PVT. LTD.,GST,GST-KA-BLRU-2024-000069,Kaveri Systems Pvt Ltd,560102,44,NO_MATCH,58.1,71.9,25,0,False,reject/no-match candidate: medium name similarity (58.1)
PAIR-001109,LABOUR,LAB-KA-BLRU-2023-000043,Kaveri Systems Pvt. Ltd.,UDYAM,UDYAM-KR-BLRU-2025-000019,M/S KAVERI COMPONENTS PVT. LTD.,560102,44,NO_MATCH,51.6,78.4,25,0,False,reject/no-match candidate: weak name similarity (51.6); similar address/PIN (78.4)
PAIR-001110,KSPCB,PCB/BLRU/CTE/2025/00070,Naveen Coatngs Co,SHOP,KAR-SHOP-BLRU-2024-000129,M/S Navya Solvents Pvt Ltd,560059,44,NO_MATCH,50.0,79.2,25,0,False,reject/no-match candidate: weak name similarity (50.0); similar address/PIN (79.2)
PAIR-001111,GST,GST-KA-BLRR-2019-000233,Lakshmi Meds Pvt. Ltd.,SHOP,KAR-SHOP-BLRR-2016-000079,M/S Aarohi Medical Works,562110,44,NO_MATCH,50.0,81.6,25,0,False,reject/no-match candidate: weak name similarity (50.0); similar address/PIN (81.6)
PAIR-001112,FACTORY,KFBIS-FAC-BLRU-2017-000069,Aarohi Bakery Industries,GST,GST-KA-BLRU-2019-000198,Aarohi Graphics Solutions,560064,44,NO_MATCH,49.0,83.4,25,0,False,reject/no-match candidate: weak name similarity (49.0); similar address/PIN (83.4)
PAIR-001113,GST,GST-KA-BLRU-2015-000165,M/S Srinidhi Works,BBMP,BBMP-TL-EAST-2019-000037,Srinidhi Traders,560043,44,NO_MATCH,73.3,87.8,0,0,False,reject/no-match candidate: medium name similarity (73.3); similar address/PIN (87.8); no shared identifier available
PAIR-001114,SHOP,KAR-SHOP-MYS-2016-000060,Mysore Works,GST,GST-KA-MYS-2024-000047,Bangalore Apparels Company,570018,43,NO_MATCH,40.0,87.8,25,0,False,reject/no-match candidate: weak name similarity (40.0); similar address/PIN (87.8)
PAIR-001115,SHOP,KAR-SHOP-BLRU-2016-000210,Naveen Printers Solutions,GST,GST-KA-BLRU-2018-000120,Naveen Coatings Co,560059,43,NO_MATCH,50.0,75.2,25,0,False,reject/no-match candidate: weak name similarity (50.0); similar address/PIN (75.2)
PAIR-001116,BBMP,BBMP-TL-SOUT-2016-000076,Prakruthi Bites Company,GST,GST-KA-BLRU-2024-000070,Sharma Biryani Pvt. Ltd.,560068,43,NO_MATCH,34.5,94.6,25,0,False,reject/no-match candidate: weak name similarity (34.5); similar address/PIN (94.6)
PAIR-001117,UDYAM,UDYAM-KR-BLRU-2018-000033,Siddhi Systems LLP,FACTORY,KFBIS-FAC-BLRU-2018-000100,M/S Siddhi Industries,560043,43,NO_MATCH,71.0,51.7,25,0,False,reject/no-match candidate: medium name similarity (71.0)
PAIR-001118,UDYAM,UDYAM-KR-BLRU-2024-000103,Ananya Circuits Enterprises,KSPCB,PCB/BLRU/CTE/2016/00040,M/S Ananya Labs Pvt Ltd,560085,43,NO_MATCH,42.1,86.4,25,0,False,reject/no-match candidate: weak name similarity (42.1); similar address/PIN (86.4)
PAIR-001119,UDYAM,UDYAM-KR-TUM-2021-000118,Aditya Labels Enterprises,SHOP,KAR-SHOP-TUM-2024-000030,M/S Kaveri Press Entp,572101,43,NO_MATCH,47.6,81.1,25,0,False,reject/no-match candidate: weak name similarity (47.6); similar address/PIN (81.1)
PAIR-001120,FACTORY,KFBIS-FAC-BLRU-2021-000056,Naveen Polymers Solutions,GST,GST-KA-BLRU-2019-000258,Naveen Medical Solutions,560102,43,NO_MATCH,77.6,79.6,0,0,False,reject/no-match candidate: medium name similarity (77.6); similar address/PIN (79.6); no shared identifier available
PAIR-001121,SHOP,KAR-SHOP-BLRU-2022-000039,Srinidhi Milling Traders,FACTORY,KFBIS-FAC-BLRU-2022-000033,Srinidhi Company,560037,43,NO_MATCH,50.0,76.7,25,0,False,reject/no-match candidate: weak name similarity (50.0); similar address/PIN (76.7)
PAIR-001122,BBMP,BBMP-TL-YELA-2020-000085,Ananya Associates,GST,GST-KA-BLRU-2021-000134,M/S Asha Solutions,560024,43,NO_MATCH,45.2,82.0,25,0,False,reject/no-match candidate: weak name similarity (45.2); similar address/PIN (82.0)
PAIR-001123,SHOP,KAR-SHOP-TUM-2017-000031,Bangalore Garments Solutions,KSPCB,PCB/TUM/CTO/2021/00139,M/S Sree Tech Associates,572106,43,NO_MATCH,37.5,93.0,25,0,False,reject/no-match candidate: weak name similarity (37.5); similar address/PIN (93.0)
PAIR-001124,UDYAM,UDYAM-KR-TUM-2021-000074,Bangalore Machining Co,GST,GST-KA-TUM-2024-000248,Sree Tech Associates,572106,43,NO_MATCH,30.8,98.2,25,0,False,reject/no-match candidate: weak name similarity (30.8); similar address/PIN (98.2)
PAIR-001125,FACTORY,KFBIS-FAC-BLRU-2020-000063,M/S Sree Clinic Industries,SHOP,KAR-SHOP-BLRU-2023-000218,Naveen Medical Solutions,560102,43,NO_MATCH,39.1,90.4,25,0,False,reject/no-match candidate: weak name similarity (39.1); similar address/PIN (90.4)
PAIR-001126,LABOUR,LAB-KA-BLRU-2018-000160,M/S Naveen Medical Solutions,SHOP,KAR-SHOP-BLRU-2016-000080,Sree Clinic Industries,560102,43,NO_MATCH,43.5,83.8,25,0,False,reject/no-match candidate: weak name similarity (43.5); similar address/PIN (83.8)
PAIR-001127,KSPCB,PCB/MYS/CTO/2016/00010,M/S Prakruthi Packaging Solutions,FACTORY,KFBIS-FAC-MYS-2024-000048,Ananya Devices Solutions,570016,43,NO_MATCH,49.1,76.7,25,0,False,reject/no-match candidate: weak name similarity (49.1); similar address/PIN (76.7)
PAIR-001128,GST,GST-KA-BLRU-2017-000088,Ravi Solutions,FACTORY,KFBIS-FAC-BLRU-2017-000139,Ganesh Coatings LLP,560034,43,NO_MATCH,48.3,77.3,25,0,False,reject/no-match candidate: weak name similarity (48.3); similar address/PIN (77.3)
PAIR-001129,SHOP,KAR-SHOP-TUM-2017-000033,M/S Bangalore Dine Associates,UDYAM,UDYAM-KR-TUM-2019-000075,SRINIDHI BITESCO,572106,43,NO_MATCH,39.0,90.0,25,0,False,reject/no-match candidate: weak name similarity (39.0); similar address/PIN (90.0)
PAIR-001130,SHOP,KAR-SHOP-MYS-2016-000042,M/S Prakruthi Electronics Industries,UDYAM,UDYAM-KR-MYS-2018-000042,Prakruthi Packaging Solutions,570016,43,NO_MATCH,49.2,76.7,25,0,False,reject/no-match candidate: weak name similarity (49.2); similar address/PIN (76.7)
PAIR-001131,LABOUR,LAB-KA-BLRU-2022-000054,Sharma Chem LLP,SHOP,KAR-SHOP-BLRU-2015-000156,Sharma Print Enterprises,560085,43,NO_MATCH,45.7,82.7,25,0,False,reject/no-match candidate: weak name similarity (45.7); similar address/PIN (82.7)
PAIR-001132,GST,GST-KA-BLRU-2024-000027,Kaveri Components Pvt Ltd,SHOP,KAR-SHOP-BLRU-2025-000015,Sri Devices Solutions,560102,43,NO_MATCH,42.1,86.6,25,0,False,reject/no-match candidate: weak name similarity (42.1); similar address/PIN (86.6)
PAIR-001133,BBMP,BBMP-TL-BOMM-2019-000008,Sri Devices Slutions,KSPCB,PCB/BLRU/CTE/2025/00049,Naveen Polymers Solutions,560102,43,NO_MATCH,48.9,80.3,25,0,False,reject/no-match candidate: weak name similarity (48.9); similar address/PIN (80.3)
PAIR-001134,UDYAM,UDYAM-KR-BLRU-2020-000160,M/S Nisarga Labels Pvt Ltd,BBMP,BBMP-TL-MAHA-2023-000050,Harsha Works Co,560037,43,NO_MATCH,38.5,89.3,25,0,False,reject/no-match candidate: weak name similarity (38.5); similar address/PIN (89.3)
PAIR-001135,KSPCB,PCB/BLRU/CTO/2025/00067,Meghana Machining Works,GST,GST-KA-BLRU-2017-000208,Veda Coatings Solutions,560066,43,NO_MATCH,43.5,85.6,25,0,False,reject/no-match candidate: weak name similarity (43.5); similar address/PIN (85.6)
PAIR-001136,BBMP,BBMP-TL-SOUT-2022-000118,Aarohi Bakery Associates,SHOP,KAR-SHOP-BLRU-2022-000081,Aarohi Apparels Company,560076,43,NO_MATCH,51.3,75.0,25,0,False,reject/no-match candidate: weak name similarity (51.3); similar address/PIN (75.0)
PAIR-001137,BBMP,BBMP-TL-DASA-2017-000055,Sahana Kitchen Solutions,SHOP,KAR-SHOP-BLRU-2024-000087,Kaveri Cargo Solutions,560058,43,NO_MATCH,52.2,72.5,25,0,False,reject/no-match candidate: weak name similarity (52.2)
PAIR-001138,SHOP,KAR-SHOP-BLRU-2018-000028,Meghana Bites Associates,UDYAM,UDYAM-KR-BLRU-2017-000092,M/S MEGHANA POLYMERS ASSOCIATES,560085,43,NO_MATCH,82.4,74.5,0,0,False,reject/no-match candidate: high name similarity (82.4); no shared identifier available
PAIR-001139,KSPCB,PCB/BLRR/CTO/2015/00087,Udupi Electronics LLP,LABOUR,LAB-KA-BLRR-2018-000065,Kaveri Textiles Enterprises,562110,43,NO_MATCH,40.9,86.9,25,0,False,reject/no-match candidate: weak name similarity (40.9); similar address/PIN (86.9)
PAIR-001140,UDYAM,UDYAM-KR-BLRU-2023-000149,M/S Lakshmi Kitche Pvt Ltd,KSPCB,PCB/BLRU/CTE/2024/00090,M/S Lakshmi Electronics LLP,560024,43,NO_MATCH,60.6,97.4,0,0,False,reject/no-match candidate: medium name similarity (60.6); similar address/PIN (97.4); no shared identifier available
PAIR-001141,FACTORY,KFBIS-FAC-BLRU-2024-000021,Nandi Solvents LLP,LABOUR,LAB-KA-BLRU-2018-000159,Sree Enterprises,560100,43,NO_MATCH,33.3,95.9,25,0,False,reject/no-match candidate: weak name similarity (33.3); similar address/PIN (95.9)
PAIR-001142,SHOP,KAR-SHOP-MYS-2019-000138,M/S Sahana Warehouse Traders,BBMP,BBMP-TL-CENT-2019-000022,Vijaya Bites Industries,570001,43,NO_MATCH,42.6,84.1,25,0,False,reject/no-match candidate: weak name similarity (42.6); similar address/PIN (84.1)
PAIR-001143,KSPCB,PCB/BLRU/CTE/2017/00141,Naveen Printers Solutions,SHOP,KAR-SHOP-BLRU-2022-000135,M/S Veda Agro Co,560059,43,NO_MATCH,29.4,99.9,25,0,False,reject/no-match candidate: weak name similarity (29.4); similar address/PIN (99.9)
PAIR-001144,KSPCB,PCB/BLRU/CTO/2020/00004,Siddhi Cafe Industries,UDYAM,UDYAM-KR-BLRU-2016-000008,Siddhi Industrial Industries,560100,43,NO_MATCH,76.0,80.3,0,0,False,reject/no-match candidate: medium name similarity (76.0); similar address/PIN (80.3); no shared identifier available
PAIR-001145,LABOUR,LAB-KA-BLRU-2020-000122,M/S Aarohi Graphics Solutions,GST,GST-KA-BLRU-2015-000102,Aarohi Bakery Industries,560064,43,NO_MATCH,44.9,83.4,25,0,False,reject/no-match candidate: weak name similarity (44.9); similar address/PIN (83.4)
PAIR-001146,BBMP,BBMP-TL-YELA-2022-000121,Lakshmi Kitchen Pvt Ltd,SHOP,KAR-SHOP-BLRU-2023-000146,Ganesh Cafe Company,560024,43,NO_MATCH,46.2,80.0,25,0,False,reject/no-match candidate: weak name similarity (46.2); similar address/PIN (80.0)
PAIR-001147,SHOP,KAR-SHOP-BLRU-2020-000170,Siddhi Enteprises,BBMP,BBMP-TL-YELA-2024-000027,Veda Kitchen Inds,560064,43,NO_MATCH,35.3,93.6,25,0,False,reject/no-match candidate: weak name similarity (35.3); similar address/PIN (93.6)
PAIR-001148,KSPCB,PCB/BLRU/CTE/2020/00042,Srinidhi Traders,GST,GST-KA-BLRU-2015-000165,M/S Srinidhi Works,560043,43,NO_MATCH,73.3,83.7,0,0,False,reject/no-match candidate: medium name similarity (73.3); similar address/PIN (83.7); no shared identifier available
PAIR-001149,KSPCB,PCB/BLRU/CTE/2025/00105,Sharma Moulding Inds,SHOP,KAR-SHOP-BLRU-2025-000112,Sharma Electronics Solutions,560001,43,NO_MATCH,50.0,76.7,25,0,False,reject/no-match candidate: weak name similarity (50.0); similar address/PIN (76.7)
PAIR-001150,BBMP,BBMP-TL-BENG-2020-000047,Sri Kitchen Entp,SHOP,KAR-SHOP-BLRR-2024-000025,Kaveri Cafe LLP,562114,42,NO_MATCH,37.0,87.7,25,0,False,reject/no-match candidate: weak name similarity (37.0); similar address/PIN (87.7)
PAIR-001151,GST,GST-KA-BLRR-2018-000073,Mysore Cargo Solutions,SHOP,KAR-SHOP-BLRR-2016-000183,M/S Omkar Cafe Industries,562114,42,NO_MATCH,32.6,92.1,25,0,False,reject/no-match candidate: weak name similarity (32.6); similar address/PIN (92.1)
PAIR-001152,KSPCB,PCB/MYS/CTO/2020/00080,M/S Sree Associates,UDYAM,UDYAM-KR-MYS-2018-000044,M/S Mysore Works,570018,42,NO_MATCH,37.0,88.8,25,0,False,reject/no-match candidate: weak name similarity (37.0); similar address/PIN (88.8)
PAIR-001153,GST,GST-KA-BLRU-2019-000215,M/S Ganesh Care Company,FACTORY,KFBIS-FAC-BLRU-2017-000139,Ganesh Coatings LLP,560034,42,NO_MATCH,69.2,86.3,0,0,False,reject/no-match candidate: medium name similarity (69.2); similar address/PIN (86.3); no shared identifier available
PAIR-001154,SHOP,KAR-SHOP-BLRU-2018-000181,Ganesh Care Company,LABOUR,LAB-KA-BLRU-2023-000155,Ganesh Coatings LLP,560034,42,NO_MATCH,69.2,85.2,0,0,False,reject/no-match candidate: medium name similarity (69.2); similar address/PIN (85.2); no shared identifier available
PAIR-001155,UDYAM,UDYAM-KR-BLRR-2016-000148,Nandi Tools Co,LABOUR,LAB-KA-BLRR-2018-000007,Nandi Trans Solutions,561203,42,NO_MATCH,62.5,92.1,0,0,False,reject/no-match candidate: medium name similarity (62.5); similar address/PIN (92.1); no shared identifier available
PAIR-001156,KSPCB,PCB/BLRU/CTE/2025/00049,Naveen Polymers Solutions,GST,GST-KA-BLRU-2019-000258,Naveen Medical Solutions,560102,42,NO_MATCH,77.6,74.8,0,0,False,reject/no-match candidate: medium name similarity (77.6); no shared identifier available
PAIR-001157,KSPCB,PCB/BLRU/CTE/2018/00050,Ananya Solutions,SHOP,KAR-SHOP-BLRU-2018-000140,Lakshmi Electronics LLP,560024,42,NO_MATCH,40.0,84.5,25,0,False,reject/no-match candidate: weak name similarity (40.0); similar address/PIN (84.5)
PAIR-001158,GST,GST-KA-TUM-2024-000248,Sree Tech Associates,UDYAM,UDYAM-KR-TUM-2025-000024,Bangalore Garments Solutions,572106,42,NO_MATCH,33.3,91.2,25,0,False,reject/no-match candidate: weak name similarity (33.3); similar address/PIN (91.2)
PAIR-001159,LABOUR,LAB-KA-BLRU-2025-000123,Prakruthi Clinic Pvt. Ltd.,SHOP,KAR-SHOP-BLRU-2016-000080,Sree Clinic Industries,560102,42,NO_MATCH,42.1,83.4,25,0,False,reject/no-match candidate: weak name similarity (42.1); similar address/PIN (83.4)
PAIR-001160,BBMP,BBMP-TL-SOUT-2015-000102,Veda Logistics Works,SHOP,KAR-SHOP-BLRU-2022-000098,Veda Wors,560076,42,NO_MATCH,62.1,93.5,0,0,False,reject/no-match candidate: medium name similarity (62.1); similar address/PIN (93.5); no shared identifier available
PAIR-001161,GST,GST-KA-BLRU-2019-000108,VEDA WORKS,SHOP,KAR-SHOP-BLRU-2016-000171,Veda Logistics Works,560076,42,NO_MATCH,66.7,88.7,0,0,False,reject/no-match candidate: medium name similarity (66.7); similar address/PIN (88.7); no shared identifier available
PAIR-001162,BBMP,BBMP-TL-TUMA-2018-000057,Srinidhi Bites Co,GST,GST-KA-TUM-2019-000238,M/S Aditya Wors,572106,42,NO_MATCH,32.0,95.7,25,0,False,reject/no-match candidate: weak name similarity (32.0); similar address/PIN (95.7)
PAIR-001163,UDYAM,UDYAM-KR-BLRR-2023-000079,VARUN DINE COMPANY,LABOUR,LAB-KA-BLRR-2019-000008,M/S Mysore Cafe Traders,562110,42,NO_MATCH,27.6,98.7,25,0,False,reject/no-match candidate: weak name similarity (27.6); similar address/PIN (98.7)
PAIR-001164,UDYAM,UDYAM-KR-BLRU-2018-000116,Sharma Print Enterprises,FACTORY,KFBIS-FAC-BLRU-2018-000055,M/S Sharma Chem LP,560085,42,NO_MATCH,42.1,81.8,25,0,False,reject/no-match candidate: weak name similarity (42.1); similar address/PIN (81.8)
PAIR-001165,BBMP,BBMP-TL-BOMM-2022-000032,Kaveri Systems Pvt Ltd,LABOUR,LAB-KA-BLRU-2024-000011,Sri Devices Solutions,560102,42,NO_MATCH,40.0,85.0,25,0,False,reject/no-match candidate: weak name similarity (40.0); similar address/PIN (85.0)
PAIR-001166,UDYAM,UDYAM-KR-BLRU-2023-000016,MYSORE ENTP,GST,GST-KA-BLRU-2024-000027,Kaveri Components Pvt Ltd,560102,42,NO_MATCH,35.7,88.2,25,0,False,reject/no-match candidate: weak name similarity (35.7); similar address/PIN (88.2)
PAIR-001167,LABOUR,LAB-KA-BLRR-2018-000065,Kaveri Textiles Enterprises,UDYAM,UDYAM-KR-BLRR-2017-000121,M/S Kaveri Associates,562110,42,NO_MATCH,45.5,77.9,25,0,False,reject/no-match candidate: weak name similarity (45.5); similar address/PIN (77.9)
PAIR-001168,FACTORY,KFBIS-FAC-BLRR-2021-000068,Kaveri Textiles Enterprises,UDYAM,UDYAM-KR-BLRR-2017-000121,M/S Kaveri Associates,562110,42,NO_MATCH,45.5,77.9,25,0,False,reject/no-match candidate: weak name similarity (45.5); similar address/PIN (77.9)
PAIR-001169,GST,GST-KA-BLRU-2021-000213,M/S Ananya Cafe Entp,BBMP,BBMP-TL-DASA-2017-000055,Sahana Kitchen Solutions,560058,42,NO_MATCH,40.0,86.0,25,0,False,reject/no-match candidate: weak name similarity (40.0); similar address/PIN (86.0)
PAIR-001170,FACTORY,KFBIS-FAC-BLRU-2022-000126,Harsha Works,SHOP,KAR-SHOP-BLRU-2020-000205,Vijaya Fashions Pvt Ltd,560064,42,NO_MATCH,37.0,89.6,25,0,False,reject/no-match candidate: weak name similarity (37.0); similar address/PIN (89.6)
PAIR-001171,UDYAM,UDYAM-KR-MYS-2018-000052,Harsha Industries,KSPCB,PCB/MYS/CTE/2021/00076,Asha Bakery Co,570001,42,NO_MATCH,42.9,80.8,25,0,False,reject/no-match candidate: weak name similarity (42.9); similar address/PIN (80.8)
PAIR-001172,GST,GST-KA-BLRU-2020-000061,MEGHANA COATINGS TRADERS,SHOP,KAR-SHOP-BLRU-2016-000027,M/S Varun Textiles Industries,560068,42,NO_MATCH,36.7,89.7,25,0,False,reject/no-match candidate: weak name similarity (36.7); similar address/PIN (89.7)
PAIR-001173,BBMP,BBMP-TL-BOMM-2019-000039,Navya Printers Traders,GST,GST-KA-BLRU-2024-000063,Nandi Electronics Solutions,560100,42,NO_MATCH,36.7,90.3,25,0,False,reject/no-match candidate: weak name similarity (36.7); similar address/PIN (90.3)
PAIR-001174,BBMP,BBMP-TL-BOMM-2021-000004,Siddhi Industrial Inds,SHOP,KAR-SHOP-BLRU-2019-000072,Navya Printers Traders,560100,42,NO_MATCH,40.9,84.6,25,0,False,reject/no-match candidate: weak name similarity (40.9); similar address/PIN (84.6)
PAIR-001175,UDYAM,UDYAM-KR-BLRU-2019-000137,ASHA CNC LLP,SHOP,KAR-SHOP-BLRU-2024-000074,Harsha Tools Associates,560001,42,NO_MATCH,38.7,86.2,25,0,False,reject/no-match candidate: weak name similarity (38.7); similar address/PIN (86.2)
PAIR-001176,GST,GST-KA-MYS-2017-000104,MEGHANA MEALS INDUSTRIES,UDYAM,UDYAM-KR-MYS-2022-000102,M/S SAHANA WAREHOUSE TRADERS,570001,42,NO_MATCH,50.0,71.9,25,0,False,reject/no-match candidate: weak name similarity (50.0)
PAIR-001177,SHOP,KAR-SHOP-BLRR-2017-000169,Navya Mold LLP,KSPCB,PCB/BLRR/CTO/2021/00083,Rav Agro Associates,562114,42,NO_MATCH,34.5,89.6,25,0,False,reject/no-match candidate: weak name similarity (34.5); similar address/PIN (89.6)
PAIR-001178,KSPCB,PCB/BLRR/CTE/2019/00116,Meghana Spices LLP,FACTORY,KFBIS-FAC-BLRR-2025-000028,Srinidhi Labs Industries,562114,42,NO_MATCH,36.8,87.4,25,0,False,reject/no-match candidate: weak name similarity (36.8); similar address/PIN (87.4)
PAIR-001179,KSPCB,PCB/BLRU/CTE/2018/00007,Siddhi Industrial Inds,LABOUR,LAB-KA-BLRU-2016-000003,Siddhi Cafe Industries,560100,42,NO_MATCH,72.7,82.7,0,0,False,reject/no-match candidate: medium name similarity (72.7); similar address/PIN (82.7); no shared identifier available
PAIR-001180,FACTORY,KFBIS-FAC-BLRU-2025-000090,Lakshmi Solvents Company,GST,GST-KA-BLRU-2017-000191,SHARMA MOULDING INDUSTRIES,560029,42,NO_MATCH,38.1,86.0,25,0,False,reject/no-match candidate: weak name similarity (38.1); similar address/PIN (86.0)
PAIR-001181,UDYAM,UDYAM-KR-BLRU-2020-000108,Lakshmi Works,SHOP,KAR-SHOP-BLRU-2022-000007,Ganesh Dine LLP,560085,42,NO_MATCH,33.3,94.2,25,0,False,reject/no-match candidate: weak name similarity (33.3); similar address/PIN (94.2)
PAIR-001182,KSPCB,PCB/BLRR/CTE/2015/00068,M/S Aditya Chem Co,FACTORY,KFBIS-FAC-BLRR-2020-000002,Veda Devices Works,561203,42,NO_MATCH,34.5,92.8,25,0,False,reject/no-match candidate: weak name similarity (34.5); similar address/PIN (92.8)
PAIR-001183,SHOP,KAR-SHOP-BLRU-2025-000112,Sharma Electronics Solutions,UDYAM,UDYAM-KR-BLRU-2017-000119,Sharma Moulding Industries,560001,42,NO_MATCH,44.4,79.8,25,0,False,reject/no-match candidate: weak name similarity (44.4); similar address/PIN (79.8)
PAIR-001184,FACTORY,KFBIS-FAC-BLRU-2024-000108,Sharma Moulding ndustries,SHOP,KAR-SHOP-BLRU-2025-000112,Sharma Electronics Solutions,560001,42,NO_MATCH,45.3,79.8,25,0,False,reject/no-match candidate: weak name similarity (45.3); similar address/PIN (79.8)
PAIR-001185,BBMP,BBMP-TL-SOUT-2023-000092,Sahana Industries Co,GST,GST-KA-MYS-2021-000140,Sree Associates,570018,41,NO_MATCH,37.5,82.5,25,0,False,reject/no-match candidate: weak name similarity (37.5); similar address/PIN (82.5)
PAIR-001186,LABOUR,LAB-KA-BLRU-2023-000152,Naveen Printers Solutions,SHOP,KAR-SHOP-BLRU-2018-000161,Naveen LLP,560059,41,NO_MATCH,38.7,82.1,25,0,False,reject/no-match candidate: weak name similarity (38.7); similar address/PIN (82.1)
PAIR-001187,KSPCB,PCB/BLRU/CTE/2016/00040,M/S Ananya Labs Pvt Ltd,LABOUR,LAB-KA-BLRU-2019-000102,Ananya Circuits Enterprises,560085,41,NO_MATCH,42.1,77.2,25,0,False,reject/no-match candidate: weak name similarity (42.1); similar address/PIN (77.2)
PAIR-001188,UDYAM,UDYAM-KR-BLRU-2023-000045,BHARATH TECH ASSOCIATES,FACTORY,KFBIS-FAC-BLRU-2019-000024,Bharath Machining Company,560029,41,NO_MATCH,55.0,61.5,25,0,False,reject/no-match candidate: medium name similarity (55.0)
PAIR-001189,UDYAM,UDYAM-KR-BLRR-2016-000148,Nandi Tools Co,SHOP,KAR-SHOP-BLRR-2016-000011,Nandi Trans Solutions,561203,41,NO_MATCH,62.5,90.3,0,0,False,reject/no-match candidate: medium name similarity (62.5); similar address/PIN (90.3); no shared identifier available
PAIR-001190,BBMP,BBMP-TL-NORT-2025-000010,Bangalore Solutions,GST,GST-KA-MYS-2019-000066,Bangalore Works,570016,41,NO_MATCH,64.7,86.1,0,0,False,reject/no-match candidate: medium name similarity (64.7); similar address/PIN (86.1); no shared identifier available
PAIR-001191,LABOUR,LAB-KA-MYS-2016-000041,Bangalore Works,BBMP,BBMP-TL-NORT-2025-000010,Bangalore Solutions,570016,41,NO_MATCH,70.6,77.9,0,0,False,reject/no-match candidate: medium name similarity (70.6); similar address/PIN (77.9); no shared identifier available
PAIR-001192,FACTORY,KFBIS-FAC-TUM-2018-000031,Prakruthi CNC LLP,LABOUR,LAB-KA-TUM-2024-000076,Bangalore Machining Co,572106,41,NO_MATCH,31.2,92.6,25,0,False,reject/no-match candidate: weak name similarity (31.2); similar address/PIN (92.6)
PAIR-001193,UDYAM,UDYAM-KR-MYS-2020-000113,M/S Srinidhi Traders,SHOP,KAR-SHOP-MYS-2021-000168,M/S Srinidhi LLP,570016,41,NO_MATCH,66.7,85.7,0,0,False,reject/no-match candidate: medium name similarity (66.7); similar address/PIN (85.7); no shared identifier available
PAIR-001194,KSPCB,PCB/MYS/CTE/2020/00100,Srinidhi Traders,GST,GST-KA-MYS-2019-000202,M/S Srinidhi LLP,570016,41,NO_MATCH,66.7,83.0,0,0,False,reject/no-match candidate: medium name similarity (66.7); similar address/PIN (83.0); no shared identifier available
PAIR-001195,GST,GST-KA-TUM-2020-000050,M/S Lakshmi Graphics Works,LABOUR,LAB-KA-TUM-2024-000116,Lakshmi Medical LLP,572101,41,NO_MATCH,54.1,100,0,0,False,reject/no-match candidate: weak name similarity (54.1); similar address/PIN (100); no shared identifier available
PAIR-001196,UDYAM,UDYAM-KR-BLRR-2016-000138,M/S Navya Garments Works,KSPCB,PCB/BLRR/CTE/2023/00095,M/S Navya Precision Traders,562157,41,NO_MATCH,41.9,77.9,25,0,False,reject/no-match candidate: weak name similarity (41.9); similar address/PIN (77.9)
PAIR-001197,FACTORY,KFBIS-FAC-MYS-2023-000010,Ravi Plastics Works,GST,GST-KA-MYS-2015-000060,M/S Ravi Co,570016,41,NO_MATCH,34.8,86.3,25,0,False,reject/no-match candidate: weak name similarity (34.8); similar address/PIN (86.3)
PAIR-001198,KSPCB,PCB/BLRU/CTO/2018/00064,Veda Works,BBMP,BBMP-TL-SOUT-2015-000102,Veda Logistics Works,560076,41,NO_MATCH,66.7,84.2,0,0,False,reject/no-match candidate: medium name similarity (66.7); similar address/PIN (84.2); no shared identifier available
PAIR-001199,BBMP,BBMP-TL-SOUT-2018-000129,Ganesh Medical Solutions,UDYAM,UDYAM-KR-BLRU-2015-000005,Ganesh Dine LLP,560085,41,NO_MATCH,57.1,95.7,0,0,False,reject/no-match candidate: medium name similarity (57.1); similar address/PIN (95.7); no shared identifier available
PAIR-001200,FACTORY,KFBIS-FAC-BLRU-2017-000045,Sharma Stitch Enterprises,KSPCB,PCB/BLRU/CTE/2024/00111,Sharma LLP,560058,41,NO_MATCH,38.7,83.8,25,0,False,reject/no-match candidate: weak name similarity (38.7); similar address/PIN (83.8)
PAIR-001201,KSPCB,PCB/BLRU/CTE/2023/00140,M/S Bangalore Industries LLP,BBMP,BBMP-TL-MAHA-2017-000109,Bangalore Traders,560066,41,NO_MATCH,75.7,72.8,0,0,False,reject/no-match candidate: medium name similarity (75.7); no shared identifier available
PAIR-001202,GST,GST-KA-BLRU-2020-000239,Srinidhi Press Works,SHOP,KAR-SHOP-BLRU-2021-000217,Varun Industries,560078,41,NO_MATCH,27.8,97.5,25,0,False,reject/no-match candidate: weak name similarity (27.8); similar address/PIN (97.5)
PAIR-001203,BBMP,BBMP-TL-BENG-2023-000025,M/S Aditya Medical Pvt Ltd,GST,GST-KA-BLRR-2020-000126,Asha Clinic Solutions,562114,41,NO_MATCH,34.3,87.5,25,0,False,reject/no-match candidate: weak name similarity (34.3); similar address/PIN (87.5)
PAIR-001204,KSPCB,PCB/BLRU/CTO/2021/00019,Varun Enterprises,SHOP,KAR-SHOP-BLRU-2021-000188,Varun Traders,560076,41,NO_MATCH,66.7,86.0,0,0,False,reject/no-match candidate: medium name similarity (66.7); similar address/PIN (86.0); no shared identifier available
PAIR-001205,SHOP,KAR-SHOP-BLRU-2022-000018,Bangalore Moulding Associates,KSPCB,PCB/BLRU/CTO/2016/00034,Meghana Coatings Traders,560068,41,NO_MATCH,37.7,82.1,25,0,False,reject/no-match candidate: weak name similarity (37.7); similar address/PIN (82.1)
PAIR-001206,BBMP,BBMP-TL-CENT-2021-000003,Mysore Bies Works,SHOP,KAR-SHOP-MYS-2022-000092,Meghana Meals Industries,570001,41,NO_MATCH,29.3,93.5,25,0,False,reject/no-match candidate: weak name similarity (29.3); similar address/PIN (93.5)
PAIR-001207,GST,GST-KA-MYS-2024-000009,MYSORE BITES WORKS,UDYAM,UDYAM-KR-MYS-2022-000102,M/S SAHANA WAREHOUSE TRADERS,570001,41,NO_MATCH,33.3,88.8,25,0,False,reject/no-match candidate: weak name similarity (33.3); similar address/PIN (88.8)
PAIR-001208,UDYAM,UDYAM-KR-BLRU-2019-000124,Sree Pharma Pvt Ltd,SHOP,KAR-SHOP-BLRU-2024-000136,Nisarga Clinic LLP,560068,41,NO_MATCH,32.0,90.4,25,0,False,reject/no-match candidate: weak name similarity (32.0); similar address/PIN (90.4)
PAIR-001209,KSPCB,PCB/BLRU/CTO/2020/00004,Siddhi Cafe Industries,BBMP,BBMP-TL-BOMM-2021-000004,Siddhi Industrial Inds,560100,41,NO_MATCH,72.7,76.1,0,0,False,reject/no-match candidate: medium name similarity (72.7); similar address/PIN (76.1); no shared identifier available
PAIR-001210,FACTORY,KFBIS-FAC-BLRU-2025-000090,Lakshmi Solvents Company,UDYAM,UDYAM-KR-BLRU-2023-000136,Omkar Mold Traders,560029,41,NO_MATCH,35.3,86.8,25,0,False,reject/no-match candidate: weak name similarity (35.3); similar address/PIN (86.8)
PAIR-001211,LABOUR,LAB-KA-BLRU-2018-000132,Nisarga Printers Pvt Ltd,SHOP,KAR-SHOP-BLRU-2015-000130,Nisarga Trans Works,560066,41,NO_MATCH,68.6,80.6,0,0,False,reject/no-match candidate: medium name similarity (68.6); similar address/PIN (80.6); no shared identifier available
PAIR-001212,LABOUR,LAB-KA-BLRR-2017-000089,Varun Inds Inds,GST,GST-KA-BLRR-2024-000002,VEDA DEVICES WORKS,561203,41,NO_MATCH,42.4,79.4,25,0,False,reject/no-match candidate: weak name similarity (42.4); similar address/PIN (79.4)
PAIR-001213,UDYAM,UDYAM-KR-MYS-2018-000161,Lakshmi LLP,BBMP,BBMP-TL-NORT-2023-000099,Sinidhi LLP,570016,41,NO_MATCH,42.9,78.4,25,0,False,reject/no-match candidate: weak name similarity (42.9); similar address/PIN (78.4)
PAIR-001214,BBMP,BBMP-TL-BENG-2017-000040,Naveen Stores LLP,SHOP,KAR-SHOP-BLRR-2024-000025,Kaveri Cafe LLP,562114,40,NO_MATCH,33.3,86.0,25,0,False,reject/no-match candidate: weak name similarity (33.3); similar address/PIN (86.0)
PAIR-001215,SHOP,KAR-SHOP-MYS-2021-000023,Deccan Industries,FACTORY,KFBIS-FAC-MYS-2018-000041,M/S Mysore Works,570018,40,NO_MATCH,20.7,98.4,25,0,False,reject/no-match candidate: weak name similarity (20.7); similar address/PIN (98.4)
PAIR-001216,FACTORY,KFBIS-FAC-BLRU-2017-000139,Ganesh Coatings LLP,UDYAM,UDYAM-KR-BLRU-2017-000134,Ganesh Care Co,560034,40,NO_MATCH,69.2,76.7,0,0,False,reject/no-match candidate: medium name similarity (69.2); similar address/PIN (76.7); no shared identifier available
PAIR-001217,GST,GST-KA-BLRR-2017-000011,M/S Nandi Trans Solutions,UDYAM,UDYAM-KR-BLRR-2016-000148,Nandi Tools Co,561203,40,NO_MATCH,62.5,85.7,0,0,False,reject/no-match candidate: medium name similarity (62.5); similar address/PIN (85.7); no shared identifier available
PAIR-001218,LABOUR,LAB-KA-BLRR-2016-000143,M/S Nandi Tools Co,SHOP,KAR-SHOP-BLRR-2016-000011,Nandi Trans Solutions,561203,40,NO_MATCH,62.5,86.9,0,0,False,reject/no-match candidate: medium name similarity (62.5); similar address/PIN (86.9); no shared identifier available
PAIR-001219,BBMP,BBMP-TL-BENG-2015-000120,Nandi Tools Co,LABOUR,LAB-KA-BLRR-2018-000007,Nandi Trans Solutions,561203,40,NO_MATCH,62.5,83.7,0,0,False,reject/no-match candidate: medium name similarity (62.5); similar address/PIN (83.7); no shared identifier available
PAIR-001220,GST,GST-KA-BLRU-2020-000190,Nisarga Clinic Solutions,SHOP,KAR-SHOP-BLRU-2018-000048,M/S Sahana Meds Entp,560029,40,NO_MATCH,30.0,87.4,25,0,False,reject/no-match candidate: weak name similarity (30.0); similar address/PIN (87.4)
PAIR-001221,UDYAM,UDYAM-KR-BLRU-2018-000038,M/S Sahana Meds Enterprises,GST,GST-KA-BLRU-2020-000190,Nisarga Clinic Solutions,560029,40,NO_MATCH,29.8,87.4,25,0,False,reject/no-match candidate: weak name similarity (29.8); similar address/PIN (87.4)
PAIR-001222,KSPCB,PCB/MYS/CTE/2020/00100,Srinidhi Traders,SHOP,KAR-SHOP-MYS-2021-000168,M/S Srinidhi LLP,570016,40,NO_MATCH,66.7,81.2,0,0,False,reject/no-match candidate: medium name similarity (66.7); similar address/PIN (81.2); no shared identifier available
PAIR-001223,UDYAM,UDYAM-KR-MYS-2019-000125,SRINIDHI LLP,KSPCB,PCB/MYS/CTE/2020/00100,Srinidhi Traders,570016,40,NO_MATCH,66.7,81.2,0,0,False,reject/no-match candidate: medium name similarity (66.7); similar address/PIN (81.2); no shared identifier available
PAIR-001224,UDYAM,UDYAM-KR-TUM-2021-000112,Lakshmi Medical LLP,GST,GST-KA-TUM-2020-000050,M/S Lakshmi Graphics Works,572101,40,NO_MATCH,54.1,93.2,0,0,False,reject/no-match candidate: weak name similarity (54.1); similar address/PIN (93.2); no shared identifier available
PAIR-001225,BBMP,BBMP-TL-TUMA-2023-000087,Lakshmi Medical LLP,FACTORY,KFBIS-FAC-TUM-2023-000029,Lakshmi Graphics Works,572101,40,NO_MATCH,54.1,95.7,0,0,False,reject/no-match candidate: weak name similarity (54.1); similar address/PIN (95.7); no shared identifier available
PAIR-001226,LABOUR,LAB-KA-TUM-2024-000116,Lakshmi Medical LLP,FACTORY,KFBIS-FAC-TUM-2023-000029,Lakshmi Graphics Works,572101,40,NO_MATCH,54.1,95.1,0,0,False,reject/no-match candidate: weak name similarity (54.1); similar address/PIN (95.1); no shared identifier available
PAIR-001227,GST,GST-KA-MYS-2017-000072,M/S Ananya Devices Solutions,LABOUR,LAB-KA-MYS-2019-000111,Varun Mold LLP,570016,40,NO_MATCH,29.4,88.8,25,0,False,reject/no-match candidate: weak name similarity (29.4); similar address/PIN (88.8)
PAIR-001228,UDYAM,UDYAM-KR-BLRR-2021-000120,Sharma Coaings Pvt Ltd,LABOUR,LAB-KA-BLRR-2023-000118,Aditya Tech Enterprises,562157,40,NO_MATCH,32.4,86.5,25,0,False,reject/no-match candidate: weak name similarity (32.4); similar address/PIN (86.5)
PAIR-001229,SHOP,KAR-SHOP-BLRU-2021-000188,Varun Traders,GST,GST-KA-BLRU-2015-000085,M/S BANGALORE CARE WORKS,560076,40,NO_MATCH,30.3,86.9,25,0,False,reject/no-match candidate: weak name similarity (30.3); similar address/PIN (86.9)
PAIR-001230,SHOP,KAR-SHOP-TUM-2020-000202,Aditya Works,UDYAM,UDYAM-KR-TUM-2019-000075,SRINIDHI BITESCO,572106,40,NO_MATCH,28.6,88.8,25,0,False,reject/no-match candidate: weak name similarity (28.6); similar address/PIN (88.8)
PAIR-001231,UDYAM,UDYAM-KR-MYS-2022-000153,Prakruthi Stores LLP,SHOP,KAR-SHOP-MYS-2016-000042,M/S Prakruthi Electronics Industries,570016,40,NO_MATCH,62.5,85.7,0,0,False,reject/no-match candidate: medium name similarity (62.5); similar address/PIN (85.7); no shared identifier available
PAIR-001232,BBMP,BBMP-TL-DASA-2016-000030,M/S Sharma Stitch Enterprises,KSPCB,PCB/BLRU/CTE/2024/00111,Sharma LLP,560058,40,NO_MATCH,38.7,78.7,25,0,False,reject/no-match candidate: weak name similarity (38.7); similar address/PIN (78.7)
PAIR-001233,GST,GST-KA-BLRR-2015-000128,VARUN DINE COMPANY,LABOUR,LAB-KA-BLRR-2022-000006,M/S Meghana Warehouse Traders,562110,40,NO_MATCH,34.3,84.3,25,0,False,reject/no-match candidate: weak name similarity (34.3); similar address/PIN (84.3)
PAIR-001234,SHOP,KAR-SHOP-BLRU-2019-000093,M/S Harsha Works Co,FACTORY,KFBIS-FAC-BLRU-2020-000091,Sahna Apparels Co,560037,40,NO_MATCH,30.8,89.2,25,0,False,reject/no-match candidate: weak name similarity (30.8); similar address/PIN (89.2)
PAIR-001235,BBMP,BBMP-TL-SOUT-2019-000017,Bharath Graphics Solutions,SHOP,KAR-SHOP-BLRU-2015-000203,Srinidhi Press Works,560078,40,NO_MATCH,26.1,93.0,25,0,False,reject/no-match candidate: weak name similarity (26.1); similar address/PIN (93.0)
PAIR-001236,KSPCB,PCB/BLRU/CTO/2015/00091,Bangalore Snacks LLP,FACTORY,KFBIS-FAC-BLRU-2023-000144,M/S Varun Industries,560078,40,NO_MATCH,31.2,87.4,25,0,False,reject/no-match candidate: weak name similarity (31.2); similar address/PIN (87.4)
PAIR-001237,KSPCB,PCB/MYS/CTO/2019/00126,Prakruthi Packaging Enterprises,SHOP,KAR-SHOP-MYS-2021-000089,Sri Moulding Works,570001,40,NO_MATCH,36.7,82.2,25,0,False,reject/no-match candidate: weak name similarity (36.7); similar address/PIN (82.2)
PAIR-001238,FACTORY,KFBIS-FAC-BLRR-2022-000016,Bharath Garments Traders,SHOP,KAR-SHOP-BLRR-2020-000090,M/S Kaveri Textiles Enterprises,562110,40,NO_MATCH,39.2,77.2,25,0,False,reject/no-match candidate: weak name similarity (39.2); similar address/PIN (77.2)
PAIR-001239,SHOP,KAR-SHOP-BLRR-2017-000020,Bharath Garments Traders,LABOUR,LAB-KA-BLRR-2018-000065,Kaveri Textiles Enterprises,562110,40,NO_MATCH,39.2,76.1,25,0,False,reject/no-match candidate: weak name similarity (39.2); similar address/PIN (76.1)
PAIR-001240,SHOP,KAR-SHOP-BLRU-2021-000188,Varun Traders,LABOUR,LAB-KA-BLRU-2023-000025,Varun Entp,560076,40,NO_MATCH,60.9,85.2,0,0,False,reject/no-match candidate: medium name similarity (60.9); similar address/PIN (85.2); no shared identifier available
PAIR-001241,KSPCB,PCB/BLRU/CTO/2021/00019,Varun Enterprises,GST,GST-KA-BLRU-2020-000221,Varun Traders,560076,40,NO_MATCH,66.7,80.6,0,0,False,reject/no-match candidate: medium name similarity (66.7); similar address/PIN (80.6); no shared identifier available
PAIR-001242,GST,GST-KA-BLRU-2020-000161,Lakshmi Elec LLP,UDYAM,UDYAM-KR-BLRU-2023-000149,M/S Lakshmi Kitche Pvt Ltd,560024,40,NO_MATCH,69.2,78.1,0,0,False,reject/no-match candidate: medium name similarity (69.2); similar address/PIN (78.1); no shared identifier available
PAIR-001243,KSPCB,PCB/BLRU/CTE/2021/00045,Navya Printers Traders,LABOUR,LAB-KA-BLRU-2022-000023,Nandi Solvents LLP,560100,40,NO_MATCH,33.3,83.3,25,0,False,reject/no-match candidate: weak name similarity (33.3); similar address/PIN (83.3)
PAIR-001244,GST,GST-KA-BLRR-2018-000049,M/S Srinidhi Labs Industries,KSPCB,PCB/BLRR/CTE/2019/00005,Srinidhi Trans Works,562114,40,NO_MATCH,59.1,89.2,0,0,False,reject/no-match candidate: medium name similarity (59.1); similar address/PIN (89.2); no shared identifier available
PAIR-001245,BBMP,BBMP-TL-DASA-2021-000020,M/S Veda Pharma Associates,GST,GST-KA-BLRU-2020-000196,Veda Precision Company,560058,40,NO_MATCH,55.6,91.8,0,0,False,reject/no-match candidate: medium name similarity (55.6); similar address/PIN (91.8); no shared identifier available
PAIR-001246,LABOUR,LAB-KA-BLRU-2023-000145,Mysore Health Industries,SHOP,KAR-SHOP-BLRU-2025-000128,Veda Meds Works,560068,40,NO_MATCH,25.6,93.7,25,0,False,reject/no-match candidate: weak name similarity (25.6); similar address/PIN (93.7)
PAIR-001247,GST,GST-KA-BLRU-2021-000079,Kaveri Pvt Ltd,LABOUR,LAB-KA-BLRU-2024-000134,Omkar Mold Traders,560029,40,NO_MATCH,33.3,84.5,25,0,False,reject/no-match candidate: weak name similarity (33.3); similar address/PIN (84.5)
PAIR-001248,FACTORY,KFBIS-FAC-BLRU-2024-000117,Veda Print Enterprises,LABOUR,LAB-KA-BLRU-2020-000042,M/S Bharath Tech Associates,560029,40,NO_MATCH,31.1,87.6,25,0,False,reject/no-match candidate: weak name similarity (31.1); similar address/PIN (87.6)
PAIR-001249,UDYAM,UDYAM-KR-BLRU-2015-000005,Ganesh Dine LLP,GST,GST-KA-BLRU-2021-000003,Asha Trans LLP,560085,40,NO_MATCH,28.6,92.2,25,0,False,reject/no-match candidate: weak name similarity (28.6); similar address/PIN (92.2)
PAIR-001250,UDYAM,UDYAM-KR-BLRU-2017-000092,M/S MEGHANA POLYMERS ASSOCIATES,LABOUR,LAB-KA-BLRU-2021-000046,Srinidhi Enterprises,560085,40,NO_MATCH,29.8,89.1,25,0,False,reject/no-match candidate: weak name similarity (29.8); similar address/PIN (89.1)
PAIR-001251,BBMP,BBMP-TL-NORT-2019-000054,Siddhi Supply LLP,LABOUR,LAB-KA-MYS-2022-000148,M/S Prakruthi Stores LLP,570016,40,NO_MATCH,27.6,90.4,25,0,False,reject/no-match candidate: weak name similarity (27.6); similar address/PIN (90.4)
PAIR-001252,GST,GST-KA-BLRU-2017-000100,M/S Udupi Logistics Company,SHOP,KAR-SHOP-BLRU-2016-000193,M/S Prakruthi Packaging Works,560043,39,NO_MATCH,30.0,83.2,25,0,False,reject/no-match candidate: weak name similarity (30.0); similar address/PIN (83.2)
PAIR-001253,UDYAM,UDYAM-KR-BLRU-2018-000048,Sharma Biryani Pvt Ltd,GST,GST-KA-BLRU-2020-000151,PRAKRUTHI BITES COMPANY,560068,39,NO_MATCH,27.6,86.4,25,0,False,reject/no-match candidate: weak name similarity (27.6); similar address/PIN (86.4)
PAIR-001254,GST,GST-KA-BLRU-2022-000149,MEGHANA MOULDING INDUSTRIES,FACTORY,KFBIS-FAC-BLRU-2017-000111,M/S Veda Precision Company,560058,39,NO_MATCH,24.4,90.7,25,0,False,reject/no-match candidate: weak name similarity (24.4); similar address/PIN (90.7)
PAIR-001255,BBMP,BBMP-TL-DASA-2016-000030,M/S Sharma Stitch Enterprises,LABOUR,LAB-KA-BLRU-2019-000121,Veda Precision Company,560058,39,NO_MATCH,30.8,82.9,25,0,False,reject/no-match candidate: weak name similarity (30.8); similar address/PIN (82.9)
PAIR-001256,LABOUR,LAB-KA-TUM-2021-000151,Sree Tech Associates,FACTORY,KFBIS-FAC-TUM-2018-000031,Prakruthi CNC LLP,572106,39,NO_MATCH,24.2,92.1,25,0,False,reject/no-match candidate: weak name similarity (24.2); similar address/PIN (92.1)
PAIR-001257,FACTORY,KFBIS-FAC-BLRU-2018-000100,M/S Siddhi Industries,UDYAM,UDYAM-KR-BLRU-2015-000062,M/S Sri Devices LLP,560043,39,NO_MATCH,42.9,67.7,25,0,False,reject/no-match candidate: weak name similarity (42.9)
PAIR-001258,SHOP,KAR-SHOP-BLRU-2023-000187,Asha CNC LLP,GST,GST-KA-BLRU-2021-000096,M/S Sri Devices LLP,560043,39,NO_MATCH,31.6,82.7,25,0,False,reject/no-match candidate: weak name similarity (31.6); similar address/PIN (82.7)
PAIR-001259,SHOP,KAR-SHOP-BLRU-2022-000004,Sree Logistics Pvt Ltd,BBMP,BBMP-TL-BOMM-2025-000043,M/S Sree Clinic Industries,560102,39,NO_MATCH,61.1,84.5,0,0,False,reject/no-match candidate: medium name similarity (61.1); similar address/PIN (84.5); no shared identifier available
PAIR-001260,UDYAM,UDYAM-KR-BLRR-2022-000100,Veda Associates,LABOUR,LAB-KA-BLRR-2023-000118,Aditya Tech Enterprises,562157,39,NO_MATCH,31.6,83.7,25,0,False,reject/no-match candidate: weak name similarity (31.6); similar address/PIN (83.7)
PAIR-001261,KSPCB,PCB/BLRU/CTO/2017/00098,Harsha LLP,UDYAM,UDYAM-KR-BLRU-2019-000158,M/S Srinidhi Labels Company,560034,39,NO_MATCH,28.6,88.6,25,0,False,reject/no-match candidate: weak name similarity (28.6); similar address/PIN (88.6)
PAIR-001262,KSPCB,PCB/BLRU/CTE/2022/00053,Ravi Solutions,FACTORY,KFBIS-FAC-BLRU-2023-000030,M/S Veda Devices Co,560034,39,NO_MATCH,30.8,85.9,25,0,False,reject/no-match candidate: weak name similarity (30.8); similar address/PIN (85.9)
PAIR-001263,GST,GST-KA-BLRU-2024-000252,Ganesh Medical Solutions,SHOP,KAR-SHOP-BLRU-2022-000007,Ganesh Dine LLP,560085,39,NO_MATCH,57.1,86.5,0,0,False,reject/no-match candidate: medium name similarity (57.1); similar address/PIN (86.5); no shared identifier available
PAIR-001264,FACTORY,KFBIS-FAC-BLRU-2021-000113,M/S Sharma LLP,UDYAM,UDYAM-KR-BLRU-2025-000046,M/S Sharma Stitch Enterprises,560058,39,NO_MATCH,38.7,76.2,25,0,False,reject/no-match candidate: weak name similarity (38.7); similar address/PIN (76.2)
PAIR-001265,LABOUR,LAB-KA-BLRU-2018-000073,Sahana Kitchen Solutions,GST,GST-KA-BLRU-2021-000213,M/S Ananya Cafe Entp,560058,39,NO_MATCH,40.0,73.9,25,0,False,reject/no-match candidate: weak name similarity (40.0)
PAIR-001266,KSPCB,PCB/BLRU/CTO/2025/00128,Harsha Works,GST,GST-KA-BLRU-2024-000077,ADITYA GARMENTS INDUSTRIES,560064,39,NO_MATCH,31.6,81.2,25,0,False,reject/no-match candidate: weak name similarity (31.6); similar address/PIN (81.2)
PAIR-001267,KSPCB,PCB/BLRR/CTE/2018/00009,Veda Coatings Works,SHOP,KAR-SHOP-BLRR-2020-000090,M/S Kaveri Textiles Enterprises,562110,39,NO_MATCH,39.1,74.9,25,0,False,reject/no-match candidate: weak name similarity (39.1)
PAIR-001268,UDYAM,UDYAM-KR-BLRR-2015-000098,M/S Siddhi Industries,BBMP,BBMP-TL-BENG-2023-000059,Asha Clinic Solutions,562114,39,NO_MATCH,36.8,77.8,25,0,False,reject/no-match candidate: weak name similarity (36.8); similar address/PIN (77.8)
PAIR-001269,GST,GST-KA-BLRU-2020-000221,Varun Traders,UDYAM,UDYAM-KR-BLRU-2025-000028,Varun Enterprises,560076,39,NO_MATCH,66.7,76.7,0,0,False,reject/no-match candidate: medium name similarity (66.7); similar address/PIN (76.7); no shared identifier available
PAIR-001270,KSPCB,PCB/BLRU/CTE/2024/00090,M/S Lakshmi Electronics LLP,BBMP,BBMP-TL-YELA-2022-000121,Lakshmi Kitchen Pvt Ltd,560024,39,NO_MATCH,58.8,87.1,0,0,False,reject/no-match candidate: medium name similarity (58.8); similar address/PIN (87.1); no shared identifier available
PAIR-001271,UDYAM,UDYAM-KR-BLRU-2023-000149,M/S Lakshmi Kitche Pvt Ltd,SHOP,KAR-SHOP-BLRU-2018-000140,Lakshmi Electronics LLP,560024,39,NO_MATCH,60.6,83.6,0,0,False,reject/no-match candidate: medium name similarity (60.6); similar address/PIN (83.6); no shared identifier available
PAIR-001272,GST,GST-KA-BLRU-2021-000015,Navya Devices Co,UDYAM,UDYAM-KR-BLRU-2022-000067,Omkar Agro Company,560068,39,NO_MATCH,17.4,100,25,0,False,reject/no-match candidate: weak name similarity (17.4); similar address/PIN (100)
PAIR-001273,UDYAM,UDYAM-KR-BLRU-2017-000001,M/S Vijaya Associates,GST,GST-KA-BLRU-2018-000031,Varun Textiles Industries,560068,39,NO_MATCH,28.6,86.3,25,0,False,reject/no-match candidate: weak name similarity (28.6); similar address/PIN (86.3)
PAIR-001274,KSPCB,PCB/BLRU/CTE/2023/00051,Harsha Tools Associates,GST,GST-KA-BLRU-2021-000244,Nandi Moulding Company,560001,39,NO_MATCH,27.0,87.9,25,0,False,reject/no-match candidate: weak name similarity (27.0); similar address/PIN (87.9)
PAIR-001275,SHOP,KAR-SHOP-BLRU-2024-000209,M/S Sree Mold Traders,KSPCB,PCB/BLRU/CTE/2023/00051,Harsha Tools Associates,560001,39,NO_MATCH,40.0,71.7,25,0,False,reject/no-match candidate: weak name similarity (40.0)
PAIR-001276,FACTORY,KFBIS-FAC-BLRR-2025-000028,Srinidhi Labs Industries,SHOP,KAR-SHOP-BLRR-2021-000006,Srinidhi rans Works,562114,39,NO_MATCH,60.5,82.3,0,0,False,reject/no-match candidate: medium name similarity (60.5); similar address/PIN (82.3); no shared identifier available
PAIR-001277,LABOUR,LAB-KA-BLRR-2017-000030,Veda Stitch LLP,GST,GST-KA-BLRR-2015-000114,Lakshmi Graphics Solutions,562114,39,NO_MATCH,27.0,89.2,25,0,False,reject/no-match candidate: weak name similarity (27.0); similar address/PIN (89.2)
PAIR-001278,KSPCB,PCB/BLRR/CTO/2024/00025,Srinidhi Labs Industries,BBMP,BBMP-TL-BENG-2016-000019,Veda Stitch LLP,562114,39,NO_MATCH,28.6,84.7,25,0,False,reject/no-match candidate: weak name similarity (28.6); similar address/PIN (84.7)
PAIR-001279,BBMP,BBMP-TL-SOUT-2019-000066,M/S Bharath Medical Soluions,GST,GST-KA-BLRU-2022-000157,Nisarga Clinic LLP,560068,39,NO_MATCH,31.6,81.4,25,0,False,reject/no-match candidate: weak name similarity (31.6); similar address/PIN (81.4)
PAIR-001280,SHOP,KAR-SHOP-BLRR-2016-000079,M/S Aarohi Medical Works,GST,GST-KA-BLRR-2018-000095,M/S Srinidhi Co,562110,39,NO_MATCH,21.4,96.6,25,0,False,reject/no-match candidate: weak name similarity (21.4); similar address/PIN (96.6)
PAIR-001281,SHOP,KAR-SHOP-BLRR-2021-000086,Srinidhi Co,GST,GST-KA-BLRR-2019-000233,Lakshmi Meds Pvt. Ltd.,562110,39,NO_MATCH,30.0,83.7,25,0,False,reject/no-match candidate: weak name similarity (30.0); similar address/PIN (83.7)
PAIR-001282,UDYAM,UDYAM-KR-BLRU-2019-000018,Nandi Cargo Company,LABOUR,LAB-KA-BLRU-2016-000110,M/S Lakshmi Works,560085,39,NO_MATCH,33.3,81.2,25,0,False,reject/no-match candidate: weak name similarity (33.3); similar address/PIN (81.2)
PAIR-001283,FACTORY,KFBIS-FAC-BLRU-2019-000115,M/S Sidhi Entp,BBMP,BBMP-TL-YELA-2022-000089,M/S Prakruthi Biryani Solutions,560064,39,NO_MATCH,27.0,87.4,25,0,False,reject/no-match candidate: weak name similarity (27.0); similar address/PIN (87.4)
PAIR-001284,LABOUR,LAB-KA-BLRR-2016-000143,M/S Nandi Tools Co,GST,GST-KA-BLRR-2025-000118,Aditya Chem Co,561203,39,NO_MATCH,36.4,79.2,25,0,False,reject/no-match candidate: weak name similarity (36.4); similar address/PIN (79.2)
PAIR-001285,SHOP,KAR-SHOP-BLRR-2022-000126,Varun Industries Industries,GST,GST-KA-BLRR-2024-000002,VEDA DEVICES WORKS,561203,39,NO_MATCH,35.6,77.8,25,0,False,reject/no-match candidate: weak name similarity (35.6); similar address/PIN (77.8)
PAIR-001286,FACTORY,KFBIS-FAC-MYS-2019-000088,Sharma Pvt. Ltd.,SHOP,KAR-SHOP-MYS-2016-000060,Mysore Works,570018,38,NO_MATCH,22.2,88.8,25,0,False,reject/no-match candidate: weak name similarity (22.2); similar address/PIN (88.8)
PAIR-001287,GST,GST-KA-BLRU-2015-000165,M/S Srinidhi Works,LABOUR,LAB-KA-BLRU-2025-000064,Udupi Logistics Company,560043,38,NO_MATCH,34.5,74.2,25,0,False,reject/no-match candidate: weak name similarity (34.5)
PAIR-001288,SHOP,KAR-SHOP-BLRU-2016-000103,Navya Trans Co,GST,GST-KA-BLRU-2015-000165,M/S Srinidhi Works,560043,38,NO_MATCH,32.0,77.9,25,0,False,reject/no-match candidate: weak name similarity (32.0); similar address/PIN (77.9)
PAIR-001289,GST,GST-KA-BLRU-2020-000246,Sree Mold Traders,FACTORY,KFBIS-FAC-BLRU-2017-000111,M/S Veda Precision Company,560058,38,NO_MATCH,19.4,95.0,25,0,False,reject/no-match candidate: weak name similarity (19.4); similar address/PIN (95.0)
PAIR-001290,UDYAM,UDYAM-KR-BLRU-2018-000038,M/S Sahana Meds Enterprises,BBMP,BBMP-TL-SOUT-2018-000093,M/S Nisarga Clinic Solutions,560029,38,NO_MATCH,29.8,81.8,25,0,False,reject/no-match candidate: weak name similarity (29.8); similar address/PIN (81.8)
PAIR-001291,UDYAM,UDYAM-KR-TUM-2025-000024,Bangalore Garments Solutions,GST,GST-KA-TUM-2022-000065,BANGALORE CO,572106,38,NO_MATCH,48.6,93.1,0,0,False,reject/no-match candidate: weak name similarity (48.6); similar address/PIN (93.1); no shared identifier available
PAIR-001292,GST,GST-KA-BLRU-2020-000090,M/S Sree Clini Industries,BBMP,BBMP-TL-BOMM-2016-000021,Sree Dine Co,560102,38,NO_MATCH,53.3,86.9,0,0,False,reject/no-match candidate: weak name similarity (53.3); similar address/PIN (86.9); no shared identifier available
PAIR-001293,FACTORY,KFBIS-FAC-BLRU-2021-000011,M/S Sri Devices Solutions,SHOP,KAR-SHOP-BLRU-2018-000121,Sri Pvt. td.,560102,38,NO_MATCH,37.0,74.3,25,0,False,reject/no-match candidate: weak name similarity (37.0)
PAIR-001294,LABOUR,LAB-KA-BLRR-2023-000118,Aditya Tech Enterprises,SHOP,KAR-SHOP-BLRR-2017-000137,Veda Associates,562157,38,NO_MATCH,31.6,80.4,25,0,False,reject/no-match candidate: weak name similarity (31.6); similar address/PIN (80.4)
PAIR-001295,UDYAM,UDYAM-KR-BLRR-2021-000120,Sharma Coaings Pvt Ltd,GST,GST-KA-BLRR-2017-000170,Navya Precision Traders,562157,38,NO_MATCH,37.8,73.6,25,0,False,reject/no-match candidate: weak name similarity (37.8)
PAIR-001296,BBMP,BBMP-TL-SOUT-2015-000102,Veda Logistics Works,LABOUR,LAB-KA-BLRU-2017-000068,M/S Veda Works,560076,38,NO_MATCH,66.7,70.0,0,0,False,reject/no-match candidate: medium name similarity (66.7); no shared identifier available
PAIR-001297,SHOP,KAR-SHOP-BLRU-2022-000007,Ganesh Dine LLP,BBMP,BBMP-TL-SOUT-2018-000129,Ganesh Medical Solutions,560085,38,NO_MATCH,57.1,82.4,0,0,False,reject/no-match candidate: medium name similarity (57.1); similar address/PIN (82.4); no shared identifier available
PAIR-001298,UDYAM,UDYAM-KR-BLRU-2023-000132,M/S Vijaya Moulding Solutions,BBMP,BBMP-TL-MAHA-2022-000095,M/S Deccan Precision Co,560066,38,NO_MATCH,24.4,86.1,25,0,False,reject/no-match candidate: weak name similarity (24.4); similar address/PIN (86.1)
PAIR-001299,SHOP,KAR-SHOP-BLRU-2022-000017,Harsha Biryani Works,LABOUR,LAB-KA-BLRU-2024-000027,Harsha Packaging Enterprises,560059,38,NO_MATCH,45.8,97.2,0,0,False,reject/no-match candidate: weak name similarity (45.8); similar address/PIN (97.2); no shared identifier available
PAIR-001300,SHOP,KAR-SHOP-BLRU-2015-000203,Srinidhi Press Works,UDYAM,UDYAM-KR-BLRU-2024-000117,M/S KAVERI COMPONENTS ENTP,560078,38,NO_MATCH,28.6,81.2,25,0,False,reject/no-match candidate: weak name similarity (28.6); similar address/PIN (81.2)
PAIR-001301,GST,GST-KA-BLRU-2019-000164,Bangalore Snacks LLP,FACTORY,KFBIS-FAC-BLRU-2016-000131,M/S Srinidhi Press Works,560078,38,NO_MATCH,27.8,83.9,25,0,False,reject/no-match candidate: weak name similarity (27.8); similar address/PIN (83.9)
PAIR-001302,FACTORY,KFBIS-FAC-BLRU-2020-000078,Omkar Labs Co,SHOP,KAR-SHOP-BLRU-2022-000018,Bangalore Moulding Associates,560068,38,NO_MATCH,25.6,84.6,25,0,False,reject/no-match candidate: weak name similarity (25.6); similar address/PIN (84.6)
PAIR-001303,LABOUR,LAB-KA-BLRU-2025-000005,Siddhi Industrial Industries,KSPCB,PCB/BLRU/CTE/2016/00017,Nandi Solvents LLP,560100,38,NO_MATCH,23.8,87.0,25,0,False,reject/no-match candidate: weak name similarity (23.8); similar address/PIN (87.0)
PAIR-001304,GST,GST-KA-BLRU-2017-000020,Sree Elec Inds,SHOP,KAR-SHOP-BLRU-2016-000210,Naveen Printers Solutions,560059,38,NO_MATCH,30.8,81.4,25,0,False,reject/no-match candidate: weak name similarity (30.8); similar address/PIN (81.4)
PAIR-001305,FACTORY,KFBIS-FAC-BLRU-2017-000111,M/S Veda Precision Company,UDYAM,UDYAM-KR-BLRU-2018-000035,Veda Pharma Associates,560058,38,NO_MATCH,55.6,86.0,0,0,False,reject/no-match candidate: medium name similarity (55.6); similar address/PIN (86.0); no shared identifier available
PAIR-001306,BBMP,BBMP-TL-SOUT-2019-000066,M/S Bharath Medical Soluions,SHOP,KAR-SHOP-BLRU-2024-000136,Nisarga Clinic LLP,560068,38,NO_MATCH,31.6,77.2,25,0,False,reject/no-match candidate: weak name similarity (31.6); similar address/PIN (77.2)
PAIR-001307,GST,GST-KA-BLRR-2018-000095,M/S Srinidhi Co,FACTORY,KFBIS-FAC-BLRR-2016-000062,Aarohi Medical Works,562110,38,NO_MATCH,21.4,90.8,25,0,False,reject/no-match candidate: weak name similarity (21.4); similar address/PIN (90.8)
PAIR-001308,GST,GST-KA-BLRU-2023-000135,Nisarga Trans Enterprises,SHOP,KAR-SHOP-BLRU-2023-000146,Ganesh Cafe Company,560024,38,NO_MATCH,27.8,85.3,25,0,False,reject/no-match candidate: weak name similarity (27.8); similar address/PIN (85.3)
PAIR-001309,SHOP,KAR-SHOP-BLRU-2021-000145,M/S Lakshmi Works,GST,GST-KA-BLRU-2021-000030,Meghana Bites Associates,560085,38,NO_MATCH,21.6,92.7,25,0,False,reject/no-match candidate: weak name similarity (21.6); similar address/PIN (92.7)
PAIR-001310,SHOP,KAR-SHOP-BLRU-2015-000156,Sharma Print Enterprises,FACTORY,KFBIS-FAC-BLRU-2022-000074,Vijaya Tools Solutions,560085,38,NO_MATCH,26.1,86.1,25,0,False,reject/no-match candidate: weak name similarity (26.1); similar address/PIN (86.1)
PAIR-001311,GST,GST-KA-BLRR-2024-000002,VEDA DEVICES WORKS,FACTORY,KFBIS-FAC-BLRR-2024-000076,M/S Aditya Chem Co,561203,38,NO_MATCH,27.6,83.2,25,0,False,reject/no-match candidate: weak name similarity (27.6); similar address/PIN (83.2)
PAIR-001312,UDYAM,UDYAM-KR-BLRU-2025-000028,Varun Enterprises,LABOUR,LAB-KA-BLRU-2022-000141,Aarohi Bakery Associates,560076,38,NO_MATCH,34.1,77.2,25,0,False,reject/no-match candidate: weak name similarity (34.1); similar address/PIN (77.2)
PAIR-001313,SHOP,KAR-SHOP-BLRU-2018-000046,M/S Sri Agro Industries,LABOUR,LAB-KA-BLRU-2023-000025,Varun Entp,560076,38,NO_MATCH,27.6,82.0,25,0,False,reject/no-match candidate: weak name similarity (27.6); similar address/PIN (82.0)
PAIR-001314,UDYAM,UDYAM-KR-MYS-2022-000153,Prakruthi Stores LLP,BBMP,BBMP-TL-NORT-2024-000113,M/S Nandi Meals Enterprises,570016,38,NO_MATCH,30.8,80.3,25,0,False,reject/no-match candidate: weak name similarity (30.8); similar address/PIN (80.3)
PAIR-001315,GST,GST-KA-MYS-2024-000167,Veda Cafe Industries,BBMP,BBMP-TL-NORT-2023-000099,Sinidhi LLP,570016,38,NO_MATCH,29.6,80.1,25,0,False,reject/no-match candidate: weak name similarity (29.6); similar address/PIN (80.1)
PAIR-001316,SHOP,KAR-SHOP-BLRR-2021-000006,Srinidhi rans Works,UDYAM,UDYAM-KR-BLRR-2022-000049,Mysore Cargo olutions,562114,37,NO_MATCH,25.0,83.9,25,0,False,reject/no-match candidate: weak name similarity (25.0); similar address/PIN (83.9)
PAIR-001317,BBMP,BBMP-TL-EAST-2024-000117,M/S Prakruthi Packaging Works,UDYAM,UDYAM-KR-BLRU-2023-000065,M/S Udupi Logistics Company,560043,37,NO_MATCH,30.0,76.7,25,0,False,reject/no-match candidate: weak name similarity (30.0); similar address/PIN (76.7)
PAIR-001318,SHOP,KAR-SHOP-BLRU-2025-000148,M/S Ravi Logistics Solutions,BBMP,BBMP-TL-SOUT-2018-000029,M/S Bharath Biryani Pvt Ltd,560076,37,NO_MATCH,20.5,88.7,25,0,False,reject/no-match candidate: weak name similarity (20.5); similar address/PIN (88.7)
PAIR-001319,LABOUR,LAB-KA-BLRU-2021-000044,Sharma Biryani Pvt Ltd,GST,GST-KA-BLRU-2020-000151,PRAKRUTHI BITES COMPANY,560068,37,NO_MATCH,27.6,81.8,25,0,False,reject/no-match candidate: weak name similarity (27.6); similar address/PIN (81.8)
PAIR-001320,SHOP,KAR-SHOP-TUM-2017-000115,Vijaya Fashions Works,LABOUR,LAB-KA-TUM-2016-000047,Sharma CNC Enterprises,572106,37,NO_MATCH,23.3,86.9,25,0,False,reject/no-match candidate: weak name similarity (23.3); similar address/PIN (86.9)
PAIR-001321,SHOP,KAR-SHOP-BLRR-2016-000011,Nandi Trans Solutions,LABOUR,LAB-KA-BLRR-2017-000093,Siddhi Warehouse Inds,561203,37,NO_MATCH,19.0,90.7,25,0,False,reject/no-match candidate: weak name similarity (19.0); similar address/PIN (90.7)
PAIR-001322,SHOP,KAR-SHOP-BLRU-2025-000015,Sri Devices Solutions,GST,GST-KA-BLRU-2024-000142,SRI PVT LTD,560102,37,NO_MATCH,25.0,83.2,25,0,False,reject/no-match candidate: weak name similarity (25.0); similar address/PIN (83.2)
PAIR-001323,LABOUR,LAB-KA-BLRU-2024-000011,Sri Devices Solutions,GST,GST-KA-BLRU-2024-000142,SRI PVT LTD,560102,37,NO_MATCH,25.0,82.4,25,0,False,reject/no-match candidate: weak name similarity (25.0); similar address/PIN (82.4)
PAIR-001324,BBMP,BBMP-TL-BOMM-2019-000008,Sri Devices Slutions,SHOP,KAR-SHOP-BLRU-2018-000121,Sri Pvt. td.,560102,37,NO_MATCH,38.5,67.4,25,0,False,reject/no-match candidate: weak name similarity (38.5)
PAIR-001325,LABOUR,LAB-KA-BLRU-2016-000115,Harsha LLP,FACTORY,KFBIS-FAC-BLRU-2023-000030,M/S Veda Devices Co,560034,37,NO_MATCH,22.2,85.2,25,0,False,reject/no-match candidate: weak name similarity (22.2); similar address/PIN (85.2)
PAIR-001326,FACTORY,KFBIS-FAC-BLRU-2017-000139,Ganesh Coatings LLP,KSPCB,PCB/BLRU/CTO/2025/00027,Veda Devices Co,560034,37,NO_MATCH,22.2,87.3,25,0,False,reject/no-match candidate: weak name similarity (22.2); similar address/PIN (87.3)
PAIR-001327,FACTORY,KFBIS-FAC-BLRU-2018-000073,M/S Udupi Circuits LLP,LABOUR,LAB-KA-BLRU-2025-000064,Udupi Logistics Company,560043,37,NO_MATCH,55.2,82.7,0,0,False,reject/no-match candidate: medium name similarity (55.2); similar address/PIN (82.7); no shared identifier available
PAIR-001328,FACTORY,KFBIS-FAC-BLRU-2017-000042,M/S Kaveri Labs Pvt Ltd,UDYAM,UDYAM-KR-BLRU-2024-000040,SRINIDHI COMPANY,560037,37,NO_MATCH,21.1,87.2,25,0,False,reject/no-match candidate: weak name similarity (21.1); similar address/PIN (87.2)
PAIR-001329,KSPCB,PCB/BLRU/CTE/2025/00114,Siddhi Packaging Entp,BBMP,BBMP-TL-MAHA-2015-000007,Mysore Mold Solutions,560066,37,NO_MATCH,14.3,94.8,25,0,False,reject/no-match candidate: weak name similarity (14.3); similar address/PIN (94.8)
PAIR-001330,SHOP,KAR-SHOP-BLRU-2023-000179,Ananya Cafe Enterprises,GST,GST-KA-BLRU-2021-000097,Kaveri Cargo Solutions,560058,37,NO_MATCH,31.1,76.7,25,0,False,reject/no-match candidate: weak name similarity (31.1); similar address/PIN (76.7)
PAIR-001331,FACTORY,KFBIS-FAC-MYS-2019-000005,Naveen Systems Pvt Ltd,KSPCB,PCB/MYS/CTO/2019/00126,Prakruthi Packaging Enterprises,570001,37,NO_MATCH,26.7,82.0,25,0,False,reject/no-match candidate: weak name similarity (26.7); similar address/PIN (82.0)
PAIR-001332,GST,GST-KA-BLRR-2025-000153,Uupi Electronics LLP,KSPCB,PCB/BLRR/CTE/2017/00145,M/S Navya Industrial Co,562110,37,NO_MATCH,25.0,81.1,25,0,False,reject/no-match candidate: weak name similarity (25.0); similar address/PIN (81.1)
PAIR-001333,BBMP,BBMP-TL-BENG-2023-000025,M/S Aditya Medical Pvt Ltd,UDYAM,UDYAM-KR-BLRR-2015-000098,M/S Siddhi Industries,562114,37,NO_MATCH,25.8,80.9,25,0,False,reject/no-match candidate: weak name similarity (25.8); similar address/PIN (80.9)
PAIR-001334,GST,GST-KA-BLRU-2025-000189,M/S Mysore Biryani Associates,SHOP,KAR-SHOP-BLRU-2015-000130,Nisarga Trans Works,560066,37,NO_MATCH,18.2,91.9,25,0,False,reject/no-match candidate: weak name similarity (18.2); similar address/PIN (91.9)
PAIR-001335,GST,GST-KA-BLRU-2020-000221,Varun Traders,LABOUR,LAB-KA-BLRU-2023-000025,Varun Entp,560076,37,NO_MATCH,60.9,73.4,0,0,False,reject/no-match candidate: medium name similarity (60.9); no shared identifier available
PAIR-001336,KSPCB,PCB/BLRU/CTO/2020/00130,M/S Deccan Tools Traders,FACTORY,KFBIS-FAC-BLRU-2019-000009,Navya Devices Co,560068,37,NO_MATCH,24.2,82.1,25,0,False,reject/no-match candidate: weak name similarity (24.2); similar address/PIN (82.1)
PAIR-001337,BBMP,BBMP-TL-CENT-2021-000003,Mysore Bies Works,UDYAM,UDYAM-KR-MYS-2022-000102,M/S SAHANA WAREHOUSE TRADERS,570001,37,NO_MATCH,29.3,78.1,25,0,False,reject/no-match candidate: weak name similarity (29.3); similar address/PIN (78.1)
PAIR-001338,BBMP,BBMP-TL-DASA-2022-000122,Veda Apparels Company,UDYAM,UDYAM-KR-BLRU-2018-000035,Veda Pharma Associates,560058,37,NO_MATCH,57.1,78.3,0,0,False,reject/no-match candidate: medium name similarity (57.1); similar address/PIN (78.3); no shared identifier available
PAIR-001339,LABOUR,LAB-KA-BLRU-2019-000121,Veda Precision Company,BBMP,BBMP-TL-DASA-2021-000020,M/S Veda Pharma Associates,560058,37,NO_MATCH,55.6,81.2,0,0,False,reject/no-match candidate: medium name similarity (55.6); similar address/PIN (81.2); no shared identifier available
PAIR-001340,UDYAM,UDYAM-KR-BLRR-2023-000034,M/S Veda Stitch LLP,LABOUR,LAB-KA-BLRR-2024-000125,Navya Mold LLP,562114,37,NO_MATCH,28.6,79.6,25,0,False,reject/no-match candidate: weak name similarity (28.6); similar address/PIN (79.6)
PAIR-001341,SHOP,KAR-SHOP-BLRU-2025-000128,Veda Meds Works,UDYAM,UDYAM-KR-BLRU-2019-000124,Sree Pharma Pvt Ltd,560068,37,NO_MATCH,23.1,85.0,25,0,False,reject/no-match candidate: weak name similarity (23.1); similar address/PIN (85.0)
PAIR-001342,UDYAM,UDYAM-KR-BLRR-2020-000146,M/S LAKSHMI MEDS PVT LTD,BBMP,BBMP-TL-BENG-2022-000045,M/S Srinidhi Co,562110,37,NO_MATCH,30.0,77.8,25,0,False,reject/no-match candidate: weak name similarity (30.0); similar address/PIN (77.8)
PAIR-001343,BBMP,BBMP-TL-BENG-2016-000042,M/S Aarohi Medical Works,LABOUR,LAB-KA-BLRR-2016-000063,Srinidhi Co,562110,37,NO_MATCH,21.4,87.5,25,0,False,reject/no-match candidate: weak name similarity (21.4); similar address/PIN (87.5)
PAIR-001344,LABOUR,LAB-KA-BLRU-2023-000090,Lakshmi Solvents Company,KSPCB,PCB/BLRU/CTO/2022/00046,Kaveri Pvt Ltd,560029,37,NO_MATCH,27.3,81.6,25,0,False,reject/no-match candidate: weak name similarity (27.3); similar address/PIN (81.6)
PAIR-001345,BBMP,BBMP-TL-SOUT-2021-000081,M/S Nisarga Clinic LLP,GST,GST-KA-BLRU-2020-000212,Nisarga Printers Pvt. Ltd.,560066,37,NO_MATCH,66.7,66.7,0,0,False,reject/no-match candidate: medium name similarity (66.7); no shared identifier available
PAIR-001346,SHOP,KAR-SHOP-BLRU-2018-000016,Sree Solutions,GST,GST-KA-BLRU-2025-000194,M/S Ananya Labs Enterprises,560085,37,NO_MATCH,21.6,88.9,25,0,False,reject/no-match candidate: weak name similarity (21.6); similar address/PIN (88.9)
PAIR-001347,SHOP,KAR-SHOP-BLRU-2015-000190,Aditya Meds Co,BBMP,BBMP-TL-YELA-2015-000125,Omkar Health Entp,560064,37,NO_MATCH,28.6,78.5,25,0,False,reject/no-match candidate: weak name similarity (28.6); similar address/PIN (78.5)
PAIR-001348,KSPCB,PCB/BLRR/CTE/2015/00068,M/S Aditya Chem Co,LABOUR,LAB-KA-BLRR-2017-000089,Varun Inds Inds,561203,37,NO_MATCH,23.1,83.6,25,0,False,reject/no-match candidate: weak name similarity (23.1); similar address/PIN (83.6)
PAIR-001349,FACTORY,KFBIS-FAC-BLRU-2020-000127,Nandi Moulding Company,SHOP,KAR-SHOP-BLRU-2018-000046,M/S Sri Agro Industries,560076,37,NO_MATCH,24.2,85.0,25,0,False,reject/no-match candidate: weak name similarity (24.2); similar address/PIN (85.0)
PAIR-001350,GST,GST-KA-BLRU-2015-000230,Nandi Moulding Company,SHOP,KAR-SHOP-BLRU-2018-000046,M/S Sri Agro Industries,560076,37,NO_MATCH,24.2,83.9,25,0,False,reject/no-match candidate: weak name similarity (24.2); similar address/PIN (83.9)
PAIR-001351,GST,GST-KA-BLRU-2017-000100,M/S Udupi Logistics Company,LABOUR,LAB-KA-BLRU-2025-000140,Prakruthi Packaging Works,560043,36,NO_MATCH,30.0,71.5,25,0,False,reject/no-match candidate: weak name similarity (30.0)
PAIR-001352,SHOP,KAR-SHOP-BLRU-2016-000171,Veda Logistics Works,BBMP,BBMP-TL-SOUT-2018-000029,M/S Bharath Biryani Pvt Ltd,560076,36,NO_MATCH,22.9,83.4,25,0,False,reject/no-match candidate: weak name similarity (22.9); similar address/PIN (83.4)
PAIR-001353,GST,GST-KA-TUM-2023-000081,Bangalore Packaging Works,UDYAM,UDYAM-KR-TUM-2017-000105,Udupi Systems Traders,572101,36,NO_MATCH,13.0,93.1,25,0,False,reject/no-match candidate: weak name similarity (13.0); similar address/PIN (93.1)
PAIR-001354,GST,GST-KA-TUM-2025-000055,M/S Prakruthi CNC LLP,FACTORY,KFBIS-FAC-TUM-2021-000135,M/S Sree Tech Associates,572106,36,NO_MATCH,18.2,88.9,25,0,False,reject/no-match candidate: weak name similarity (18.2); similar address/PIN (88.9)
PAIR-001355,SHOP,KAR-SHOP-BLRR-2018-000151,Kaveri Meds Pv Ltd,BBMP,BBMP-TL-BENG-2019-000051,Lakshmi Pharma Works,562157,36,NO_MATCH,29.4,73.7,25,0,False,reject/no-match candidate: weak name similarity (29.4)
PAIR-001356,LABOUR,LAB-KA-BLRU-2025-000123,Prakruthi Clinic Pvt. Ltd.,BBMP,BBMP-TL-BOMM-2017-000131,Naveen Medical Solutions,560102,36,NO_MATCH,25.0,79.8,25,0,False,reject/no-match candidate: weak name similarity (25.0); similar address/PIN (79.8)
PAIR-001357,FACTORY,KFBIS-FAC-MYS-2020-000097,Aarohi Solutions,KSPCB,PCB/MYS/CTE/2017/00138,Harsha Pvt Ltd,570016,36,NO_MATCH,27.3,75.3,25,0,False,reject/no-match candidate: weak name similarity (27.3); similar address/PIN (75.3)
PAIR-001358,SHOP,KAR-SHOP-MYS-2016-000042,M/S Prakruthi Electronics Industries,GST,GST-KA-MYS-2019-000224,M/S Omkar Coatings Pvt Ltd,570016,36,NO_MATCH,26.1,78.1,25,0,False,reject/no-match candidate: weak name similarity (26.1); similar address/PIN (78.1)
PAIR-001359,UDYAM,UDYAM-KR-BLRU-2018-000084,Siddhi Warehouse Solutions,SHOP,KAR-SHOP-BLRU-2025-000208,M/S Udupi Cafe Pvt Ltd,560102,36,NO_MATCH,27.8,74.9,25,0,False,reject/no-match candidate: weak name similarity (27.8)
PAIR-001360,LABOUR,LAB-KA-BLRR-2021-000017,Omkar LLP,GST,GST-KA-BLRR-2025-000201,Bangalore LLP,561203,36,NO_MATCH,28.6,72.9,25,0,False,reject/no-match candidate: weak name similarity (28.6)
PAIR-001361,BBMP,BBMP-TL-TUMA-2016-000028,Bangalore Co,LABOUR,LAB-KA-TUM-2020-000077,M/S Srinidhi Bites Co,572106,36,NO_MATCH,17.4,86.6,25,0,False,reject/no-match candidate: weak name similarity (17.4); similar address/PIN (86.6)
PAIR-001362,UDYAM,UDYAM-KR-BLRU-2023-000065,M/S Udupi Logistics Company,FACTORY,KFBIS-FAC-BLRU-2018-000073,M/S Udupi Circuits LLP,560043,36,NO_MATCH,55.2,77.8,0,0,False,reject/no-match candidate: medium name similarity (55.2); similar address/PIN (77.8); no shared identifier available
PAIR-001363,KSPCB,PCB/MYS/CTO/2016/00010,M/S Prakruthi Packaging Solutions,LABOUR,LAB-KA-MYS-2022-000148,M/S Prakruthi Stores LLP,570016,36,NO_MATCH,57.8,74.2,0,0,False,reject/no-match candidate: medium name similarity (57.8); no shared identifier available
PAIR-001364,UDYAM,UDYAM-KR-BLRR-2023-000009,MEGHANA WAREHOUSE TRADERS,SHOP,KAR-SHOP-BLRR-2020-000113,Ganesh Kitchen LLP,562110,36,NO_MATCH,25.6,76.7,25,0,False,reject/no-match candidate: weak name similarity (25.6); similar address/PIN (76.7)
PAIR-001365,SHOP,KAR-SHOP-BLRR-2020-000113,Ganesh Kitchen LLP,LABOUR,LAB-KA-BLRR-2019-000008,M/S Mysore Cafe Traders,562110,36,NO_MATCH,18.2,86.3,25,0,False,reject/no-match candidate: weak name similarity (18.2); similar address/PIN (86.3)
PAIR-001366,SHOP,KAR-SHOP-BLRU-2019-000093,M/S Harsha Works Co,UDYAM,UDYAM-KR-BLRU-2025-000077,M/S Ananya CNC LLP,560037,36,NO_MATCH,27.3,76.7,25,0,False,reject/no-match candidate: weak name similarity (27.3); similar address/PIN (76.7)
PAIR-001367,FACTORY,KFBIS-FAC-BLRU-2025-000012,Harsha Biryani Works,KSPCB,PCB/BLRU/CTO/2017/00020,Harsha Packaging Enterprises,560059,36,NO_MATCH,45.8,90.0,0,0,False,reject/no-match candidate: weak name similarity (45.8); similar address/PIN (90.0); no shared identifier available
PAIR-001368,LABOUR,LAB-KA-BLRR-2018-000065,Kaveri Textiles Enterprises,GST,GST-KA-BLRR-2018-000253,Navya Industrial Co,562110,36,NO_MATCH,23.3,79.2,25,0,False,reject/no-match candidate: weak name similarity (23.3); similar address/PIN (79.2)
PAIR-001369,SHOP,KAR-SHOP-BLRR-2022-000162,M/S Kaveri Associates,UDYAM,UDYAM-KR-BLRR-2023-000095,UDUPI ELECTRONICS LLP,562110,36,NO_MATCH,17.6,87.2,25,0,False,reject/no-match candidate: weak name similarity (17.6); similar address/PIN (87.2)
PAIR-001370,KSPCB,PCB/BLRR/CTE/2019/00005,Srinidhi Trans Works,LABOUR,LAB-KA-BLRR-2021-000031,Srinidhi Labs Industries,562114,36,NO_MATCH,54.5,79.4,0,0,False,reject/no-match candidate: weak name similarity (54.5); similar address/PIN (79.4); no shared identifier available
PAIR-001371,GST,GST-KA-BLRU-2025-000071,M/S DECCAN PACKAGING TRADERS,FACTORY,KFBIS-FAC-BLRU-2025-000090,Lakshmi Solvents Company,560029,36,NO_MATCH,20.0,84.8,25,0,False,reject/no-match candidate: weak name similarity (20.0); similar address/PIN (84.8)
PAIR-001372,BBMP,BBMP-TL-WEST-2020-000009,Harsha Biryani Works,KSPCB,PCB/BLRU/CTE/2022/00054,Nisarga Industrial Co,560024,36,NO_MATCH,36.8,63.3,25,0,False,reject/no-match candidate: weak name similarity (36.8)
PAIR-001373,SHOP,KAR-SHOP-BLRU-2023-000059,Veda Kitchen Industries,UDYAM,UDYAM-KR-BLRU-2019-000114,Prakruthi Biryani Solutions,560064,36,NO_MATCH,24.0,81.7,25,0,False,reject/no-match candidate: weak name similarity (24.0); similar address/PIN (81.7)
PAIR-001374,BBMP,BBMP-TL-SOUT-2015-000102,Veda Logistics Works,SHOP,KAR-SHOP-BLRU-2015-000061,Bharath Biryani Pvt Ltd,560076,35,NO_MATCH,22.9,76.1,25,0,False,reject/no-match candidate: weak name similarity (22.9); similar address/PIN (76.1)
PAIR-001375,UDYAM,UDYAM-KR-TUM-2015-000022,Kaveri Press Enterprises,GST,GST-KA-TUM-2025-000162,M/S Udupi Systems Traders,572101,35,NO_MATCH,17.8,84.4,25,0,False,reject/no-match candidate: weak name similarity (17.8); similar address/PIN (84.4)
PAIR-001376,SHOP,KAR-SHOP-TUM-2024-000030,M/S Kaveri Press Entp,FACTORY,KFBIS-FAC-TUM-2019-000054,Bangalore Packaging Works,572101,35,NO_MATCH,19.0,82.7,25,0,False,reject/no-match candidate: weak name similarity (19.0); similar address/PIN (82.7)
PAIR-001377,FACTORY,KFBIS-FAC-BLRU-2017-000045,Sharma Stitch Enterprises,UDYAM,UDYAM-KR-BLRU-2016-000011,NAVYA DEVICES CO,560058,35,NO_MATCH,36.8,62.5,25,0,False,reject/no-match candidate: weak name similarity (36.8)
PAIR-001378,KSPCB,PCB/TUM/CTE/2022/00122,Harsha Works,UDYAM,UDYAM-KR-TUM-2024-000039,Prakruthi CNC LLP,572106,35,NO_MATCH,16.0,84.8,25,0,False,reject/no-match candidate: weak name similarity (16.0); similar address/PIN (84.8)
PAIR-001379,UDYAM,UDYAM-KR-BLRU-2024-000063,Kaveri Cargo Solutions,SHOP,KAR-SHOP-BLRU-2025-000206,Naveen Kitchen Pvt Ltd,560078,35,NO_MATCH,33.3,66.0,25,0,False,reject/no-match candidate: weak name similarity (33.3)
PAIR-001380,LABOUR,LAB-KA-MYS-2016-000041,Bangalore Works,UDYAM,UDYAM-KR-MYS-2020-000099,AAROHI SOLUTIONS,570016,35,NO_MATCH,19.4,83.7,25,0,False,reject/no-match candidate: weak name similarity (19.4); similar address/PIN (83.7)
PAIR-001381,UDYAM,UDYAM-KR-BLRU-2018-000084,Siddhi Warehouse Solutions,FACTORY,KFBIS-FAC-BLRU-2016-000083,Nisarga Trans Enterprises,560102,35,NO_MATCH,27.5,73.7,25,0,False,reject/no-match candidate: weak name similarity (27.5)
PAIR-001382,BBMP,BBMP-TL-BOMM-2016-000021,Sree Dine Co,LABOUR,LAB-KA-BLRU-2020-000150,Udupi Cafe Pvt Ltd,560102,35,NO_MATCH,10.5,92.7,25,0,False,reject/no-match candidate: weak name similarity (10.5); similar address/PIN (92.7)
PAIR-001383,SHOP,KAR-SHOP-BLRU-2016-000076,Bangalore Care Works,GST,GST-KA-BLRU-2020-000221,Varun Traders,560076,35,NO_MATCH,30.3,70.0,25,0,False,reject/no-match candidate: weak name similarity (30.3)
PAIR-001384,BBMP,BBMP-TL-SOUT-2021-000081,M/S Nisarga Clinic LLP,UDYAM,UDYAM-KR-BLRU-2020-000133,BANGALORE TRADERS,560066,35,NO_MATCH,25.8,72.4,25,0,False,reject/no-match candidate: weak name similarity (25.8)
PAIR-001385,GST,GST-KA-BLRU-2018-000214,Bangalore Traders,BBMP,BBMP-TL-SOUT-2021-000081,M/S Nisarga Clinic LLP,560066,35,NO_MATCH,25.8,74.5,25,0,False,reject/no-match candidate: weak name similarity (25.8)
PAIR-001386,SHOP,KAR-SHOP-BLRU-2022-000017,Harsha Biryani Works,UDYAM,UDYAM-KR-BLRU-2016-000030,Harsha Packaging Enterprises,560059,35,NO_MATCH,45.8,85.8,0,0,False,reject/no-match candidate: weak name similarity (45.8); similar address/PIN (85.8); no shared identifier available
PAIR-001387,UDYAM,UDYAM-KR-BLRU-2021-000159,Kaveri Catings Solutions,SHOP,KAR-SHOP-BLRU-2017-000107,Bangalore Apparels Enterprises,560064,35,NO_MATCH,22.2,77.9,25,0,False,reject/no-match candidate: weak name similarity (22.2); similar address/PIN (77.9)
PAIR-001388,GST,GST-KA-BLRU-2019-000250,Kaveri Coatings Solutions,UDYAM,UDYAM-KR-BLRU-2023-000141,Harsha Works,560064,35,NO_MATCH,10.8,90.4,25,0,False,reject/no-match candidate: weak name similarity (10.8); similar address/PIN (90.4)
PAIR-001389,LABOUR,LAB-KA-BLRU-2020-000066,M/S Aarohi Bakery Industries,FACTORY,KFBIS-FAC-BLRU-2019-000015,Asha Co,560064,35,NO_MATCH,14.3,89.3,25,0,False,reject/no-match candidate: weak name similarity (14.3); similar address/PIN (89.3)
PAIR-001390,GST,GST-KA-BLRU-2015-000119,M/S MYSORE INDUSTRIES,KSPCB,PCB/BLRU/CTE/2016/00040,M/S Ananya Labs Pvt Ltd,560085,35,NO_MATCH,14.3,87.5,25,0,False,reject/no-match candidate: weak name similarity (14.3); similar address/PIN (87.5)
PAIR-001391,BBMP,BBMP-TL-YELA-2025-000053,M/S Varun Meals Solutions,FACTORY,KFBIS-FAC-BLRU-2019-000115,M/S Sidhi Entp,560064,35,NO_MATCH,12.9,88.6,25,0,False,reject/no-match candidate: weak name similarity (12.9); similar address/PIN (88.6)
PAIR-001392,BBMP,BBMP-TL-NORT-2019-000054,Siddhi Supply LLP,SHOP,KAR-SHOP-MYS-2023-000142,Veda Cafe Industries,570016,35,NO_MATCH,18.2,85.0,25,0,False,reject/no-match candidate: weak name similarity (18.2); similar address/PIN (85.0)
PAIR-001393,FACTORY,KFBIS-FAC-BLRU-2023-000059,Nandi Bakery Pvt Ltd,GST,GST-KA-BLRU-2020-000196,Veda Precision Company,560058,34,NO_MATCH,7.7,90.0,25,0,False,reject/no-match candidate: weak name similarity (7.7); similar address/PIN (90.0)
PAIR-001394,UDYAM,UDYAM-KR-BLRU-2018-000056,M/SAnanya Solutions,BBMP,BBMP-TL-YELA-2017-000083,M/S Ravi TextilesCompany,560024,34,NO_MATCH,20.5,75.3,25,0,False,reject/no-match candidate: weak name similarity (20.5); similar address/PIN (75.3)
PAIR-001395,SHOP,KAR-SHOP-MYS-2023-000056,Ravi Co,FACTORY,KFBIS-FAC-MYS-2023-000043,M/S Bangalore Works,570016,34,NO_MATCH,10.5,89.2,25,0,False,reject/no-match candidate: weak name similarity (10.5); similar address/PIN (89.2)
PAIR-001396,KSPCB,PCB/MYS/CTO/2019/00126,Prakruthi Packaging Enterprises,UDYAM,UDYAM-KR-MYS-2021-000081,M/S Asha Bakery Co,570001,34,NO_MATCH,19.0,77.3,25,0,False,reject/no-match candidate: weak name similarity (19.0); similar address/PIN (77.3)
PAIR-001397,KSPCB,PCB/BLRU/CTE/2023/00051,Harsha Tools Associates,SHOP,KAR-SHOP-BLRU-2023-000173,Veda Print Enterprises,560001,34,NO_MATCH,31.1,63.1,25,0,False,reject/no-match candidate: weak name similarity (31.1)
PAIR-001398,SHOP,KAR-SHOP-BLRU-2015-000130,Nisarga Trans Works,BBMP,BBMP-TL-SOUT-2021-000081,M/S Nisarga Clinic LLP,560066,34,NO_MATCH,54.5,72.5,0,0,False,reject/no-match candidate: weak name similarity (54.5); no shared identifier available
PAIR-001399,UDYAM,UDYAM-KR-BLRU-2024-000063,Kaveri Cargo Solutions,KSPCB,PCB/BLRU/CTO/2017/00102,M/S Kaveri Components Enterprises,560078,34,NO_MATCH,47.1,79.9,0,0,False,reject/no-match candidate: weak name similarity (47.1); similar address/PIN (79.9); no shared identifier available
PAIR-001400,UDYAM,UDYAM-KR-BLRU-2018-000004,Siddhi Cafe Inds,GST,GST-KA-BLRU-2021-000229,Prakruthi Packaging Works,560100,33,NO_MATCH,39.0,51.4,25,0,False,reject/no-match candidate: weak name similarity (39.0)
PAIR-001401,LABOUR,LAB-KA-BLRU-2016-000003,Siddhi Cafe Industries,GST,GST-KA-BLRU-2021-000229,Prakruthi Packaging Works,560100,33,NO_MATCH,34.0,57.9,25,0,False,reject/no-match candidate: weak name similarity (34.0)
PAIR-001402,GST,GST-KA-BLRU-2021-000229,Prakruthi Packaging Works,KSPCB,PCB/BLRU/CTO/2020/00004,Siddhi Cafe Industries,560100,33,NO_MATCH,34.0,58.1,25,0,False,reject/no-match candidate: weak name similarity (34.0)
PAIR-001403,BBMP,BBMP-TL-SOUT-2018-000110,Ganesh Care Company,SHOP,KAR-SHOP-BLRU-2017-000180,M/S Bangalore Traders,560034,33,NO_MATCH,28.6,63.6,25,0,False,reject/no-match candidate: weak name similarity (28.6)
PAIR-001404,SHOP,KAR-SHOP-BLRU-2023-000187,Asha CNC LLP,BBMP,BBMP-TL-SOUT-2016-000011,M/S Varun Textiles Industries,560043,33,NO_MATCH,24.2,68.5,25,0,False,reject/no-match candidate: weak name similarity (24.2)
PAIR-001405,FACTORY,KFBIS-FAC-BLRU-2016-000022,M/S Omkar Pvt Ltd,LABOUR,LAB-KA-BLRU-2023-000026,Naveen Company,560043,33,NO_MATCH,18.2,75.5,25,0,False,reject/no-match candidate: weak name similarity (18.2); similar address/PIN (75.5)
PAIR-001406,LABOUR,LAB-KA-MYS-2015-000009,M/S Praruthi Packaging Solutions,GST,GST-KA-MYS-2023-000032,ADITYA CIRCUITS WORKS,570016,33,NO_MATCH,16.3,77.9,25,0,False,reject/no-match candidate: weak name similarity (16.3); similar address/PIN (77.9)
PAIR-001407,GST,GST-KA-BLRU-2019-000080,M/S Mysore Fashions Enterprises,UDYAM,UDYAM-KR-BLRU-2018-000150,Mysore Health Industries,560064,33,NO_MATCH,54.9,66.7,0,0,False,reject/no-match candidate: weak name similarity (54.9); no shared identifier available
PAIR-001408,BBMP,BBMP-TL-SOUT-2017-000090,M/S Bharath Cargo Pvt Ltd,LABOUR,LAB-KA-BLRU-2025-000028,BharathMachining Company,560034,33,NO_MATCH,62.1,57.9,0,0,False,reject/no-match candidate: medium name similarity (62.1); no shared identifier available
PAIR-001409,FACTORY,KFBIS-FAC-BLRU-2015-000023,M/S Harsha Packaging Enterprises,SHOP,KAR-SHOP-BLRU-2022-000017,Harsha Biryani Works,560059,33,NO_MATCH,41.7,81.4,0,0,False,reject/no-match candidate: weak name similarity (41.7); similar address/PIN (81.4); no shared identifier available
PAIR-001410,GST,GST-KA-BLRU-2024-000077,ADITYA GARMENTS INDUSTRIES,FACTORY,KFBIS-FAC-BLRU-2019-000015,Asha Co,560064,33,NO_MATCH,13.3,81.2,25,0,False,reject/no-match candidate: weak name similarity (13.3); similar address/PIN (81.2)
PAIR-001411,KSPCB,PCB/BLRU/CTE/2020/00142,Kaveri Coatings Solutions,UDYAM,UDYAM-KR-BLRU-2023-000141,Harsha Works,560064,33,NO_MATCH,10.8,85.0,25,0,False,reject/no-match candidate: weak name similarity (10.8); similar address/PIN (85.0)
PAIR-001412,GST,GST-KA-BLRU-2021-000244,Nandi Moulding Company,LABOUR,LAB-KA-BLRU-2025-000056,Harsha Tools Associates,560001,33,NO_MATCH,10.8,82.6,25,0,False,reject/no-match candidate: weak name similarity (10.8); similar address/PIN (82.6)
PAIR-001413,LABOUR,LAB-KA-BLRU-2019-000149,Nandi MouldingCo,UDYAM,UDYAM-KR-BLRU-2018-000080,Sharma Electronics Solutions,560001,33,NO_MATCH,9.1,84.3,25,0,False,reject/no-match candidate: weak name similarity (9.1); similar address/PIN (84.3)
PAIR-001414,BBMP,BBMP-TL-SOUT-2019-000073,Veda Meds Works,SHOP,KAR-SHOP-BLRU-2024-000136,Nisarga Clinic LLP,560068,33,NO_MATCH,13.8,80.0,25,0,False,reject/no-match candidate: weak name similarity (13.8); similar address/PIN (80.0)
PAIR-001415,LABOUR,LAB-KA-BLRU-2018-000132,Nisarga Printers Pvt Ltd,BBMP,BBMP-TL-SOUT-2021-000081,M/S Nisarga Clinic LLP,560066,33,NO_MATCH,66.7,51.7,0,0,False,reject/no-match candidate: medium name similarity (66.7); no shared identifier available
PAIR-001416,GST,GST-KA-TUM-2018-000033,Kaveri Press Entp,LABOUR,LAB-KA-TUM-2019-000053,Bangalore Packaging Works,572101,32,NO_MATCH,19.0,71.0,25,0,False,reject/no-match candidate: weak name similarity (19.0)
PAIR-001417,UDYAM,UDYAM-KR-BLRU-2017-000134,Ganesh Care Co,SHOP,KAR-SHOP-BLRU-2022-000100,Udupi Pharma Works,560034,32,NO_MATCH,20.7,67.9,25,0,False,reject/no-match candidate: weak name similarity (20.7)
PAIR-001418,SHOP,KAR-SHOP-TUM-2025-000152,M/S Veda LLP,LABOUR,LAB-KA-TUM-2020-000019,M/S Nandi Stores LLP,572101,32,NO_MATCH,12.5,78.2,25,0,False,reject/no-match candidate: weak name similarity (12.5); similar address/PIN (78.2)
PAIR-001419,SHOP,KAR-SHOP-BLRU-2022-000004,Sree Logistics Pvt Ltd,GST,GST-KA-BLRU-2025-000245,M/S Udupi Cafe Pvt Ltd,560102,32,NO_MATCH,8.3,81.4,25,0,False,reject/no-match candidate: weak name similarity (8.3); similar address/PIN (81.4)
PAIR-001420,BBMP,BBMP-TL-YELA-2017-000038,Aditya Garments Industries,SHOP,KAR-SHOP-BLRU-2015-000190,Aditya Meds Co,560064,32,NO_MATCH,54.1,63.7,0,0,False,reject/no-match candidate: weak name similarity (54.1); no shared identifier available
PAIR-001421,FACTORY,KFBIS-FAC-BLRU-2019-000006,Siddhi Industrial Industries,KSPCB,PCB/BLRU/CTE/2019/00060,Omkar Agro Co,560100,32,NO_MATCH,10.5,79.4,25,0,False,reject/no-match candidate: weak name similarity (10.5); similar address/PIN (79.4)
PAIR-001422,SHOP,KAR-SHOP-BLRU-2024-000005,Siddhi Cafe Inds,LABOUR,LAB-KA-BLRU-2017-000113,Asha Enterprises,560037,32,NO_MATCH,25.0,64.5,25,0,False,reject/no-match candidate: weak name similarity (25.0)
PAIR-001423,KSPCB,PCB/TUM/CTE/2023/00047,Bangalore ackaging Works,GST,GST-KA-TUM-2018-000033,Kaveri Press Entp,572101,31,NO_MATCH,24.4,61.3,25,0,False,reject/no-match candidate: weak name similarity (24.4)
PAIR-001424,BBMP,BBMP-TL-SOUT-2018-000110,Ganesh Care Company,SHOP,KAR-SHOP-BLRU-2022-000100,Udupi Pharma Works,560034,31,NO_MATCH,20.7,64.1,25,0,False,reject/no-match candidate: weak name similarity (20.7)
PAIR-001425,KSPCB,PCB/BLRU/CTO/2020/00132,Veda Appaels Company,SHOP,KAR-SHOP-BLRU-2022-000075,Nandi Bakery Pvt Ltd,560058,31,NO_MATCH,8.3,77.2,25,0,False,reject/no-match candidate: weak name similarity (8.3); similar address/PIN (77.2)
PAIR-001426,BBMP,BBMP-TL-SOUT-2018-000093,M/S Nisarga Clinic Solutions,GST,GST-KA-BLRU-2015-000148,Nisarga Trans Works,560029,31,NO_MATCH,51.2,62.6,0,0,False,reject/no-match candidate: weak name similarity (51.2); no shared identifier available
PAIR-001427,SHOP,KAR-SHOP-BLRU-2019-000037,M/S Naveen Company,GST,GST-KA-BLRU-2025-000086,PRAKRUTHI PACKAGING INDUSTRIES,560043,31,NO_MATCH,11.1,74.3,25,0,False,reject/no-match candidate: weak name similarity (11.1)
PAIR-001428,SHOP,KAR-SHOP-BLRU-2015-000190,Aditya Meds Co,LABOUR,LAB-KA-BLRU-2018-000048,Aditya Garments Industries,560064,31,NO_MATCH,59.5,53.0,0,0,False,reject/no-match candidate: medium name similarity (59.5); no shared identifier available
PAIR-001429,SHOP,KAR-SHOP-BLRU-2023-000155,M/S Bharath Cargo Pvt Ltd,LABOUR,LAB-KA-BLRU-2025-000028,BharathMachining Company,560034,31,NO_MATCH,62.1,47.7,0,0,False,reject/no-match candidate: medium name similarity (62.1); no shared identifier available
PAIR-001430,UDYAM,UDYAM-KR-BLRU-2019-000137,ASHA CNC LLP,SHOP,KAR-SHOP-BLRU-2017-000050,Sri Spices Solutions,560001,31,NO_MATCH,28.6,54.2,25,0,False,reject/no-match candidate: weak name similarity (28.6)
PAIR-001431,SHOP,KAR-SHOP-BLRU-2015-000190,Aditya Meds Co,GST,GST-KA-BLRU-2024-000243,M/S Omkar Healt Entp,560064,31,NO_MATCH,29.6,54.9,25,0,False,reject/no-match candidate: weak name similarity (29.6)
PAIR-001432,UDYAM,UDYAM-KR-BLRU-2024-000117,M/S KAVERI COMPONENTS ENTP,SHOP,KAR-SHOP-BLRU-2022-000096,Siddhi Pvt Ltd,560078,30,NO_MATCH,7.1,76.7,25,0,False,reject/no-match candidate: weak name similarity (7.1); similar address/PIN (76.7)
PAIR-001433,GST,GST-KA-BLRU-2017-000091,Nisarga Industrial Co,SHOP,KAR-SHOP-BLRU-2015-000200,Lakshmi Kitchen Pvt Ltd,560024,30,NO_MATCH,6.1,76.0,25,0,False,reject/no-match candidate: weak name similarity (6.1); similar address/PIN (76.0)
PAIR-001434,GST,GST-KA-BLRU-2025-000007,Ganesh Dine LLP,KSPCB,PCB/BLRU/CTE/2019/00137,Udupi Cafe Pvt Ltd,560085,30,NO_MATCH,19.0,63.1,25,0,False,reject/no-match candidate: weak name similarity (19.0)
PAIR-001435,GST,GST-KA-BLRU-2016-000116,Sahana Kitchen Solutions,LABOUR,LAB-KA-BLRU-2025-000140,Prakruthi Packaging Works,560043,29,NO_MATCH,28.6,47.3,25,0,False,reject/no-match candidate: weak name similarity (28.6)
PAIR-001436,UDYAM,UDYAM-KR-BLRU-2019-000137,ASHA CNC LLP,SHOP,KAR-SHOP-BLRU-2023-000173,Veda Print Enterprises,560001,29,NO_MATCH,20.0,58.2,25,0,False,reject/no-match candidate: weak name similarity (20.0)
PAIR-001437,GST,GST-KA-BLRU-2021-000186,Kaveri Components Entp,UDYAM,UDYAM-KR-BLRU-2024-000063,Kaveri Cargo Solutions,560078,29,NO_MATCH,54.5,49.2,0,0,False,reject/no-match candidate: weak name similarity (54.5); no shared identifier available
PAIR-001438,LABOUR,LAB-KA-BLRU-2025-000028,BharathMachining Company,FACTORY,KFBIS-FAC-BLRU-2023-000030,M/S Veda Devices Co,560034,28,NO_MATCH,14.3,60.4,25,0,False,reject/no-match candidate: weak name similarity (14.3)
PAIR-001439,KSPCB,PCB/BLRU/CTO/2025/00027,Veda Devices Co,LABOUR,LAB-KA-BLRU-2025-000028,BharathMachining Company,560034,28,NO_MATCH,14.3,60.0,25,0,False,reject/no-match candidate: weak name similarity (14.3)
PAIR-001440,FACTORY,KFBIS-FAC-MYS-2017-000118,M/S Aditya Polymers Associates,KSPCB,PCB/MYS/CTE/2016/00084,Sharma Pvt Ltd,570001,28,NO_MATCH,12.5,60.5,25,0,False,reject/no-match candidate: weak name similarity (12.5)
PAIR-001441,BBMP,BBMP-TL-TUMA-2018-000091,M/S Aditya Labels Enterprises,GST,GST-KA-TUM-2019-000238,M/S Aditya Wors,572106,27,NO_MATCH,44.4,53.5,0,0,False,reject/no-match candidate: weak name similarity (44.4); no shared identifier available
PAIR-001442,BBMP,BBMP-TL-SOUT-2016-000011,M/S Varun Textiles Industries,SHOP,KAR-SHOP-BLRU-2021-000034,Omkar Pvt Ltd,560043,26,NO_MATCH,13.3,52.3,25,0,False,reject/no-match candidate: weak name similarity (13.3)
PAIR-001443,GST,GST-KA-BLRU-2021-000003,Asha Trans LLP,KSPCB,PCB/BLRU/CTE/2019/00137,Udupi Cafe Pvt Ltd,560085,25,NO_MATCH,10.0,51.5,25,0,False,reject/no-match candidate: weak name similarity (10.0)
