source_record_id,source_system,business_name_raw,business_name_normalized,address_raw,address_normalized,district,pin_code,business_type,business_category,pan_hash_present,gstin_hash_present,phone_present,blocking_key_pin_category,blocking_key_pin_name4,status,last_event_date,entity_id_ground_truth
KAR-SHOP-BLRU-2016-000001,SHOP,Omkar Works,OMKAR WORKS,"#16, C Extension, Whitefield, Bengaluru Urban, K'taka - 560037",16 C EXTENSION WHITEFIELD BANGALORE URBAN K TAKA 560037,Bengaluru Urban,560037,Restaurant / Cafe,Service,False,False,True,560037::Service,560037::OMKA,DORMANT,2024-11-10,ENT-00001
KFBIS-FAC-BLRU-2025-000001,FACTORY,Vijaya Associates,VIJAYA ASSOCIATES,"91, B 3rd Phase, Bommanahalli, Bengaluru Urban, Karnataka",91 B 3RD PHASE BOMMANAHALLI BANGALORE URBAN KARNATAKA,Bengaluru Urban,560068,Plastic Moulding,Manufacturing,False,False,True,560068::Manufacturing,560068::VIJA,ACTIVE,2025-11-05,ENT-00002
GST-KA-BLRU-2015-000001,GST,Vijaya Associates,VIJAYA ASSOCIATES,"91, B 3rd Phase, Bommanahalli, Bengaluru Urban, KA - 560068",91 B 3RD PHASE BOMMANAHALLI BANGALORE URBAN KA 560068,Bengaluru Urban,560068,Plastic Moulding,Manufacturing,True,True,False,560068::Manufacturing,560068::VIJA,CLOSED,2018-05-23,ENT-00002
UDYAM-KR-BLRU-2017-000001,UDYAM,M/S Vijaya Associates,VIJAYA ASSOCIATES,"91, B 3rd Phase, Bommanahalli, Bangalore Urban, KA - 560068",91 B 3RD PHASE BOMMANAHALLI BANGALORE URBAN KA 560068,Bengaluru Urban,560068,Plastic Moulding,Manufacturing,True,False,True,560068::Manufacturing,560068::VIJA,CLOSED,2020-01-26,ENT-00002
KFBIS-FAC-BLRR-2020-000002,FACTORY,Veda Devices Works,VEDA DEVICES WORKS,"264, B 1st Cr, Doddaballapura, Bangalore Rural, K'taka - 561203",264 B 1ST CR DODDABALLAPURA BANGALORE RURAL K TAKA 561203,Bengaluru Rural,561203,Electronics Assembly,Manufacturing,False,False,False,561203::Manufacturing,561203::VEDA,DORMANT,2024-11-14,ENT-00003
GST-KA-BLRR-2024-000002,GST,VEDA DEVICES WORKS,VEDA DEVICES WORKS,"No 264, B 1st Crs, Doddaballapura, B'luru Rural, K'taka - 561203",NO 264 B 1ST CRS DODDABALLAPURA B LURU RURAL K TAKA 561203,Bengaluru Rural,561203,Electronics Assembly,Manufacturing,True,False,True,561203::Manufacturing,561203::VEDA,DORMANT,2025-02-17,ENT-00003
PCB/BLRR/CTE/2021/00001,KSPCB,Veda Devices Works,VEDA DEVICES WORKS,"No 264, B 1st Cross, Doddaballapura, B'luru Rural, Karnataka - 561203",NO 264 B 1ST CRS DODDABALLAPURA B LURU RURAL KARNATAKA 561203,Bengaluru Rural,561203,Electronics Assembly,Manufacturing,False,False,True,561203::Manufacturing,561203::VEDA,CLOSED,2022-09-22,ENT-00003
GST-KA-BLRU-2021-000003,GST,Asha Trans LLP,ASHA TRANS,"No 7, B 1st Crs, Banashankari, Bengaluru Urban, KA - 560085",NO 7 B 1ST CRS BANASHANKARI BANGALORE URBAN KA 560085,Bengaluru Urban,560085,Logistics / Warehouse,Service,True,True,False,560085::Service,560085::ASHA,CLOSED,2021-11-19,ENT-00004
GST-KA-BLRU-2022-000004,GST,Sharma Coatings Co,SHARMA COATINGS,"7, Plot Service Road, Rajajinagar Industrial Suburb, Bengaluru Urban, Karnataka - 560059",7 PLOT SERVICE RD RAJAJINAGAR IND SUBURB BANGALORE URBAN KARNATAKA 560059,Bengaluru Urban,560059,Chemical Blending,Manufacturing,False,False,True,560059::Manufacturing,560059::SHAR,ACTIVE,2025-07-09,ENT-00005
PCB/BLRU/CTO/2017/00002,KSPCB,Sharma Coatings Co,SHARMA COATINGS,"No. 7, Plot Service Road, Rajajinagar Industrial Suburb, B'luru Urban, Karnataka - 560059",NO 7 PLOT SERVICE RD RAJAJINAGAR IND SUBURB B LURU URBAN KARNATAKA 560059,Bengaluru Urban,560059,Chemical Blending,Manufacturing,False,False,False,560059::Manufacturing,560059::SHAR,CLOSED,2025-10-13,ENT-00005
LAB-KA-BLRU-2025-000001,LABOUR,Sharma Coatings Co,SHARMA COATINGS,"7, Plot Service Road, Rajajinagar Industrial Suburb, Bengaluru Urban, K'taka - 560059",7 PLOT SERVICE RD RAJAJINAGAR IND SUBURB BANGALORE URBAN K TAKA 560059,Bengaluru Urban,560059,Chemical Blending,Manufacturing,False,False,False,560059::Manufacturing,560059::SHAR,ACTIVE,2025-05-10,ENT-00005
KAR-SHOP-BLRU-2016-000002,SHOP,Shama Coatings Co,SHAMA COATINGS,"No 7, Plot Service Road, Rajajinagar Industrial Suburb, Bangalore Urban, KA - 560059",NO 7 PLOT SERVICE RD RAJAJINAGAR IND SUBURB BANGALORE URBAN KA 560059,Bengaluru Urban,560059,Chemical Blending,Manufacturing,False,False,False,560059::Manufacturing,560059::SHAM,CLOSED,2017-10-30,ENT-00005
UDYAM-KR-BLRU-2024-000002,UDYAM,Sharma Coatings Co,SHARMA COATINGS,"No 7, Plot Service Road, Rajajinagar Industrial Suburb, B'luru Urban, KA - 560059",NO 7 PLOT SERVICE RD RAJAJINAGAR IND SUBURB B LURU URBAN KA 560059,Bengaluru Urban,560059,Chemical Blending,Manufacturing,False,False,True,560059::Manufacturing,560059::SHAR,ACTIVE,2026-01-15,ENT-00005
KFBIS-FAC-MYS-2018-000003,FACTORY,Deccan Industries,DECCAN INDUSTRIES,"#151, C 2nd Main, Devaraja Mohalla, Mysuru, Karnataka - 570001",151 C 2ND MN DEVARAJA MOHALLA MYSURU KARNATAKA 570001,Mysuru,570001,Plastic Moulding,Manufacturing,False,False,True,570001::Manufacturing,570001::DECC,ACTIVE,2025-08-16,ENT-00006
GST-KA-MYS-2024-000005,GST,DeccanInds,DECCANINDS,"151, C 2nd Main, Devaraja Mohalla, Mysuru, KA - 570001",151 C 2ND MN DEVARAJA MOHALLA MYSURU KA 570001,Mysuru,570001,Plastic Moulding,Manufacturing,True,False,True,570001::Manufacturing,570001::DECC,DORMANT,2024-09-30,ENT-00006
PCB/MYS/CTO/2018/00003,KSPCB,M/S Deccan Industries,DECCAN INDUSTRIES,"151, C 2nd Main, Devaraja Mohalla, Mysuru, KA - 570001",151 C 2ND MN DEVARAJA MOHALLA MYSURU KA 570001,Mysuru,570001,Plastic Moulding,Manufacturing,False,False,True,570001::Manufacturing,570001::DECC,CLOSED,2022-04-22,ENT-00006
LAB-KA-MYS-2016-000002,LABOUR,Deccan Industres,DECCAN INDUSTRES,"No. 151, C 2nd Main, Devaraja Mohalla, Mysuru, Karnataka - 570001",NO 151 C 2ND MN DEVARAJA MOHALLA MYSURU KARNATAKA 570001,Mysuru,570001,Plastic Moulding,Manufacturing,True,False,True,570001::Manufacturing,570001::DECC,CLOSED,2017-10-09,ENT-00006
KAR-SHOP-MYS-2024-000003,SHOP,Deccan Industries,DECCAN INDUSTRIES,"151, C 2nd Main, Devaraja Mohalla, Mysuru, K'taka - 570001",151 C 2ND MN DEVARAJA MOHALLA MYSURU K TAKA 570001,Mysuru,570001,Plastic Moulding,Manufacturing,False,False,True,570001::Manufacturing,570001::DECC,ACTIVE,2025-05-06,ENT-00006
UDYAM-KR-MYS-2023-000003,UDYAM,Deccan Industries,DECCAN INDUSTRIES,"#151, C 2nd Main, Devaraja Mohalla, Mysuru, K'taka - 570001",151 C 2ND MN DEVARAJA MOHALLA MYSURU K TAKA 570001,Mysuru,570001,Plastic Moulding,Manufacturing,True,False,True,570001::Manufacturing,570001::DECC,DORMANT,2024-08-02,ENT-00006
KAR-SHOP-BLRU-2022-000004,SHOP,Sree Logistics Pvt Ltd,SREE LOGISTICS,"No 105, B 2nd Main, HSR Layout, Bangalore Urban, KA - 560102",NO 105 B 2ND MN HSR LAYOUT BANGALORE URBAN KA 560102,Bengaluru Urban,560102,Logistics / Warehouse,Service,False,False,True,560102::Service,560102::SREE,ACTIVE,2026-01-04,ENT-00007
BBMP-TL-BOMM-2015-000001,BBMP,Siddhi Cafe Industries,SIDDHI CAFE INDUSTRIES,"181, A Near Bus Stop, Electronic City, Bangalore Urban, KA - 560100",181 A NEAR BUS STOP ELECTRONIC CITY BANGALORE URBAN KA 560100,Bengaluru Urban,560100,Restaurant / Cafe,Service,False,False,True,560100::Service,560100::SIDD,CLOSED,2022-06-20,ENT-00008
PCB/BLRU/CTO/2020/00004,KSPCB,Siddhi Cafe Industries,SIDDHI CAFE INDUSTRIES,"181, A Near Bus Stop, Electronic City, Bangalore Urban, KA",181 A NEAR BUS STOP ELECTRONIC CITY BANGALORE URBAN KA,Bengaluru Urban,560100,Restaurant / Cafe,Service,True,False,False,560100::Service,560100::SIDD,ACTIVE,2025-08-07,ENT-00008
LAB-KA-BLRU-2016-000003,LABOUR,Siddhi Cafe Industries,SIDDHI CAFE INDUSTRIES,"No. 181, A Near Bus Stop, Electronic City, Bangalore Urban, Karnataka - 560100",NO 181 A NEAR BUS STOP ELECTRONIC CITY BANGALORE URBAN KARNATAKA 560100,Bengaluru Urban,560100,Restaurant / Cafe,Service,False,False,False,560100::Service,560100::SIDD,CLOSED,2023-12-09,ENT-00008
KAR-SHOP-BLRU-2024-000005,SHOP,Siddhi Cafe Inds,SIDDHI CAFE INDS,"#181, A Near Bus Stop, Electronic City, Bengaluru Urban, Karnataka - 560100",181 A NEAR BUS STOP ELECTRONIC CITY BANGALORE URBAN KARNATAKA 560100,Bengaluru Urban,560037,Restaurant / Cafe,Service,False,False,False,560037::Service,560037::SIDD,ACTIVE,2025-12-12,ENT-00008
UDYAM-KR-BLRU-2018-000004,UDYAM,Siddhi Cafe Inds,SIDDHI CAFE INDS,"No 181, A Near Bus Stop, Electronic City, B'luru Urban, KA - 560100",NO 181 A NEAR BUS STOP ELECTRONIC CITY B LURU URBAN KA 560100,Bengaluru Urban,560100,Restaurant / Cafe,Service,True,False,True,560100::Service,560100::SIDD,CLOSED,2021-08-08,ENT-00008
GST-KA-BLRR-2025-000006,GST,M/S Srinidhi Trans Works,SRINIDHI TRANS WORKS,"284, Shed 1st Crs, Hoskote, Bangalore Rural, KA - 562114",284 SHED 1ST CRS HOSKOTE BANGALORE RURAL KA 562114,Bengaluru Rural,562114,Logistics / Warehouse,Service,False,False,True,562114::Service,562114::SRIN,ACTIVE,2025-10-24,ENT-00009
PCB/BLRR/CTE/2019/00005,KSPCB,Srinidhi Trans Works,SRINIDHI TRANS WORKS,"284, Shed 1st Cr, Hoskote, Bengaluru Rural, Karnataka - 562114",284 SHED 1ST CR HOSKOTE BANGALORE RURAL KARNATAKA 562114,Bengaluru Rural,562114,Logistics / Warehouse,Service,False,False,False,562114::Service,562114::SRIN,CLOSED,2022-01-12,ENT-00009
KAR-SHOP-BLRR-2021-000006,SHOP,Srinidhi rans Works,SRINIDHI RANS WORKS,"284, Shed 1st Cr, Hoskote, B'luru Rural, KA - 562114",284 SHED 1ST CR HOSKOTE B LURU RURAL KA 562114,Bengaluru Rural,562114,Logistics / Warehouse,Service,False,False,True,562114::Service,562114::SRIN,CLOSED,2023-04-11,ENT-00009
BBMP-TL-SOUT-2016-000002,BBMP,M/S Ganesh Dine LLP,GANESH DINE,"No. 149, B Mn Rd, Banashankari, B'luru Urban, KA - 560085",NO 149 B MN RD BANASHANKARI B LURU URBAN KA 560085,Bengaluru Urban,560085,Restaurant / Cafe,Service,False,False,False,560085::Service,560085::GANE,DORMANT,2024-06-22,ENT-00010
GST-KA-BLRU-2025-000007,GST,Ganesh Dine LLP,GANESH DINE,"No. 149, B Main Road, Banashankari, Bengaluru Urban, Karnataka - 560085",NO 149 B MN RD BANASHANKARI BANGALORE URBAN KARNATAKA 560085,Bengaluru Urban,560085,Restaurant / Cafe,Service,True,True,False,560085::Service,560085::GANE,ACTIVE,2025-09-20,ENT-00010
KAR-SHOP-BLRU-2022-000007,SHOP,Ganesh Dine LLP,GANESH DINE,"149, B Mn Rd, Banashankari, B'luru Urban, KA - 560085",149 B MN RD BANASHANKARI B LURU URBAN KA 560085,Bengaluru Urban,560085,Restaurant / Cafe,Service,True,False,False,560085::Service,560085::GANE,ACTIVE,2025-05-19,ENT-00010
UDYAM-KR-BLRU-2015-000005,UDYAM,Ganesh Dine LLP,GANESH DINE,"149, B Main Road, Banashankari, Bengaluru Urban, K'taka - 560085",149 B MN RD BANASHANKARI BANGALORE URBAN K TAKA 560085,Bengaluru Urban,560085,Restaurant / Cafe,Service,True,False,True,560085::Service,560085::GANE,CLOSED,2019-04-13,ENT-00010
KFBIS-FAC-BLRU-2023-000004,FACTORY,Naveen Fashions Traders,NAVEEN FASHIONS TRADERS,"#34, B Main Rd, Bannerghatta Road, B'luru Urban, K'taka - 560076",34 B MN RD BANNERGHATTA RD B LURU URBAN K TAKA 560076,Bengaluru Urban,560076,Textile / Garments,Manufacturing,True,True,True,560076::Manufacturing,560076::NAVE,ACTIVE,2025-07-23,ENT-00011
GST-KA-BLRU-2019-000008,GST,Naveen Fashions Traders,NAVEEN FASHIONS TRADERS,"No 34, B Main Rd, Bannerghatta Road, B'luru Urban, KA - 560076",NO 34 B MN RD BANNERGHATTA RD B LURU URBAN KA 560076,Bengaluru Urban,560076,Textile / Garments,Manufacturing,True,True,True,560076::Manufacturing,560076::NAVE,DORMANT,2025-04-06,ENT-00011
LAB-KA-BLRU-2020-000004,LABOUR,Naveen Fashions Traders,NAVEEN FASHIONS TRADERS,"34, B Main Road, Bannerghatta Road, Bangalore Urban, K'taka - 560076",34 B MN RD BANNERGHATTA RD BANGALORE URBAN K TAKA 560076,Bengaluru Urban,560076,Textile / Garments,Manufacturing,True,False,True,560076::Manufacturing,560076::NAVE,CLOSED,2021-04-22,ENT-00011
KAR-SHOP-BLRU-2025-000008,SHOP,Naveen Fashions Traders,NAVEEN FASHIONS TRADERS,"34, B Main Rd, Bannerghatta Road, B'luru Urban, Karnataka - 560076",34 B MN RD BANNERGHATTA RD B LURU URBAN KARNATAKA 560076,Bengaluru Urban,560076,Textile / Garments,Manufacturing,False,False,True,560076::Manufacturing,560076::NAVE,ACTIVE,2025-11-06,ENT-00011
UDYAM-KR-BLRU-2016-000006,UDYAM,NAVEEN FASHIONS TRADERS,NAVEEN FASHIONS TRADERS,"No. 34, B Mn Rd, Bannerghatta Road, B'luru Urban, Karnataka - 560076",NO 34 B MN RD BANNERGHATTA RD B LURU URBAN KARNATAKA 560076,Bengaluru Urban,560076,Textile / Garments,Manufacturing,True,True,True,560076::Manufacturing,560076::NAVE,CLOSED,2021-09-13,ENT-00011
KFBIS-FAC-MYS-2019-000005,FACTORY,Naveen Systems Pvt Ltd,NAVEEN SYSTEMS,"No. 291, D Sector, Devaraja Mohalla, Mysuru, KA - 570001",NO 291 D SECTOR DEVARAJA MOHALLA MYSURU KA 570001,Mysuru,570001,Electronics Assembly,Manufacturing,False,True,False,570001::Manufacturing,570001::NAVE,CLOSED,2021-05-06,ENT-00012
PCB/MYS/CTO/2023/00006,KSPCB,Naveen Systems Pvt Ltd,NAVEEN SYSTEMS,"No 291, D Sector, Devaraja Mohalla, Mysuru, K'taka - 570001",NO 291 D SECTOR DEVARAJA MOHALLA MYSURU K TAKA 570001,Mysuru,570001,Electronics Assembly,Manufacturing,True,True,True,570001::Manufacturing,570001::NAVE,CLOSED,2024-02-21,ENT-00012
UDYAM-KR-MYS-2020-000007,UDYAM,Naveen Systems Pvt. Ltd.,NAVEEN SYSTEMS,"No 291, D Sector, Devaraja Mohalla, Mysuru, KA - 570001",NO 291 D SECTOR DEVARAJA MOHALLA MYSURU KA 570001,Mysuru,570001,Electronics Assembly,Manufacturing,True,False,False,570001::Manufacturing,570001::NAVE,DORMANT,2024-01-01,ENT-00012
BBMP-TL-CENT-2021-000003,BBMP,Mysore Bies Works,MYSORE BIES WORKS,"4, D 2nd Main, Devaraja Mohalla, Mysuru, KA - 570001",4 D 2ND MN DEVARAJA MOHALLA MYSURU KA 570001,Mysuru,570001,Restaurant / Cafe,Service,False,True,False,570001::Service,570001::MYSO,CLOSED,2021-05-10,ENT-00013
GST-KA-MYS-2024-000009,GST,MYSORE BITES WORKS,MYSORE BITES WORKS,"No. 4, D 2nd Main, Devaraja Mohalla, Mysuru, Karnataka - 570001",NO 4 D 2ND MN DEVARAJA MOHALLA MYSURU KARNATAKA 570001,Mysuru,570001,Restaurant / Cafe,Service,True,True,True,570001::Service,570001::MYSO,ACTIVE,2025-06-04,ENT-00013
KAR-SHOP-MYS-2015-000009,SHOP,Mysore Bites Works,MYSORE BITES WORKS,"No. 4, D 2nd Main, Devaraja Mohalla, Mysuru, K'taka - 570001",NO 4 D 2ND MN DEVARAJA MOHALLA MYSURU K TAKA 570001,Mysuru,570001,Restaurant / Cafe,Service,False,False,True,570001::Service,570001::MYSO,CLOSED,2022-03-31,ENT-00013
BBMP-TL-BOMM-2021-000004,BBMP,Siddhi Industrial Inds,SIDDHI INDUSTRIAL INDS,"No 243, B Extension, Electronic City, Bengaluru Urban, Karnataka - 560100",NO 243 B EXTENSION ELECTRONIC CITY BANGALORE URBAN KARNATAKA 560100,Bengaluru Urban,560100,Chemical Blending,Manufacturing,False,True,False,560100::Manufacturing,560100::SIDD,CLOSED,2022-12-20,ENT-00014
KFBIS-FAC-BLRU-2019-000006,FACTORY,Siddhi Industrial Industries,SIDDHI INDUSTRIAL INDUSTRIES,"No. 243, B Extension, Electronic City, Bengaluru Urban, K'taka - 560100",NO 243 B EXTENSION ELECTRONIC CITY BANGALORE URBAN K TAKA 560100,Bengaluru Urban,560100,Chemical Blending,Manufacturing,True,False,True,560100::Manufacturing,560100::SIDD,CLOSED,2019-12-14,ENT-00014
PCB/BLRU/CTE/2018/00007,KSPCB,Siddhi Industrial Inds,SIDDHI INDUSTRIAL INDS,"243, B Extension, Electronic City, B'luru Urban, Karnataka - 560100",243 B EXTENSION ELECTRONIC CITY B LURU URBAN KARNATAKA 560100,Bengaluru Urban,560100,Chemical Blending,Manufacturing,False,False,True,560100::Manufacturing,560100::SIDD,CLOSED,2021-03-05,ENT-00014
LAB-KA-BLRU-2025-000005,LABOUR,Siddhi Industrial Industries,SIDDHI INDUSTRIAL INDUSTRIES,"#243, B Extension, Electronic City, B'luru Urban, Karnataka - 560100",243 B EXTENSION ELECTRONIC CITY B LURU URBAN KARNATAKA 560100,Bengaluru Urban,560100,Chemical Blending,Manufacturing,False,False,True,560100::Manufacturing,560100::SIDD,CLOSED,2025-07-18,ENT-00014
KAR-SHOP-BLRU-2017-000010,SHOP,Siddhi Industrial Industries,SIDDHI INDUSTRIAL INDUSTRIES,"#243, B Extension, Electronic City, Bengaluru Urban, KA - 560100",243 B EXTENSION ELECTRONIC CITY BANGALORE URBAN KA 560100,Bengaluru Urban,560100,Chemical Blending,Manufacturing,True,True,True,560100::Manufacturing,560100::SIDD,DORMANT,2023-07-03,ENT-00014
UDYAM-KR-BLRU-2016-000008,UDYAM,Siddhi Industrial Industries,SIDDHI INDUSTRIAL INDUSTRIES,"#243, B Extension, Electronic City, Bangalore Urban, KA - 560100",243 B EXTENSION ELECTRONIC CITY BANGALORE URBAN KA 560100,Bengaluru Urban,560100,Chemical Blending,Manufacturing,True,False,True,560100::Manufacturing,560100::SIDD,CLOSED,2018-08-01,ENT-00014
BBMP-TL-BENG-2020-000005,BBMP,Meghana Warehouse Traders,MEGHANA WAREHOUSE TRADERS,"#57, D Near Bus Stop, Devanahalli, Bangalore Rural, Karnataka - 562110",57 D NEAR BUS STOP DEVANAHALLI BANGALORE RURAL KARNATAKA 562110,Bengaluru Rural,562110,Logistics / Warehouse,Service,True,False,False,562110::Service,562110::MEGH,CLOSED,2021-02-20,ENT-00015
GST-KA-BLRR-2023-000010,GST,MEGHANA WAREHOUSE TRADERS,MEGHANA WAREHOUSE TRADERS,"No 57, D Near Bus Stop, Devanahalli, Bangalore Rural, K'taka - 562110",NO 57 D NEAR BUS STOP DEVANAHALLI BANGALORE RURAL K TAKA 562110,Bengaluru Rural,562110,Logistics / Warehouse,Service,True,False,False,562110::Service,562110::MEGH,DORMANT,2024-12-06,ENT-00015
LAB-KA-BLRR-2022-000006,LABOUR,M/S Meghana Warehouse Traders,MEGHANA WAREHOUSE TRADERS,"No. 57, D Near Bus Stop, Devanahalli, Bangalore Rural, KA - 562110",NO 57 D NEAR BUS STOP DEVANAHALLI BANGALORE RURAL KA 562110,Bengaluru Rural,562110,Logistics / Warehouse,Service,True,False,False,562110::Service,562110::MEGH,DORMANT,2023-10-15,ENT-00015
UDYAM-KR-BLRR-2023-000009,UDYAM,MEGHANA WAREHOUSE TRADERS,MEGHANA WAREHOUSE TRADERS,"No. 57, D Near Bus Stop, Devanahalli, B'luru Rural, Karnataka - 562110",NO 57 D NEAR BUS STOP DEVANAHALLI B LURU RURAL KARNATAKA 562110,Bengaluru Rural,562110,Logistics / Warehouse,Service,True,False,False,562110::Service,562110::MEGH,DORMANT,2024-01-20,ENT-00015
GST-KA-BLRR-2017-000011,GST,M/S Nandi Trans Solutions,NANDI TRANS SOLUTIONS,"#162, Sector, Doddaballapura, B'luru Rural, K'taka - 561203",162 SECTOR DODDABALLAPURA B LURU RURAL K TAKA 561203,Bengaluru Rural,561203,Logistics / Warehouse,Service,True,False,False,561203::Service,561203::NAND,ACTIVE,2026-05-03,ENT-00016
LAB-KA-BLRR-2018-000007,LABOUR,Nandi Trans Solutions,NANDI TRANS SOLUTIONS,"No. 162, Sector, Doddaballapura, Bengaluru Rural, K'taka - 561203",NO 162 SECTOR DODDABALLAPURA BANGALORE RURAL K TAKA 561203,Bengaluru Rural,561203,Logistics / Warehouse,Service,True,False,False,561203::Service,561203::NAND,DORMANT,2024-08-29,ENT-00016
KAR-SHOP-BLRR-2016-000011,SHOP,Nandi Trans Solutions,NANDI TRANS SOLUTIONS,"162, Sector, Doddaballapura, Bengaluru Rural, Karnataka - 561203",162 SECTOR DODDABALLAPURA BANGALORE RURAL KARNATAKA 561203,Bengaluru Rural,561203,Logistics / Warehouse,Service,False,False,True,561203::Service,561203::NAND,CLOSED,2020-05-17,ENT-00016
BBMP-TL-BENG-2020-000006,BBMP,Mysore Cafe Traders,MYSORE CAFE TRADERS,"No 202, D Service Road, Devanahalli, Bangalore Rural, Karnataka - 562110",NO 202 D SERVICE RD DEVANAHALLI BANGALORE RURAL KARNATAKA 562110,Bengaluru Rural,562110,Restaurant / Cafe,Service,False,False,False,562110::Service,562110::MYSO,CLOSED,2020-07-21,ENT-00017
GST-KA-BLRR-2017-000012,GST,Mysore Cafe Traders,MYSORE CAFE TRADERS,"No 202, D Service Road, Devanahalli, Bangalore Rural, Karnataka - 562110",NO 202 D SERVICE RD DEVANAHALLI BANGALORE RURAL KARNATAKA 562110,Bengaluru Rural,562110,Restaurant / Cafe,Service,False,False,False,562110::Service,562110::MYSO,CLOSED,2020-04-15,ENT-00017
LAB-KA-BLRR-2019-000008,LABOUR,M/S Mysore Cafe Traders,MYSORE CAFE TRADERS,"#202, D Service Road, Devanahalli, Bengaluru Rural, Karnataka - 562110",202 D SERVICE RD DEVANAHALLI BANGALORE RURAL KARNATAKA 562110,Bengaluru Rural,562110,Restaurant / Cafe,Service,False,False,False,562110::Service,562110::MYSO,ACTIVE,2025-10-04,ENT-00017
BBMP-TL-MAHA-2015-000007,BBMP,Mysore Mold Solutions,MYSORE MOLD SOLUTIONS,"215, A Mn Rd, Whitefield Mn Rd, Bangalore Urban, K'taka - 560066",215 A MN RD WHITEFIELD MN RD BANGALORE URBAN K TAKA 560066,Bengaluru Urban,560066,Plastic Moulding,Manufacturing,False,True,True,560066::Manufacturing,560066::MYSO,CLOSED,2016-08-28,ENT-00018
KFBIS-FAC-BLRU-2024-000007,FACTORY,Mysore Mold Solutions,MYSORE MOLD SOLUTIONS,"#215, A Main Rd, Whitefield Main Rd, B'luru Urban, Karnataka - 560066",215 A MN RD WHITEFIELD MN RD B LURU URBAN KARNATAKA 560066,Bengaluru Urban,560066,Plastic Moulding,Manufacturing,True,True,True,560066::Manufacturing,560066::MYSO,ACTIVE,2025-10-13,ENT-00018
GST-KA-BLRU-2022-000013,GST,MYSORE MOLD SOLUTIONS,MYSORE MOLD SOLUTIONS,"No. 215, A Main Rd, Whitefield Main Rd, Bengaluru Urban, K'taka - 560066",NO 215 A MN RD WHITEFIELD MN RD BANGALORE URBAN K TAKA 560066,Bengaluru Urban,560066,Plastic Moulding,Manufacturing,True,True,True,560066::Manufacturing,560066::MYSO,ACTIVE,2026-02-14,ENT-00018
PCB/BLRU/CTO/2015/00008,KSPCB,Mysore Mold Solutions,MYSORE MOLD SOLUTIONS,"No 215, A Main Road, Whitefield Main Road, Bangalore Urban, Karnataka",NO 215 A MN RD WHITEFIELD MN RD BANGALORE URBAN KARNATAKA,Bengaluru Urban,560066,Plastic Moulding,Manufacturing,False,False,False,560066::Manufacturing,560066::MYSO,DORMANT,2024-11-14,ENT-00018
KAR-SHOP-BLRU-2015-000012,SHOP,Mysore Mold Solutions,MYSORE MOLD SOLUTIONS,"#215, A Main Road, Whitefield Main Road, Bengaluru Urban, K'taka - 560066",215 A MN RD WHITEFIELD MN RD BANGALORE URBAN K TAKA 560066,Bengaluru Urban,560066,Plastic Moulding,Manufacturing,False,True,False,560066::Manufacturing,560066::MYSO,ACTIVE,2026-02-16,ENT-00018
UDYAM-KR-BLRU-2018-000010,UDYAM,MYSORE MOLD SOLUTIONS,MYSORE MOLD SOLUTIONS,"No. 215, A Mn Rd, Whitefield Mn Rd, Bengaluru Urban, K'taka - 560066",NO 215 A MN RD WHITEFIELD MN RD BANGALORE URBAN K TAKA 560066,Bengaluru Urban,560066,Plastic Moulding,Manufacturing,True,True,False,560066::Manufacturing,560066::MYSO,CLOSED,2023-02-21,ENT-00018
KFBIS-FAC-BLRR-2016-000008,FACTORY,Vea Coatings Works,VEA COATINGS WORKS,"201, B Service Road, Devanahalli, B'luru Rural, K'taka - 562110",201 B SERVICE RD DEVANAHALLI B LURU RURAL K TAKA 562110,Bengaluru Rural,562110,Chemical Blending,Manufacturing,False,False,True,562110::Manufacturing,562110::VEA ,CLOSED,2017-03-08,ENT-00019
GST-KA-BLRR-2017-000014,GST,Veda Coatings Works,VEDA COATINGS WORKS,"No 201, B Service Road, Devanahalli, B'luru Rural, K'taka - 562110",NO 201 B SERVICE RD DEVANAHALLI B LURU RURAL K TAKA 562110,Bengaluru Rural,562110,Chemical Blending,Manufacturing,False,False,True,562110::Manufacturing,562110::VEDA,DORMANT,2024-01-02,ENT-00019
PCB/BLRR/CTE/2018/00009,KSPCB,Veda Coatings Works,VEDA COATINGS WORKS,"No. 201, B Service Road, Devanahalli, Bangalore Rural, KA - 562110",NO 201 B SERVICE RD DEVANAHALLI BANGALORE RURAL KA 562110,Bengaluru Rural,562110,Chemical Blending,Manufacturing,False,False,True,562110::Manufacturing,562110::VEDA,ACTIVE,2026-02-20,ENT-00019
KAR-SHOP-BLRR-2016-000013,SHOP,Veda Coatings Works,VEDA COATINGS WORKS,"201, B Service Road, Devanahalli, B'luru Rural, Karnataka",201 B SERVICE RD DEVANAHALLI B LURU RURAL KARNATAKA,Bengaluru Rural,562110,Chemical Blending,Manufacturing,False,False,False,562110::Manufacturing,562110::VEDA,CLOSED,2016-06-26,ENT-00019
KFBIS-FAC-BLRU-2019-000009,FACTORY,Navya Devices Co,NAVYA DEVICES,"#51, A Behind Metro, Bommanahalli, B'luru Urban, KA - 560068",51 A BEHIND METRO BOMMANAHALLI B LURU URBAN KA 560068,Bengaluru Urban,560068,Electronics Assembly,Manufacturing,False,False,True,560068::Manufacturing,560068::NAVY,CLOSED,2020-02-09,ENT-00020
GST-KA-BLRU-2021-000015,GST,Navya Devices Co,NAVYA DEVICES,"No. 51, A Behind Metro, Bommanahalli, Bangalore Urban, Karnataka - 560068",NO 51 A BEHIND METRO BOMMANAHALLI BANGALORE URBAN KARNATAKA 560068,Bengaluru Urban,560068,Electronics Assembly,Manufacturing,True,True,False,560068::Manufacturing,560068::NAVY,DORMANT,2024-09-22,ENT-00020
UDYAM-KR-BLRU-2016-000011,UDYAM,NAVYA DEVICES CO,NAVYA DEVICES,"#51, A Behind Metro, Bommanahalli, B'luru Urban, KA - 560068",51 A BEHIND METRO BOMMANAHALLI B LURU URBAN KA 560068,Bengaluru Urban,560058,Electronics Assembly,Manufacturing,True,False,True,560058::Manufacturing,560058::NAVY,CLOSED,2018-12-28,ENT-00020
GST-KA-MYS-2022-000016,GST,Prakruthi Packaging Solutions,PRAKRUTHI PACKAGING SOLUTIONS,"#45, A Service Road, Hebbal Industrial Area, Mysuru, K'taka - 570016",45 A SERVICE RD HEBBAL IND AREA MYSURU K TAKA 570016,Mysuru,570016,Printing / Packaging,Manufacturing,True,False,True,570016::Manufacturing,570016::PRAK,DORMANT,2024-08-04,ENT-00021
PCB/MYS/CTO/2016/00010,KSPCB,M/S Prakruthi Packaging Solutions,PRAKRUTHI PACKAGING SOLUTIONS,"#45, A Service Road, Hebbal Industrial Estate, Mysuru, Karnataka - 570016",45 A SERVICE RD HEBBAL IND ESTATE MYSURU KARNATAKA 570016,Mysuru,570016,Printing / Packaging,Manufacturing,True,False,True,570016::Manufacturing,570016::PRAK,CLOSED,2017-10-26,ENT-00021
LAB-KA-MYS-2015-000009,LABOUR,M/S Praruthi Packaging Solutions,PRARUTHI PACKAGING SOLUTIONS,"No 45, A Service Road, Hebbal Industrial Estate, Mysuru, K'taka - 570016",NO 45 A SERVICE RD HEBBAL IND ESTATE MYSURU K TAKA 570016,Mysuru,570016,Printing / Packaging,Manufacturing,True,False,False,570016::Manufacturing,570016::PRAR,CLOSED,2017-01-12,ENT-00021
KFBIS-FAC-MYS-2023-000010,FACTORY,Ravi Plastics Works,RAVI PLASTICS WORKS,"65, B Near Bus Stop, Hebbal Industrial Area, Mysuru, KA - 570016",65 B NEAR BUS STOP HEBBAL IND AREA MYSURU KA 570016,Mysuru,570016,Plastic Moulding,Manufacturing,False,True,True,570016::Manufacturing,570016::RAVI,DORMANT,2025-03-07,ENT-00022
PCB/MYS/CTE/2021/00011,KSPCB,Ravi Plastics Works,RAVI PLASTICS WORKS,"#65, B Near Bus Stop, Hebbal Industrial Estate, Mysuru, KA - 570016",65 B NEAR BUS STOP HEBBAL IND ESTATE MYSURU KA 570016,Mysuru,570016,Plastic Moulding,Manufacturing,False,False,True,570016::Manufacturing,570016::RAVI,DORMANT,2024-04-23,ENT-00022
LAB-KA-MYS-2024-000010,LABOUR,Ravi Plastics Works,RAVI PLASTICS WORKS,"65, B Near Bus Stop, Hebbal Industrial Estate, Mysuru, KA - 570016",65 B NEAR BUS STOP HEBBAL IND ESTATE MYSURU KA 570016,Mysuru,570016,Plastic Moulding,Manufacturing,False,True,False,570016::Manufacturing,570016::RAVI,DORMANT,2024-08-07,ENT-00022
KAR-SHOP-MYS-2015-000014,SHOP,Ravi lastics Works,RAVI LASTICS WORKS,"No. 65, B Near Bus Stop, Hebbal Indl Area, Mysuru, KA",NO 65 B NEAR BUS STOP HEBBAL INDL AREA MYSURU KA,Mysuru,570016,Plastic Moulding,Manufacturing,True,True,False,570016::Manufacturing,570016::RAVI,CLOSED,2021-10-30,ENT-00022
BBMP-TL-BOMM-2019-000008,BBMP,Sri Devices Slutions,SRI DEVICES SLUTIONS,"#104, Shed Industrial Layout, HSR Layout, Bangalore Urban, Karnataka - 560102",104 SHED IND LAYOUT HSR LAYOUT BANGALORE URBAN KARNATAKA 560102,Bengaluru Urban,560102,Electronics Assembly,Manufacturing,True,False,False,560102::Manufacturing,560102::SRI ,CLOSED,2020-11-23,ENT-00023
KFBIS-FAC-BLRU-2021-000011,FACTORY,M/S Sri Devices Solutions,SRI DEVICES SOLUTIONS,"104, Shed Industrial Layout, HSR Layout, B'luru Urban, Karnataka - 560102",104 SHED IND LAYOUT HSR LAYOUT B LURU URBAN KARNATAKA 560102,Bengaluru Urban,560102,Electronics Assembly,Manufacturing,False,False,False,560102::Manufacturing,560102::SRI ,ACTIVE,2026-01-08,ENT-00023
GST-KA-BLRU-2017-000017,GST,Sri Devices Solutions,SRI DEVICES SOLUTIONS,"104, Shed Industrial Layout, HSR Layout, B'luru Urban, KA - 560102",104 SHED IND LAYOUT HSR LAYOUT B LURU URBAN KA 560102,Bengaluru Urban,560102,Electronics Assembly,Manufacturing,True,True,False,560102::Manufacturing,560102::SRI ,CLOSED,2021-06-22,ENT-00023
LAB-KA-BLRU-2024-000011,LABOUR,Sri Devices Solutions,SRI DEVICES SOLUTIONS,"No. 104, Shed Industrial Layout, HSR Layout, Bengaluru Urban, KA - 560102",NO 104 SHED IND LAYOUT HSR LAYOUT BANGALORE URBAN KA 560102,Bengaluru Urban,560102,Electronics Assembly,Manufacturing,False,True,False,560102::Manufacturing,560102::SRI ,ACTIVE,2025-09-07,ENT-00023
KAR-SHOP-BLRU-2025-000015,SHOP,Sri Devices Solutions,SRI DEVICES SOLUTIONS,"No. 104, Shed Industrial Layout, HSR Layout, Bengaluru Urban, Karnataka - 560102",NO 104 SHED IND LAYOUT HSR LAYOUT BANGALORE URBAN KARNATAKA 560102,Bengaluru Urban,560102,Electronics Assembly,Manufacturing,False,True,False,560102::Manufacturing,560102::SRI ,ACTIVE,2026-03-21,ENT-00023
UDYAM-KR-BLRU-2025-000012,UDYAM,Sri Devices Solutions,SRI DEVICES SOLUTIONS,"104, Shed Industrial Layout, HSR Layout, B'luru Urban, Karnataka - 560102",104 SHED IND LAYOUT HSR LAYOUT B LURU URBAN KARNATAKA 560102,Bengaluru Urban,560102,Electronics Assembly,Manufacturing,True,True,False,560102::Manufacturing,560102::SRI ,ACTIVE,2025-11-30,ENT-00023
GST-KA-BLRU-2018-000018,GST,SREE SOLUTIONS,SREE SOLUTIONS,"101, A Extension, Banashankari, Bengaluru Urban, KA",101 A EXTENSION BANASHANKARI BANGALORE URBAN KA,Bengaluru Urban,560085,Food Processing,Manufacturing,True,False,False,560085::Manufacturing,560085::SREE,ACTIVE,2025-11-12,ENT-00024
LAB-KA-BLRU-2015-000012,LABOUR,M/S Sree Solutions,SREE SOLUTIONS,"#101, A Extension, Banashankari, Bangalore Urban, KA - 560085",101 A EXTENSION BANASHANKARI BANGALORE URBAN KA 560085,Bengaluru Urban,560085,Food Processing,Manufacturing,True,False,True,560085::Manufacturing,560085::SREE,DORMANT,2024-10-16,ENT-00024
KAR-SHOP-BLRU-2018-000016,SHOP,Sree Solutions,SREE SOLUTIONS,"#101, A Extension, Banashankari, B'luru Urban, KA - 560085",101 A EXTENSION BANASHANKARI B LURU URBAN KA 560085,Bengaluru Urban,560085,Food Processing,Manufacturing,False,False,False,560085::Manufacturing,560085::SREE,CLOSED,2021-10-15,ENT-00024
BBMP-TL-WEST-2020-000009,BBMP,Harsha Biryani Works,HARSHA BIRYANI WORKS,"No. 136, C 1st Cr, Rajajinagar Industrial Suburb, B'luru Urban, K'taka - 560059",NO 136 C 1ST CR RAJAJINAGAR IND SUBURB B LURU URBAN K TAKA 560059,Bengaluru Urban,560024,Restaurant / Cafe,Service,False,True,False,560024::Service,560024::HARS,CLOSED,2025-11-10,ENT-00025
KFBIS-FAC-BLRU-2025-000012,FACTORY,Harsha Biryani Works,HARSHA BIRYANI WORKS,"136, C 1st Crs, Rajajinagar Industrial Suburb, B'luru Urban, KA - 560059",136 C 1ST CRS RAJAJINAGAR IND SUBURB B LURU URBAN KA 560059,Bengaluru Urban,560059,Restaurant / Cafe,Service,False,False,False,560059::Service,560059::HARS,ACTIVE,2026-02-12,ENT-00025
LAB-KA-BLRU-2016-000013,LABOUR,M/S Harsha Biryni Works,HARSHA BIRYNI WORKS,"#136, C 1st Cr, Rajajinagar Industrial Suburb, B'luru Urban, K'taka",136 C 1ST CR RAJAJINAGAR IND SUBURB B LURU URBAN K TAKA,Bengaluru Urban,560059,Restaurant / Cafe,Service,True,False,True,560059::Service,560059::HARS,CLOSED,2021-05-15,ENT-00025
KAR-SHOP-BLRU-2022-000017,SHOP,Harsha Biryani Works,HARSHA BIRYANI WORKS,"No. 136, C 1st Cross, Rajajinagar Industrial Suburb, B'luru Urban, Karnataka",NO 136 C 1ST CRS RAJAJINAGAR IND SUBURB B LURU URBAN KARNATAKA,Bengaluru Urban,560059,Restaurant / Cafe,Service,True,False,False,560059::Service,560059::HARS,CLOSED,2023-01-02,ENT-00025
KFBIS-FAC-BLRU-2025-000013,FACTORY,Bangalore Moulding Associates,BANGALORE MOULDING ASSOCIATES,"266, Shed Sector, Bommanahalli, B'luru Urban, K'taka - 560068",266 SHED SECTOR BOMMANAHALLI B LURU URBAN K TAKA 560068,Bengaluru Urban,560068,Plastic Moulding,Manufacturing,False,False,True,560068::Manufacturing,560068::BANG,ACTIVE,2026-04-26,ENT-00026
GST-KA-BLRU-2023-000019,GST,Bangalore Moulding Assocites,BANGALORE MOULDING ASSOCITES,"266, Shed Sector, Bommanahalli, B'luru Urban, Karnataka - 560068",266 SHED SECTOR BOMMANAHALLI B LURU URBAN KARNATAKA 560068,Bengaluru Urban,560068,Plastic Moulding,Manufacturing,True,False,True,560068::Manufacturing,560068::BANG,ACTIVE,2026-01-20,ENT-00026
PCB/BLRU/CTO/2024/00012,KSPCB,Bangalore Moulding Associates,BANGALORE MOULDING ASSOCIATES,"266, Shed Sector, Bommanahalli, Bangalore Urban, Karnataka - 560068",266 SHED SECTOR BOMMANAHALLI BANGALORE URBAN KARNATAKA 560068,Bengaluru Urban,560068,Plastic Moulding,Manufacturing,True,False,True,560068::Manufacturing,560068::BANG,ACTIVE,2025-05-25,ENT-00026
LAB-KA-BLRU-2024-000014,LABOUR,Bangalore Moulding Associates,BANGALORE MOULDING ASSOCIATES,"266, Shed Sector, Bommanahalli, Bangalore Urban, KA - 560068",266 SHED SECTOR BOMMANAHALLI BANGALORE URBAN KA 560068,Bengaluru Urban,560068,Plastic Moulding,Manufacturing,False,False,True,560068::Manufacturing,560068::BANG,ACTIVE,2026-01-10,ENT-00026
KAR-SHOP-BLRU-2022-000018,SHOP,Bangalore Moulding Associates,BANGALORE MOULDING ASSOCIATES,"266, Shed Sector, Bommanahalli, B'luru Urban, Karnataka - 560068",266 SHED SECTOR BOMMANAHALLI B LURU URBAN KARNATAKA 560068,Bengaluru Urban,560068,Plastic Moulding,Manufacturing,False,False,True,560068::Manufacturing,560068::BANG,CLOSED,2022-08-18,ENT-00026
UDYAM-KR-BLRU-2018-000013,UDYAM,Bangalore Moulding Associates,BANGALORE MOULDING ASSOCIATES,"No. 266, Shed Sector, Bommanahalli, Bangalore Urban, Karnataka - 560068",NO 266 SHED SECTOR BOMMANAHALLI BANGALORE URBAN KARNATAKA 560068,Bengaluru Urban,560043,Plastic Moulding,Manufacturing,True,False,True,560043::Manufacturing,560043::BANG,DORMANT,2024-06-28,ENT-00026
KFBIS-FAC-BLRU-2016-000014,FACTORY,Sree Electronics Industries,SREE ELECTRONICS INDUSTRIES,"50, B Industrial Layout, Rajajinagar Industrial Suburb, Bangalore Urban, KA - 560059",50 B IND LAYOUT RAJAJINAGAR IND SUBURB BANGALORE URBAN KA 560059,Bengaluru Urban,560059,Electronics Assembly,Manufacturing,False,False,False,560059::Manufacturing,560059::SREE,CLOSED,2019-12-05,ENT-00027
GST-KA-BLRU-2017-000020,GST,Sree Elec Inds,SREE ELEC INDS,"No. 50, B Industrial Layout, Rajajinagar Industrial Suburb, B'luru Urban, Karnataka - 560059",NO 50 B IND LAYOUT RAJAJINAGAR IND SUBURB B LURU URBAN KARNATAKA 560059,Bengaluru Urban,560059,Electronics Assembly,Manufacturing,True,False,True,560059::Manufacturing,560059::SREE,CLOSED,2021-04-19,ENT-00027
BBMP-TL-NORT-2025-000010,BBMP,Bangalore Solutions,BANGALORE SOLUTIONS,"108, B Near Bus Stop, Hebbal Industrial Area, Mysuru, Karnataka - 570016",108 B NEAR BUS STOP HEBBAL IND AREA MYSURU KARNATAKA 570016,Mysuru,570016,Pharmacy / Medical Retail,Retail,False,False,False,570016::Retail,570016::BANG,ACTIVE,2025-08-19,ENT-00028
KAR-SHOP-MYS-2025-000019,SHOP,Bangalore Solutions,BANGALORE SOLUTIONS,"No. 108, B Near Bus Stop, Hebbal Industrial Estate, Mysuru, Karnataka - 570016",NO 108 B NEAR BUS STOP HEBBAL IND ESTATE MYSURU KARNATAKA 570016,Mysuru,570016,Pharmacy / Medical Retail,Retail,False,False,False,570016::Retail,570016::BANG,ACTIVE,2025-12-25,ENT-00028
KFBIS-FAC-BLRU-2019-000015,FACTORY,Asha Co,ASHA,"No 177, C 2nd Main, Yelahanka, Bangalore Urban, K'taka - 560064",NO 177 C 2ND MN YELAHANKA BANGALORE URBAN K TAKA 560064,Bengaluru Urban,560064,Textile / Garments,Manufacturing,False,False,False,560064::Manufacturing,560064::ASHA,ACTIVE,2026-01-06,ENT-00029
GST-KA-BLRU-2025-000021,GST,Asha Co,ASHA,"No. 177, C 2nd Main, Yelahanka, Bangalore Urban, KA",NO 177 C 2ND MN YELAHANKA BANGALORE URBAN KA,Bengaluru Urban,560064,Textile / Garments,Manufacturing,True,True,False,560064::Manufacturing,560064::ASHA,ACTIVE,2025-12-22,ENT-00029
UDYAM-KR-BLRU-2019-000014,UDYAM,Asha Co,ASHA,"177, C 2nd Main, Yelahanka, B'luru Urban, KA - 560064",177 C 2ND MN YELAHANKA B LURU URBAN KA 560064,Bengaluru Urban,560064,Textile / Garments,Manufacturing,True,False,False,560064::Manufacturing,560064::ASHA,CLOSED,2021-10-17,ENT-00029
KFBIS-FAC-BLRR-2022-000016,FACTORY,Bharath Garments Traders,BHARATH GARMENTS TRADERS,"#18, Plot Extension, Devanahalli, Bengaluru Rural, K'taka - 562110",18 PLOT EXTENSION DEVANAHALLI BANGALORE RURAL K TAKA 562110,Bengaluru Rural,562110,Textile / Garments,Manufacturing,True,False,True,562110::Manufacturing,562110::BHAR,DORMANT,2023-06-26,ENT-00030
GST-KA-BLRR-2020-000022,GST,BHARATH GARMENTS TRADERS,BHARATH GARMENTS TRADERS,"18, Plot Extension, Devanahalli, Bengaluru Rural, Karnataka - 562110",18 PLOT EXTENSION DEVANAHALLI BANGALORE RURAL KARNATAKA 562110,Bengaluru Rural,562110,Textile / Garments,Manufacturing,True,True,False,562110::Manufacturing,562110::BHAR,DORMANT,2024-07-06,ENT-00030
LAB-KA-BLRR-2018-000015,LABOUR,M/S Bharath Garments Traders,BHARATH GARMENTS TRADERS,"#18, Plot Extension, Devanahalli, Bangalore Rural, KA - 562110",18 PLOT EXTENSION DEVANAHALLI BANGALORE RURAL KA 562110,Bengaluru Rural,562110,Textile / Garments,Manufacturing,True,False,True,562110::Manufacturing,562110::BHAR,ACTIVE,2025-05-04,ENT-00030
KAR-SHOP-BLRR-2017-000020,SHOP,Bharath Garments Traders,BHARATH GARMENTS TRADERS,"18, Plot Extension, Devanahalli, Bengaluru Rural, K'taka - 562110",18 PLOT EXTENSION DEVANAHALLI BANGALORE RURAL K TAKA 562110,Bengaluru Rural,562110,Textile / Garments,Manufacturing,True,False,False,562110::Manufacturing,562110::BHAR,DORMANT,2025-02-18,ENT-00030
UDYAM-KR-BLRR-2019-000015,UDYAM,M/S Bharath Garments Traders,BHARATH GARMENTS TRADERS,"18, Plot Extension, Devanahalli, Bangalore Rural, K'taka - 562110",18 PLOT EXTENSION DEVANAHALLI BANGALORE RURAL K TAKA 562110,Bengaluru Rural,562110,Textile / Garments,Manufacturing,True,True,False,562110::Manufacturing,562110::BHAR,CLOSED,2020-04-20,ENT-00030
KFBIS-FAC-BLRU-2015-000017,FACTORY,Mysore Enterprises,MYSORE ENTERPRISES,"No. 256, B Mn Rd, HSR Layout, B'luru Urban, Karnataka - 560102",NO 256 B MN RD HSR LAYOUT B LURU URBAN KARNATAKA 560102,Bengaluru Urban,560102,Machine Tools,Manufacturing,True,False,False,560102::Manufacturing,560102::MYSO,CLOSED,2020-07-02,ENT-00031
GST-KA-BLRU-2016-000023,GST,M/S Mysore Enterprises,MYSORE ENTERPRISES,"No. 256, B Main Rd, HSR Layout, B'luru Urban, Karnataka - 560102",NO 256 B MN RD HSR LAYOUT B LURU URBAN KARNATAKA 560102,Bengaluru Urban,560102,Machine Tools,Manufacturing,True,True,False,560102::Manufacturing,560102::MYSO,CLOSED,2020-05-27,ENT-00031
PCB/BLRU/CTE/2018/00013,KSPCB,Mysore Enterprises,MYSORE ENTERPRISES,"No 256, B Main Rd, HSR Layout, Bengaluru Urban, K'taka - 560102",NO 256 B MN RD HSR LAYOUT BANGALORE URBAN K TAKA 560102,Bengaluru Urban,560102,Machine Tools,Manufacturing,False,False,False,560102::Manufacturing,560102::MYSO,CLOSED,2022-03-19,ENT-00031
LAB-KA-BLRU-2025-000016,LABOUR,Mysore Enterprises,MYSORE ENTERPRISES,"No. 256, B Main Road, HSR Layout, Bengaluru Urban, Karnataka - 560102",NO 256 B MN RD HSR LAYOUT BANGALORE URBAN KARNATAKA 560102,Bengaluru Urban,560102,Machine Tools,Manufacturing,True,False,False,560102::Manufacturing,560102::MYSO,ACTIVE,2026-02-03,ENT-00031
KAR-SHOP-BLRU-2016-000021,SHOP,M/S Mysore Entp,MYSORE ENTP,"No 256, B Mn Rd, HSR Layout, Bengaluru Urban, Karnataka - 560102",NO 256 B MN RD HSR LAYOUT BANGALORE URBAN KARNATAKA 560102,Bengaluru Urban,560102,Machine Tools,Manufacturing,False,False,False,560102::Manufacturing,560102::MYSO,CLOSED,2020-02-11,ENT-00031
UDYAM-KR-BLRU-2023-000016,UDYAM,MYSORE ENTP,MYSORE ENTP,"256, B Main Road, HSR Layout, Bangalore Urban, KA - 560102",256 B MN RD HSR LAYOUT BANGALORE URBAN KA 560102,Bengaluru Urban,560102,Machine Tools,Manufacturing,True,True,False,560102::Manufacturing,560102::MYSO,ACTIVE,2025-11-19,ENT-00031
GST-KA-BLRR-2019-000024,GST,OMKAR LLP,OMKAR,"161, Shed Near Bus Stop, Doddaballapura, Bangalore Rural, KA - 561203",161 SHED NEAR BUS STOP DODDABALLAPURA BANGALORE RURAL KA 561203,Bengaluru Rural,561203,Pharmacy / Medical Retail,Retail,True,True,True,561203::Retail,561203::OMKA,CLOSED,2022-06-06,ENT-00032
LAB-KA-BLRR-2021-000017,LABOUR,Omkar LLP,OMKAR,"161, Shed Near Bus Stop, Doddaballapura, B'luru Rural, KA - 561203",161 SHED NEAR BUS STOP DODDABALLAPURA B LURU RURAL KA 561203,Bengaluru Rural,561203,Pharmacy / Medical Retail,Retail,True,True,True,561203::Retail,561203::OMKA,DORMANT,2024-03-21,ENT-00032
KAR-SHOP-BLRR-2022-000022,SHOP,Omkar LLP,OMKAR,"No. 161, Shed Near Bus Stop, Doddaballapura, Bangalore Rural, Karnataka - 561203",NO 161 SHED NEAR BUS STOP DODDABALLAPURA BANGALORE RURAL KARNATAKA 561203,Bengaluru Rural,561203,Pharmacy / Medical Retail,Retail,False,True,False,561203::Retail,561203::OMKA,ACTIVE,2025-09-19,ENT-00032
GST-KA-MYS-2015-000025,GST,Deccan Industries,DECCAN INDUSTRIES,"No. 125, D Industrial Layout, Nanjangud Road, Mysuru, Karnataka - 570018",NO 125 D IND LAYOUT NANJANGUD RD MYSURU KARNATAKA 570018,Mysuru,570001,Textile / Garments,Manufacturing,True,True,False,570001::Manufacturing,570001::DECC,ACTIVE,2026-01-23,ENT-00033
LAB-KA-MYS-2021-000018,LABOUR,Deccan Industries,DECCAN INDUSTRIES,"No. 125, D Industrial Layout, Nanjangud Road, Mysuru, K'taka - 570018",NO 125 D IND LAYOUT NANJANGUD RD MYSURU K TAKA 570018,Mysuru,570018,Textile / Garments,Manufacturing,False,True,False,570018::Manufacturing,570018::DECC,DORMANT,2023-07-13,ENT-00033
KAR-SHOP-MYS-2021-000023,SHOP,Deccan Industries,DECCAN INDUSTRIES,"No. 125, D Industrial Layout, Nanjangud Road, Mysuru, KA - 570018",NO 125 D IND LAYOUT NANJANGUD RD MYSURU KA 570018,Mysuru,570018,Textile / Garments,Manufacturing,False,False,False,570018::Manufacturing,570018::DECC,CLOSED,2022-02-24,ENT-00033
UDYAM-KR-MYS-2017-000017,UDYAM,M/S Deccan Industries,DECCAN INDUSTRIES,"125, D Industrial Layout, Nanjangud Road, Mysuru, K'taka",125 D IND LAYOUT NANJANGUD RD MYSURU K TAKA,Mysuru,570018,Textile / Garments,Manufacturing,True,True,False,570018::Manufacturing,570018::DECC,CLOSED,2024-01-29,ENT-00033
GST-KA-BLRU-2018-000026,GST,M/S Nandi Cargo Co,NANDI CARGO,"No 2, A Near Bus Stop, Banashankari, B'luru Urban, K'taka - 560085",NO 2 A NEAR BUS STOP BANASHANKARI B LURU URBAN K TAKA 560085,Bengaluru Urban,560085,Logistics / Warehouse,Service,True,True,False,560085::Service,560085::NAND,CLOSED,2020-07-20,ENT-00034
UDYAM-KR-BLRU-2019-000018,UDYAM,Nandi Cargo Company,NANDI CARGO,"2, A Near Bus Stop, Banashankari, Bangalore Urban, KA - 560085",2 A NEAR BUS STOP BANASHANKARI BANGALORE URBAN KA 560085,Bengaluru Urban,560085,Logistics / Warehouse,Service,False,False,False,560085::Service,560085::NAND,CLOSED,2025-02-03,ENT-00034
GST-KA-BLRU-2024-000027,GST,Kaveri Components Pvt Ltd,KAVERI COMPONENTS,"#106, Plot Behind Metro, HSR Layout, Bengaluru Urban, K'taka - 560102",106 PLOT BEHIND METRO HSR LAYOUT BANGALORE URBAN K TAKA 560102,Bengaluru Urban,560102,Electronics Assembly,Manufacturing,False,False,False,560102::Manufacturing,560102::KAVE,ACTIVE,2025-06-13,ENT-00035
PCB/BLRU/CTO/2020/00014,KSPCB,M/S Kaveri Components Pvt Ltd,KAVERI COMPONENTS,"106, Plot Behind Metro, HSR Layout, B'luru Urban, K'taka - 560102",106 PLOT BEHIND METRO HSR LAYOUT B LURU URBAN K TAKA 560102,Bengaluru Urban,560102,Electronics Assembly,Manufacturing,False,False,False,560102::Manufacturing,560102::KAVE,CLOSED,2021-01-21,ENT-00035
KAR-SHOP-BLRU-2022-000024,SHOP,Kaveri Components Pvt. Ltd.,KAVERI COMPONENTS,"No 106, Plot Behind Metro, HSR Layout, Bengaluru Urban, Karnataka - 560102",NO 106 PLOT BEHIND METRO HSR LAYOUT BANGALORE URBAN KARNATAKA 560102,Bengaluru Urban,560102,Electronics Assembly,Manufacturing,False,False,False,560102::Manufacturing,560102::KAVE,CLOSED,2022-08-18,ENT-00035
UDYAM-KR-BLRU-2025-000019,UDYAM,M/S KAVERI COMPONENTS PVT. LTD.,KAVERI COMPONENTS,"#106, Plot Behind Metro, HSR Layout, B'luru Urban, Karnataka - 560102",106 PLOT BEHIND METRO HSR LAYOUT B LURU URBAN KARNATAKA 560102,Bengaluru Urban,560102,Electronics Assembly,Manufacturing,False,False,False,560102::Manufacturing,560102::KAVE,CLOSED,2025-07-30,ENT-00035
GST-KA-TUM-2015-000028,GST,NANDI STORES LLP,NANDI STORES,"4, Main Road, BH Road, Tumakuru, KA - 572101",4 MN RD BH RD TUMAKURU KA 572101,Tumakuru,572101,Logistics / Warehouse,Service,True,True,False,572101::Service,572101::NAND,CLOSED,2017-03-02,ENT-00036
LAB-KA-TUM-2020-000019,LABOUR,M/S Nandi Stores LLP,NANDI STORES,"#4, Main Road, BH Road, Tumakuru, Karnataka - 572101",4 MN RD BH RD TUMAKURU KARNATAKA 572101,Tumakuru,572101,Logistics / Warehouse,Service,False,False,False,572101::Service,572101::NAND,CLOSED,2020-06-07,ENT-00036
KFBIS-FAC-BLRR-2025-000018,FACTORY,M/S Kaveri Cafe LLP,KAVERI CAFE,"144, Mn Rd, Hoskote, Bangalore Rural, KA - 562114",144 MN RD HOSKOTE BANGALORE RURAL KA 562114,Bengaluru Rural,562114,Restaurant / Cafe,Service,False,True,True,562114::Service,562114::KAVE,ACTIVE,2025-12-30,ENT-00037
GST-KA-BLRR-2024-000029,GST,M/S Kaveri Cafe LLP,KAVERI CAFE,"No. 144, Mn Rd, Hoskote, Bangalore Rural, K'taka - 562114",NO 144 MN RD HOSKOTE BANGALORE RURAL K TAKA 562114,Bengaluru Rural,562114,Restaurant / Cafe,Service,True,True,True,562114::Service,562114::KAVE,DORMANT,2025-03-09,ENT-00037
KAR-SHOP-BLRR-2024-000025,SHOP,Kaveri Cafe LLP,KAVERI CAFE,"144, Mn Rd, Hoskote, Bangalore Rural, K'taka - 562114",144 MN RD HOSKOTE BANGALORE RURAL K TAKA 562114,Bengaluru Rural,562114,Restaurant / Cafe,Service,True,False,False,562114::Service,562114::KAVE,ACTIVE,2025-06-12,ENT-00037
GST-KA-BLRU-2021-000030,GST,Meghana Bites Associates,MEGHANA BITES ASSOCIATES,"#2, D Sector, Banashankari, Bangalore Urban, KA - 560085",2 D SECTOR BANASHANKARI BANGALORE URBAN KA 560085,Bengaluru Urban,560085,Restaurant / Cafe,Service,True,True,False,560085::Service,560085::MEGH,CLOSED,2023-04-06,ENT-00038
KAR-SHOP-BLRU-2018-000026,SHOP,M/S Meghana Bites Associates,MEGHANA BITES ASSOCIATES,"No. 2, D Sector, Banashankari, B'luru Urban, Karnataka - 560085",NO 2 D SECTOR BANASHANKARI B LURU URBAN KARNATAKA 560085,Bengaluru Urban,560085,Restaurant / Cafe,Service,False,False,False,560085::Service,560085::MEGH,CLOSED,2020-09-28,ENT-00038
UDYAM-KR-BLRU-2025-000020,UDYAM,Meghana Bites Associates,MEGHANA BITES ASSOCIATES,"No 2, D Sector, Banashankari, B'luru Urban, Karnataka - 560085",NO 2 D SECTOR BANASHANKARI B LURU URBAN KARNATAKA 560085,Bengaluru Urban,560085,Restaurant / Cafe,Service,True,True,False,560085::Service,560085::MEGH,ACTIVE,2025-12-11,ENT-00038
KFBIS-FAC-BLRU-2022-000019,FACTORY,Nisarga Industrial Co,NISARGA INDUSTRIAL,"#203, C Service Road, Hebbal, Bengaluru Urban, Karnataka - 560024",203 C SERVICE RD HEBBAL BANGALORE URBAN KARNATAKA 560024,Bengaluru Urban,560024,Chemical Blending,Manufacturing,True,True,False,560024::Manufacturing,560024::NISA,DORMANT,2024-03-27,ENT-00039
PCB/BLRU/CTO/2020/00015,KSPCB,Nisarga Industrial Co,NISARGA INDUSTRIAL,"203, C Service Road, Hebbal, Bengaluru Urban, Karnataka - 560024",203 C SERVICE RD HEBBAL BANGALORE URBAN KARNATAKA 560024,Bengaluru Urban,560024,Chemical Blending,Manufacturing,False,True,True,560024::Manufacturing,560024::NISA,ACTIVE,2025-08-11,ENT-00039
BBMP-TL-SOUT-2016-000011,BBMP,M/S Varun Textiles Industries,VARUN TEXTILES INDUSTRIES,"252, B Near Bus Stop, Bommanahalli, Bengaluru Urban, K'taka - 560068",252 B NEAR BUS STOP BOMMANAHALLI BANGALORE URBAN K TAKA 560068,Bengaluru Urban,560043,Textile / Garments,Manufacturing,False,False,False,560043::Manufacturing,560043::VARU,CLOSED,2020-01-27,ENT-00040
GST-KA-BLRU-2018-000031,GST,Varun Textiles Industries,VARUN TEXTILES INDUSTRIES,"No 252, B Near Bus Stop, Bommanahalli, Bengaluru Urban, K'taka - 560068",NO 252 B NEAR BUS STOP BOMMANAHALLI BANGALORE URBAN K TAKA 560068,Bengaluru Urban,560068,Textile / Garments,Manufacturing,False,False,False,560068::Manufacturing,560068::VARU,CLOSED,2021-02-08,ENT-00040
LAB-KA-BLRU-2015-000020,LABOUR,Varun Textiles Industries,VARUN TEXTILES INDUSTRIES,"#252, B Near Bus Stop, Bommanahalli, B'luru Urban, Karnataka - 560068",252 B NEAR BUS STOP BOMMANAHALLI B LURU URBAN KARNATAKA 560068,Bengaluru Urban,560068,Textile / Garments,Manufacturing,False,False,True,560068::Manufacturing,560068::VARU,CLOSED,2021-11-01,ENT-00040
KAR-SHOP-BLRU-2016-000027,SHOP,M/S Varun Textiles Industries,VARUN TEXTILES INDUSTRIES,"#252, B Near Bus Stop, Bommanahalli, Bengaluru Urban, KA - 560068",252 B NEAR BUS STOP BOMMANAHALLI BANGALORE URBAN KA 560068,Bengaluru Urban,560068,Textile / Garments,Manufacturing,False,False,False,560068::Manufacturing,560068::VARU,CLOSED,2020-11-16,ENT-00040
BBMP-TL-SOUT-2019-000012,BBMP,Meghana Bites Associates,MEGHANA BITES ASSOCIATES,"No. 283, A 1st Crs, Banashankari, Bangalore Urban, KA - 560085",NO 283 A 1ST CRS BANASHANKARI BANGALORE URBAN KA 560085,Bengaluru Urban,560085,Pharmacy / Medical Retail,Retail,False,True,False,560085::Retail,560085::MEGH,CLOSED,2023-04-11,ENT-00041
KAR-SHOP-BLRU-2018-000028,SHOP,Meghana Bites Associates,MEGHANA BITES ASSOCIATES,"No. 283, A 1st Crs, Banashankari, B'luru Urban, Karnataka - 560085",NO 283 A 1ST CRS BANASHANKARI B LURU URBAN KARNATAKA 560085,Bengaluru Urban,560085,Pharmacy / Medical Retail,Retail,False,False,True,560085::Retail,560085::MEGH,DORMANT,2024-11-16,ENT-00041
BBMP-TL-NORT-2025-000013,BBMP,Aditya Circuits Works,ADITYA CIRCUITS WORKS,"157, B Extension, Hebbal Industrial Area, Mysuru, Karnataka - 570016",157 B EXTENSION HEBBAL IND AREA MYSURU KARNATAKA 570016,Mysuru,570016,Electronics Assembly,Manufacturing,False,False,False,570016::Manufacturing,570016::ADIT,ACTIVE,2026-04-15,ENT-00042
GST-KA-MYS-2023-000032,GST,ADITYA CIRCUITS WORKS,ADITYA CIRCUITS WORKS,"157, B Extension, Hebbal Industrial Area, Mysuru, K'taka - 570016",157 B EXTENSION HEBBAL IND AREA MYSURU K TAKA 570016,Mysuru,570016,Electronics Assembly,Manufacturing,True,False,True,570016::Manufacturing,570016::ADIT,DORMANT,2024-03-17,ENT-00042
LAB-KA-MYS-2015-000021,LABOUR,Aditya Circuits Works,ADITYA CIRCUITS WORKS,"No 157, B Extension, Hebbal Industrial Estate, Mysuru, K'taka - 570016",NO 157 B EXTENSION HEBBAL IND ESTATE MYSURU K TAKA 570016,Mysuru,570016,Electronics Assembly,Manufacturing,True,False,False,570016::Manufacturing,570016::ADIT,DORMANT,2023-06-24,ENT-00042
KAR-SHOP-MYS-2025-000029,SHOP,M/S Aditya Circuits Works,ADITYA CIRCUITS WORKS,"No 157, B Extension, Hebbal Indl Area, Mysuru, Karnataka - 570016",NO 157 B EXTENSION HEBBAL INDL AREA MYSURU KARNATAKA 570016,Mysuru,570016,Electronics Assembly,Manufacturing,False,False,True,570016::Manufacturing,570016::ADIT,ACTIVE,2026-01-29,ENT-00042
UDYAM-KR-MYS-2021-000021,UDYAM,Aditya Circuits Works,ADITYA CIRCUITS WORKS,"No. 157, B Extension, Hebbal Industrial Estate, Mysuru, Karnataka - 570016",NO 157 B EXTENSION HEBBAL IND ESTATE MYSURU KARNATAKA 570016,Mysuru,570016,Electronics Assembly,Manufacturing,True,False,False,570016::Manufacturing,570016::ADIT,DORMANT,2024-01-11,ENT-00042
GST-KA-TUM-2018-000033,GST,Kaveri Press Entp,KAVERI PRESS ENTP,"#151, D 2nd Main, BH Road, Tumakuru, Karnataka",151 D 2ND MN BH RD TUMAKURU KARNATAKA,Tumakuru,572101,Printing / Packaging,Manufacturing,True,True,True,572101::Manufacturing,572101::KAVE,CLOSED,2022-01-26,ENT-00043
KAR-SHOP-TUM-2024-000030,SHOP,M/S Kaveri Press Entp,KAVERI PRESS ENTP,"No 151, D 2nd Main, BH Road, Tumakuru, KA - 572101",NO 151 D 2ND MN BH RD TUMAKURU KA 572101,Tumakuru,572101,Printing / Packaging,Manufacturing,False,False,False,572101::Manufacturing,572101::KAVE,ACTIVE,2026-01-01,ENT-00043
UDYAM-KR-TUM-2015-000022,UDYAM,Kaveri Press Enterprises,KAVERI PRESS ENTERPRISES,"No. 151, D 2nd Main, BH Road, Tumakuru, K'taka - 572101",NO 151 D 2ND MN BH RD TUMAKURU K TAKA 572101,Tumakuru,572101,Printing / Packaging,Manufacturing,True,True,True,572101::Manufacturing,572101::KAVE,CLOSED,2019-06-07,ENT-00043
BBMP-TL-NORT-2020-000014,BBMP,Aarohi Solutions,AAROHI SOLUTIONS,"No 37, Behind Metro, Hebbal Indl Area, Mysuru, Karnataka - 570016",NO 37 BEHIND METRO HEBBAL INDL AREA MYSURU KARNATAKA 570016,Mysuru,570016,Pharmacy / Medical Retail,Retail,False,False,True,570016::Retail,570016::AARO,CLOSED,2021-12-03,ENT-00044
GST-KA-MYS-2024-000034,GST,M/S Aarohi Solutions,AAROHI SOLUTIONS,"37, Behind Metro, Hebbal Industrial Area, Mysuru, K'taka - 570016",37 BEHIND METRO HEBBAL IND AREA MYSURU K TAKA 570016,Mysuru,570016,Pharmacy / Medical Retail,Retail,False,False,False,570016::Retail,570016::AARO,ACTIVE,2025-11-03,ENT-00044
UDYAM-KR-MYS-2017-000023,UDYAM,Aarohi Solutions,AAROHI SOLUTIONS,"No. 37, Behind Metro, Hebbal Indl Area, Mysuru, K'taka - 570016",NO 37 BEHIND METRO HEBBAL INDL AREA MYSURU K TAKA 570016,Mysuru,570016,Pharmacy / Medical Retail,Retail,False,False,True,570016::Retail,570016::AARO,CLOSED,2023-02-18,ENT-00044
BBMP-TL-TUMA-2019-000015,BBMP,Bangalore Garments Solutions,BANGALORE GARMENTS SOLUTIONS,"#232, A Behind Metro, Antharasanahalli Industrial Area, Tumakuru, KA - 572106",232 A BEHIND METRO ANTHARASANAHALLI IND AREA TUMAKURU KA 572106,Tumakuru,572106,Textile / Garments,Manufacturing,False,False,False,572106::Manufacturing,572106::BANG,CLOSED,2021-02-16,ENT-00045
KFBIS-FAC-TUM-2018-000020,FACTORY,Bangalore Garments Solutions,BANGALORE GARMENTS SOLUTIONS,"#232, A Behind Metro, Antharasanahalli Indl Area, Tumakuru, KA - 572106",232 A BEHIND METRO ANTHARASANAHALLI INDL AREA TUMAKURU KA 572106,Tumakuru,572106,Textile / Garments,Manufacturing,False,False,False,572106::Manufacturing,572106::BANG,DORMANT,2023-12-15,ENT-00045
GST-KA-TUM-2019-000035,GST,Bangalore Garments Solutions,BANGALORE GARMENTS SOLUTIONS,"232, A Behind Metro, Antharasanahalli Industrial Estate, Tumakuru, Karnataka - 572106",232 A BEHIND METRO ANTHARASANAHALLI IND ESTATE TUMAKURU KARNATAKA 572106,Tumakuru,572106,Textile / Garments,Manufacturing,False,False,False,572106::Manufacturing,572106::BANG,DORMANT,2024-03-18,ENT-00045
PCB/TUM/CTE/2016/00016,KSPCB,Bangalore Garmens Solutions,BANGALORE GARMENS SOLUTIONS,"No 232, A Behind Metro, Antharasanahalli Industrial Area, Tumakuru, K'taka - 572106",NO 232 A BEHIND METRO ANTHARASANAHALLI IND AREA TUMAKURU K TAKA 572106,Tumakuru,572106,Textile / Garments,Manufacturing,False,False,False,572106::Manufacturing,572106::BANG,CLOSED,2023-03-06,ENT-00045
LAB-KA-TUM-2015-000022,LABOUR,Bangalore Garments Solutions,BANGALORE GARMENTS SOLUTIONS,"No 232, A Behind Metro, Antharasanahalli Industrial Estate, Tumakuru, K'taka",NO 232 A BEHIND METRO ANTHARASANAHALLI IND ESTATE TUMAKURU K TAKA,Tumakuru,572106,Textile / Garments,Manufacturing,False,False,False,572106::Manufacturing,572106::BANG,CLOSED,2025-09-30,ENT-00045
KAR-SHOP-TUM-2017-000031,SHOP,Bangalore Garments Solutions,BANGALORE GARMENTS SOLUTIONS,"No. 232, A Behind Metro, Antharasanahalli Industrial Area, Tumakuru, KA - 572106",NO 232 A BEHIND METRO ANTHARASANAHALLI IND AREA TUMAKURU KA 572106,Tumakuru,572106,Textile / Garments,Manufacturing,False,False,False,572106::Manufacturing,572106::BANG,ACTIVE,2025-06-08,ENT-00045
UDYAM-KR-TUM-2025-000024,UDYAM,Bangalore Garments Solutions,BANGALORE GARMENTS SOLUTIONS,"No 232, A Behind Metro, Antharasanahalli Industrial Area, Tumakuru, Karnataka - 572106",NO 232 A BEHIND METRO ANTHARASANAHALLI IND AREA TUMAKURU KARNATAKA 572106,Tumakuru,572106,Textile / Garments,Manufacturing,False,False,False,572106::Manufacturing,572106::BANG,ACTIVE,2026-01-30,ENT-00045
GST-KA-BLRU-2018-000036,GST,Ravi LLP,RAVI,"No 232, Shed Industrial Layout, Kalyan Nagar, Bengaluru Urban, K'taka - 560043",NO 232 SHED IND LAYOUT KALYAN NAGAR BANGALORE URBAN K TAKA 560043,Bengaluru Urban,560043,Pharmacy / Medical Retail,Retail,True,True,False,560043::Retail,560043::RAVI,CLOSED,2021-10-04,ENT-00046
KAR-SHOP-BLRU-2023-000032,SHOP,Ravi LLP,RAVI,"232, Shed Industrial Layout, Kalyan Nagar, Bengaluru Urban, KA - 560043",232 SHED IND LAYOUT KALYAN NAGAR BANGALORE URBAN KA 560043,Bengaluru Urban,560043,Pharmacy / Medical Retail,Retail,True,False,False,560043::Retail,560043::RAVI,DORMANT,2024-02-26,ENT-00046
UDYAM-KR-BLRU-2018-000025,UDYAM,Ravi LLP,RAVI,"232, Shed Industrial Layout, Kalyan Nagar, Bangalore Urban, K'taka - 560043",232 SHED IND LAYOUT KALYAN NAGAR BANGALORE URBAN K TAKA 560043,Bengaluru Urban,560043,Pharmacy / Medical Retail,Retail,True,False,False,560043::Retail,560043::RAVI,CLOSED,2021-08-05,ENT-00046
KFBIS-FAC-BLRU-2024-000021,FACTORY,Nandi Solvents LLP,NANDI SOLVENTS,"No. 219, B 3rd Phase, Electronic City, Bengaluru Urban, Karnataka - 560100",NO 219 B 3RD PHASE ELECTRONIC CITY BANGALORE URBAN KARNATAKA 560100,Bengaluru Urban,560100,Chemical Blending,Manufacturing,True,False,True,560100::Manufacturing,560100::NAND,DORMANT,2025-04-08,ENT-00047
GST-KA-BLRU-2024-000037,GST,Nandi Solvents LLP,NANDI SOLVENTS,"No. 219, B 3rd Phase, Electronic City, Bengaluru Urban, KA - 560100",NO 219 B 3RD PHASE ELECTRONIC CITY BANGALORE URBAN KA 560100,Bengaluru Urban,560100,Chemical Blending,Manufacturing,False,True,True,560100::Manufacturing,560100::NAND,ACTIVE,2025-12-25,ENT-00047
PCB/BLRU/CTE/2016/00017,KSPCB,Nandi Solvents LLP,NANDI SOLVENTS,"No 219, B 3rd Phase, Electronic City, B'luru Urban, K'taka - 560100",NO 219 B 3RD PHASE ELECTRONIC CITY B LURU URBAN K TAKA 560100,Bengaluru Urban,560100,Chemical Blending,Manufacturing,False,False,True,560100::Manufacturing,560100::NAND,CLOSED,2020-01-01,ENT-00047
LAB-KA-BLRU-2022-000023,LABOUR,Nandi Solvents LLP,NANDI SOLVENTS,"#219, B 3rd Phase, Electronic City, B'luru Urban, K'taka - 560100",219 B 3RD PHASE ELECTRONIC CITY B LURU URBAN K TAKA 560100,Bengaluru Urban,560100,Chemical Blending,Manufacturing,False,False,True,560100::Manufacturing,560100::NAND,DORMANT,2025-03-31,ENT-00047
BBMP-TL-TUMA-2021-000016,BBMP,Bangalore Die Associates,BANGALORE DIE ASSOCIATES,"#65, A Near Bus Stop, Antharasanahalli Industrial Area, Tumakuru, Karnataka",65 A NEAR BUS STOP ANTHARASANAHALLI IND AREA TUMAKURU KARNATAKA,Tumakuru,572106,Restaurant / Cafe,Service,False,True,False,572106::Service,572106::BANG,DORMANT,2025-04-10,ENT-00048
KAR-SHOP-TUM-2017-000033,SHOP,M/S Bangalore Dine Associates,BANGALORE DINE ASSOCIATES,"#65, A Near Bus Stop, Antharasanahalli Indl Area, Tumakuru, K'taka - 572106",65 A NEAR BUS STOP ANTHARASANAHALLI INDL AREA TUMAKURU K TAKA 572106,Tumakuru,572106,Restaurant / Cafe,Service,False,False,False,572106::Service,572106::BANG,CLOSED,2020-03-25,ENT-00048
KFBIS-FAC-BLRU-2016-000022,FACTORY,M/S Omkar Pvt Ltd,OMKAR,"146, D 3rd Phase, Kalyan Nagar, Bangalore Urban, KA - 560043",146 D 3RD PHASE KALYAN NAGAR BANGALORE URBAN KA 560043,Bengaluru Urban,560043,Plastic Moulding,Manufacturing,True,False,True,560043::Manufacturing,560043::OMKA,CLOSED,2018-06-28,ENT-00049
GST-KA-BLRU-2017-000038,GST,Omkar Pvt Ld,OMKAR LD,"No. 146, D 3rd Phase, Kalyan Nagar, Bangalore Urban, KA",NO 146 D 3RD PHASE KALYAN NAGAR BANGALORE URBAN KA,Bengaluru Urban,560043,Plastic Moulding,Manufacturing,True,True,True,560043::Manufacturing,560043::OMKA,CLOSED,2020-10-24,ENT-00049
PCB/BLRU/CTE/2024/00018,KSPCB,Omkar Pvt Ltd,OMKAR,"No. 146, D 3rd Phase, Kalyan Nagar, Bangalore Urban, KA - 560043",NO 146 D 3RD PHASE KALYAN NAGAR BANGALORE URBAN KA 560043,Bengaluru Urban,560043,Plastic Moulding,Manufacturing,True,False,False,560043::Manufacturing,560043::OMKA,ACTIVE,2025-08-24,ENT-00049
LAB-KA-BLRU-2024-000024,LABOUR,Omkar Pvt Ltd,OMKAR,"No 146, D 3rd Phase, Kalyan Nagar, Bangalore Urban, KA - 560043",NO 146 D 3RD PHASE KALYAN NAGAR BANGALORE URBAN KA 560043,Bengaluru Urban,560043,Plastic Moulding,Manufacturing,False,False,True,560043::Manufacturing,560043::OMKA,ACTIVE,2025-11-14,ENT-00049
KAR-SHOP-BLRU-2021-000034,SHOP,Omkar Pvt Ltd,OMKAR,"No 146, D 3rd Phase, Kalyan Nagar, B'luru Urban, Karnataka - 560043",NO 146 D 3RD PHASE KALYAN NAGAR B LURU URBAN KARNATAKA 560043,Bengaluru Urban,560043,Plastic Moulding,Manufacturing,True,True,True,560043::Manufacturing,560043::OMKA,CLOSED,2022-09-21,ENT-00049
UDYAM-KR-BLRU-2022-000026,UDYAM,M/S Omkar Pvt Ltd,OMKAR,"146, D 3rd Phase, Kalyan Nagar, Bengaluru Urban, KA - 560043",146 D 3RD PHASE KALYAN NAGAR BANGALORE URBAN KA 560043,Bengaluru Urban,560043,Plastic Moulding,Manufacturing,True,False,False,560043::Manufacturing,560043::OMKA,DORMANT,2024-10-12,ENT-00049
GST-KA-BLRU-2025-000039,GST,Ananya Print Works,ANANYA PRINT WORKS,"No 259, Plot Sector, HSR Layout, B'luru Urban, KA - 560102",NO 259 PLOT SECTOR HSR LAYOUT B LURU URBAN KA 560102,Bengaluru Urban,560102,Printing / Packaging,Manufacturing,True,True,False,560102::Manufacturing,560102::ANAN,ACTIVE,2026-04-14,ENT-00050
KAR-SHOP-BLRU-2025-000035,SHOP,Ananya Print Works,ANANYA PRINT WORKS,"No. 259, Plot Sector, HSR Layout, B'luru Urban, KA - 560102",NO 259 PLOT SECTOR HSR LAYOUT B LURU URBAN KA 560102,Bengaluru Urban,560102,Printing / Packaging,Manufacturing,False,True,True,560102::Manufacturing,560102::ANAN,ACTIVE,2026-04-14,ENT-00050
UDYAM-KR-BLRU-2019-000027,UDYAM,Ananya Print Works,ANANYA PRINT WORKS,"259, Plot Sector, HSR Layout, Bengaluru Urban, K'taka - 560102",259 PLOT SECTOR HSR LAYOUT BANGALORE URBAN K TAKA 560102,Bengaluru Urban,560102,Printing / Packaging,Manufacturing,True,True,True,560102::Manufacturing,560102::ANAN,CLOSED,2024-06-22,ENT-00050
GST-KA-BLRU-2021-000040,GST,M/S Varun Entp,VARUN ENTP,"#144, Plot Service Road, Bannerghatta Road, B'luru Urban, Karnataka - 560076",144 PLOT SERVICE RD BANNERGHATTA RD B LURU URBAN KARNATAKA 560076,Bengaluru Urban,560076,Electronics Assembly,Manufacturing,False,False,False,560076::Manufacturing,560076::VARU,DORMANT,2023-10-26,ENT-00051
PCB/BLRU/CTO/2021/00019,KSPCB,Varun Enterprises,VARUN ENTERPRISES,"No. 144, Plot Service Road, Bannerghatta Road, Bangalore Urban, KA - 560076",NO 144 PLOT SERVICE RD BANNERGHATTA RD BANGALORE URBAN KA 560076,Bengaluru Urban,560076,Electronics Assembly,Manufacturing,False,False,False,560076::Manufacturing,560076::VARU,CLOSED,2023-07-04,ENT-00051
LAB-KA-BLRU-2023-000025,LABOUR,Varun Entp,VARUN ENTP,"No. 144, Plot Service Road, Bannerghatta Road, B'luru Urban, Karnataka - 560076",NO 144 PLOT SERVICE RD BANNERGHATTA RD B LURU URBAN KARNATAKA 560076,Bengaluru Urban,560076,Electronics Assembly,Manufacturing,False,False,False,560076::Manufacturing,560076::VARU,DORMANT,2023-12-02,ENT-00051
KAR-SHOP-BLRU-2025-000036,SHOP,M/S Varun Enterprises,VARUN ENTERPRISES,"No. 144, Plot Service Road, Bannerghatta Road, Bengaluru Urban, K'taka - 560076",NO 144 PLOT SERVICE RD BANNERGHATTA RD BANGALORE URBAN K TAKA 560076,Bengaluru Urban,560076,Electronics Assembly,Manufacturing,False,False,False,560076::Manufacturing,560076::VARU,ACTIVE,2026-02-25,ENT-00051
UDYAM-KR-BLRU-2025-000028,UDYAM,Varun Enterprises,VARUN ENTERPRISES,"No. 144, Plot Service Road, Bannerghatta Road, B'luru Urban, K'taka - 560076",NO 144 PLOT SERVICE RD BANNERGHATTA RD B LURU URBAN K TAKA 560076,Bengaluru Urban,560076,Electronics Assembly,Manufacturing,False,False,False,560076::Manufacturing,560076::VARU,ACTIVE,2026-02-16,ENT-00051
GST-KA-BLRU-2020-000041,GST,M/S Naveen Company,NAVEEN,"150, Shed Service Road, Kalyan Nagar, Bengaluru Urban, KA - 560043",150 SHED SERVICE RD KALYAN NAGAR BANGALORE URBAN KA 560043,Bengaluru Urban,560043,Textile / Garments,Manufacturing,True,False,False,560043::Manufacturing,560043::NAVE,CLOSED,2020-07-15,ENT-00052
LAB-KA-BLRU-2023-000026,LABOUR,Naveen Company,NAVEEN,"No 150, Shed Service Road, Kalyan Nagar, B'luru Urban, Karnataka - 560043",NO 150 SHED SERVICE RD KALYAN NAGAR B LURU URBAN KARNATAKA 560043,Bengaluru Urban,560043,Textile / Garments,Manufacturing,False,False,False,560043::Manufacturing,560043::NAVE,ACTIVE,2025-07-24,ENT-00052
KAR-SHOP-BLRU-2019-000037,SHOP,M/S Naveen Company,NAVEEN,"150, Shed Service Road, Kalyan Nagar, B'luru Urban, K'taka - 560043",150 SHED SERVICE RD KALYAN NAGAR B LURU URBAN K TAKA 560043,Bengaluru Urban,560043,Textile / Garments,Manufacturing,True,False,False,560043::Manufacturing,560043::NAVE,CLOSED,2022-01-17,ENT-00052
UDYAM-KR-BLRU-2018-000029,UDYAM,NAVEEN COMPANY,NAVEEN,"No 150, Shed Service Road, Kalyan Nagar, Bengaluru Urban, Karnataka - 560043",NO 150 SHED SERVICE RD KALYAN NAGAR BANGALORE URBAN KARNATAKA 560043,Bengaluru Urban,560043,Textile / Garments,Manufacturing,False,False,False,560043::Manufacturing,560043::NAVE,CLOSED,2023-01-17,ENT-00052
KFBIS-FAC-BLRU-2015-000023,FACTORY,M/S Harsha Packaging Enterprises,HARSHA PACKAGING ENTERPRISES,"28, Plot 1st Cross, Rajajinagar Industrial Suburb, Bangalore Urban, KA - 560059",28 PLOT 1ST CRS RAJAJINAGAR IND SUBURB BANGALORE URBAN KA 560059,Bengaluru Urban,560059,Plastic Moulding,Manufacturing,True,False,False,560059::Manufacturing,560059::HARS,CLOSED,2017-04-06,ENT-00053
PCB/BLRU/CTO/2017/00020,KSPCB,Harsha Packaging Enterprises,HARSHA PACKAGING ENTERPRISES,"No. 28, Plot 1st Crs, Rajajinagar Industrial Suburb, Bangalore Urban, K'taka - 560059",NO 28 PLOT 1ST CRS RAJAJINAGAR IND SUBURB BANGALORE URBAN K TAKA 560059,Bengaluru Urban,560059,Plastic Moulding,Manufacturing,False,True,False,560059::Manufacturing,560059::HARS,CLOSED,2022-08-11,ENT-00053
LAB-KA-BLRU-2024-000027,LABOUR,Harsha Packaging Enterprises,HARSHA PACKAGING ENTERPRISES,"No 28, Plot 1st Cross, Rajajinagar Industrial Suburb, B'luru Urban, Karnataka - 560059",NO 28 PLOT 1ST CRS RAJAJINAGAR IND SUBURB B LURU URBAN KARNATAKA 560059,Bengaluru Urban,560059,Plastic Moulding,Manufacturing,True,True,False,560059::Manufacturing,560059::HARS,CLOSED,2026-01-10,ENT-00053
KAR-SHOP-BLRU-2021-000038,SHOP,Harsha Packaging Enterprises,HARSHA PACKAGING ENTERPRISES,"No. 28, Plot 1st Crs, Rajajinagar Industrial Suburb, Bangalore Urban, KA",NO 28 PLOT 1ST CRS RAJAJINAGAR IND SUBURB BANGALORE URBAN KA,Bengaluru Urban,560059,Plastic Moulding,Manufacturing,False,False,False,560059::Manufacturing,560059::HARS,ACTIVE,2025-07-25,ENT-00053
UDYAM-KR-BLRU-2016-000030,UDYAM,Harsha Packaging Enterprises,HARSHA PACKAGING ENTERPRISES,"No 28, Plot 1st Cr, Rajajinagar Industrial Suburb, Bengaluru Urban, K'taka - 560059",NO 28 PLOT 1ST CR RAJAJINAGAR IND SUBURB BANGALORE URBAN K TAKA 560059,Bengaluru Urban,560059,Plastic Moulding,Manufacturing,True,False,False,560059::Manufacturing,560059::HARS,DORMANT,2025-03-11,ENT-00053
GST-KA-BLRU-2020-000042,GST,Srinidhi Milling Traders,SRINIDHI MILLING TRADERS,"224, Shed Behind Metro, Whitefield, Bangalore Urban, Karnataka - 560037",224 SHED BEHIND METRO WHITEFIELD BANGALORE URBAN KARNATAKA 560037,Bengaluru Urban,560037,Food Processing,Manufacturing,False,True,False,560037::Manufacturing,560037::SRIN,DORMANT,2024-05-17,ENT-00054
PCB/BLRU/CTE/2018/00021,KSPCB,M/S Srinidhi Milling Traders,SRINIDHI MILLING TRADERS,"No 224, Shed Behind Metro, Whitefield, B'luru Urban, Karnataka - 560037",NO 224 SHED BEHIND METRO WHITEFIELD B LURU URBAN KARNATAKA 560037,Bengaluru Urban,560037,Food Processing,Manufacturing,False,False,False,560037::Manufacturing,560037::SRIN,ACTIVE,2025-09-07,ENT-00054
KAR-SHOP-BLRU-2022-000039,SHOP,Srinidhi Milling Traders,SRINIDHI MILLING TRADERS,"224, Shed Behind Metro, Whitefield, B'luru Urban, KA - 560037",224 SHED BEHIND METRO WHITEFIELD B LURU URBAN KA 560037,Bengaluru Urban,560037,Food Processing,Manufacturing,False,False,True,560037::Manufacturing,560037::SRIN,DORMANT,2024-09-25,ENT-00054
UDYAM-KR-BLRU-2021-000031,UDYAM,SRINIDHI MILLING TRADERS,SRINIDHI MILLING TRADERS,"No. 224, Shed Behind Metro, Whitefield, B'luru Urban, K'taka - 560037",NO 224 SHED BEHIND METRO WHITEFIELD B LURU URBAN K TAKA 560037,Bengaluru Urban,560037,Food Processing,Manufacturing,False,False,True,560037::Manufacturing,560037::SRIN,CLOSED,2022-12-30,ENT-00054
KFBIS-FAC-BLRU-2019-000024,FACTORY,Bharath Machining Company,BHARATH MACHINING,"#114, Plot Extension, Rajajinagar Industrial Suburb, Bangalore Urban, K'taka - 560059",114 PLOT EXTENSION RAJAJINAGAR IND SUBURB BANGALORE URBAN K TAKA 560059,Bengaluru Urban,560029,Machine Tools,Manufacturing,True,True,True,560029::Manufacturing,560029::BHAR,CLOSED,2021-09-24,ENT-00055
GST-KA-BLRU-2016-000043,GST,Bharath Machining Company,BHARATH MACHINING,"No 114, Plot Extension, Rajajinagar Industrial Suburb, Bangalore Urban, KA - 560059",NO 114 PLOT EXTENSION RAJAJINAGAR IND SUBURB BANGALORE URBAN KA 560059,Bengaluru Urban,560059,Machine Tools,Manufacturing,True,True,True,560059::Manufacturing,560059::BHAR,CLOSED,2019-04-24,ENT-00055
PCB/BLRU/CTO/2018/00022,KSPCB,Bharath Machining Co,BHARATH MACHINING,"No 114, Plot Extension, Rajajinagar Industrial Suburb, B'luru Urban, K'taka",NO 114 PLOT EXTENSION RAJAJINAGAR IND SUBURB B LURU URBAN K TAKA,Bengaluru Urban,560059,Machine Tools,Manufacturing,False,True,False,560059::Manufacturing,560059::BHAR,CLOSED,2022-02-08,ENT-00055
LAB-KA-BLRU-2025-000028,LABOUR,BharathMachining Company,BHARATHMACHINING,"114, Plot Extension, Rajajinagar Industrial Suburb, Bengaluru Urban, KA - 560059",114 PLOT EXTENSION RAJAJINAGAR IND SUBURB BANGALORE URBAN KA 560059,Bengaluru Urban,560034,Machine Tools,Manufacturing,False,False,False,560034::Manufacturing,560034::BHAR,ACTIVE,2025-09-05,ENT-00055
KAR-SHOP-BLRU-2022-000040,SHOP,Bharath Machining Company,BHARATH MACHINING,"#114, Plot Extension, Rajajinagar Industrial Suburb, B'luru Urban, KA",114 PLOT EXTENSION RAJAJINAGAR IND SUBURB B LURU URBAN KA,Bengaluru Urban,560059,Machine Tools,Manufacturing,True,False,False,560059::Manufacturing,560059::BHAR,ACTIVE,2026-04-18,ENT-00055
BBMP-TL-SOUT-2019-000017,BBMP,Bharath Graphics Solutions,BHARATH GRAPHICS SOLUTIONS,"No. 262, Sector, Jayanagar, Bengaluru Urban, K'taka - 560078",NO 262 SECTOR JAYANAGAR BANGALORE URBAN K TAKA 560078,Bengaluru Urban,560078,Printing / Packaging,Manufacturing,True,False,False,560078::Manufacturing,560078::BHAR,DORMANT,2024-12-30,ENT-00056
GST-KA-BLRU-2016-000044,GST,BHARATH GRAPHICS SOLUTIONS,BHARATH GRAPHICS SOLUTIONS,"No. 262, Sector, Jayanagar, Bengaluru Urban, Karnataka - 560078",NO 262 SECTOR JAYANAGAR BANGALORE URBAN KARNATAKA 560078,Bengaluru Urban,560078,Printing / Packaging,Manufacturing,True,False,False,560078::Manufacturing,560078::BHAR,ACTIVE,2025-12-09,ENT-00056
KAR-SHOP-BLRU-2015-000041,SHOP,Bharath Graphics Solutions,BHARATH GRAPHICS SOLUTIONS,"No 262, Sector, Jayanagar, Bangalore Urban, Karnataka",NO 262 SECTOR JAYANAGAR BANGALORE URBAN KARNATAKA,Bengaluru Urban,560078,Printing / Packaging,Manufacturing,False,False,False,560078::Manufacturing,560078::BHAR,CLOSED,2020-06-11,ENT-00056
KFBIS-FAC-MYS-2018-000025,FACTORY,M/S Prakruthi Electronics Industries,PRAKRUTHI ELECTRONICS INDUSTRIES,"No 8, Plot Main Road, Hebbal Industrial Area, Mysuru, K'taka - 570016",NO 8 PLOT MN RD HEBBAL IND AREA MYSURU K TAKA 570016,Mysuru,570016,Electronics Assembly,Manufacturing,False,False,True,570016::Manufacturing,570016::PRAK,DORMANT,2023-12-13,ENT-00057
GST-KA-MYS-2023-000045,GST,Pakruthi Electronics Industries,PAKRUTHI ELECTRONICS INDUSTRIES,"#8, Plot Main Rd, Hebbal Industrial Estate, Mysuru, KA - 570016",8 PLOT MN RD HEBBAL IND ESTATE MYSURU KA 570016,Mysuru,570016,Electronics Assembly,Manufacturing,True,True,True,570016::Manufacturing,570016::PAKR,DORMANT,2024-11-27,ENT-00057
KAR-SHOP-MYS-2016-000042,SHOP,M/S Prakruthi Electronics Industries,PRAKRUTHI ELECTRONICS INDUSTRIES,"No 8, Plot Main Rd, Hebbal Industrial Estate, Mysuru, KA - 570016",NO 8 PLOT MN RD HEBBAL IND ESTATE MYSURU KA 570016,Mysuru,570016,Electronics Assembly,Manufacturing,False,True,False,570016::Manufacturing,570016::PRAK,DORMANT,2024-01-18,ENT-00057
UDYAM-KR-MYS-2024-000032,UDYAM,M/S Prakruthi Electronics Industries,PRAKRUTHI ELECTRONICS INDUSTRIES,"8, Plot Main Rd, Hebbal Industrial Area, Mysuru, K'taka - 570016",8 PLOT MN RD HEBBAL IND AREA MYSURU K TAKA 570016,Mysuru,570016,Electronics Assembly,Manufacturing,True,True,False,570016::Manufacturing,570016::PRAK,ACTIVE,2025-12-09,ENT-00057
GST-KA-BLRU-2015-000046,GST,Siddhi Systems LLP,SIDDHI SYSTEMS,"No 285, D Extension, Kalyan Nagar, Bengaluru Urban, KA - 560043",NO 285 D EXTENSION KALYAN NAGAR BANGALORE URBAN KA 560043,Bengaluru Urban,560059,Electronics Assembly,Manufacturing,True,True,False,560059::Manufacturing,560059::SIDD,CLOSED,2018-07-31,ENT-00058
PCB/BLRU/CTO/2017/00023,KSPCB,Siddhi Systems LLP,SIDDHI SYSTEMS,"No 285, D Extension, Kalyan Nagar, Bangalore Urban, Karnataka - 560043",NO 285 D EXTENSION KALYAN NAGAR BANGALORE URBAN KARNATAKA 560043,Bengaluru Urban,560043,Electronics Assembly,Manufacturing,False,True,False,560043::Manufacturing,560043::SIDD,CLOSED,2019-07-08,ENT-00058
LAB-KA-BLRU-2021-000029,LABOUR,Siddhi Systems LLP,SIDDHI SYSTEMS,"#285, D Extension, Kalyan Nagar, Bengaluru Urban, Karnataka - 560043",285 D EXTENSION KALYAN NAGAR BANGALORE URBAN KARNATAKA 560043,Bengaluru Urban,560043,Electronics Assembly,Manufacturing,False,True,True,560043::Manufacturing,560043::SIDD,ACTIVE,2026-04-06,ENT-00058
KAR-SHOP-BLRU-2019-000043,SHOP,M/S Siddhi Systems LLP,SIDDHI SYSTEMS,"285, D Extension, Kalyan Nagar, Bengaluru Urban, KA - 560043",285 D EXTENSION KALYAN NAGAR BANGALORE URBAN KA 560043,Bengaluru Urban,560043,Electronics Assembly,Manufacturing,True,False,True,560043::Manufacturing,560043::SIDD,DORMANT,2023-05-14,ENT-00058
UDYAM-KR-BLRU-2018-000033,UDYAM,Siddhi Systems LLP,SIDDHI SYSTEMS,"No. 285, D Extension, Kalyan Nagar, Bengaluru Urban, KA - 560043",NO 285 D EXTENSION KALYAN NAGAR BANGALORE URBAN KA 560043,Bengaluru Urban,560043,Electronics Assembly,Manufacturing,True,False,True,560043::Manufacturing,560043::SIDD,CLOSED,2021-11-19,ENT-00058
BBMP-TL-SOUT-2020-000018,BBMP,Bangalore Apparels Company,BANGALORE APPARELS,"249, D 3rd Phase, Nanjangud Road, Mysuru, Karnataka - 570018",249 D 3RD PHASE NANJANGUD RD MYSURU KARNATAKA 570018,Mysuru,570018,Textile / Garments,Manufacturing,False,False,False,570018::Manufacturing,570018::BANG,CLOSED,2023-05-23,ENT-00059
KFBIS-FAC-MYS-2019-000026,FACTORY,Bangalore Apparels Company,BANGALORE APPARELS,"No. 249, D 3rd Phase, Nanjangud Road, Mysuru, Karnataka - 570018",NO 249 D 3RD PHASE NANJANGUD RD MYSURU KARNATAKA 570018,Mysuru,570018,Textile / Garments,Manufacturing,False,False,False,570018::Manufacturing,570018::BANG,CLOSED,2020-09-28,ENT-00059
GST-KA-MYS-2024-000047,GST,Bangalore Apparels Company,BANGALORE APPARELS,"No. 249, D 3rd Phase, Nanjangud Road, Mysuru, Karnataka - 570018",NO 249 D 3RD PHASE NANJANGUD RD MYSURU KARNATAKA 570018,Mysuru,570018,Textile / Garments,Manufacturing,False,False,False,570018::Manufacturing,570018::BANG,ACTIVE,2025-05-10,ENT-00059
BBMP-TL-BENG-2016-000019,BBMP,Veda Stitch LLP,VEDA STITCH,"#147, A Main Rd, Hoskote, Bengaluru Rural, K'taka - 562114",147 A MN RD HOSKOTE BANGALORE RURAL K TAKA 562114,Bengaluru Rural,562114,Textile / Garments,Manufacturing,False,False,True,562114::Manufacturing,562114::VEDA,CLOSED,2020-05-11,ENT-00060
KFBIS-FAC-BLRR-2022-000027,FACTORY,Veda Stitch LLP,VEDA STITCH,"147, A Mn Rd, Hoskote, Bengaluru Rural, Karnataka - 562114",147 A MN RD HOSKOTE BANGALORE RURAL KARNATAKA 562114,Bengaluru Rural,562114,Textile / Garments,Manufacturing,False,False,True,562114::Manufacturing,562114::VEDA,DORMANT,2023-06-02,ENT-00060
GST-KA-BLRR-2025-000048,GST,Veda Stitch LLP,VEDA STITCH,"147, A Main Road, Hoskote, Bengaluru Rural, Karnataka - 562114",147 A MN RD HOSKOTE BANGALORE RURAL KARNATAKA 562114,Bengaluru Rural,562114,Textile / Garments,Manufacturing,True,True,True,562114::Manufacturing,562114::VEDA,ACTIVE,2026-04-11,ENT-00060
PCB/BLRR/CTE/2019/00024,KSPCB,M/S Veda Stitch LLP,VEDA STITCH,"#147, A Mn Rd, Hoskote, Bengaluru Rural, Karnataka - 562114",147 A MN RD HOSKOTE BANGALORE RURAL KARNATAKA 562114,Bengaluru Rural,562114,Textile / Garments,Manufacturing,True,False,True,562114::Manufacturing,562114::VEDA,CLOSED,2021-07-16,ENT-00060
LAB-KA-BLRR-2017-000030,LABOUR,Veda Stitch LLP,VEDA STITCH,"No 147, A Main Rd, Hoskote, B'luru Rural, Karnataka - 562114",NO 147 A MN RD HOSKOTE B LURU RURAL KARNATAKA 562114,Bengaluru Rural,562114,Textile / Garments,Manufacturing,False,False,True,562114::Manufacturing,562114::VEDA,CLOSED,2018-07-25,ENT-00060
KAR-SHOP-BLRR-2017-000044,SHOP,Veda Stitch LLP,VEDA STITCH,"No 147, A Mn Rd, Hoskote, Bengaluru Rural, KA - 562114",NO 147 A MN RD HOSKOTE BANGALORE RURAL KA 562114,Bengaluru Rural,562114,Textile / Garments,Manufacturing,True,False,True,562114::Manufacturing,562114::VEDA,CLOSED,2019-09-14,ENT-00060
UDYAM-KR-BLRR-2023-000034,UDYAM,M/S Veda Stitch LLP,VEDA STITCH,"No 147, A Main Road, Hoskote, B'luru Rural, KA - 562114",NO 147 A MN RD HOSKOTE B LURU RURAL KA 562114,Bengaluru Rural,562114,Textile / Garments,Manufacturing,True,False,True,562114::Manufacturing,562114::VEDA,ACTIVE,2025-05-06,ENT-00060
KFBIS-FAC-BLRR-2025-000028,FACTORY,Srinidhi Labs Industries,SRINIDHI LABS INDUSTRIES,"No. 287, A Main Rd, Hoskote, Bengaluru Rural, KA - 562114",NO 287 A MN RD HOSKOTE BANGALORE RURAL KA 562114,Bengaluru Rural,562114,Chemical Blending,Manufacturing,False,False,True,562114::Manufacturing,562114::SRIN,CLOSED,2026-02-26,ENT-00061
GST-KA-BLRR-2018-000049,GST,M/S Srinidhi Labs Industries,SRINIDHI LABS INDUSTRIES,"#287, A Main Rd, Hoskote, Bengaluru Rural, KA - 562114",287 A MN RD HOSKOTE BANGALORE RURAL KA 562114,Bengaluru Rural,562114,Chemical Blending,Manufacturing,True,False,True,562114::Manufacturing,562114::SRIN,CLOSED,2021-07-22,ENT-00061
PCB/BLRR/CTO/2024/00025,KSPCB,Srinidhi Labs Industries,SRINIDHI LABS INDUSTRIES,"No. 287, A Main Road, Hoskote, B'luru Rural, K'taka",NO 287 A MN RD HOSKOTE B LURU RURAL K TAKA,Bengaluru Rural,562114,Chemical Blending,Manufacturing,False,False,False,562114::Manufacturing,562114::SRIN,DORMANT,2024-06-11,ENT-00061
LAB-KA-BLRR-2021-000031,LABOUR,Srinidhi Labs Industries,SRINIDHI LABS INDUSTRIES,"#287, A Main Rd, Hoskote, Bengaluru Rural, K'taka",287 A MN RD HOSKOTE BANGALORE RURAL K TAKA,Bengaluru Rural,562114,Chemical Blending,Manufacturing,True,False,False,562114::Manufacturing,562114::SRIN,CLOSED,2022-12-14,ENT-00061
BBMP-TL-DASA-2021-000020,BBMP,M/S Veda Pharma Associates,VEDA PHARMA ASSOCIATES,"152, Mn Rd, Peenya Industrial Area, Bengaluru Urban, K'taka - 560058",152 MN RD PEENYA IND AREA BANGALORE URBAN K TAKA 560058,Bengaluru Urban,560058,Pharmacy / Medical Retail,Retail,False,False,True,560058::Retail,560058::VEDA,CLOSED,2023-01-19,ENT-00062
UDYAM-KR-BLRU-2018-000035,UDYAM,Veda Pharma Associates,VEDA PHARMA ASSOCIATES,"#152, Mn Rd, Peenya Indl Area, Bengaluru Urban, Karnataka - 560058",152 MN RD PEENYA INDL AREA BANGALORE URBAN KARNATAKA 560058,Bengaluru Urban,560058,Pharmacy / Medical Retail,Retail,True,True,True,560058::Retail,560058::VEDA,CLOSED,2020-12-01,ENT-00062
KFBIS-FAC-TUM-2023-000029,FACTORY,Lakshmi Graphics Works,LAKSHMI GRAPHICS WORKS,"#278, Plot Near Bus Stop, BH Road, Tumakuru, KA - 572101",278 PLOT NEAR BUS STOP BH RD TUMAKURU KA 572101,Tumakuru,572101,Printing / Packaging,Manufacturing,False,False,False,572101::Manufacturing,572101::LAKS,ACTIVE,2026-02-11,ENT-00063
GST-KA-TUM-2020-000050,GST,M/S Lakshmi Graphics Works,LAKSHMI GRAPHICS WORKS,"No 278, Plot Near Bus Stop, BH Road, Tumakuru, KA - 572101",NO 278 PLOT NEAR BUS STOP BH RD TUMAKURU KA 572101,Tumakuru,572101,Printing / Packaging,Manufacturing,False,False,False,572101::Manufacturing,572101::LAKS,DORMANT,2025-02-19,ENT-00063
PCB/TUM/CTO/2015/00026,KSPCB,M/S Lakshmi Graphics Works,LAKSHMI GRAPHICS WORKS,"278, Plot Near Bus Stop, BH Road, Tumakuru, Karnataka - 572101",278 PLOT NEAR BUS STOP BH RD TUMAKURU KARNATAKA 572101,Tumakuru,572106,Printing / Packaging,Manufacturing,False,False,False,572106::Manufacturing,572106::LAKS,CLOSED,2015-07-27,ENT-00063
KFBIS-FAC-BLRU-2023-000030,FACTORY,M/S Veda Devices Co,VEDA DEVICES,"No 236, B Industrial Layout, Koramangala, Bengaluru Urban, Karnataka - 560034",NO 236 B IND LAYOUT KORAMANGALA BANGALORE URBAN KARNATAKA 560034,Bengaluru Urban,560034,Electronics Assembly,Manufacturing,False,False,False,560034::Manufacturing,560034::VEDA,DORMANT,2024-11-01,ENT-00064
GST-KA-BLRU-2021-000051,GST,M/S Veda Devices Co,VEDA DEVICES,"No 236, B Industrial Layout, Koramangala, Bengaluru Urban, K'taka - 560034",NO 236 B IND LAYOUT KORAMANGALA BANGALORE URBAN K TAKA 560034,Bengaluru Urban,560034,Electronics Assembly,Manufacturing,True,True,False,560034::Manufacturing,560034::VEDA,CLOSED,2022-10-05,ENT-00064
PCB/BLRU/CTO/2025/00027,KSPCB,Veda Devices Co,VEDA DEVICES,"#236, B Industrial Layout, Koramangala, Bangalore Urban, Karnataka - 560034",236 B IND LAYOUT KORAMANGALA BANGALORE URBAN KARNATAKA 560034,Bengaluru Urban,560034,Electronics Assembly,Manufacturing,True,True,False,560034::Manufacturing,560034::VEDA,ACTIVE,2025-10-05,ENT-00064
LAB-KA-BLRU-2020-000032,LABOUR,M/S Veda Devices Co,VEDA DEVICES,"#236, B Industrial Layout, Koramangala, Bangalore Urban, KA - 560034",236 B IND LAYOUT KORAMANGALA BANGALORE URBAN KA 560034,Bengaluru Urban,560034,Electronics Assembly,Manufacturing,False,False,False,560034::Manufacturing,560034::VEDA,CLOSED,2023-01-09,ENT-00064
KAR-SHOP-BLRU-2017-000045,SHOP,Veda Devices Co,VEDA DEVICES,"No 236, B Industrial Layout, Koramangala, Bangalore Urban, Karnataka - 560034",NO 236 B IND LAYOUT KORAMANGALA BANGALORE URBAN KARNATAKA 560034,Bengaluru Urban,560034,Electronics Assembly,Manufacturing,True,False,False,560034::Manufacturing,560034::VEDA,DORMANT,2024-01-20,ENT-00064
UDYAM-KR-BLRU-2017-000036,UDYAM,VEDA DEVICES CO,VEDA DEVICES,"No. 236, B Industrial Layout, Koramangala, Bangalore Urban, K'taka - 560034",NO 236 B IND LAYOUT KORAMANGALA BANGALORE URBAN K TAKA 560034,Bengaluru Urban,560034,Electronics Assembly,Manufacturing,True,True,False,560034::Manufacturing,560034::VEDA,CLOSED,2021-04-02,ENT-00064
GST-KA-BLRU-2020-000052,GST,M/S Sri Agro Industries,SRI AGRO INDUSTRIES,"No 275, 1st Cross, Bannerghatta Road, Bangalore Urban, Karnataka - 560076",NO 275 1ST CRS BANNERGHATTA RD BANGALORE URBAN KARNATAKA 560076,Bengaluru Urban,560076,Food Processing,Manufacturing,True,True,True,560076::Manufacturing,560076::SRI ,CLOSED,2020-12-03,ENT-00065
KAR-SHOP-BLRU-2018-000046,SHOP,M/S Sri Agro Industries,SRI AGRO INDUSTRIES,"275, 1st Crs, Bannerghatta Road, Bengaluru Urban, K'taka - 560076",275 1ST CRS BANNERGHATTA RD BANGALORE URBAN K TAKA 560076,Bengaluru Urban,560076,Food Processing,Manufacturing,True,False,False,560076::Manufacturing,560076::SRI ,DORMANT,2024-08-22,ENT-00065
UDYAM-KR-BLRU-2016-000037,UDYAM,Sri Agro Industries,SRI AGRO INDUSTRIES,"No. 275, 1st Crs, Bannerghatta Road, B'luru Urban, KA - 560076",NO 275 1ST CRS BANNERGHATTA RD B LURU URBAN KA 560076,Bengaluru Urban,560076,Food Processing,Manufacturing,True,False,False,560076::Manufacturing,560076::SRI ,CLOSED,2020-01-24,ENT-00065
BBMP-TL-BOMM-2016-000021,BBMP,Sree Dine Co,SREE DINE,"#152, B Main Rd, HSR Layout, Bengaluru Urban, Karnataka - 560102",152 B MN RD HSR LAYOUT BANGALORE URBAN KARNATAKA 560102,Bengaluru Urban,560102,Restaurant / Cafe,Service,False,False,False,560102::Service,560102::SREE,CLOSED,2023-02-04,ENT-00066
LAB-KA-BLRU-2018-000033,LABOUR,Sree Dine Co,SREE DINE,"No 152, B Main Road, HSR Layout, Bengaluru Urban, K'taka - 560102",NO 152 B MN RD HSR LAYOUT BANGALORE URBAN K TAKA 560102,Bengaluru Urban,560102,Restaurant / Cafe,Service,False,False,False,560102::Service,560102::SREE,CLOSED,2020-07-02,ENT-00066
KAR-SHOP-BLRU-2017-000047,SHOP,Sree Dine Co,SREE DINE,"152, B Main Road, HSR Layout, Bangalore Urban, KA - 560102",152 B MN RD HSR LAYOUT BANGALORE URBAN KA 560102,Bengaluru Urban,560102,Restaurant / Cafe,Service,False,False,False,560102::Service,560102::SREE,CLOSED,2019-03-18,ENT-00066
GST-KA-BLRU-2020-000053,GST,Sahana Meds Enterprises,SAHANA MEDS ENTERPRISES,"No 28, D 1st Cr, BTM Layout, B'luru Urban, K'taka - 560029",NO 28 D 1ST CR BTM LAYOUT B LURU URBAN K TAKA 560029,Bengaluru Urban,560102,Pharmacy / Medical Retail,Retail,False,False,True,560102::Retail,560102::SAHA,CLOSED,2022-09-23,ENT-00067
KAR-SHOP-BLRU-2018-000048,SHOP,M/S Sahana Meds Entp,SAHANA MEDS ENTP,"#28, D 1st Cr, BTM Layout, Bengaluru Urban, Karnataka - 560029",28 D 1ST CR BTM LAYOUT BANGALORE URBAN KARNATAKA 560029,Bengaluru Urban,560029,Pharmacy / Medical Retail,Retail,False,False,True,560029::Retail,560029::SAHA,CLOSED,2019-06-28,ENT-00067
UDYAM-KR-BLRU-2018-000038,UDYAM,M/S Sahana Meds Enterprises,SAHANA MEDS ENTERPRISES,"28, D 1st Cr, BTM Layout, Bangalore Urban, Karnataka - 560029",28 D 1ST CR BTM LAYOUT BANGALORE URBAN KARNATAKA 560029,Bengaluru Urban,560029,Pharmacy / Medical Retail,Retail,False,False,True,560029::Retail,560029::SAHA,CLOSED,2019-10-09,ENT-00067
BBMP-TL-CENT-2019-000022,BBMP,Vijaya Bites Industries,VIJAYA BITES INDUSTRIES,"100, Plot 1st Cross, Devaraja Mohalla, Mysuru, Karnataka - 570001",100 PLOT 1ST CRS DEVARAJA MOHALLA MYSURU KARNATAKA 570001,Mysuru,570001,Restaurant / Cafe,Service,False,False,True,570001::Service,570001::VIJA,CLOSED,2020-10-03,ENT-00068
KAR-SHOP-MYS-2022-000049,SHOP,Vijaya Bites Idustries,VIJAYA BITES IDUSTRIES,"100, Plot 1st Cr, Devaraja Mohalla, Mysuru, Karnataka - 570001",100 PLOT 1ST CR DEVARAJA MOHALLA MYSURU KARNATAKA 570001,Mysuru,570001,Restaurant / Cafe,Service,False,False,True,570001::Service,570001::VIJA,DORMANT,2025-04-28,ENT-00068
BBMP-TL-WEST-2020-000023,BBMP,Ravi Health Traders,RAVI HEALTH TRADERS,"85, Shed Main Road, Rajajinagar Industrial Suburb, Bengaluru Urban, Karnataka - 560059",85 SHED MN RD RAJAJINAGAR IND SUBURB BANGALORE URBAN KARNATAKA 560059,Bengaluru Urban,560059,Pharmacy / Medical Retail,Retail,False,False,False,560059::Retail,560059::RAVI,ACTIVE,2025-12-04,ENT-00069
GST-KA-BLRU-2016-000054,GST,Sri Spices Solutions,SRI SPICES SOLUTIONS,"No. 22, Sector, MG Road, B'luru Urban, KA - 560001",NO 22 SECTOR MG RD B LURU URBAN KA 560001,Bengaluru Urban,560001,Food Processing,Manufacturing,False,True,True,560001::Manufacturing,560001::SRI ,CLOSED,2019-01-20,ENT-00070
PCB/BLRU/CTE/2020/00028,KSPCB,Sri Spices Solutions,SRI SPICES SOLUTIONS,"No 22, Sector, MG Road, Bangalore Urban, K'taka - 560001",NO 22 SECTOR MG RD BANGALORE URBAN K TAKA 560001,Bengaluru Urban,560001,Food Processing,Manufacturing,True,False,False,560001::Manufacturing,560001::SRI ,DORMANT,2024-01-05,ENT-00070
KAR-SHOP-BLRU-2017-000050,SHOP,Sri Spices Solutions,SRI SPICES SOLUTIONS,"No. 22, Sector, MG Road, B'luru Urban, KA - 560001",NO 22 SECTOR MG RD B LURU URBAN KA 560001,Bengaluru Urban,560001,Food Processing,Manufacturing,False,False,False,560001::Manufacturing,560001::SRI ,CLOSED,2020-12-07,ENT-00070
KFBIS-FAC-TUM-2018-000031,FACTORY,Prakruthi CNC LLP,PRAKRUTHI CNC,"3, A Behind Metro, Antharasanahalli Industrial Area, Tumakuru, Karnataka - 572106",3 A BEHIND METRO ANTHARASANAHALLI IND AREA TUMAKURU KARNATAKA 572106,Tumakuru,572106,Machine Tools,Manufacturing,False,False,True,572106::Manufacturing,572106::PRAK,CLOSED,2021-11-05,ENT-00071
GST-KA-TUM-2025-000055,GST,M/S Prakruthi CNC LLP,PRAKRUTHI CNC,"No. 3, A Behind Metro, Antharasanahalli Indl Area, Tumakuru, Karnataka - 572106",NO 3 A BEHIND METRO ANTHARASANAHALLI INDL AREA TUMAKURU KARNATAKA 572106,Tumakuru,572106,Machine Tools,Manufacturing,False,True,True,572106::Manufacturing,572106::PRAK,ACTIVE,2026-03-01,ENT-00071
PCB/TUM/CTO/2024/00029,KSPCB,Prakruthi CNC LLP,PRAKRUTHI CNC,"No. 3, A Behind Metro, Antharasanahalli Industrial Area, Tumakuru, KA - 572106",NO 3 A BEHIND METRO ANTHARASANAHALLI IND AREA TUMAKURU KA 572106,Tumakuru,572106,Machine Tools,Manufacturing,True,False,True,572106::Manufacturing,572106::PRAK,ACTIVE,2026-03-19,ENT-00071
LAB-KA-TUM-2023-000034,LABOUR,Prakruthi CNCLLP,PRAKRUTHI CNCLLP,"No 3, A Behind Metro, Antharasanahalli Indl Area, Tumakuru, K'taka - 572106",NO 3 A BEHIND METRO ANTHARASANAHALLI INDL AREA TUMAKURU K TAKA 572106,Tumakuru,572106,Machine Tools,Manufacturing,False,False,False,572106::Manufacturing,572106::PRAK,ACTIVE,2025-08-23,ENT-00071
KAR-SHOP-TUM-2015-000051,SHOP,Prakruth CNC LLP,PRAKRUTH CNC,"No 3, A Behind Metro, Antharasanahalli Industrial Area, Tumakuru, KA",NO 3 A BEHIND METRO ANTHARASANAHALLI IND AREA TUMAKURU KA,Tumakuru,572106,Machine Tools,Manufacturing,False,True,True,572106::Manufacturing,572106::PRAK,ACTIVE,2026-04-27,ENT-00071
UDYAM-KR-TUM-2024-000039,UDYAM,Prakruthi CNC LLP,PRAKRUTHI CNC,"No. 3, A Behind Metro, Antharasanahalli Indl Area, Tumakuru, K'taka - 572106",NO 3 A BEHIND METRO ANTHARASANAHALLI INDL AREA TUMAKURU K TAKA 572106,Tumakuru,572106,Machine Tools,Manufacturing,False,False,True,572106::Manufacturing,572106::PRAK,ACTIVE,2025-10-15,ENT-00071
KFBIS-FAC-BLRU-2019-000032,FACTORY,Siddhi Bakery LLP,SIDDHI BAKERY,"No. 83, A Main Road, Bannerghatta Road, Bangalore Urban, Karnataka - 560076",NO 83 A MN RD BANNERGHATTA RD BANGALORE URBAN KARNATAKA 560076,Bengaluru Urban,560076,Food Processing,Manufacturing,False,False,False,560076::Manufacturing,560076::SIDD,CLOSED,2021-05-22,ENT-00072
GST-KA-BLRU-2020-000056,GST,SIDDHI BAKERY LLP,SIDDHI BAKERY,"#83, A Main Rd, Bannerghatta Road, Bengaluru Urban, KA - 560076",83 A MN RD BANNERGHATTA RD BANGALORE URBAN KA 560076,Bengaluru Urban,560076,Food Processing,Manufacturing,True,False,False,560076::Manufacturing,560076::SIDD,CLOSED,2022-08-16,ENT-00072
KFBIS-FAC-BLRU-2022-000033,FACTORY,Srinidhi Company,SRINIDHI,"#297, D 1st Cr, Whitefield, Bangalore Urban, Karnataka - 560037",297 D 1ST CR WHITEFIELD BANGALORE URBAN KARNATAKA 560037,Bengaluru Urban,560037,Plastic Moulding,Manufacturing,True,False,True,560037::Manufacturing,560037::SRIN,DORMANT,2024-01-05,ENT-00073
GST-KA-BLRU-2023-000057,GST,Srinidhi Co,SRINIDHI,"#297, D 1st Cr, Whitefield, B'luru Urban, K'taka - 560037",297 D 1ST CR WHITEFIELD B LURU URBAN K TAKA 560037,Bengaluru Urban,560037,Plastic Moulding,Manufacturing,True,False,True,560037::Manufacturing,560037::SRIN,DORMANT,2025-02-20,ENT-00073
PCB/BLRU/CTE/2023/00030,KSPCB,M/S Srinidhi Co,SRINIDHI,"No 297, D 1st Cr, Whitefield, Bengaluru Urban, Karnataka",NO 297 D 1ST CR WHITEFIELD BANGALORE URBAN KARNATAKA,Bengaluru Urban,560037,Plastic Moulding,Manufacturing,True,False,False,560037::Manufacturing,560037::SRIN,DORMANT,2024-08-11,ENT-00073
KAR-SHOP-BLRU-2021-000052,SHOP,M/S Srinidhi Co,SRINIDHI,"No. 297, D 1st Crs, Whitefield, B'luru Urban, K'taka - 560037",NO 297 D 1ST CRS WHITEFIELD B LURU URBAN K TAKA 560037,Bengaluru Urban,560037,Plastic Moulding,Manufacturing,True,False,True,560037::Manufacturing,560037::SRIN,DORMANT,2024-10-11,ENT-00073
UDYAM-KR-BLRU-2024-000040,UDYAM,SRINIDHI COMPANY,SRINIDHI,"No. 297, D 1st Cr, Whitefield, Bengaluru Urban, K'taka - 560037",NO 297 D 1ST CR WHITEFIELD BANGALORE URBAN K TAKA 560037,Bengaluru Urban,560037,Plastic Moulding,Manufacturing,True,False,True,560037::Manufacturing,560037::SRIN,ACTIVE,2026-04-10,ENT-00073
BBMP-TL-SOUT-2022-000024,BBMP,M/S Kaveri Labels Traders,KAVERI LABELS TRADERS,"No 129, B Sector, Banashankari, Bangalore Urban, KA",NO 129 B SECTOR BANASHANKARI BANGALORE URBAN KA,Bengaluru Urban,560085,Printing / Packaging,Manufacturing,True,False,False,560085::Manufacturing,560085::KAVE,DORMANT,2023-07-12,ENT-00074
KFBIS-FAC-BLRU-2018-000034,FACTORY,M/S Kaveri Labels Traders,KAVERI LABELS TRADERS,"No 129, B Sector, Banashankari, B'luru Urban, KA - 560085",NO 129 B SECTOR BANASHANKARI B LURU URBAN KA 560085,Bengaluru Urban,560085,Printing / Packaging,Manufacturing,False,False,True,560085::Manufacturing,560085::KAVE,CLOSED,2020-05-13,ENT-00074
PCB/BLRU/CTE/2019/00031,KSPCB,Kaveri Labels Traders,KAVERI LABELS TRADERS,"No. 129, B Sector, Banashankari, Bengaluru Urban, K'taka - 560085",NO 129 B SECTOR BANASHANKARI BANGALORE URBAN K TAKA 560085,Bengaluru Urban,560085,Printing / Packaging,Manufacturing,False,False,True,560085::Manufacturing,560085::KAVE,ACTIVE,2026-04-21,ENT-00074
KFBIS-FAC-BLRU-2015-000035,FACTORY,Rai Tech Associates,RAI TECH ASSOCIATES,"No 84, A Sector, Whitefield Main Rd, Bengaluru Urban, K'taka - 560066",NO 84 A SECTOR WHITEFIELD MN RD BANGALORE URBAN K TAKA 560066,Bengaluru Urban,560066,Electronics Assembly,Manufacturing,True,True,False,560066::Manufacturing,560066::RAI ,CLOSED,2020-10-01,ENT-00075
GST-KA-BLRU-2016-000058,GST,Ravi Tech Associates,RAVI TECH ASSOCIATES,"No. 84, A Sector, Whitefield Main Road, Bangalore Urban, Karnataka - 560066",NO 84 A SECTOR WHITEFIELD MN RD BANGALORE URBAN KARNATAKA 560066,Bengaluru Urban,560066,Electronics Assembly,Manufacturing,True,True,False,560066::Manufacturing,560066::RAVI,CLOSED,2022-12-21,ENT-00075
PCB/BLRU/CTE/2019/00032,KSPCB,Ravi Tech Associates,RAVI TECH ASSOCIATES,"No 84, A Sector, Whitefield Main Road, B'luru Urban, KA - 560066",NO 84 A SECTOR WHITEFIELD MN RD B LURU URBAN KA 560066,Bengaluru Urban,560066,Electronics Assembly,Manufacturing,False,True,False,560066::Manufacturing,560066::RAVI,CLOSED,2022-08-14,ENT-00075
KAR-SHOP-BLRU-2015-000053,SHOP,M/S Ravi Tech Associates,RAVI TECH ASSOCIATES,"#84, A Sector, Whitefield Main Rd, B'luru Urban, K'taka - 560066",84 A SECTOR WHITEFIELD MN RD B LURU URBAN K TAKA 560066,Bengaluru Urban,560058,Electronics Assembly,Manufacturing,True,False,False,560058::Manufacturing,560058::RAVI,CLOSED,2019-08-07,ENT-00075
KFBIS-FAC-TUM-2016-000036,FACTORY,M/S Bangalore Coatings Co,BANGALORE COATINGS,"No 165, C Main Road, Antharasanahalli Indl Area, Tumakuru, K'taka - 572106",NO 165 C MN RD ANTHARASANAHALLI INDL AREA TUMAKURU K TAKA 572106,Tumakuru,572106,Chemical Blending,Manufacturing,True,True,False,572106::Manufacturing,572106::BANG,CLOSED,2018-05-24,ENT-00076
PCB/TUM/CTE/2023/00033,KSPCB,Bangalore Coatings Co,BANGALORE COATINGS,"#165, C Main Rd, Antharasanahalli Industrial Estate, Tumakuru, Karnataka - 572106",165 C MN RD ANTHARASANAHALLI IND ESTATE TUMAKURU KARNATAKA 572106,Tumakuru,572106,Chemical Blending,Manufacturing,True,True,False,572106::Manufacturing,572106::BANG,ACTIVE,2025-11-23,ENT-00076
KAR-SHOP-MYS-2020-000054,SHOP,Ananya Pharma Traders,ANANYA PHARMA TRADERS,"#262, A 1st Cr, Devaraja Mohalla, Mysuru, Karnataka - 570001",262 A 1ST CR DEVARAJA MOHALLA MYSURU KARNATAKA 570001,Mysuru,570001,Pharmacy / Medical Retail,Retail,False,False,False,570001::Retail,570001::ANAN,DORMANT,2025-01-28,ENT-00077
BBMP-TL-BENG-2023-000025,BBMP,M/S Aditya Medical Pvt Ltd,ADITYA MEDICAL,"No. 282, Extension, Hoskote, B'luru Rural, K'taka - 562114",NO 282 EXTENSION HOSKOTE B LURU RURAL K TAKA 562114,Bengaluru Rural,562114,Pharmacy / Medical Retail,Retail,True,True,True,562114::Retail,562114::ADIT,DORMANT,2023-08-03,ENT-00078
GST-KA-BLRR-2017-000059,GST,Aditya Medical Pvt. Ltd.,ADITYA MEDICAL,"No. 282, Extension, Hoskote, B'luru Rural, Karnataka - 562114",NO 282 EXTENSION HOSKOTE B LURU RURAL KARNATAKA 562114,Bengaluru Rural,562114,Pharmacy / Medical Retail,Retail,True,True,False,562114::Retail,562114::ADIT,DORMANT,2024-12-12,ENT-00078
LAB-KA-BLRR-2022-000035,LABOUR,Aditya Medical Pvt. Ltd.,ADITYA MEDICAL,"No. 282, Extension, Hoskote, Bangalore Rural, KA - 562114",NO 282 EXTENSION HOSKOTE BANGALORE RURAL KA 562114,Bengaluru Rural,562114,Pharmacy / Medical Retail,Retail,False,False,True,562114::Retail,562114::ADIT,DORMANT,2024-02-03,ENT-00078
KAR-SHOP-BLRR-2019-000055,SHOP,M/S Aditya Medical Pvt. Ltd.,ADITYA MEDICAL,"282, Extension, Hoskote, Bangalore Rural, Karnataka - 562114",282 EXTENSION HOSKOTE BANGALORE RURAL KARNATAKA 562114,Bengaluru Rural,562114,Pharmacy / Medical Retail,Retail,False,False,False,562114::Retail,562114::ADIT,DORMANT,2023-11-20,ENT-00078
GST-KA-MYS-2015-000060,GST,M/S Ravi Co,RAVI,"271, A 1st Cr, Hebbal Indl Area, Mysuru, KA - 570016",271 A 1ST CR HEBBAL INDL AREA MYSURU KA 570016,Mysuru,570016,Machine Tools,Manufacturing,True,False,False,570016::Manufacturing,570016::RAVI,CLOSED,2020-02-27,ENT-00079
LAB-KA-MYS-2017-000036,LABOUR,Ravi Co,RAVI,"No 271, A 1st Crs, Hebbal Industrial Area, Mysuru, Karnataka - 570016",NO 271 A 1ST CRS HEBBAL IND AREA MYSURU KARNATAKA 570016,Mysuru,570016,Machine Tools,Manufacturing,False,False,False,570016::Manufacturing,570016::RAVI,ACTIVE,2026-02-22,ENT-00079
KAR-SHOP-MYS-2023-000056,SHOP,Ravi Co,RAVI,"No 271, A 1st Crs, Hebbal Industrial Estate, Mysuru, KA - 570016",NO 271 A 1ST CRS HEBBAL IND ESTATE MYSURU KA 570016,Mysuru,570016,Machine Tools,Manufacturing,False,False,False,570016::Manufacturing,570016::RAVI,DORMANT,2025-02-12,ENT-00079
KFBIS-FAC-BLRU-2017-000037,FACTORY,Meghana Coatings Traders,MEGHANA COATINGS TRADERS,"#203, B Behind Metro, Bommanahalli, Bangalore Urban, Karnataka - 560068",203 B BEHIND METRO BOMMANAHALLI BANGALORE URBAN KARNATAKA 560068,Bengaluru Urban,560068,Chemical Blending,Manufacturing,True,False,False,560068::Manufacturing,560068::MEGH,CLOSED,2020-01-15,ENT-00080
GST-KA-BLRU-2020-000061,GST,MEGHANA COATINGS TRADERS,MEGHANA COATINGS TRADERS,"No 203, B Behind Metro, Bommanahalli, Bengaluru Urban, KA - 560068",NO 203 B BEHIND METRO BOMMANAHALLI BANGALORE URBAN KA 560068,Bengaluru Urban,560068,Chemical Blending,Manufacturing,True,False,False,560068::Manufacturing,560068::MEGH,CLOSED,2021-03-23,ENT-00080
PCB/BLRU/CTO/2016/00034,KSPCB,Meghana Coatings Traders,MEGHANA COATINGS TRADERS,"No. 203, B Behind Metro, Bommanahalli, Bengaluru Urban, K'taka - 560068",NO 203 B BEHIND METRO BOMMANAHALLI BANGALORE URBAN K TAKA 560068,Bengaluru Urban,560068,Chemical Blending,Manufacturing,True,False,False,560068::Manufacturing,560068::MEGH,DORMANT,2023-07-22,ENT-00080
LAB-KA-BLRU-2018-000037,LABOUR,Meghana Coatings Traders,MEGHANA COATINGS TRADERS,"No 203, B Behind Metro, Bommanahalli, B'luru Urban, Karnataka - 560068",NO 203 B BEHIND METRO BOMMANAHALLI B LURU URBAN KARNATAKA 560068,Bengaluru Urban,560068,Chemical Blending,Manufacturing,False,False,False,560068::Manufacturing,560068::MEGH,CLOSED,2019-02-09,ENT-00080
BBMP-TL-DASA-2015-000026,BBMP,Meghana Wear Traders,MEGHANA WEAR TRADERS,"No. 120, Plot Sector, Peenya Indl Area, B'luru Urban, K'taka - 560058",NO 120 PLOT SECTOR PEENYA INDL AREA B LURU URBAN K TAKA 560058,Bengaluru Urban,560058,Textile / Garments,Manufacturing,False,False,True,560058::Manufacturing,560058::MEGH,CLOSED,2018-02-09,ENT-00081
KFBIS-FAC-BLRU-2022-000038,FACTORY,Meghana Wear Traders,MEGHANA WEAR TRADERS,"No. 120, Plot Sector, Peenya Indl Area, Bangalore Urban, Karnataka - 560058",NO 120 PLOT SECTOR PEENYA INDL AREA BANGALORE URBAN KARNATAKA 560058,Bengaluru Urban,560058,Textile / Garments,Manufacturing,False,False,True,560058::Manufacturing,560058::MEGH,DORMANT,2023-10-25,ENT-00081
GST-KA-BLRU-2015-000062,GST,M/S Meghana Wear Traders,MEGHANA WEAR TRADERS,"No 120, Plot Sector, Peenya Indl Area, B'luru Urban, Karnataka - 560058",NO 120 PLOT SECTOR PEENYA INDL AREA B LURU URBAN KARNATAKA 560058,Bengaluru Urban,560058,Textile / Garments,Manufacturing,False,False,True,560058::Manufacturing,560058::MEGH,CLOSED,2018-02-08,ENT-00081
LAB-KA-BLRU-2023-000038,LABOUR,M/S Meghana Wear Traders,MEGHANA WEAR TRADERS,"No 120, Plot Sector, Peenya Indl Area, Bengaluru Urban, K'taka - 560058",NO 120 PLOT SECTOR PEENYA INDL AREA BANGALORE URBAN K TAKA 560058,Bengaluru Urban,560058,Textile / Garments,Manufacturing,False,False,True,560058::Manufacturing,560058::MEGH,DORMANT,2023-10-13,ENT-00081
KAR-SHOP-BLRU-2024-000057,SHOP,Meghana Wear Traders,MEGHANA WEAR TRADERS,"No 120, Plot Sector, Peenya Indl Area, Bangalore Urban, KA - 560058",NO 120 PLOT SECTOR PEENYA INDL AREA BANGALORE URBAN KA 560058,Bengaluru Urban,560058,Textile / Garments,Manufacturing,False,False,False,560058::Manufacturing,560058::MEGH,ACTIVE,2025-07-02,ENT-00081
UDYAM-KR-BLRU-2023-000041,UDYAM,Meghana Wear Traders,MEGHANA WEAR TRADERS,"No 120, Plot Sector, Peenya Industrial Area, B'luru Urban, KA - 560058",NO 120 PLOT SECTOR PEENYA IND AREA B LURU URBAN KA 560058,Bengaluru Urban,560058,Textile / Garments,Manufacturing,False,False,False,560058::Manufacturing,560058::MEGH,ACTIVE,2025-06-01,ENT-00081
KFBIS-FAC-MYS-2021-000039,FACTORY,Prakruthi Packaging Solutins,PRAKRUTHI PACKAGING SOLUTINS,"No. 142, B Behind Metro, Hebbal Indl Area, Mysuru, Karnataka - 570016",NO 142 B BEHIND METRO HEBBAL INDL AREA MYSURU KARNATAKA 570016,Mysuru,570016,Plastic Moulding,Manufacturing,True,True,True,570016::Manufacturing,570016::PRAK,DORMANT,2024-07-30,ENT-00082
PCB/MYS/CTE/2023/00035,KSPCB,Prakruthi Packaging Solutions,PRAKRUTHI PACKAGING SOLUTIONS,"No 142, B Behind Metro, Hebbal Industrial Estate, Mysuru, KA - 570016",NO 142 B BEHIND METRO HEBBAL IND ESTATE MYSURU KA 570016,Mysuru,570016,Plastic Moulding,Manufacturing,False,True,True,570016::Manufacturing,570016::PRAK,DORMANT,2023-12-13,ENT-00082
LAB-KA-MYS-2024-000039,LABOUR,Prakruthi Packaging Solutions,PRAKRUTHI PACKAGING SOLUTIONS,"142, B Behind Metro, Hebbal Industrial Estate, Mysuru, KA",142 B BEHIND METRO HEBBAL IND ESTATE MYSURU KA,Mysuru,570016,Plastic Moulding,Manufacturing,False,False,False,570016::Manufacturing,570016::PRAK,DORMANT,2024-12-31,ENT-00082
UDYAM-KR-MYS-2018-000042,UDYAM,Prakruthi Packaging Solutions,PRAKRUTHI PACKAGING SOLUTIONS,"142, B Behind Metro, Hebbal Industrial Area, Mysuru, K'taka - 570016",142 B BEHIND METRO HEBBAL IND AREA MYSURU K TAKA 570016,Mysuru,570016,Plastic Moulding,Manufacturing,True,False,False,570016::Manufacturing,570016::PRAK,DORMANT,2024-02-10,ENT-00082
KFBIS-FAC-BLRU-2020-000040,FACTORY,Nandi Electronics Solutions,NANDI ELECTRONICS SOLUTIONS,"#271, A Extension, Electronic City, Bengaluru Urban, Karnataka",271 A EXTENSION ELECTRONIC CITY BANGALORE URBAN KARNATAKA,Bengaluru Urban,560100,Electronics Assembly,Manufacturing,False,False,True,560100::Manufacturing,560100::NAND,CLOSED,2022-08-22,ENT-00083
GST-KA-BLRU-2024-000063,GST,Nandi Electronics Solutions,NANDI ELECTRONICS SOLUTIONS,"No 271, A Extension, Electronic City, Bengaluru Urban, K'taka - 560100",NO 271 A EXTENSION ELECTRONIC CITY BANGALORE URBAN K TAKA 560100,Bengaluru Urban,560100,Electronics Assembly,Manufacturing,False,False,False,560100::Manufacturing,560100::NAND,ACTIVE,2025-09-17,ENT-00083
KAR-SHOP-BLRU-2022-000058,SHOP,M/S Nandi Electronics Solutions,NANDI ELECTRONICS SOLUTIONS,"271, A Extension, Electronic City, B'luru Urban, Karnataka - 560100",271 A EXTENSION ELECTRONIC CITY B LURU URBAN KARNATAKA 560100,Bengaluru Urban,560100,Electronics Assembly,Manufacturing,False,False,False,560100::Manufacturing,560100::NAND,CLOSED,2022-12-25,ENT-00083
UDYAM-KR-BLRU-2025-000043,UDYAM,NANDI ELECTRONICS SOLUTIONS,NANDI ELECTRONICS SOLUTIONS,"No 271, A Extension, Electronic City, B'luru Urban, K'taka",NO 271 A EXTENSION ELECTRONIC CITY B LURU URBAN K TAKA,Bengaluru Urban,560100,Electronics Assembly,Manufacturing,False,False,False,560100::Manufacturing,560100::NAND,ACTIVE,2026-02-20,ENT-00083
BBMP-TL-YELA-2024-000027,BBMP,Veda Kitchen Inds,VEDA KITCHEN INDS,"No 275, Shed 1st Crs, Yelahanka, Bangalore Urban, Karnataka - 560064",NO 275 SHED 1ST CRS YELAHANKA BANGALORE URBAN KARNATAKA 560064,Bengaluru Urban,560064,Restaurant / Cafe,Service,False,False,True,560064::Service,560064::VEDA,ACTIVE,2025-07-08,ENT-00084
KAR-SHOP-BLRU-2023-000059,SHOP,Veda Kitchen Industries,VEDA KITCHEN INDUSTRIES,"No 275, Shed 1st Crs, Yelahanka, Bengaluru Urban, K'taka - 560064",NO 275 SHED 1ST CRS YELAHANKA BANGALORE URBAN K TAKA 560064,Bengaluru Urban,560064,Restaurant / Cafe,Service,False,True,True,560064::Service,560064::VEDA,ACTIVE,2025-07-01,ENT-00084
KFBIS-FAC-MYS-2018-000041,FACTORY,M/S Mysore Works,MYSORE WORKS,"280, C Industrial Layout, Nanjangud Road, Mysuru, KA - 570018",280 C IND LAYOUT NANJANGUD RD MYSURU KA 570018,Mysuru,570018,Electronics Assembly,Manufacturing,False,False,True,570018::Manufacturing,570018::MYSO,CLOSED,2023-02-10,ENT-00085
GST-KA-MYS-2018-000064,GST,Mysore Works,MYSORE WORKS,"No 280, C Industrial Layout, Nanjangud Road, Mysuru, K'taka - 570018",NO 280 C IND LAYOUT NANJANGUD RD MYSURU K TAKA 570018,Mysuru,570018,Electronics Assembly,Manufacturing,False,False,True,570018::Manufacturing,570018::MYSO,CLOSED,2019-01-23,ENT-00085
KAR-SHOP-MYS-2016-000060,SHOP,Mysore Works,MYSORE WORKS,"280, C Industrial Layout, Nanjangud Road, Mysuru, Karnataka - 570018",280 C IND LAYOUT NANJANGUD RD MYSURU KARNATAKA 570018,Mysuru,570018,Electronics Assembly,Manufacturing,False,False,False,570018::Manufacturing,570018::MYSO,CLOSED,2020-07-30,ENT-00085
UDYAM-KR-MYS-2018-000044,UDYAM,M/S Mysore Works,MYSORE WORKS,"No 280, C Industrial Layout, Nanjangud Road, Mysuru, KA - 570018",NO 280 C IND LAYOUT NANJANGUD RD MYSURU KA 570018,Mysuru,570018,Electronics Assembly,Manufacturing,False,False,True,570018::Manufacturing,570018::MYSO,CLOSED,2023-03-20,ENT-00085
KFBIS-FAC-BLRU-2017-000042,FACTORY,M/S Kaveri Labs Pvt Ltd,KAVERI LABS,"No. 71, A Near Bus Stop, Whitefield, Bangalore Urban, KA - 560037",NO 71 A NEAR BUS STOP WHITEFIELD BANGALORE URBAN KA 560037,Bengaluru Urban,560037,Chemical Blending,Manufacturing,False,False,False,560037::Manufacturing,560037::KAVE,CLOSED,2020-06-11,ENT-00086
PCB/BLRU/CTO/2023/00036,KSPCB,M/S Kaveri Labs Pvt Ltd,KAVERI LABS,"71, A Near Bus Stop, Whitefield, Bengaluru Urban, KA - 560037",71 A NEAR BUS STOP WHITEFIELD BANGALORE URBAN KA 560037,Bengaluru Urban,560037,Chemical Blending,Manufacturing,False,False,False,560037::Manufacturing,560037::KAVE,CLOSED,2025-11-21,ENT-00086
LAB-KA-BLRU-2019-000040,LABOUR,Kaveri Labs Pvt. Ltd.,KAVERI LABS,"No. 71, A Near Bus Stop, Whitefield, Bengaluru Urban, K'taka",NO 71 A NEAR BUS STOP WHITEFIELD BANGALORE URBAN K TAKA,Bengaluru Urban,560037,Chemical Blending,Manufacturing,True,False,False,560037::Manufacturing,560037::KAVE,CLOSED,2021-03-20,ENT-00086
BBMP-TL-TUMA-2016-000028,BBMP,Bangalore Co,BANGALORE,"#217, Near Bus Stop, Antharasanahalli Industrial Area, Tumakuru, KA - 572106",217 NEAR BUS STOP ANTHARASANAHALLI IND AREA TUMAKURU KA 572106,Tumakuru,572106,Restaurant / Cafe,Service,False,False,False,572106::Service,572106::BANG,CLOSED,2022-05-23,ENT-00087
GST-KA-TUM-2022-000065,GST,BANGALORE CO,BANGALORE,"No 217, Near Bus Stop, Antharasanahalli Industrial Area, Tumakuru, K'taka - 572106",NO 217 NEAR BUS STOP ANTHARASANAHALLI IND AREA TUMAKURU K TAKA 572106,Tumakuru,572106,Restaurant / Cafe,Service,True,True,False,572106::Service,572106::BANG,ACTIVE,2025-10-28,ENT-00087
BBMP-TL-SOUT-2018-000029,BBMP,M/S Bharath Biryani Pvt Ltd,BHARATH BIRYANI,"94, D Industrial Layout, Bannerghatta Road, Bangalore Urban, Karnataka - 560076",94 D IND LAYOUT BANNERGHATTA RD BANGALORE URBAN KARNATAKA 560076,Bengaluru Urban,560076,Restaurant / Cafe,Service,False,False,False,560076::Service,560076::BHAR,CLOSED,2022-07-18,ENT-00088
PCB/BLRU/CTE/2025/00037,KSPCB,M/S Bharath Biryani Pvt Ltd,BHARATH BIRYANI,"No 94, D Industrial Layout, Bannerghatta Road, Bengaluru Urban, K'taka - 560076",NO 94 D IND LAYOUT BANNERGHATTA RD BANGALORE URBAN K TAKA 560076,Bengaluru Urban,560076,Restaurant / Cafe,Service,False,False,True,560076::Service,560076::BHAR,ACTIVE,2025-08-28,ENT-00088
KAR-SHOP-BLRU-2015-000061,SHOP,Bharath Biryani Pvt Ltd,BHARATH BIRYANI,"94, D Industrial Layout, Bannerghatta Road, B'luru Urban, KA - 560076",94 D IND LAYOUT BANNERGHATTA RD B LURU URBAN KA 560076,Bengaluru Urban,560076,Restaurant / Cafe,Service,True,False,True,560076::Service,560076::BHAR,CLOSED,2019-04-10,ENT-00088
KFBIS-FAC-MYS-2023-000043,FACTORY,M/S Bangalore Works,BANGALORE WORKS,"No. 139, D 2nd Main, Hebbal Industrial Estate, Mysuru, KA - 570016",NO 139 D 2ND MN HEBBAL IND ESTATE MYSURU KA 570016,Mysuru,570016,Printing / Packaging,Manufacturing,False,True,False,570016::Manufacturing,570016::BANG,DORMANT,2024-12-14,ENT-00089
GST-KA-MYS-2019-000066,GST,Bangalore Works,BANGALORE WORKS,"139, D 2nd Main, Hebbal Industrial Estate, Mysuru, Karnataka - 570016",139 D 2ND MN HEBBAL IND ESTATE MYSURU KARNATAKA 570016,Mysuru,570016,Printing / Packaging,Manufacturing,True,True,True,570016::Manufacturing,570016::BANG,DORMANT,2024-11-06,ENT-00089
LAB-KA-MYS-2016-000041,LABOUR,Bangalore Works,BANGALORE WORKS,"#139, D 2nd Main, Hebbal Industrial Estate, Mysuru, KA - 570016",139 D 2ND MN HEBBAL IND ESTATE MYSURU KA 570016,Mysuru,570016,Printing / Packaging,Manufacturing,True,False,True,570016::Manufacturing,570016::BANG,ACTIVE,2026-01-09,ENT-00089
KFBIS-FAC-BLRU-2015-000044,FACTORY,Bharath Tech Associates,BHARATH TECH ASSOCIATES,"No. 54, D 3rd Phase, BTM Layout, Bangalore Urban, Karnataka - 560029",NO 54 D 3RD PHASE BTM LAYOUT BANGALORE URBAN KARNATAKA 560029,Bengaluru Urban,560029,Electronics Assembly,Manufacturing,False,False,False,560029::Manufacturing,560029::BHAR,DORMANT,2024-12-16,ENT-00090
GST-KA-BLRU-2017-000067,GST,Bharath Tech Asociates,BHARATH TECH ASOCIATES,"No 54, D 3rd Phase, BTM Layout, Bengaluru Urban, K'taka - 560029",NO 54 D 3RD PHASE BTM LAYOUT BANGALORE URBAN K TAKA 560029,Bengaluru Urban,560029,Electronics Assembly,Manufacturing,True,True,False,560029::Manufacturing,560029::BHAR,DORMANT,2023-08-08,ENT-00090
LAB-KA-BLRU-2020-000042,LABOUR,M/S Bharath Tech Associates,BHARATH TECH ASSOCIATES,"No. 54, D 3rd Phase, BTM Layout, Bengaluru Urban, K'taka - 560029",NO 54 D 3RD PHASE BTM LAYOUT BANGALORE URBAN K TAKA 560029,Bengaluru Urban,560029,Electronics Assembly,Manufacturing,False,False,False,560029::Manufacturing,560029::BHAR,DORMANT,2023-06-03,ENT-00090
KAR-SHOP-BLRU-2019-000062,SHOP,Bharath Tech Associats,BHARATH TECH ASSOCIATS,"54, D 3rd Phase, BTM Layout, B'luru Urban, Karnataka",54 D 3RD PHASE BTM LAYOUT B LURU URBAN KARNATAKA,Bengaluru Urban,560029,Electronics Assembly,Manufacturing,True,True,True,560029::Manufacturing,560029::BHAR,DORMANT,2024-08-27,ENT-00090
UDYAM-KR-BLRU-2023-000045,UDYAM,BHARATH TECH ASSOCIATES,BHARATH TECH ASSOCIATES,"No 54, D 3rd Phase, BTM Layout, Bangalore Urban, Karnataka - 560029",NO 54 D 3RD PHASE BTM LAYOUT BANGALORE URBAN KARNATAKA 560029,Bengaluru Urban,560029,Electronics Assembly,Manufacturing,True,True,True,560029::Manufacturing,560029::BHAR,ACTIVE,2025-10-07,ENT-00090
BBMP-TL-DASA-2016-000030,BBMP,M/S Sharma Stitch Enterprises,SHARMA STITCH ENTERPRISES,"142, D 3rd Phase, Peenya Industrial Estate, Bangalore Urban, Karnataka - 560058",142 D 3RD PHASE PEENYA IND ESTATE BANGALORE URBAN KARNATAKA 560058,Bengaluru Urban,560058,Textile / Garments,Manufacturing,False,False,False,560058::Manufacturing,560058::SHAR,DORMANT,2024-03-15,ENT-00091
KFBIS-FAC-BLRU-2017-000045,FACTORY,Sharma Stitch Enterprises,SHARMA STITCH ENTERPRISES,"#142, D 3rd Phase, Peenya Indl Area, Bengaluru Urban, Karnataka - 560058",142 D 3RD PHASE PEENYA INDL AREA BANGALORE URBAN KARNATAKA 560058,Bengaluru Urban,560058,Textile / Garments,Manufacturing,False,False,False,560058::Manufacturing,560058::SHAR,CLOSED,2021-08-15,ENT-00091
GST-KA-BLRU-2025-000068,GST,Sharma Stitch Entp,SHARMA STITCH ENTP,"No 142, D 3rd Phase, Peenya Industrial Area, Bengaluru Urban, KA - 560058",NO 142 D 3RD PHASE PEENYA IND AREA BANGALORE URBAN KA 560058,Bengaluru Urban,560058,Textile / Garments,Manufacturing,False,False,False,560058::Manufacturing,560058::SHAR,ACTIVE,2026-03-16,ENT-00091
KAR-SHOP-BLRU-2021-000063,SHOP,M/S Sharma Stitch Enterprises,SHARMA STITCH ENTERPRISES,"No 142, D 3rd Phase, Peenya Industrial Area, Bengaluru Urban, KA - 560058",NO 142 D 3RD PHASE PEENYA IND AREA BANGALORE URBAN KA 560058,Bengaluru Urban,560058,Textile / Garments,Manufacturing,False,False,False,560058::Manufacturing,560058::SHAR,CLOSED,2021-07-27,ENT-00091
UDYAM-KR-BLRU-2025-000046,UDYAM,M/S Sharma Stitch Enterprises,SHARMA STITCH ENTERPRISES,"No. 142, D 3rd Phase, Peenya Industrial Area, B'luru Urban, Karnataka - 560058",NO 142 D 3RD PHASE PEENYA IND AREA B LURU URBAN KARNATAKA 560058,Bengaluru Urban,560058,Textile / Garments,Manufacturing,False,False,False,560058::Manufacturing,560058::SHAR,ACTIVE,2025-11-30,ENT-00091
BBMP-TL-WEST-2019-000031,BBMP,Prakruthi Care Industries,PRAKRUTHI CARE INDUSTRIES,"No. 42, C Behind Metro, Rajajinagar Industrial Suburb, Bangalore Urban, K'taka - 560059",NO 42 C BEHIND METRO RAJAJINAGAR IND SUBURB BANGALORE URBAN K TAKA 560059,Bengaluru Urban,560059,Pharmacy / Medical Retail,Retail,True,False,False,560059::Retail,560059::PRAK,DORMANT,2024-05-21,ENT-00092
KAR-SHOP-BLRU-2023-000064,SHOP,Prakruthi Care Industries,PRAKRUTHI CARE INDUSTRIES,"42, C Behind Metro, Rajajinagar Industrial Suburb, Bangalore Urban, Karnataka - 560059",42 C BEHIND METRO RAJAJINAGAR IND SUBURB BANGALORE URBAN KARNATAKA 560059,Bengaluru Urban,560059,Pharmacy / Medical Retail,Retail,False,False,False,560059::Retail,560059::PRAK,DORMANT,2025-02-23,ENT-00092
BBMP-TL-BOMM-2022-000032,BBMP,Kaveri Systems Pvt Ltd,KAVERI SYSTEMS,"No. 51, B 3rd Phase, HSR Layout, Bengaluru Urban, Karnataka - 560102",NO 51 B 3RD PHASE HSR LAYOUT BANGALORE URBAN KARNATAKA 560102,Bengaluru Urban,560102,Electronics Assembly,Manufacturing,False,False,True,560102::Manufacturing,560102::KAVE,DORMANT,2024-08-05,ENT-00093
KFBIS-FAC-BLRU-2017-000046,FACTORY,Kaveri Systems Pvt Ltd,KAVERI SYSTEMS,"No. 51, B 3rd Phase, HSR Layout, B'luru Urban, K'taka - 560102",NO 51 B 3RD PHASE HSR LAYOUT B LURU URBAN K TAKA 560102,Bengaluru Urban,560102,Electronics Assembly,Manufacturing,False,False,True,560102::Manufacturing,560102::KAVE,CLOSED,2017-08-26,ENT-00093
GST-KA-BLRU-2024-000069,GST,Kaveri Systems Pvt Ltd,KAVERI SYSTEMS,"51, B 3rd Phase, HSR Layout, Bengaluru Urban, KA - 560102",51 B 3RD PHASE HSR LAYOUT BANGALORE URBAN KA 560102,Bengaluru Urban,560102,Electronics Assembly,Manufacturing,True,False,False,560102::Manufacturing,560102::KAVE,ACTIVE,2026-04-13,ENT-00093
PCB/BLRU/CTO/2018/00038,KSPCB,M/S Kaveri Systems Pvt Ltd,KAVERI SYSTEMS,"No. 51, B 3rd Phase, HSR Layout, B'luru Urban, K'taka - 560102",NO 51 B 3RD PHASE HSR LAYOUT B LURU URBAN K TAKA 560102,Bengaluru Urban,560102,Electronics Assembly,Manufacturing,False,False,True,560102::Manufacturing,560102::KAVE,CLOSED,2021-08-20,ENT-00093
LAB-KA-BLRU-2023-000043,LABOUR,Kaveri Systems Pvt. Ltd.,KAVERI SYSTEMS,"#51, B 3rd Phase, HSR Layout, Bengaluru Urban, K'taka - 560102",51 B 3RD PHASE HSR LAYOUT BANGALORE URBAN K TAKA 560102,Bengaluru Urban,560102,Electronics Assembly,Manufacturing,True,False,True,560102::Manufacturing,560102::KAVE,DORMANT,2025-04-30,ENT-00093
UDYAM-KR-BLRU-2020-000047,UDYAM,M/S Kavei Systems Pvt Ltd,KAVEI SYSTEMS,"#51, B 3rd Phase, HSR Layout, Bangalore Urban, KA - 560102",51 B 3RD PHASE HSR LAYOUT BANGALORE URBAN KA 560102,Bengaluru Urban,560102,Electronics Assembly,Manufacturing,True,False,True,560102::Manufacturing,560102::KAVE,CLOSED,2023-01-24,ENT-00093
BBMP-TL-SOUT-2019-000033,BBMP,M/S Sharma Biryani Pvt. Ltd.,SHARMA BIRYANI,"#52, Plot 2nd Main, Bommanahalli, B'luru Urban, K'taka - 560068",52 PLOT 2ND MN BOMMANAHALLI B LURU URBAN K TAKA 560068,Bengaluru Urban,560068,Restaurant / Cafe,Service,False,False,False,560068::Service,560068::SHAR,CLOSED,2021-07-27,ENT-00094
GST-KA-BLRU-2024-000070,GST,Sharma Biryani Pvt. Ltd.,SHARMA BIRYANI,"#52, Plot 2nd Main, Bommanahalli, Bengaluru Urban, Karnataka - 560068",52 PLOT 2ND MN BOMMANAHALLI BANGALORE URBAN KARNATAKA 560068,Bengaluru Urban,560068,Restaurant / Cafe,Service,False,False,False,560068::Service,560068::SHAR,DORMANT,2024-10-30,ENT-00094
LAB-KA-BLRU-2021-000044,LABOUR,Sharma Biryani Pvt Ltd,SHARMA BIRYANI,"52, Plot 2nd Main, Bommanahalli, Bengaluru Urban, K'taka - 560068",52 PLOT 2ND MN BOMMANAHALLI BANGALORE URBAN K TAKA 560068,Bengaluru Urban,560068,Restaurant / Cafe,Service,False,False,False,560068::Service,560068::SHAR,DORMANT,2024-11-14,ENT-00094
KAR-SHOP-BLRU-2015-000065,SHOP,Sharma Biryani Pv Ltd,SHARMA BIRYANI PV,"52, Plot 2nd Main, Bommanahalli, Bengaluru Urban, K'taka - 560068",52 PLOT 2ND MN BOMMANAHALLI BANGALORE URBAN K TAKA 560068,Bengaluru Urban,560068,Restaurant / Cafe,Service,False,False,False,560068::Service,560068::SHAR,CLOSED,2019-07-30,ENT-00094
UDYAM-KR-BLRU-2018-000048,UDYAM,Sharma Biryani Pvt Ltd,SHARMA BIRYANI,"#52, Plot 2nd Main, Bommanahalli, B'luru Urban, KA - 560068",52 PLOT 2ND MN BOMMANAHALLI B LURU URBAN KA 560068,Bengaluru Urban,560068,Restaurant / Cafe,Service,False,False,False,560068::Service,560068::SHAR,DORMANT,2025-03-22,ENT-00094
KFBIS-FAC-BLRU-2023-000047,FACTORY,M/S Deccan Packaging Traders,DECCAN PACKAGING TRADERS,"#211, C 1st Crs, BTM Layout, Bangalore Urban, Karnataka - 560029",211 C 1ST CRS BTM LAYOUT BANGALORE URBAN KARNATAKA 560029,Bengaluru Urban,560029,Printing / Packaging,Manufacturing,False,False,True,560029::Manufacturing,560029::DECC,DORMANT,2024-06-08,ENT-00095
GST-KA-BLRU-2025-000071,GST,M/S DECCAN PACKAGING TRADERS,DECCAN PACKAGING TRADERS,"#211, C 1st Cross, BTM Layout, Bengaluru Urban, K'taka - 560029",211 C 1ST CRS BTM LAYOUT BANGALORE URBAN K TAKA 560029,Bengaluru Urban,560029,Printing / Packaging,Manufacturing,False,False,True,560029::Manufacturing,560029::DECC,ACTIVE,2025-09-09,ENT-00095
PCB/BLRU/CTO/2020/00039,KSPCB,Deccan Packaging Traders,DECCAN PACKAGING TRADERS,"211, C 1st Cross, BTM Layout, B'luru Urban, KA",211 C 1ST CRS BTM LAYOUT B LURU URBAN KA,Bengaluru Urban,560029,Printing / Packaging,Manufacturing,False,False,True,560029::Manufacturing,560029::DECC,DORMANT,2023-05-31,ENT-00095
KAR-SHOP-BLRU-2016-000066,SHOP,Decan Packaging Traders,DECAN PACKAGING TRADERS,"No. 211, C 1st Cr, BTM Layout, B'luru Urban, Karnataka - 560029",NO 211 C 1ST CR BTM LAYOUT B LURU URBAN KARNATAKA 560029,Bengaluru Urban,560029,Printing / Packaging,Manufacturing,False,False,True,560029::Manufacturing,560029::DECA,CLOSED,2019-05-01,ENT-00095
BBMP-TL-NORT-2025-000034,BBMP,Ananya Devices Solutions,ANANYA DEVICES SOLUTIONS,"No 250, D Extension, Hebbal Industrial Area, Mysuru, KA - 570016",NO 250 D EXTENSION HEBBAL IND AREA MYSURU KA 570016,Mysuru,570016,Electronics Assembly,Manufacturing,False,False,False,570016::Manufacturing,570016::ANAN,ACTIVE,2025-05-08,ENT-00096
KFBIS-FAC-MYS-2024-000048,FACTORY,Ananya Devices Solutions,ANANYA DEVICES SOLUTIONS,"No. 250, D Extension, Hebbal Industrial Area, Mysuru, KA - 570016",NO 250 D EXTENSION HEBBAL IND AREA MYSURU KA 570016,Mysuru,570016,Electronics Assembly,Manufacturing,False,True,False,570016::Manufacturing,570016::ANAN,ACTIVE,2025-09-28,ENT-00096
GST-KA-MYS-2017-000072,GST,M/S Ananya Devices Solutions,ANANYA DEVICES SOLUTIONS,"250, D Extension, Hebbal Industrial Area, Mysuru, K'taka - 570016",250 D EXTENSION HEBBAL IND AREA MYSURU K TAKA 570016,Mysuru,570016,Electronics Assembly,Manufacturing,False,True,False,570016::Manufacturing,570016::ANAN,CLOSED,2019-03-15,ENT-00096
KAR-SHOP-MYS-2023-000067,SHOP,M/S Ananya Devices Solutions,ANANYA DEVICES SOLUTIONS,"250, D Extension, Hebbal Indl Area, Mysuru, KA - 570016",250 D EXTENSION HEBBAL INDL AREA MYSURU KA 570016,Mysuru,570016,Electronics Assembly,Manufacturing,False,False,True,570016::Manufacturing,570016::ANAN,DORMANT,2023-08-31,ENT-00096
BBMP-TL-SOUT-2024-000035,BBMP,M/S Ananya Labs Pvt Ltd,ANANYA LABS,"No. 216, Shed Behind Metro, Banashankari, Bengaluru Urban, KA - 560085",NO 216 SHED BEHIND METRO BANASHANKARI BANGALORE URBAN KA 560085,Bengaluru Urban,560085,Chemical Blending,Manufacturing,False,True,False,560085::Manufacturing,560085::ANAN,DORMANT,2024-05-12,ENT-00097
KFBIS-FAC-BLRU-2017-000049,FACTORY,M/S Ananya Labs Pvt Ltd,ANANYA LABS,"No 216, Shed Behind Metro, Banashankari, Bangalore Urban, Karnataka - 560085",NO 216 SHED BEHIND METRO BANASHANKARI BANGALORE URBAN KARNATAKA 560085,Bengaluru Urban,560085,Chemical Blending,Manufacturing,True,True,True,560085::Manufacturing,560085::ANAN,CLOSED,2020-11-05,ENT-00097
PCB/BLRU/CTE/2016/00040,KSPCB,M/S Ananya Labs Pvt Ltd,ANANYA LABS,"No 216, Shed Behind Metro, Banashankari, Bengaluru Urban, Karnataka - 560085",NO 216 SHED BEHIND METRO BANASHANKARI BANGALORE URBAN KARNATAKA 560085,Bengaluru Urban,560085,Chemical Blending,Manufacturing,False,False,True,560085::Manufacturing,560085::ANAN,CLOSED,2017-02-15,ENT-00097
PCB/BLRU/CTE/2019/00041,KSPCB,Ganesh Works,GANESH WORKS,"No. 76, B Industrial Layout, BTM Layout, Bangalore Urban, K'taka - 560029",NO 76 B IND LAYOUT BTM LAYOUT BANGALORE URBAN K TAKA 560029,Bengaluru Urban,560029,Printing / Packaging,Manufacturing,True,False,False,560029::Manufacturing,560029::GANE,DORMANT,2025-03-22,ENT-00098
KAR-SHOP-BLRU-2025-000068,SHOP,Ganesh Works,GANESH WORKS,"76, B Industrial Layout, BTM Layout, Bangalore Urban, K'taka - 560029",76 B IND LAYOUT BTM LAYOUT BANGALORE URBAN K TAKA 560029,Bengaluru Urban,560029,Printing / Packaging,Manufacturing,False,True,True,560029::Manufacturing,560029::GANE,ACTIVE,2025-11-08,ENT-00098
BBMP-TL-BENG-2020-000036,BBMP,Mysore Cargo Solutions,MYSORE CARGO SOLUTIONS,"62, Shed 1st Cr, Hoskote, B'luru Rural, Karnataka - 562114",62 SHED 1ST CR HOSKOTE B LURU RURAL KARNATAKA 562114,Bengaluru Rural,562114,Logistics / Warehouse,Service,True,True,False,562114::Service,562114::MYSO,CLOSED,2026-04-29,ENT-00099
GST-KA-BLRR-2018-000073,GST,Mysore Cargo Solutions,MYSORE CARGO SOLUTIONS,"62, Shed 1st Crs, Hoskote, Bengaluru Rural, Karnataka - 562114",62 SHED 1ST CRS HOSKOTE BANGALORE RURAL KARNATAKA 562114,Bengaluru Rural,562114,Logistics / Warehouse,Service,True,True,False,562114::Service,562114::MYSO,CLOSED,2022-01-12,ENT-00099
LAB-KA-BLRR-2023-000045,LABOUR,Mysore Cargo Solutions,MYSORE CARGO SOLUTIONS,"No. 62, Shed 1st Cross, Hoskote, Bengaluru Rural, Karnataka - 562114",NO 62 SHED 1ST CRS HOSKOTE BANGALORE RURAL KARNATAKA 562114,Bengaluru Rural,562110,Logistics / Warehouse,Service,False,False,False,562110::Service,562110::MYSO,DORMANT,2024-07-05,ENT-00099
KAR-SHOP-BLRR-2019-000069,SHOP,Mysore Cargo Solutions,MYSORE CARGO SOLUTIONS,"No 62, Shed 1st Cr, Hoskote, Bengaluru Rural, KA - 562114",NO 62 SHED 1ST CR HOSKOTE BANGALORE RURAL KA 562114,Bengaluru Rural,562114,Logistics / Warehouse,Service,False,True,False,562114::Service,562114::MYSO,CLOSED,2020-06-04,ENT-00099
UDYAM-KR-BLRR-2022-000049,UDYAM,Mysore Cargo olutions,MYSORE CARGO OLUTIONS,"#62, Shed 1st Crs, Hoskote, Bangalore Rural, K'taka",62 SHED 1ST CRS HOSKOTE BANGALORE RURAL K TAKA,Bengaluru Rural,562114,Logistics / Warehouse,Service,True,False,False,562114::Service,562114::MYSO,DORMANT,2024-02-24,ENT-00099
BBMP-TL-EAST-2019-000037,BBMP,Srinidhi Traders,SRINIDHI TRADERS,"235, D Extension, Kalyan Nagar, Bangalore Urban, K'taka - 560043",235 D EXTENSION KALYAN NAGAR BANGALORE URBAN K TAKA 560043,Bengaluru Urban,560043,Food Processing,Manufacturing,False,False,False,560043::Manufacturing,560043::SRIN,DORMANT,2025-02-15,ENT-00100
GST-KA-BLRU-2024-000074,GST,M/S Srinidhi Traders,SRINIDHI TRADERS,"235, D Extension, Kalyan Nagar, B'luru Urban, KA - 560043",235 D EXTENSION KALYAN NAGAR B LURU URBAN KA 560043,Bengaluru Urban,560043,Food Processing,Manufacturing,False,False,False,560043::Manufacturing,560043::SRIN,ACTIVE,2026-04-24,ENT-00100
PCB/BLRU/CTE/2020/00042,KSPCB,Srinidhi Traders,SRINIDHI TRADERS,"No. 235, D Extension, Kalyan Nagar, Bangalore Urban, Karnataka - 560043",NO 235 D EXTENSION KALYAN NAGAR BANGALORE URBAN KARNATAKA 560043,Bengaluru Urban,560043,Food Processing,Manufacturing,False,False,True,560043::Manufacturing,560043::SRIN,CLOSED,2023-01-09,ENT-00100
KFBIS-FAC-BLRU-2022-000050,FACTORY,Srinidhi Enterprises,SRINIDHI ENTERPRISES,"#195, B Behind Metro, Banashankari, Bengaluru Urban, Karnataka - 560085",195 B BEHIND METRO BANASHANKARI BANGALORE URBAN KARNATAKA 560085,Bengaluru Urban,560085,Machine Tools,Manufacturing,False,False,False,560085::Manufacturing,560085::SRIN,CLOSED,2023-02-10,ENT-00101
GST-KA-BLRU-2019-000075,GST,M/S Srinidhi Enterprises,SRINIDHI ENTERPRISES,"#195, B Behind Metro, Banashankari, B'luru Urban, KA",195 B BEHIND METRO BANASHANKARI B LURU URBAN KA,Bengaluru Urban,560085,Machine Tools,Manufacturing,False,False,False,560085::Manufacturing,560085::SRIN,CLOSED,2023-04-17,ENT-00101
PCB/BLRU/CTO/2022/00043,KSPCB,M/S Srinidhi Enterprises,SRINIDHI ENTERPRISES,"#195, B Behind Metro, Banashankari, Bengaluru Urban, Karnataka - 560085",195 B BEHIND METRO BANASHANKARI BANGALORE URBAN KARNATAKA 560085,Bengaluru Urban,560085,Machine Tools,Manufacturing,False,False,False,560085::Manufacturing,560085::SRIN,DORMANT,2024-07-18,ENT-00101
LAB-KA-BLRU-2021-000046,LABOUR,Srinidhi Enterprises,SRINIDHI ENTERPRISES,"No 195, B Behind Metro, Banashankari, Bangalore Urban, Karnataka - 560085",NO 195 B BEHIND METRO BANASHANKARI BANGALORE URBAN KARNATAKA 560085,Bengaluru Urban,560085,Machine Tools,Manufacturing,False,False,False,560085::Manufacturing,560085::SRIN,DORMANT,2024-07-09,ENT-00101
KAR-SHOP-BLRU-2018-000070,SHOP,Srinidhi Enterprises,SRINIDHI ENTERPRISES,"No 195, B Behind Metro, Banashankari, Bangalore Urban, K'taka - 560085",NO 195 B BEHIND METRO BANASHANKARI BANGALORE URBAN K TAKA 560085,Bengaluru Urban,560085,Machine Tools,Manufacturing,False,False,False,560085::Manufacturing,560085::SRIN,CLOSED,2024-05-28,ENT-00101
GST-KA-TUM-2020-000076,GST,SHARMA CNC ENTERPRISES,SHARMA CNC ENTERPRISES,"#68, A Mn Rd, Antharasanahalli Indl Area, Tumakuru, KA - 572106",68 A MN RD ANTHARASANAHALLI INDL AREA TUMAKURU KA 572106,Tumakuru,572106,Machine Tools,Manufacturing,True,True,True,572106::Manufacturing,572106::SHAR,CLOSED,2021-09-10,ENT-00102
PCB/TUM/CTE/2023/00044,KSPCB,M/S Sharma CNC Enterprises,SHARMA CNC ENTERPRISES,"No 68, A Main Rd, Antharasanahalli Industrial Area, Tumakuru, K'taka - 572106",NO 68 A MN RD ANTHARASANAHALLI IND AREA TUMAKURU K TAKA 572106,Tumakuru,572106,Machine Tools,Manufacturing,True,False,False,572106::Manufacturing,572106::SHAR,DORMANT,2024-05-26,ENT-00102
LAB-KA-TUM-2016-000047,LABOUR,Sharma CNC Enterprises,SHARMA CNC ENTERPRISES,"#68, A Mn Rd, Antharasanahalli Industrial Estate, Tumakuru, K'taka - 572106",68 A MN RD ANTHARASANAHALLI IND ESTATE TUMAKURU K TAKA 572106,Tumakuru,572106,Machine Tools,Manufacturing,True,False,False,572106::Manufacturing,572106::SHAR,CLOSED,2020-03-12,ENT-00102
KAR-SHOP-TUM-2021-000071,SHOP,Sharma CNC Entp,SHARMA CNC ENTP,"No 68, A Main Rd, Antharasanahalli Industrial Estate, Tumakuru, K'taka - 572106",NO 68 A MN RD ANTHARASANAHALLI IND ESTATE TUMAKURU K TAKA 572106,Tumakuru,572106,Machine Tools,Manufacturing,False,False,False,572106::Manufacturing,572106::SHAR,DORMANT,2024-03-07,ENT-00102
UDYAM-KR-TUM-2024-000050,UDYAM,Sharma CNC Enterprises,SHARMA CNC ENTERPRISES,"No. 68, A Mn Rd, Antharasanahalli Industrial Area, Tumakuru, Karnataka - 572106",NO 68 A MN RD ANTHARASANAHALLI IND AREA TUMAKURU KARNATAKA 572106,Tumakuru,572106,Machine Tools,Manufacturing,True,False,True,572106::Manufacturing,572106::SHAR,DORMANT,2025-04-21,ENT-00102
BBMP-TL-YELA-2017-000038,BBMP,Aditya Garments Industries,ADITYA GARMENTS INDUSTRIES,"90, Plot Main Road, Yelahanka, Bangalore Urban, K'taka - 560064",90 PLOT MN RD YELAHANKA BANGALORE URBAN K TAKA 560064,Bengaluru Urban,560064,Textile / Garments,Manufacturing,True,False,False,560064::Manufacturing,560064::ADIT,DORMANT,2024-10-19,ENT-00103
GST-KA-BLRU-2024-000077,GST,ADITYA GARMENTS INDUSTRIES,ADITYA GARMENTS INDUSTRIES,"No 90, Plot Main Road, Yelahanka, B'luru Urban, KA - 560064",NO 90 PLOT MN RD YELAHANKA B LURU URBAN KA 560064,Bengaluru Urban,560064,Textile / Garments,Manufacturing,True,True,False,560064::Manufacturing,560064::ADIT,ACTIVE,2025-08-18,ENT-00103
LAB-KA-BLRU-2018-000048,LABOUR,Aditya Garments Industries,ADITYA GARMENTS INDUSTRIES,"No 90, Plot Main Rd, Yelahanka, Bangalore Urban, KA - 560064",NO 90 PLOT MN RD YELAHANKA BANGALORE URBAN KA 560064,Bengaluru Urban,560064,Textile / Garments,Manufacturing,True,True,False,560064::Manufacturing,560064::ADIT,CLOSED,2022-03-21,ENT-00103
BBMP-TL-BOMM-2019-000039,BBMP,Navya Printers Traders,NAVYA PRINTERS TRADERS,"No 18, Shed Main Road, Electronic City, Bangalore Urban, KA - 560100",NO 18 SHED MN RD ELECTRONIC CITY BANGALORE URBAN KA 560100,Bengaluru Urban,560100,Printing / Packaging,Manufacturing,False,False,False,560100::Manufacturing,560100::NAVY,CLOSED,2020-10-22,ENT-00104
KFBIS-FAC-BLRU-2015-000051,FACTORY,Navya Printers Traders,NAVYA PRINTERS TRADERS,"#18, Shed Main Road, Electronic City, Bangalore Urban, K'taka - 560100",18 SHED MN RD ELECTRONIC CITY BANGALORE URBAN K TAKA 560100,Bengaluru Urban,560100,Printing / Packaging,Manufacturing,True,False,True,560100::Manufacturing,560100::NAVY,CLOSED,2022-01-08,ENT-00104
GST-KA-BLRU-2020-000078,GST,M/S Navya Printers Traders,NAVYA PRINTERS TRADERS,"No 18, Shed Main Road, Electronic City, Bangalore Urban, Karnataka - 560100",NO 18 SHED MN RD ELECTRONIC CITY BANGALORE URBAN KARNATAKA 560100,Bengaluru Urban,560100,Printing / Packaging,Manufacturing,True,True,False,560100::Manufacturing,560100::NAVY,CLOSED,2021-02-24,ENT-00104
PCB/BLRU/CTE/2021/00045,KSPCB,Navya Printers Traders,NAVYA PRINTERS TRADERS,"No. 18, Shed Main Road, Electronic City, Bengaluru Urban, K'taka - 560100",NO 18 SHED MN RD ELECTRONIC CITY BANGALORE URBAN K TAKA 560100,Bengaluru Urban,560100,Printing / Packaging,Manufacturing,False,True,True,560100::Manufacturing,560100::NAVY,CLOSED,2025-08-12,ENT-00104
LAB-KA-BLRU-2018-000049,LABOUR,Navya Printers Traders,NAVYA PRINTERS TRADERS,"#18, Shed Mn Rd, Electronic City, B'luru Urban, Karnataka - 560100",18 SHED MN RD ELECTRONIC CITY B LURU URBAN KARNATAKA 560100,Bengaluru Urban,560100,Printing / Packaging,Manufacturing,True,False,True,560100::Manufacturing,560100::NAVY,CLOSED,2020-09-05,ENT-00104
KAR-SHOP-BLRU-2019-000072,SHOP,Navya Printers Traders,NAVYA PRINTERS TRADERS,"#18, Shed Main Rd, Electronic City, Bangalore Urban, K'taka - 560100",18 SHED MN RD ELECTRONIC CITY BANGALORE URBAN K TAKA 560100,Bengaluru Urban,560100,Printing / Packaging,Manufacturing,False,False,False,560100::Manufacturing,560100::NAVY,DORMANT,2023-06-23,ENT-00104
KFBIS-FAC-BLRU-2022-000052,FACTORY,Kaveri Pvt Ltd,KAVERI,"No. 86, Behind Metro, BTM Layout, Bengaluru Urban, K'taka - 560029",NO 86 BEHIND METRO BTM LAYOUT BANGALORE URBAN K TAKA 560029,Bengaluru Urban,560029,Plastic Moulding,Manufacturing,True,False,False,560029::Manufacturing,560029::KAVE,DORMANT,2023-12-10,ENT-00105
GST-KA-BLRU-2021-000079,GST,Kaveri Pvt Ltd,KAVERI,"#86, Behind Metro, BTM Layout, Bangalore Urban, KA - 560029",86 BEHIND METRO BTM LAYOUT BANGALORE URBAN KA 560029,Bengaluru Urban,560029,Plastic Moulding,Manufacturing,True,True,False,560029::Manufacturing,560029::KAVE,CLOSED,2022-06-16,ENT-00105
PCB/BLRU/CTO/2022/00046,KSPCB,Kaveri Pvt Ltd,KAVERI,"No 86, Behind Metro, BTM Layout, Bangalore Urban, KA - 560029",NO 86 BEHIND METRO BTM LAYOUT BANGALORE URBAN KA 560029,Bengaluru Urban,560029,Plastic Moulding,Manufacturing,False,True,False,560029::Manufacturing,560029::KAVE,CLOSED,2022-08-11,ENT-00105
UDYAM-KR-BLRU-2017-000051,UDYAM,M/S Kaveri Pvt Ltd,KAVERI,"No. 86, Behind Metro, BTM Layout, B'luru Urban, KA",NO 86 BEHIND METRO BTM LAYOUT B LURU URBAN KA,Bengaluru Urban,560029,Plastic Moulding,Manufacturing,True,False,False,560029::Manufacturing,560029::KAVE,DORMANT,2024-12-15,ENT-00105
BBMP-TL-BENG-2017-000040,BBMP,Naveen Stores LLP,NAVEEN STORES,"No. 237, A Service Road, Hoskote, Bangalore Rural, KA - 562114",NO 237 A SERVICE RD HOSKOTE BANGALORE RURAL KA 562114,Bengaluru Rural,562114,Logistics / Warehouse,Service,False,False,False,562114::Service,562114::NAVE,CLOSED,2018-08-12,ENT-00106
LAB-KA-BLRR-2024-000050,LABOUR,Naveen Stores LLP,NAVEEN STORES,"No. 237, A Service Road, Hoskote, B'luru Rural, Karnataka - 562114",NO 237 A SERVICE RD HOSKOTE B LURU RURAL KARNATAKA 562114,Bengaluru Rural,561203,Logistics / Warehouse,Service,True,False,True,561203::Service,561203::NAVE,DORMANT,2024-11-21,ENT-00106
LAB-KA-MYS-2024-000051,LABOUR,Harsha Inds,HARSHA INDS,"#45, Extension, Devaraja Mohalla, Mysuru, Karnataka - 570001",45 EXTENSION DEVARAJA MOHALLA MYSURU KARNATAKA 570001,Mysuru,570001,Printing / Packaging,Manufacturing,False,True,False,570001::Manufacturing,570001::HARS,DORMANT,2025-04-11,ENT-00107
KAR-SHOP-MYS-2015-000073,SHOP,M/S Harsha Industries,HARSHA INDUSTRIES,"#45, Extension, Devaraja Mohalla, Mysuru, KA - 570001",45 EXTENSION DEVARAJA MOHALLA MYSURU KA 570001,Mysuru,570001,Printing / Packaging,Manufacturing,False,False,False,570001::Manufacturing,570001::HARS,CLOSED,2020-08-08,ENT-00107
UDYAM-KR-MYS-2018-000052,UDYAM,Harsha Industries,HARSHA INDUSTRIES,"No 45, Extension, Devaraja Mohalla, Mysuru, K'taka - 570001",NO 45 EXTENSION DEVARAJA MOHALLA MYSURU K TAKA 570001,Mysuru,570001,Printing / Packaging,Manufacturing,True,False,False,570001::Manufacturing,570001::HARS,DORMANT,2024-07-15,ENT-00107
KFBIS-FAC-BLRU-2023-000053,FACTORY,Mysore Fashions Entp,MYSORE FASHIONS ENTP,"#287, D Service Road, Yelahanka, Bengaluru Urban, Karnataka - 560064",287 D SERVICE RD YELAHANKA BANGALORE URBAN KARNATAKA 560064,Bengaluru Urban,560064,Textile / Garments,Manufacturing,True,False,False,560064::Manufacturing,560064::MYSO,DORMANT,2024-08-22,ENT-00108
GST-KA-BLRU-2019-000080,GST,M/S Mysore Fashions Enterprises,MYSORE FASHIONS ENTERPRISES,"No 287, D Service Road, Yelahanka, Bengaluru Urban, K'taka - 560064",NO 287 D SERVICE RD YELAHANKA BANGALORE URBAN K TAKA 560064,Bengaluru Urban,560064,Textile / Garments,Manufacturing,True,False,False,560064::Manufacturing,560064::MYSO,CLOSED,2021-01-05,ENT-00108
LAB-KA-BLRU-2025-000052,LABOUR,M/S Mysore Fashions Enterprises,MYSORE FASHIONS ENTERPRISES,"287, D Service Road, Yelahanka, B'luru Urban, KA - 560064",287 D SERVICE RD YELAHANKA B LURU URBAN KA 560064,Bengaluru Urban,560064,Textile / Garments,Manufacturing,False,False,True,560064::Manufacturing,560064::MYSO,ACTIVE,2026-04-15,ENT-00108
UDYAM-KR-BLRU-2023-000053,UDYAM,Mysore Fashions Enterprises,MYSORE FASHIONS ENTERPRISES,"No. 287, D Service Road, Yelahanka, B'luru Urban, Karnataka - 560064",NO 287 D SERVICE RD YELAHANKA B LURU URBAN KARNATAKA 560064,Bengaluru Urban,560064,Textile / Garments,Manufacturing,True,False,False,560064::Manufacturing,560064::MYSO,DORMANT,2024-05-31,ENT-00108
KFBIS-FAC-TUM-2019-000054,FACTORY,Bangalore Packaging Works,BANGALORE PACKAGING WORKS,"No. 135, A 1st Crs, BH Road, Tumakuru, Karnataka - 572101",NO 135 A 1ST CRS BH RD TUMAKURU KARNATAKA 572101,Tumakuru,572101,Plastic Moulding,Manufacturing,False,False,False,572101::Manufacturing,572101::BANG,CLOSED,2019-11-22,ENT-00109
GST-KA-TUM-2023-000081,GST,Bangalore Packaging Works,BANGALORE PACKAGING WORKS,"No. 135, A 1st Cr, BH Road, Tumakuru, KA - 572101",NO 135 A 1ST CR BH RD TUMAKURU KA 572101,Tumakuru,572101,Plastic Moulding,Manufacturing,True,False,False,572101::Manufacturing,572101::BANG,DORMANT,2023-09-16,ENT-00109
PCB/TUM/CTE/2023/00047,KSPCB,Bangalore ackaging Works,BANGALORE ACKAGING WORKS,"No. 135, A 1st Cross, BH Road, Tumakuru, KA - 572101",NO 135 A 1ST CRS BH RD TUMAKURU KA 572101,Tumakuru,572101,Plastic Moulding,Manufacturing,False,False,False,572101::Manufacturing,572101::BANG,DORMANT,2023-08-03,ENT-00109
LAB-KA-TUM-2019-000053,LABOUR,Bangalore Packaging Works,BANGALORE PACKAGING WORKS,"No 135, A 1st Cross, BH Road, Tumakuru, K'taka - 572101",NO 135 A 1ST CRS BH RD TUMAKURU K TAKA 572101,Tumakuru,572101,Plastic Moulding,Manufacturing,False,False,False,572101::Manufacturing,572101::BANG,DORMANT,2025-03-16,ENT-00109
KFBIS-FAC-BLRU-2018-000055,FACTORY,M/S Sharma Chem LP,SHARMA CHEM LP,"#218, B Industrial Layout, Banashankari, Bengaluru Urban, Karnataka",218 B IND LAYOUT BANASHANKARI BANGALORE URBAN KARNATAKA,Bengaluru Urban,560085,Chemical Blending,Manufacturing,True,True,True,560085::Manufacturing,560085::SHAR,CLOSED,2018-12-25,ENT-00110
GST-KA-BLRU-2025-000082,GST,Sharma Chem LLP,SHARMA CHEM,"#218, B Industrial Layout, Banashankari, Bengaluru Urban, Karnataka - 560085",218 B IND LAYOUT BANASHANKARI BANGALORE URBAN KARNATAKA 560085,Bengaluru Urban,560085,Chemical Blending,Manufacturing,True,True,True,560085::Manufacturing,560085::SHAR,ACTIVE,2026-03-04,ENT-00110
PCB/BLRU/CTE/2021/00048,KSPCB,Sharma Chem LLP,SHARMA CHEM,"No. 218, B Industrial Layout, Banashankari, Bangalore Urban, Karnataka - 560085",NO 218 B IND LAYOUT BANASHANKARI BANGALORE URBAN KARNATAKA 560085,Bengaluru Urban,560085,Chemical Blending,Manufacturing,True,False,False,560085::Manufacturing,560085::SHAR,ACTIVE,2025-11-30,ENT-00110
LAB-KA-BLRU-2022-000054,LABOUR,Sharma Chem LLP,SHARMA CHEM,"#218, B Industrial Layout, Banashankari, Bangalore Urban, Karnataka - 560085",218 B IND LAYOUT BANASHANKARI BANGALORE URBAN KARNATAKA 560085,Bengaluru Urban,560085,Chemical Blending,Manufacturing,False,False,True,560085::Manufacturing,560085::SHAR,DORMANT,2025-01-08,ENT-00110
UDYAM-KR-BLRU-2021-000054,UDYAM,Sharma Chem LLP,SHARMA CHEM,"218, B Industrial Layout, Banashankari, Bangalore Urban, K'taka - 560085",218 B IND LAYOUT BANASHANKARI BANGALORE URBAN K TAKA 560085,Bengaluru Urban,560085,Chemical Blending,Manufacturing,True,False,True,560085::Manufacturing,560085::SHAR,DORMANT,2024-12-01,ENT-00110
KFBIS-FAC-BLRU-2021-000056,FACTORY,Naveen Polymers Solutions,NAVEEN POLYMERS SOLUTIONS,"No. 64, Shed Sector, HSR Layout, B'luru Urban, Karnataka - 560102",NO 64 SHED SECTOR HSR LAYOUT B LURU URBAN KARNATAKA 560102,Bengaluru Urban,560102,Plastic Moulding,Manufacturing,False,False,True,560102::Manufacturing,560102::NAVE,DORMANT,2024-03-25,ENT-00111
GST-KA-BLRU-2015-000083,GST,Naveen Polymers Solutions,NAVEEN POLYMERS SOLUTIONS,"No 64, Shed Sector, HSR Layout, B'luru Urban, Karnataka",NO 64 SHED SECTOR HSR LAYOUT B LURU URBAN KARNATAKA,Bengaluru Urban,560102,Plastic Moulding,Manufacturing,True,False,True,560102::Manufacturing,560102::NAVE,CLOSED,2015-09-15,ENT-00111
PCB/BLRU/CTE/2025/00049,KSPCB,Naveen Polymers Solutions,NAVEEN POLYMERS SOLUTIONS,"#64, Shed Sector, HSR Layout, B'luru Urban, KA - 560102",64 SHED SECTOR HSR LAYOUT B LURU URBAN KA 560102,Bengaluru Urban,560102,Plastic Moulding,Manufacturing,True,False,True,560102::Manufacturing,560102::NAVE,ACTIVE,2025-11-02,ENT-00111
LAB-KA-BLRU-2024-000055,LABOUR,M/S Naveen Polymers Solutions,NAVEEN POLYMERS SOLUTIONS,"No 64, Shed Sector, HSR Layout, Bengaluru Urban, Karnataka - 560102",NO 64 SHED SECTOR HSR LAYOUT BANGALORE URBAN KARNATAKA 560102,Bengaluru Urban,560102,Plastic Moulding,Manufacturing,False,False,True,560102::Manufacturing,560102::NAVE,DORMANT,2025-03-16,ENT-00111
UDYAM-KR-BLRU-2018-000055,UDYAM,Naveen Polymers Solutions,NAVEEN POLYMERS SOLUTIONS,"64, Shed Sector, HSR Layout, Bengaluru Urban, K'taka - 560102",64 SHED SECTOR HSR LAYOUT BANGALORE URBAN K TAKA 560102,Bengaluru Urban,560102,Plastic Moulding,Manufacturing,False,False,False,560102::Manufacturing,560102::NAVE,DORMANT,2024-03-20,ENT-00111
KFBIS-FAC-BLRU-2022-000057,FACTORY,Ananya Solutions,ANANYA SOLUTIONS,"No. 218, B Industrial Layout, Hebbal, Bangalore Urban, K'taka - 560024",NO 218 B IND LAYOUT HEBBAL BANGALORE URBAN K TAKA 560024,Bengaluru Urban,560024,Chemical Blending,Manufacturing,False,True,False,560024::Manufacturing,560024::ANAN,CLOSED,2023-04-01,ENT-00112
PCB/BLRU/CTE/2018/00050,KSPCB,Ananya Solutions,ANANYA SOLUTIONS,"No 218, B Industrial Layout, Hebbal, Bengaluru Urban, KA - 560024",NO 218 B IND LAYOUT HEBBAL BANGALORE URBAN KA 560024,Bengaluru Urban,560024,Chemical Blending,Manufacturing,True,False,False,560024::Manufacturing,560024::ANAN,CLOSED,2020-01-28,ENT-00112
UDYAM-KR-BLRU-2018-000056,UDYAM,M/SAnanya Solutions,M SANANYA SOLUTIONS,"#218, B Industrial Layout, Hebbal, Bangalore Urban, KA - 560024",218 B IND LAYOUT HEBBAL BANGALORE URBAN KA 560024,Bengaluru Urban,560024,Chemical Blending,Manufacturing,True,False,False,560024::Manufacturing,560024::M SA,CLOSED,2019-01-07,ENT-00112
KFBIS-FAC-BLRU-2022-000058,FACTORY,Harsha Tools Associates,HARSHA TOOLS ASSOCIATES,"#299, C Industrial Layout, MG Road, Bengaluru Urban, Karnataka - 560001",299 C IND LAYOUT MG RD BANGALORE URBAN KARNATAKA 560001,Bengaluru Urban,560001,Machine Tools,Manufacturing,True,False,False,560001::Manufacturing,560001::HARS,ACTIVE,2026-03-20,ENT-00113
PCB/BLRU/CTE/2023/00051,KSPCB,Harsha Tools Associates,HARSHA TOOLS ASSOCIATES,"299, C Industrial Layout, MG Road, Bengaluru Urban, Karnataka - 560001",299 C IND LAYOUT MG RD BANGALORE URBAN KARNATAKA 560001,Bengaluru Urban,560001,Machine Tools,Manufacturing,False,False,False,560001::Manufacturing,560001::HARS,DORMANT,2024-11-28,ENT-00113
LAB-KA-BLRU-2025-000056,LABOUR,Harsha Tools Associates,HARSHA TOOLS ASSOCIATES,"No 299, C Industrial Layout, MG Road, Bengaluru Urban, K'taka - 560001",NO 299 C IND LAYOUT MG RD BANGALORE URBAN K TAKA 560001,Bengaluru Urban,560001,Machine Tools,Manufacturing,False,False,False,560001::Manufacturing,560001::HARS,ACTIVE,2025-11-17,ENT-00113
KAR-SHOP-BLRU-2024-000074,SHOP,Harsha Tools Associates,HARSHA TOOLS ASSOCIATES,"No 299, C Industrial Layout, MG Road, Bengaluru Urban, KA - 560001",NO 299 C IND LAYOUT MG RD BANGALORE URBAN KA 560001,Bengaluru Urban,560001,Machine Tools,Manufacturing,True,False,False,560001::Manufacturing,560001::HARS,DORMANT,2024-10-11,ENT-00113
BBMP-TL-DASA-2015-000041,BBMP,Nandi Bakery Pvt. Ltd.,NANDI BAKERY,"No. 99, A 3rd Phase, Peenya Industrial Area, Bengaluru Urban, Karnataka",NO 99 A 3RD PHASE PEENYA IND AREA BANGALORE URBAN KARNATAKA,Bengaluru Urban,560058,Food Processing,Manufacturing,False,False,False,560058::Manufacturing,560058::NAND,CLOSED,2016-11-01,ENT-00114
KFBIS-FAC-BLRU-2023-000059,FACTORY,Nandi Bakery Pvt Ltd,NANDI BAKERY,"No. 99, A 3rd Phase, Peenya Indl Area, Bangalore Urban, KA - 560058",NO 99 A 3RD PHASE PEENYA INDL AREA BANGALORE URBAN KA 560058,Bengaluru Urban,560058,Food Processing,Manufacturing,False,False,True,560058::Manufacturing,560058::NAND,DORMANT,2025-02-01,ENT-00114
GST-KA-BLRU-2016-000084,GST,Nandi Bakery Pvt Ltd,NANDI BAKERY,"No 99, A 3rd Phase, Peenya Indl Area, Bengaluru Urban, Karnataka - 560058",NO 99 A 3RD PHASE PEENYA INDL AREA BANGALORE URBAN KARNATAKA 560058,Bengaluru Urban,560058,Food Processing,Manufacturing,False,False,False,560058::Manufacturing,560058::NAND,CLOSED,2017-05-26,ENT-00114
KAR-SHOP-BLRU-2022-000075,SHOP,Nandi Bakery Pvt Ltd,NANDI BAKERY,"No 99, A 3rd Phase, Peenya Indl Area, B'luru Urban, K'taka - 560058",NO 99 A 3RD PHASE PEENYA INDL AREA B LURU URBAN K TAKA 560058,Bengaluru Urban,560058,Food Processing,Manufacturing,False,False,False,560058::Manufacturing,560058::NAND,ACTIVE,2026-03-27,ENT-00114
GST-KA-BLRU-2015-000085,GST,M/S BANGALORE CARE WORKS,BANGALORE CARE WORKS,"No. 185, C Service Road, Bannerghatta Road, B'luru Urban, Karnataka - 560076",NO 185 C SERVICE RD BANNERGHATTA RD B LURU URBAN KARNATAKA 560076,Bengaluru Urban,560076,Pharmacy / Medical Retail,Retail,False,False,False,560076::Retail,560076::BANG,DORMANT,2024-05-01,ENT-00115
KAR-SHOP-BLRU-2016-000076,SHOP,Bangalore Care Works,BANGALORE CARE WORKS,"185, C Service Road, Bannerghatta Road, B'luru Urban, KA - 560076",185 C SERVICE RD BANNERGHATTA RD B LURU URBAN KA 560076,Bengaluru Urban,560076,Pharmacy / Medical Retail,Retail,False,False,True,560076::Retail,560076::BANG,CLOSED,2022-04-02,ENT-00115
GST-KA-BLRU-2025-000086,GST,PRAKRUTHI PACKAGING INDUSTRIES,PRAKRUTHI PACKAGING INDUSTRIES,"No 259, Industrial Layout, Kalyan Nagar, Bangalore Urban, KA - 560043",NO 259 IND LAYOUT KALYAN NAGAR BANGALORE URBAN KA 560043,Bengaluru Urban,560043,Printing / Packaging,Manufacturing,True,False,False,560043::Manufacturing,560043::PRAK,ACTIVE,2025-10-17,ENT-00116
PCB/BLRU/CTE/2022/00052,KSPCB,Prakruthi Packaging Industries,PRAKRUTHI PACKAGING INDUSTRIES,"259, Industrial Layout, Kalyan Nagar, Bangalore Urban, Karnataka - 560043",259 IND LAYOUT KALYAN NAGAR BANGALORE URBAN KARNATAKA 560043,Bengaluru Urban,560043,Printing / Packaging,Manufacturing,True,False,False,560043::Manufacturing,560043::PRAK,DORMANT,2023-05-20,ENT-00116
LAB-KA-BLRU-2018-000057,LABOUR,Prakruthi Packaging Industries,PRAKRUTHI PACKAGING INDUSTRIES,"259, Industrial Layout, Kalyan Nagar, Bangalore Urban, KA",259 IND LAYOUT KALYAN NAGAR BANGALORE URBAN KA,Bengaluru Urban,560043,Printing / Packaging,Manufacturing,False,False,True,560043::Manufacturing,560043::PRAK,CLOSED,2021-05-27,ENT-00116
KAR-SHOP-BLRU-2025-000077,SHOP,M/S Prakruthi Packaging Industries,PRAKRUTHI PACKAGING INDUSTRIES,"#259, Industrial Layout, Kalyan Nagar, B'luru Urban, Karnataka - 560043",259 IND LAYOUT KALYAN NAGAR B LURU URBAN KARNATAKA 560043,Bengaluru Urban,560043,Printing / Packaging,Manufacturing,True,False,False,560043::Manufacturing,560043::PRAK,ACTIVE,2025-12-25,ENT-00116
UDYAM-KR-BLRU-2022-000057,UDYAM,M/S Prakruthi Packaging Industries,PRAKRUTHI PACKAGING INDUSTRIES,"No 259, Industrial Layout, Kalyan Nagar, B'luru Urban, KA - 560043",NO 259 IND LAYOUT KALYAN NAGAR B LURU URBAN KA 560043,Bengaluru Urban,560043,Printing / Packaging,Manufacturing,False,False,False,560043::Manufacturing,560043::PRAK,ACTIVE,2026-01-07,ENT-00116
KFBIS-FAC-TUM-2015-000060,FACTORY,Mysore Printers Company,MYSORE PRINTERS,"No. 229, Industrial Layout, Antharasanahalli Industrial Area, Tumakuru, KA - 572106",NO 229 IND LAYOUT ANTHARASANAHALLI IND AREA TUMAKURU KA 572106,Tumakuru,572106,Printing / Packaging,Manufacturing,False,False,False,572106::Manufacturing,572106::MYSO,CLOSED,2020-11-12,ENT-00117
KFBIS-FAC-BLRU-2025-000061,FACTORY,Prakruthi Electonics Industries,PRAKRUTHI ELECTONICS INDUSTRIES,"No. 121, Shed 3rd Phase, Bannerghatta Road, Bangalore Urban, Karnataka - 560076",NO 121 SHED 3RD PHASE BANNERGHATTA RD BANGALORE URBAN KARNATAKA 560076,Bengaluru Urban,560076,Electronics Assembly,Manufacturing,False,False,False,560076::Manufacturing,560076::PRAK,ACTIVE,2026-03-16,ENT-00118
GST-KA-BLRU-2019-000087,GST,Prakruthi Electronics Industries,PRAKRUTHI ELECTRONICS INDUSTRIES,"No 121, Shed 3rd Phase, Bannerghatta Road, Bangalore Urban, KA - 560076",NO 121 SHED 3RD PHASE BANNERGHATTA RD BANGALORE URBAN KA 560076,Bengaluru Urban,560076,Electronics Assembly,Manufacturing,False,False,False,560076::Manufacturing,560076::PRAK,CLOSED,2020-09-28,ENT-00118
KAR-SHOP-BLRU-2015-000078,SHOP,M/S Prakruthi Electronics Industries,PRAKRUTHI ELECTRONICS INDUSTRIES,"No. 121, Shed 3rd Phase, Bannerghatta Road, Bangalore Urban, KA - 560076",NO 121 SHED 3RD PHASE BANNERGHATTA RD BANGALORE URBAN KA 560076,Bengaluru Urban,560076,Electronics Assembly,Manufacturing,False,False,False,560076::Manufacturing,560076::PRAK,CLOSED,2019-12-09,ENT-00118
UDYAM-KR-BLRU-2022-000058,UDYAM,Prakruthi Electronics Industries,PRAKRUTHI ELECTRONICS INDUSTRIES,"121, Shed 3rd Phase, Bannerghatta Road, B'luru Urban, K'taka - 560076",121 SHED 3RD PHASE BANNERGHATTA RD B LURU URBAN K TAKA 560076,Bengaluru Urban,560076,Electronics Assembly,Manufacturing,False,False,False,560076::Manufacturing,560076::PRAK,DORMANT,2024-04-26,ENT-00118
GST-KA-BLRU-2017-000088,GST,Ravi Solutions,RAVI SOLUTIONS,"#122, 1st Crs, Koramangala, Bangalore Urban, KA - 560034",122 1ST CRS KORAMANGALA BANGALORE URBAN KA 560034,Bengaluru Urban,560034,Food Processing,Manufacturing,False,False,True,560034::Manufacturing,560034::RAVI,CLOSED,2020-05-21,ENT-00119
PCB/BLRU/CTE/2022/00053,KSPCB,Ravi Solutions,RAVI SOLUTIONS,"122, 1st Cr, Koramangala, Bengaluru Urban, K'taka - 560034",122 1ST CR KORAMANGALA BANGALORE URBAN K TAKA 560034,Bengaluru Urban,560034,Food Processing,Manufacturing,False,False,True,560034::Manufacturing,560034::RAVI,ACTIVE,2026-03-12,ENT-00119
BBMP-TL-BENG-2016-000042,BBMP,M/S Aarohi Medical Works,AAROHI MEDICAL WORKS,"No. 281, A 3rd Phase, Devanahalli, Bengaluru Rural, Karnataka - 562110",NO 281 A 3RD PHASE DEVANAHALLI BANGALORE RURAL KARNATAKA 562110,Bengaluru Rural,562110,Pharmacy / Medical Retail,Retail,True,False,False,562110::Retail,562110::AARO,DORMANT,2023-08-09,ENT-00120
KFBIS-FAC-BLRR-2016-000062,FACTORY,Aarohi Medical Works,AAROHI MEDICAL WORKS,"No. 281, A 3rd Phase, Devanahalli, Bengaluru Rural, K'taka - 562110",NO 281 A 3RD PHASE DEVANAHALLI BANGALORE RURAL K TAKA 562110,Bengaluru Rural,562110,Pharmacy / Medical Retail,Retail,False,False,False,562110::Retail,562110::AARO,CLOSED,2019-09-09,ENT-00120
GST-KA-BLRR-2022-000089,GST,Aarohi Medical Works,AAROHI MEDICAL WORKS,"281, A 3rd Phase, Devanahalli, Bangalore Rural, KA - 562110",281 A 3RD PHASE DEVANAHALLI BANGALORE RURAL KA 562110,Bengaluru Rural,562110,Pharmacy / Medical Retail,Retail,True,False,False,562110::Retail,562110::AARO,DORMANT,2025-01-12,ENT-00120
KAR-SHOP-BLRR-2016-000079,SHOP,M/S Aarohi Medical Works,AAROHI MEDICAL WORKS,"No 281, A 3rd Phase, Devanahalli, Bengaluru Rural, K'taka",NO 281 A 3RD PHASE DEVANAHALLI BANGALORE RURAL K TAKA,Bengaluru Rural,562110,Pharmacy / Medical Retail,Retail,True,False,False,562110::Retail,562110::AARO,CLOSED,2017-11-30,ENT-00120
BBMP-TL-BOMM-2025-000043,BBMP,M/S Sree Clinic Industries,SREE CLINIC INDUSTRIES,"#36, Sector, HSR Layout, Bengaluru Urban, K'taka - 560102",36 SECTOR HSR LAYOUT BANGALORE URBAN K TAKA 560102,Bengaluru Urban,560102,Pharmacy / Medical Retail,Retail,True,False,True,560102::Retail,560102::SREE,ACTIVE,2025-10-17,ENT-00121
KFBIS-FAC-BLRU-2020-000063,FACTORY,M/S Sree Clinic Industries,SREE CLINIC INDUSTRIES,"#36, Sector, HSR Layout, Bangalore Urban, Karnataka - 560102",36 SECTOR HSR LAYOUT BANGALORE URBAN KARNATAKA 560102,Bengaluru Urban,560102,Pharmacy / Medical Retail,Retail,False,True,True,560102::Retail,560102::SREE,ACTIVE,2025-08-13,ENT-00121
GST-KA-BLRU-2020-000090,GST,M/S Sree Clini Industries,SREE CLINI INDUSTRIES,"No. 36, Sector, HSR Layout, Bangalore Urban, KA - 560102",NO 36 SECTOR HSR LAYOUT BANGALORE URBAN KA 560102,Bengaluru Urban,560102,Pharmacy / Medical Retail,Retail,True,False,True,560102::Retail,560102::SREE,CLOSED,2020-12-23,ENT-00121
KAR-SHOP-BLRU-2016-000080,SHOP,Sree Clinic Industries,SREE CLINIC INDUSTRIES,"No 36, Sector, HSR Layout, Bangalore Urban, K'taka - 560102",NO 36 SECTOR HSR LAYOUT BANGALORE URBAN K TAKA 560102,Bengaluru Urban,560102,Pharmacy / Medical Retail,Retail,False,False,True,560102::Retail,560102::SREE,CLOSED,2023-04-26,ENT-00121
KFBIS-FAC-BLRU-2018-000064,FACTORY,Aarohi Aparels Co,AAROHI APARELS,"136, D 3rd Phase, Bannerghatta Road, B'luru Urban, KA - 560076",136 D 3RD PHASE BANNERGHATTA RD B LURU URBAN KA 560076,Bengaluru Urban,560076,Textile / Garments,Manufacturing,False,True,True,560076::Manufacturing,560076::AARO,CLOSED,2022-01-31,ENT-00122
LAB-KA-BLRU-2019-000058,LABOUR,Aarohi Apparels Company,AAROHI APPARELS,"136, D 3rd Phase, Bannerghatta Road, Bangalore Urban, K'taka - 560076",136 D 3RD PHASE BANNERGHATTA RD BANGALORE URBAN K TAKA 560076,Bengaluru Urban,560076,Textile / Garments,Manufacturing,True,False,False,560076::Manufacturing,560076::AARO,CLOSED,2021-03-22,ENT-00122
KAR-SHOP-BLRU-2022-000081,SHOP,Aarohi Apparels Company,AAROHI APPARELS,"136, D 3rd Phase, Bannerghatta Road, B'luru Urban, Karnataka - 560076",136 D 3RD PHASE BANNERGHATTA RD B LURU URBAN KARNATAKA 560076,Bengaluru Urban,560076,Textile / Garments,Manufacturing,False,False,True,560076::Manufacturing,560076::AARO,DORMANT,2023-07-24,ENT-00122
UDYAM-KR-BLRU-2024-000059,UDYAM,Aarohi Apparels Company,AAROHI APPARELS,"No. 136, D 3rd Phase, Bannerghatta Road, B'luru Urban, K'taka - 560076",NO 136 D 3RD PHASE BANNERGHATTA RD B LURU URBAN K TAKA 560076,Bengaluru Urban,560076,Textile / Garments,Manufacturing,True,False,False,560076::Manufacturing,560076::AARO,ACTIVE,2025-07-13,ENT-00122
BBMP-TL-YELA-2020-000044,BBMP,M/S Nisarga Industrial Co,NISARGA INDUSTRIAL,"No. 194, A Behind Metro, Hebbal, Bangalore Urban, KA - 560024",NO 194 A BEHIND METRO HEBBAL BANGALORE URBAN KA 560024,Bengaluru Urban,560024,Restaurant / Cafe,Service,False,False,False,560024::Service,560024::NISA,ACTIVE,2025-08-19,ENT-00123
GST-KA-BLRU-2017-000091,GST,Nisarga Industrial Co,NISARGA INDUSTRIAL,"#194, A Behind Metro, Hebbal, B'luru Urban, K'taka - 560024",194 A BEHIND METRO HEBBAL B LURU URBAN K TAKA 560024,Bengaluru Urban,560024,Restaurant / Cafe,Service,False,False,True,560024::Service,560024::NISA,DORMANT,2024-01-08,ENT-00123
PCB/BLRU/CTE/2022/00054,KSPCB,Nisarga Industrial Co,NISARGA INDUSTRIAL,"#194, A Behind Metro, Hebbal, B'luru Urban, Karnataka - 560024",194 A BEHIND METRO HEBBAL B LURU URBAN KARNATAKA 560024,Bengaluru Urban,560024,Restaurant / Cafe,Service,False,False,False,560024::Service,560024::NISA,DORMANT,2023-06-04,ENT-00123
KAR-SHOP-BLRU-2020-000082,SHOP,Nisarga Industrial Co,NISARGA INDUSTRIAL,"#194, A Behind Metro, Hebbal, Bangalore Urban, KA - 560024",194 A BEHIND METRO HEBBAL BANGALORE URBAN KA 560024,Bengaluru Urban,560024,Restaurant / Cafe,Service,False,False,False,560024::Service,560024::NISA,ACTIVE,2026-02-02,ENT-00123
KFBIS-FAC-BLRU-2024-000065,FACTORY,Sahana Works Company,SAHANA WORKS,"50, Sector, Rajajinagar Industrial Suburb, B'luru Urban, KA",50 SECTOR RAJAJINAGAR IND SUBURB B LURU URBAN KA,Bengaluru Urban,560059,Machine Tools,Manufacturing,False,False,True,560059::Manufacturing,560059::SAHA,ACTIVE,2025-11-12,ENT-00124
PCB/BLRU/CTE/2023/00055,KSPCB,Sahna Works Company,SAHNA WORKS,"No 50, Sector, Rajajinagar Industrial Suburb, B'luru Urban, K'taka - 560059",NO 50 SECTOR RAJAJINAGAR IND SUBURB B LURU URBAN K TAKA 560059,Bengaluru Urban,560059,Machine Tools,Manufacturing,False,False,True,560059::Manufacturing,560059::SAHN,DORMANT,2023-12-20,ENT-00124
LAB-KA-BLRU-2022-000059,LABOUR,Sahana Works Company,SAHANA WORKS,"No. 50, Sector, Rajajinagar Industrial Suburb, Bangalore Urban, Karnataka - 560059",NO 50 SECTOR RAJAJINAGAR IND SUBURB BANGALORE URBAN KARNATAKA 560059,Bengaluru Urban,560059,Machine Tools,Manufacturing,False,False,False,560059::Manufacturing,560059::SAHA,ACTIVE,2025-09-28,ENT-00124
KAR-SHOP-BLRU-2023-000083,SHOP,Sahana Works Company,SAHANA WORKS,"No 50, Sector, Rajajinagar Industrial Suburb, Bengaluru Urban, KA - 560059",NO 50 SECTOR RAJAJINAGAR IND SUBURB BANGALORE URBAN KA 560059,Bengaluru Urban,560059,Machine Tools,Manufacturing,False,False,True,560059::Manufacturing,560059::SAHA,DORMANT,2023-06-04,ENT-00124
UDYAM-KR-BLRU-2024-000060,UDYAM,SAHANA WORKS COMPANY,SAHANA WORKS,"#50, Sector, Rajajinagar Industrial Suburb, B'luru Urban, K'taka - 560059",50 SECTOR RAJAJINAGAR IND SUBURB B LURU URBAN K TAKA 560059,Bengaluru Urban,560059,Machine Tools,Manufacturing,False,False,True,560059::Manufacturing,560059::SAHA,DORMANT,2025-04-19,ENT-00124
KFBIS-FAC-BLRU-2018-000066,FACTORY,Navya Snacks Industries,NAVYA SNACKS INDUSTRIES,"No 87, Plot 2nd Main, Electronic City, Bengaluru Urban, Karnataka - 560100",NO 87 PLOT 2ND MN ELECTRONIC CITY BANGALORE URBAN KARNATAKA 560100,Bengaluru Urban,560100,Food Processing,Manufacturing,False,False,False,560100::Manufacturing,560100::NAVY,CLOSED,2023-01-20,ENT-00125
GST-KA-BLRU-2025-000092,GST,Navya Snacks Industries,NAVYA SNACKS INDUSTRIES,"No. 87, Plot 2nd Main, Electronic City, B'luru Urban, K'taka - 560100",NO 87 PLOT 2ND MN ELECTRONIC CITY B LURU URBAN K TAKA 560100,Bengaluru Urban,560100,Food Processing,Manufacturing,True,False,False,560100::Manufacturing,560100::NAVY,ACTIVE,2026-03-05,ENT-00125
LAB-KA-BLRU-2017-000060,LABOUR,Navya Snacks Industries,NAVYA SNACKS INDUSTRIES,"87, Plot 2nd Main, Electronic City, Bengaluru Urban, Karnataka - 560100",87 PLOT 2ND MN ELECTRONIC CITY BANGALORE URBAN KARNATAKA 560100,Bengaluru Urban,560100,Food Processing,Manufacturing,False,False,False,560100::Manufacturing,560100::NAVY,ACTIVE,2025-07-18,ENT-00125
KAR-SHOP-BLRU-2015-000084,SHOP,M/S Navya Snacks Industries,NAVYA SNACKS INDUSTRIES,"No. 87, Plot 2nd Main, Electronic City, B'luru Urban, K'taka - 560100",NO 87 PLOT 2ND MN ELECTRONIC CITY B LURU URBAN K TAKA 560100,Bengaluru Urban,560100,Food Processing,Manufacturing,False,False,False,560100::Manufacturing,560100::NAVY,CLOSED,2022-03-19,ENT-00125
UDYAM-KR-BLRU-2018-000061,UDYAM,NAVYA SNACKS INDUSTRIES,NAVYA SNACKS INDUSTRIES,"#87, Plot 2nd Main, Electronic City, B'luru Urban, Karnataka - 560100",87 PLOT 2ND MN ELECTRONIC CITY B LURU URBAN KARNATAKA 560100,Bengaluru Urban,560100,Food Processing,Manufacturing,True,False,False,560100::Manufacturing,560100::NAVY,DORMANT,2024-05-26,ENT-00125
GST-KA-MYS-2021-000093,GST,SAHANA GARMENTS COMPANY,SAHANA GARMENTS,"No 98, D Extension, Nanjangud Road, Mysuru, KA - 570018",NO 98 D EXTENSION NANJANGUD RD MYSURU KA 570018,Mysuru,570018,Textile / Garments,Manufacturing,False,False,True,570018::Manufacturing,570018::SAHA,DORMANT,2023-07-18,ENT-00126
LAB-KA-MYS-2015-000061,LABOUR,M/S Sahana Garments Company,SAHANA GARMENTS,"#98, D Extension, Nanjangud Road, Mysuru, Karnataka - 570018",98 D EXTENSION NANJANGUD RD MYSURU KARNATAKA 570018,Mysuru,570018,Textile / Garments,Manufacturing,False,False,True,570018::Manufacturing,570018::SAHA,DORMANT,2023-08-19,ENT-00126
KAR-SHOP-MYS-2018-000085,SHOP,Sahana Garments Co,SAHANA GARMENTS,"98, D Extension, Nanjangud Road, Mysuru, K'taka - 570018",98 D EXTENSION NANJANGUD RD MYSURU K TAKA 570018,Mysuru,570018,Textile / Garments,Manufacturing,False,False,False,570018::Manufacturing,570018::SAHA,DORMANT,2025-03-04,ENT-00126
GST-KA-MYS-2025-000094,GST,Omkar Graphics Industries,OMKAR GRAPHICS INDUSTRIES,"No 160, A Extension, Hebbal Indl Area, Mysuru, K'taka - 570016",NO 160 A EXTENSION HEBBAL INDL AREA MYSURU K TAKA 570016,Mysuru,570016,Printing / Packaging,Manufacturing,True,False,False,570016::Manufacturing,570016::OMKA,ACTIVE,2026-04-08,ENT-00127
PCB/MYS/CTO/2020/00056,KSPCB,Omkar Graphics Indstries,OMKAR GRAPHICS INDSTRIES,"#160, A Extension, Hebbal Industrial Area, Mysuru, KA - 570016",160 A EXTENSION HEBBAL IND AREA MYSURU KA 570016,Mysuru,570016,Printing / Packaging,Manufacturing,True,False,False,570016::Manufacturing,570016::OMKA,ACTIVE,2025-06-26,ENT-00127
LAB-KA-MYS-2020-000062,LABOUR,M/S Omkar Graphics Inds,OMKAR GRAPHICS INDS,"160, A Extension, Hebbal Indl Area, Mysuru, K'taka - 570016",160 A EXTENSION HEBBAL INDL AREA MYSURU K TAKA 570016,Mysuru,570016,Printing / Packaging,Manufacturing,True,False,False,570016::Manufacturing,570016::OMKA,CLOSED,2021-06-05,ENT-00127
BBMP-TL-BENG-2022-000045,BBMP,M/S Srinidhi Co,SRINIDHI,"No. 144, 3rd Phase, Devanahalli, B'luru Rural, Karnataka - 562110",NO 144 3RD PHASE DEVANAHALLI B LURU RURAL KARNATAKA 562110,Bengaluru Rural,562110,Pharmacy / Medical Retail,Retail,False,False,True,562110::Retail,562110::SRIN,DORMANT,2024-11-09,ENT-00128
GST-KA-BLRR-2018-000095,GST,M/S Srinidhi Co,SRINIDHI,"#144, 3rd Phase, Devanahalli, Bangalore Rural, KA",144 3RD PHASE DEVANAHALLI BANGALORE RURAL KA,Bengaluru Rural,562110,Pharmacy / Medical Retail,Retail,True,True,False,562110::Retail,562110::SRIN,ACTIVE,2026-03-07,ENT-00128
LAB-KA-BLRR-2016-000063,LABOUR,Srinidhi Co,SRINIDHI,"#144, 3rd Phase, Devanahalli, B'luru Rural, KA - 562110",144 3RD PHASE DEVANAHALLI B LURU RURAL KA 562110,Bengaluru Rural,562110,Pharmacy / Medical Retail,Retail,True,False,False,562110::Retail,562110::SRIN,CLOSED,2017-11-14,ENT-00128
KAR-SHOP-BLRR-2021-000086,SHOP,Srinidhi Co,SRINIDHI,"144, 3rd Phase, Devanahalli, Bangalore Rural, Karnataka - 562110",144 3RD PHASE DEVANAHALLI BANGALORE RURAL KARNATAKA 562110,Bengaluru Rural,562110,Pharmacy / Medical Retail,Retail,False,False,True,562110::Retail,562110::SRIN,DORMANT,2023-12-28,ENT-00128
BBMP-TL-EAST-2020-000046,BBMP,Sri Devices LLP,SRI DEVICES,"#2, A Sector, Kalyan Nagar, B'luru Urban, K'taka - 560043",2 A SECTOR KALYAN NAGAR B LURU URBAN K TAKA 560043,Bengaluru Urban,560043,Electronics Assembly,Manufacturing,False,False,False,560043::Manufacturing,560043::SRI ,CLOSED,2021-09-27,ENT-00129
GST-KA-BLRU-2021-000096,GST,M/S Sri Devices LLP,SRI DEVICES,"No. 2, A Sector, Kalyan Nagar, B'luru Urban, KA - 560043",NO 2 A SECTOR KALYAN NAGAR B LURU URBAN KA 560043,Bengaluru Urban,560043,Electronics Assembly,Manufacturing,False,False,False,560043::Manufacturing,560043::SRI ,ACTIVE,2025-10-28,ENT-00129
PCB/BLRU/CTO/2022/00057,KSPCB,M/S Sri Devices LLP,SRI DEVICES,"2, A Sector, Kalyan Nagar, Bangalore Urban, Karnataka - 560043",2 A SECTOR KALYAN NAGAR BANGALORE URBAN KARNATAKA 560043,Bengaluru Urban,560043,Electronics Assembly,Manufacturing,False,False,True,560043::Manufacturing,560043::SRI ,DORMANT,2025-01-03,ENT-00129
UDYAM-KR-BLRU-2015-000062,UDYAM,M/S Sri Devices LLP,SRI DEVICES,"2, A Sector, Kalyan Nagar, B'luru Urban, Karnataka - 560043",2 A SECTOR KALYAN NAGAR B LURU URBAN KARNATAKA 560043,Bengaluru Urban,560043,Electronics Assembly,Manufacturing,False,False,True,560043::Manufacturing,560043::SRI ,CLOSED,2020-10-12,ENT-00129
GST-KA-BLRU-2021-000097,GST,Kaveri Cargo Solutions,KAVERI CARGO SOLUTIONS,"#1, 2nd Main, Peenya Industrial Area, B'luru Urban, K'taka - 560058",1 2ND MN PEENYA IND AREA B LURU URBAN K TAKA 560058,Bengaluru Urban,560058,Logistics / Warehouse,Service,False,False,True,560058::Service,560058::KAVE,CLOSED,2024-11-22,ENT-00130
KAR-SHOP-BLRU-2024-000087,SHOP,Kaveri Cargo Solutions,KAVERI CARGO SOLUTIONS,"No 1, 2nd Main, Peenya Indl Area, B'luru Urban, K'taka",NO 1 2ND MN PEENYA INDL AREA B LURU URBAN K TAKA,Bengaluru Urban,560058,Logistics / Warehouse,Service,False,False,False,560058::Service,560058::KAVE,ACTIVE,2026-04-07,ENT-00130
UDYAM-KR-BLRU-2024-000063,UDYAM,Kaveri Cargo Solutions,KAVERI CARGO SOLUTIONS,"1, 2nd Main, Peenya Industrial Area, B'luru Urban, K'taka - 560058",1 2ND MN PEENYA IND AREA B LURU URBAN K TAKA 560058,Bengaluru Urban,560078,Logistics / Warehouse,Service,False,False,True,560078::Service,560078::KAVE,DORMANT,2024-11-10,ENT-00130
PCB/MYS/CTO/2021/00058,KSPCB,Aditya Systems LLP,ADITYA SYSTEMS,"No. 181, Shed Extension, Devaraja Mohalla, Mysuru, K'taka - 570001",NO 181 SHED EXTENSION DEVARAJA MOHALLA MYSURU K TAKA 570001,Mysuru,570001,Electronics Assembly,Manufacturing,True,False,False,570001::Manufacturing,570001::ADIT,ACTIVE,2025-07-25,ENT-00131
UDYAM-KR-MYS-2018-000064,UDYAM,ADITYA SYSTEMS LLP,ADITYA SYSTEMS,"No. 181, Shed Extension, Devaraja Mohalla, Mysuru, K'taka - 570001",NO 181 SHED EXTENSION DEVARAJA MOHALLA MYSURU K TAKA 570001,Mysuru,570001,Electronics Assembly,Manufacturing,True,True,False,570001::Manufacturing,570001::ADIT,CLOSED,2020-05-09,ENT-00131
BBMP-TL-BENG-2020-000047,BBMP,Sri Kitchen Entp,SRI KITCHEN ENTP,"No. 128, A Extension, Hoskote, Bangalore Rural, K'taka - 562114",NO 128 A EXTENSION HOSKOTE BANGALORE RURAL K TAKA 562114,Bengaluru Rural,562114,Restaurant / Cafe,Service,False,False,True,562114::Service,562114::SRI ,CLOSED,2020-04-22,ENT-00132
GST-KA-BLRR-2022-000098,GST,Sri Kitchen Enterprises,SRI KITCHEN ENTERPRISES,"No. 128, A Extension, Hoskote, Bengaluru Rural, KA - 562114",NO 128 A EXTENSION HOSKOTE BANGALORE RURAL KA 562114,Bengaluru Rural,562114,Restaurant / Cafe,Service,False,False,False,562114::Service,562114::SRI ,DORMANT,2023-08-22,ENT-00132
KAR-SHOP-BLRR-2017-000088,SHOP,Sri Kitchen Entp,SRI KITCHEN ENTP,"#128, A Extension, Hoskote, Bangalore Rural, Karnataka",128 A EXTENSION HOSKOTE BANGALORE RURAL KARNATAKA,Bengaluru Rural,562114,Restaurant / Cafe,Service,False,False,True,562114::Service,562114::SRI ,CLOSED,2019-06-30,ENT-00132
KFBIS-FAC-MYS-2025-000067,FACTORY,M/S Sri Moulding Works,SRI MOULDING WORKS,"257, B Service Road, Devaraja Mohalla, Mysuru, K'taka - 570001",257 B SERVICE RD DEVARAJA MOHALLA MYSURU K TAKA 570001,Mysuru,570001,Plastic Moulding,Manufacturing,False,False,False,570001::Manufacturing,570001::SRI ,ACTIVE,2025-11-11,ENT-00133
GST-KA-MYS-2019-000099,GST,M/S Sri Moulding Works,SRI MOULDING WORKS,"257, B Service Road, Devaraja Mohalla, Mysuru, K'taka - 570001",257 B SERVICE RD DEVARAJA MOHALLA MYSURU K TAKA 570001,Mysuru,570001,Plastic Moulding,Manufacturing,False,False,True,570001::Manufacturing,570001::SRI ,CLOSED,2022-05-15,ENT-00133
PCB/MYS/CTE/2017/00059,KSPCB,Sri Moulding Works,SRI MOULDING WORKS,"No. 257, B Service Road, Devaraja Mohalla, Mysuru, KA - 570001",NO 257 B SERVICE RD DEVARAJA MOHALLA MYSURU KA 570001,Mysuru,570001,Plastic Moulding,Manufacturing,False,False,True,570001::Manufacturing,570001::SRI ,CLOSED,2020-06-18,ENT-00133
KAR-SHOP-MYS-2021-000089,SHOP,Sri Moulding Works,SRI MOULDING WORKS,"#257, B Service Road, Devaraja Mohalla, Mysuru, Karnataka - 570001",257 B SERVICE RD DEVARAJA MOHALLA MYSURU KARNATAKA 570001,Mysuru,570001,Plastic Moulding,Manufacturing,False,False,False,570001::Manufacturing,570001::SRI ,DORMANT,2023-12-31,ENT-00133
GST-KA-BLRU-2017-000100,GST,M/S Udupi Logistics Company,UDUPI LOGISTICS,"No. 271, Near Bus Stop, Kalyan Nagar, Bangalore Urban, Karnataka - 560043",NO 271 NEAR BUS STOP KALYAN NAGAR BANGALORE URBAN KARNATAKA 560043,Bengaluru Urban,560043,Logistics / Warehouse,Service,True,True,False,560043::Service,560043::UDUP,CLOSED,2025-05-31,ENT-00134
LAB-KA-BLRU-2025-000064,LABOUR,Udupi Logistics Company,UDUPI LOGISTICS,"No. 271, Near Bus Stop, Kalyan Nagar, Bengaluru Urban, Karnataka",NO 271 NEAR BUS STOP KALYAN NAGAR BANGALORE URBAN KARNATAKA,Bengaluru Urban,560043,Logistics / Warehouse,Service,False,False,False,560043::Service,560043::UDUP,CLOSED,2025-07-08,ENT-00134
UDYAM-KR-BLRU-2023-000065,UDYAM,M/S Udupi Logistics Company,UDUPI LOGISTICS,"271, Near Bus Stop, Kalyan Nagar, B'luru Urban, KA - 560043",271 NEAR BUS STOP KALYAN NAGAR B LURU URBAN KA 560043,Bengaluru Urban,560043,Logistics / Warehouse,Service,False,False,False,560043::Service,560043::UDUP,DORMANT,2024-04-05,ENT-00134
KFBIS-FAC-BLRR-2021-000068,FACTORY,Kaveri Textiles Enterprises,KAVERI TEXTILES ENTERPRISES,"#282, D 3rd Phase, Devanahalli, B'luru Rural, KA - 562110",282 D 3RD PHASE DEVANAHALLI B LURU RURAL KA 562110,Bengaluru Rural,562110,Textile / Garments,Manufacturing,True,False,False,562110::Manufacturing,562110::KAVE,CLOSED,2022-04-14,ENT-00135
GST-KA-BLRR-2017-000101,GST,M/S Kaveri Textiles Enterprises,KAVERI TEXTILES ENTERPRISES,"282, D 3rd Phase, Devanahalli, B'luru Rural, KA - 562110",282 D 3RD PHASE DEVANAHALLI B LURU RURAL KA 562110,Bengaluru Rural,562110,Textile / Garments,Manufacturing,True,False,False,562110::Manufacturing,562110::KAVE,CLOSED,2017-07-03,ENT-00135
LAB-KA-BLRR-2018-000065,LABOUR,Kaveri Textiles Enterprises,KAVERI TEXTILES ENTERPRISES,"282, D 3rd Phase, Devanahalli, B'luru Rural, KA - 562110",282 D 3RD PHASE DEVANAHALLI B LURU RURAL KA 562110,Bengaluru Rural,562110,Textile / Garments,Manufacturing,True,False,False,562110::Manufacturing,562110::KAVE,CLOSED,2021-09-11,ENT-00135
KAR-SHOP-BLRR-2020-000090,SHOP,M/S Kaveri Textiles Enterprises,KAVERI TEXTILES ENTERPRISES,"282, D 3rd Phase, Devanahalli, B'luru Rural, Karnataka - 562110",282 D 3RD PHASE DEVANAHALLI B LURU RURAL KARNATAKA 562110,Bengaluru Rural,562110,Textile / Garments,Manufacturing,False,False,False,562110::Manufacturing,562110::KAVE,ACTIVE,2026-02-13,ENT-00135
BBMP-TL-YELA-2019-000048,BBMP,Aarohi Bakery Industries,AAROHI BAKERY INDUSTRIES,"294, D Extension, Yelahanka, Bengaluru Urban, Karnataka - 560064",294 D EXTENSION YELAHANKA BANGALORE URBAN KARNATAKA 560064,Bengaluru Urban,560064,Food Processing,Manufacturing,False,False,True,560064::Manufacturing,560064::AARO,ACTIVE,2025-06-07,ENT-00136
KFBIS-FAC-BLRU-2017-000069,FACTORY,Aarohi Bakery Industries,AAROHI BAKERY INDUSTRIES,"#294, D Extension, Yelahanka, Bengaluru Urban, KA - 560064",294 D EXTENSION YELAHANKA BANGALORE URBAN KA 560064,Bengaluru Urban,560064,Food Processing,Manufacturing,True,False,False,560064::Manufacturing,560064::AARO,ACTIVE,2025-07-07,ENT-00136
GST-KA-BLRU-2015-000102,GST,Aarohi Bakery Industries,AAROHI BAKERY INDUSTRIES,"#294, D Extension, Yelahanka, Bangalore Urban, K'taka - 560064",294 D EXTENSION YELAHANKA BANGALORE URBAN K TAKA 560064,Bengaluru Urban,560064,Food Processing,Manufacturing,True,True,True,560064::Manufacturing,560064::AARO,CLOSED,2019-03-12,ENT-00136
LAB-KA-BLRU-2020-000066,LABOUR,M/S Aarohi Bakery Industries,AAROHI BAKERY INDUSTRIES,"No. 294, D Extension, Yelahanka, Bengaluru Urban, Karnataka - 560064",NO 294 D EXTENSION YELAHANKA BANGALORE URBAN KARNATAKA 560064,Bengaluru Urban,560064,Food Processing,Manufacturing,True,True,False,560064::Manufacturing,560064::AARO,CLOSED,2021-01-24,ENT-00136
GST-KA-BLRU-2024-000103,GST,OMKAR AGRO CO,OMKAR AGRO,"#138, 1st Crs, Electronic City, Bangalore Urban, KA - 560100",138 1ST CRS ELECTRONIC CITY BANGALORE URBAN KA 560100,Bengaluru Urban,560100,Food Processing,Manufacturing,True,True,False,560100::Manufacturing,560100::OMKA,DORMANT,2025-01-17,ENT-00137
PCB/BLRU/CTE/2019/00060,KSPCB,Omkar Agro Co,OMKAR AGRO,"138, 1st Cross, Electronic City, B'luru Urban, Karnataka - 560100",138 1ST CRS ELECTRONIC CITY B LURU URBAN KARNATAKA 560100,Bengaluru Urban,560100,Food Processing,Manufacturing,True,True,True,560100::Manufacturing,560100::OMKA,CLOSED,2025-07-26,ENT-00137
KAR-SHOP-BLRU-2021-000091,SHOP,Omkar Agro Co,OMKAR AGRO,"No. 138, 1st Cross, Electronic City, B'luru Urban, K'taka - 560100",NO 138 1ST CRS ELECTRONIC CITY B LURU URBAN K TAKA 560100,Bengaluru Urban,560100,Food Processing,Manufacturing,False,False,True,560100::Manufacturing,560100::OMKA,ACTIVE,2025-05-22,ENT-00137
UDYAM-KR-BLRU-2020-000066,UDYAM,OMKAR AGRO CO,OMKAR AGRO,"#138, 1st Crs, Electronic City, Bangalore Urban, KA - 560100",138 1ST CRS ELECTRONIC CITY BANGALORE URBAN KA 560100,Bengaluru Urban,560100,Food Processing,Manufacturing,False,False,True,560100::Manufacturing,560100::OMKA,DORMANT,2023-11-21,ENT-00137
BBMP-TL-CENT-2023-000049,BBMP,Meghana Meals Inds,MEGHANA MEALS INDS,"244, B 1st Cr, Devaraja Mohalla, Mysuru, Karnataka - 570001",244 B 1ST CR DEVARAJA MOHALLA MYSURU KARNATAKA 570001,Mysuru,570001,Restaurant / Cafe,Service,False,False,True,570001::Service,570001::MEGH,DORMANT,2023-05-05,ENT-00138
GST-KA-MYS-2017-000104,GST,MEGHANA MEALS INDUSTRIES,MEGHANA MEALS INDUSTRIES,"#244, B 1st Cross, Devaraja Mohalla, Mysuru, KA - 570001",244 B 1ST CRS DEVARAJA MOHALLA MYSURU KA 570001,Mysuru,570001,Restaurant / Cafe,Service,False,False,False,570001::Service,570001::MEGH,CLOSED,2021-11-04,ENT-00138
KAR-SHOP-MYS-2022-000092,SHOP,Meghana Meals Industries,MEGHANA MEALS INDUSTRIES,"244, B 1st Crs, Devaraja Mohalla, Mysuru, KA - 570001",244 B 1ST CRS DEVARAJA MOHALLA MYSURU KA 570001,Mysuru,570001,Restaurant / Cafe,Service,False,False,True,570001::Service,570001::MEGH,DORMANT,2024-11-23,ENT-00138
BBMP-TL-MAHA-2023-000050,BBMP,Harsha Works Co,HARSHA WORKS,"No. 1, D 2nd Main, Whitefield, Bangalore Urban, KA - 560037",NO 1 D 2ND MN WHITEFIELD BANGALORE URBAN KA 560037,Bengaluru Urban,560037,Machine Tools,Manufacturing,False,False,False,560037::Manufacturing,560037::HARS,ACTIVE,2025-07-27,ENT-00139
PCB/BLRU/CTO/2020/00061,KSPCB,Harsha Works Co,HARSHA WORKS,"No 1, D 2nd Main, Whitefield, B'luru Urban, K'taka - 560037",NO 1 D 2ND MN WHITEFIELD B LURU URBAN K TAKA 560037,Bengaluru Urban,560037,Machine Tools,Manufacturing,False,False,False,560037::Manufacturing,560037::HARS,DORMANT,2023-06-19,ENT-00139
KAR-SHOP-BLRU-2019-000093,SHOP,M/S Harsha Works Co,HARSHA WORKS,"No. 1, D 2nd Main, Whitefield, Bengaluru Urban, KA",NO 1 D 2ND MN WHITEFIELD BANGALORE URBAN KA,Bengaluru Urban,560037,Machine Tools,Manufacturing,False,False,False,560037::Manufacturing,560037::HARS,DORMANT,2024-01-03,ENT-00139
KFBIS-FAC-BLRU-2021-000070,FACTORY,Omkar Agro Company,OMKAR AGRO,"#114, B Behind Metro, Bommanahalli, Bangalore Urban, K'taka - 560068",114 B BEHIND METRO BOMMANAHALLI BANGALORE URBAN K TAKA 560068,Bengaluru Urban,560068,Food Processing,Manufacturing,False,False,True,560068::Manufacturing,560068::OMKA,ACTIVE,2025-05-25,ENT-00140
PCB/BLRU/CTO/2022/00062,KSPCB,Omkar Agro Co,OMKAR AGRO,"#114, B Behind Metro, Bommanahalli, Bangalore Urban, K'taka - 560068",114 B BEHIND METRO BOMMANAHALLI BANGALORE URBAN K TAKA 560068,Bengaluru Urban,560068,Food Processing,Manufacturing,False,False,True,560068::Manufacturing,560068::OMKA,DORMANT,2024-01-22,ENT-00140
KAR-SHOP-BLRU-2017-000094,SHOP,Omkar Agro Company,OMKAR AGRO,"No 114, B Behind Metro, Bommanahalli, B'luru Urban, Karnataka - 560068",NO 114 B BEHIND METRO BOMMANAHALLI B LURU URBAN KARNATAKA 560068,Bengaluru Urban,560068,Food Processing,Manufacturing,False,False,False,560068::Manufacturing,560068::OMKA,DORMANT,2024-06-12,ENT-00140
UDYAM-KR-BLRU-2022-000067,UDYAM,Omkar Agro Company,OMKAR AGRO,"No 114, B Behind Metro, Bommanahalli, Bangalore Urban, Karnataka - 560068",NO 114 B BEHIND METRO BOMMANAHALLI BANGALORE URBAN KARNATAKA 560068,Bengaluru Urban,560068,Food Processing,Manufacturing,False,False,True,560068::Manufacturing,560068::OMKA,ACTIVE,2025-11-23,ENT-00140
KFBIS-FAC-MYS-2025-000071,FACTORY,Nisarga Packaging Traders,NISARGA PACKAGING TRADERS,"No. 249, Shed Industrial Layout, Devaraja Mohalla, Mysuru, KA - 570001",NO 249 SHED IND LAYOUT DEVARAJA MOHALLA MYSURU KA 570001,Mysuru,570001,Plastic Moulding,Manufacturing,True,True,False,570001::Manufacturing,570001::NISA,ACTIVE,2025-12-29,ENT-00141
GST-KA-MYS-2018-000105,GST,M/S NISARGA PCKAGING TRADERS,NISARGA PCKAGING TRADERS,"No. 249, Shed Industrial Layout, Devaraja Mohalla, Mysuru, K'taka - 570001",NO 249 SHED IND LAYOUT DEVARAJA MOHALLA MYSURU K TAKA 570001,Mysuru,570001,Plastic Moulding,Manufacturing,True,True,False,570001::Manufacturing,570001::NISA,DORMANT,2025-03-21,ENT-00141
PCB/MYS/CTE/2025/00063,KSPCB,Nisarga Packaging Traders,NISARGA PACKAGING TRADERS,"No. 249, Shed Industrial Layout, Devaraja Mohalla, Mysuru, KA",NO 249 SHED IND LAYOUT DEVARAJA MOHALLA MYSURU KA,Mysuru,570001,Plastic Moulding,Manufacturing,True,True,False,570001::Manufacturing,570001::NISA,ACTIVE,2026-03-13,ENT-00141
LAB-KA-MYS-2022-000067,LABOUR,Nisarga Packaging Traders,NISARGA PACKAGING TRADERS,"249, Shed Industrial Layout, Devaraja Mohalla, Mysuru, K'taka - 570001",249 SHED IND LAYOUT DEVARAJA MOHALLA MYSURU K TAKA 570001,Mysuru,570001,Plastic Moulding,Manufacturing,True,True,False,570001::Manufacturing,570001::NISA,CLOSED,2022-10-07,ENT-00141
UDYAM-KR-MYS-2016-000068,UDYAM,M/S NISARGA PACKAGING TRADERS,NISARGA PACKAGING TRADERS,"No 249, Shed Industrial Layout, Devaraja Mohalla, Mysuru, KA - 570001",NO 249 SHED IND LAYOUT DEVARAJA MOHALLA MYSURU KA 570001,Mysuru,570001,Plastic Moulding,Manufacturing,True,True,False,570001::Manufacturing,570001::NISA,CLOSED,2018-03-21,ENT-00141
BBMP-TL-BENG-2019-000051,BBMP,Lakshmi Pharma Works,LAKSHMI PHARMA WORKS,"147, B Extension, Bagalur, B'luru Rural, K'taka - 562157",147 B EXTENSION BAGALUR B LURU RURAL K TAKA 562157,Bengaluru Rural,562157,Pharmacy / Medical Retail,Retail,False,False,False,562157::Retail,562157::LAKS,CLOSED,2021-02-19,ENT-00142
KAR-SHOP-BLRR-2024-000095,SHOP,Lakshmi Pharma Works,LAKSHMI PHARMA WORKS,"#147, B Extension, Bagalur, B'luru Rural, K'taka - 562157",147 B EXTENSION BAGALUR B LURU RURAL K TAKA 562157,Bengaluru Rural,562157,Pharmacy / Medical Retail,Retail,False,False,False,562157::Retail,562157::LAKS,ACTIVE,2025-06-25,ENT-00142
BBMP-TL-SOUT-2024-000052,BBMP,Siddhi Pvt Ltd,SIDDHI,"#57, Shed 1st Cross, Jayanagar, B'luru Urban, Karnataka - 560078",57 SHED 1ST CRS JAYANAGAR B LURU URBAN KARNATAKA 560078,Bengaluru Urban,560078,Electronics Assembly,Manufacturing,False,False,False,560078::Manufacturing,560078::SIDD,CLOSED,2025-03-25,ENT-00143
KFBIS-FAC-BLRU-2024-000072,FACTORY,Siddhi Pvt Ltd,SIDDHI,"#57, Shed 1st Cr, Jayanagar, Bengaluru Urban, K'taka - 560078",57 SHED 1ST CR JAYANAGAR BANGALORE URBAN K TAKA 560078,Bengaluru Urban,560078,Electronics Assembly,Manufacturing,True,False,False,560078::Manufacturing,560078::SIDD,ACTIVE,2025-11-01,ENT-00143
GST-KA-BLRU-2017-000106,GST,Siddhi Pvt.Ltd.,SIDDHI,"#57, Shed 1st Crs, Jayanagar, Bengaluru Urban, Karnataka - 560078",57 SHED 1ST CRS JAYANAGAR BANGALORE URBAN KARNATAKA 560078,Bengaluru Urban,560078,Electronics Assembly,Manufacturing,True,True,False,560078::Manufacturing,560078::SIDD,DORMANT,2024-07-17,ENT-00143
KAR-SHOP-BLRU-2022-000096,SHOP,Siddhi Pvt Ltd,SIDDHI,"No 57, Shed 1st Crs, Jayanagar, Bengaluru Urban, KA - 560078",NO 57 SHED 1ST CRS JAYANAGAR BANGALORE URBAN KA 560078,Bengaluru Urban,560078,Electronics Assembly,Manufacturing,True,True,True,560078::Manufacturing,560078::SIDD,DORMANT,2023-12-03,ENT-00143
BBMP-TL-YELA-2025-000053,BBMP,M/S Varun Meals Solutions,VARUN MEALS SOLUTIONS,"No 50, Plot Industrial Layout, Yelahanka, Bengaluru Urban, KA - 560064",NO 50 PLOT IND LAYOUT YELAHANKA BANGALORE URBAN KA 560064,Bengaluru Urban,560064,Restaurant / Cafe,Service,False,False,False,560064::Service,560064::VARU,ACTIVE,2025-12-20,ENT-00144
GST-KA-BLRU-2025-000107,GST,VARUN MEALS SOLUTIONS,VARUN MEALS SOLUTIONS,"No 50, Plot Industrial Layout, Yelahanka, B'luru Urban, Karnataka - 560064",NO 50 PLOT IND LAYOUT YELAHANKA B LURU URBAN KARNATAKA 560064,Bengaluru Urban,560064,Restaurant / Cafe,Service,True,True,True,560064::Service,560064::VARU,ACTIVE,2025-12-27,ENT-00144
KAR-SHOP-BLRU-2016-000097,SHOP,Varun Meals Solutions,VARUN MEALS SOLUTIONS,"50, Plot Industrial Layout, Yelahanka, B'luru Urban, KA - 560064",50 PLOT IND LAYOUT YELAHANKA B LURU URBAN KA 560064,Bengaluru Urban,560064,Restaurant / Cafe,Service,False,False,True,560064::Service,560064::VARU,CLOSED,2020-07-30,ENT-00144
GST-KA-BLRU-2019-000108,GST,VEDA WORKS,VEDA WORKS,"No. 37, C Sector, Bannerghatta Road, Bangalore Urban, Karnataka - 560076",NO 37 C SECTOR BANNERGHATTA RD BANGALORE URBAN KARNATAKA 560076,Bengaluru Urban,560076,Machine Tools,Manufacturing,True,False,False,560076::Manufacturing,560076::VEDA,CLOSED,2019-11-10,ENT-00145
PCB/BLRU/CTO/2018/00064,KSPCB,Veda Works,VEDA WORKS,"No 37, C Sector, Bannerghatta Road, B'luru Urban, K'taka - 560076",NO 37 C SECTOR BANNERGHATTA RD B LURU URBAN K TAKA 560076,Bengaluru Urban,560076,Machine Tools,Manufacturing,False,False,False,560076::Manufacturing,560076::VEDA,ACTIVE,2026-02-11,ENT-00145
LAB-KA-BLRU-2017-000068,LABOUR,M/S Veda Works,VEDA WORKS,"#37, C Sector, Bannerghatta Road, B'luru Urban, KA",37 C SECTOR BANNERGHATTA RD B LURU URBAN KA,Bengaluru Urban,560076,Machine Tools,Manufacturing,False,False,False,560076::Manufacturing,560076::VEDA,DORMANT,2025-02-26,ENT-00145
KAR-SHOP-BLRU-2022-000098,SHOP,Veda Wors,VEDA WORS,"#37, C Sector, Bannerghatta Road, Bangalore Urban, Karnataka - 560076",37 C SECTOR BANNERGHATTA RD BANGALORE URBAN KARNATAKA 560076,Bengaluru Urban,560076,Machine Tools,Manufacturing,True,False,False,560076::Manufacturing,560076::VEDA,CLOSED,2023-08-04,ENT-00145
KFBIS-FAC-BLRU-2018-000073,FACTORY,M/S Udupi Circuits LLP,UDUPI CIRCUITS,"No. 155, Behind Metro, Kalyan Nagar, Bengaluru Urban, K'taka - 560043",NO 155 BEHIND METRO KALYAN NAGAR BANGALORE URBAN K TAKA 560043,Bengaluru Urban,560043,Electronics Assembly,Manufacturing,False,False,False,560043::Manufacturing,560043::UDUP,CLOSED,2020-03-18,ENT-00146
GST-KA-BLRU-2025-000109,GST,Udupi Circuits LLP,UDUPI CIRCUITS,"#155, Behind Metro, Kalyan Nagar, B'luru Urban, KA - 560043",155 BEHIND METRO KALYAN NAGAR B LURU URBAN KA 560043,Bengaluru Urban,560043,Electronics Assembly,Manufacturing,False,False,False,560043::Manufacturing,560043::UDUP,ACTIVE,2025-11-07,ENT-00146
UDYAM-KR-BLRU-2016-000069,UDYAM,M/S Udupi Circuits LLP,UDUPI CIRCUITS,"No 155, Behind Metro, Kalyan Nagar, Bengaluru Urban, Karnataka - 560043",NO 155 BEHIND METRO KALYAN NAGAR BANGALORE URBAN KARNATAKA 560043,Bengaluru Urban,560043,Electronics Assembly,Manufacturing,False,False,False,560043::Manufacturing,560043::UDUP,CLOSED,2022-03-23,ENT-00146
BBMP-TL-NORT-2019-000054,BBMP,Siddhi Supply LLP,SIDDHI SUPPLY,"21, 2nd Main, Hebbal Industrial Estate, Mysuru, K'taka - 570016",21 2ND MN HEBBAL IND ESTATE MYSURU K TAKA 570016,Mysuru,570016,Logistics / Warehouse,Service,False,False,True,570016::Service,570016::SIDD,ACTIVE,2026-02-11,ENT-00147
GST-KA-MYS-2023-000110,GST,Siddhi Supply LLP,SIDDHI SUPPLY,"No. 21, 2nd Main, Hebbal Indl Area, Mysuru, K'taka",NO 21 2ND MN HEBBAL INDL AREA MYSURU K TAKA,Mysuru,570016,Logistics / Warehouse,Service,True,False,False,570016::Service,570016::SIDD,ACTIVE,2026-03-27,ENT-00147
LAB-KA-MYS-2024-000069,LABOUR,Siddhi Supply LLP,SIDDHI SUPPLY,"#21, 2nd Main, Hebbal Industrial Estate, Mysuru, KA - 570016",21 2ND MN HEBBAL IND ESTATE MYSURU KA 570016,Mysuru,570016,Logistics / Warehouse,Service,True,False,True,570016::Service,570016::SIDD,DORMANT,2025-01-22,ENT-00147
KFBIS-FAC-BLRU-2022-000074,FACTORY,Vijaya Tools Solutions,VIJAYA TOOLS SOLUTIONS,"No. 219, Plot Sector, Banashankari, B'luru Urban, KA - 560085",NO 219 PLOT SECTOR BANASHANKARI B LURU URBAN KA 560085,Bengaluru Urban,560085,Machine Tools,Manufacturing,False,False,False,560085::Manufacturing,560085::VIJA,DORMANT,2024-09-01,ENT-00148
GST-KA-BLRU-2024-000111,GST,M/S Vijya Tools Solutions,VIJYA TOOLS SOLUTIONS,"219, Plot Sector, Banashankari, B'luru Urban, Karnataka",219 PLOT SECTOR BANASHANKARI B LURU URBAN KARNATAKA,Bengaluru Urban,560085,Machine Tools,Manufacturing,True,False,False,560085::Manufacturing,560085::VIJY,DORMANT,2024-09-10,ENT-00148
KAR-SHOP-BLRU-2020-000099,SHOP,M/S Vijaya Tools Solutions,VIJAYA TOOLS SOLUTIONS,"No. 219, Plot Sector, Banashankari, B'luru Urban, K'taka - 560085",NO 219 PLOT SECTOR BANASHANKARI B LURU URBAN K TAKA 560085,Bengaluru Urban,560085,Machine Tools,Manufacturing,True,False,False,560085::Manufacturing,560085::VIJA,CLOSED,2022-11-05,ENT-00148
GST-KA-BLRU-2023-000112,GST,M/S UDUPI PHARMA WORKS,UDUPI PHARMA WORKS,"No 293, Plot Service Road, Whitefield Main Rd, Bengaluru Urban, K'taka - 560066",NO 293 PLOT SERVICE RD WHITEFIELD MN RD BANGALORE URBAN K TAKA 560066,Bengaluru Urban,560066,Pharmacy / Medical Retail,Retail,True,True,False,560066::Retail,560066::UDUP,ACTIVE,2026-01-07,ENT-00149
LAB-KA-BLRU-2021-000070,LABOUR,Udupi PharmaWorks,UDUPI PHARMAWORKS,"No 293, Plot Service Road, Whitefield Mn Rd, Bangalore Urban, Karnataka - 560066",NO 293 PLOT SERVICE RD WHITEFIELD MN RD BANGALORE URBAN KARNATAKA 560066,Bengaluru Urban,560066,Pharmacy / Medical Retail,Retail,True,False,False,560066::Retail,560066::UDUP,DORMANT,2023-09-23,ENT-00149
KAR-SHOP-BLRU-2022-000100,SHOP,Udupi Pharma Works,UDUPI PHARMA WORKS,"No. 293, Plot Service Road, Whitefield Mn Rd, Bangalore Urban, KA",NO 293 PLOT SERVICE RD WHITEFIELD MN RD BANGALORE URBAN KA,Bengaluru Urban,560034,Pharmacy / Medical Retail,Retail,False,False,False,560034::Retail,560034::UDUP,DORMANT,2023-08-04,ENT-00149
GST-KA-MYS-2021-000113,GST,Bangalore Company,BANGALORE,"No 129, C 1st Crs, Devaraja Mohalla, Mysuru, K'taka - 570001",NO 129 C 1ST CRS DEVARAJA MOHALLA MYSURU K TAKA 570001,Mysuru,570001,Food Processing,Manufacturing,False,False,True,570001::Manufacturing,570001::BANG,DORMANT,2024-03-02,ENT-00150
PCB/MYS/CTO/2017/00065,KSPCB,M/S Bangalore Company,BANGALORE,"No. 129, C 1st Cr, Devaraja Mohalla, Mysuru, Karnataka - 570001",NO 129 C 1ST CR DEVARAJA MOHALLA MYSURU KARNATAKA 570001,Mysuru,570001,Food Processing,Manufacturing,False,False,True,570001::Manufacturing,570001::BANG,CLOSED,2021-05-02,ENT-00150
UDYAM-KR-MYS-2021-000070,UDYAM,Bangalore Co,BANGALORE,"No 129, C 1st Crs, Devaraja Mohalla, Mysuru, KA - 570001",NO 129 C 1ST CRS DEVARAJA MOHALLA MYSURU KA 570001,Mysuru,570001,Food Processing,Manufacturing,False,False,False,570001::Manufacturing,570001::BANG,DORMANT,2023-09-24,ENT-00150
KFBIS-FAC-BLRR-2024-000075,FACTORY,Lakshmi Graphics Solutions,LAKSHMI GRAPHICS SOLUTIONS,"No. 176, A Extension, Hoskote, Bengaluru Rural, Karnataka",NO 176 A EXTENSION HOSKOTE BANGALORE RURAL KARNATAKA,Bengaluru Rural,562114,Printing / Packaging,Manufacturing,False,False,False,562114::Manufacturing,562114::LAKS,DORMANT,2025-01-05,ENT-00151
GST-KA-BLRR-2015-000114,GST,Lakshmi Graphics Solutions,LAKSHMI GRAPHICS SOLUTIONS,"No 176, A Extension, Hoskote, B'luru Rural, KA - 562114",NO 176 A EXTENSION HOSKOTE B LURU RURAL KA 562114,Bengaluru Rural,562114,Printing / Packaging,Manufacturing,True,True,True,562114::Manufacturing,562114::LAKS,CLOSED,2020-10-10,ENT-00151
PCB/BLRR/CTO/2019/00066,KSPCB,Lakshmi Graphics Solutions,LAKSHMI GRAPHICS SOLUTIONS,"No 176, A Extension, Hoskote, Bangalore Rural, Karnataka - 562114",NO 176 A EXTENSION HOSKOTE BANGALORE RURAL KARNATAKA 562114,Bengaluru Rural,562114,Printing / Packaging,Manufacturing,False,True,True,562114::Manufacturing,562114::LAKS,CLOSED,2020-04-16,ENT-00151
LAB-KA-BLRR-2025-000071,LABOUR,M/S Lakshmi Graphics Solutions,LAKSHMI GRAPHICS SOLUTIONS,"No 176, A Extension, Hoskote, B'luru Rural, K'taka - 562114",NO 176 A EXTENSION HOSKOTE B LURU RURAL K TAKA 562114,Bengaluru Rural,562114,Printing / Packaging,Manufacturing,True,False,True,562114::Manufacturing,562114::LAKS,ACTIVE,2026-02-17,ENT-00151
UDYAM-KR-BLRR-2017-000071,UDYAM,LAKSHMI GRAPHICS SOLUTIONS,LAKSHMI GRAPHICS SOLUTIONS,"No. 176, A Extension, Hoskote, Bengaluru Rural, K'taka - 562114",NO 176 A EXTENSION HOSKOTE BANGALORE RURAL K TAKA 562114,Bengaluru Rural,562114,Printing / Packaging,Manufacturing,True,False,True,562114::Manufacturing,562114::LAKS,CLOSED,2023-07-14,ENT-00151
GST-KA-BLRU-2016-000115,GST,Meghana Machining Works,MEGHANA MACHINING WORKS,"#182, B Main Road, Whitefield Main Road, Bengaluru Urban, K'taka - 560066",182 B MN RD WHITEFIELD MN RD BANGALORE URBAN K TAKA 560066,Bengaluru Urban,560066,Machine Tools,Manufacturing,True,True,True,560066::Manufacturing,560066::MEGH,DORMANT,2024-01-14,ENT-00152
PCB/BLRU/CTO/2025/00067,KSPCB,Meghana Machining Works,MEGHANA MACHINING WORKS,"No. 182, B Main Rd, Whitefield Main Rd, B'luru Urban, K'taka - 560066",NO 182 B MN RD WHITEFIELD MN RD B LURU URBAN K TAKA 560066,Bengaluru Urban,560066,Machine Tools,Manufacturing,True,True,False,560066::Manufacturing,560066::MEGH,ACTIVE,2025-06-16,ENT-00152
LAB-KA-BLRU-2023-000072,LABOUR,Meghana Machining Works,MEGHANA MACHINING WORKS,"No 182, B Mn Rd, Whitefield Mn Rd, B'luru Urban, KA - 560066",NO 182 B MN RD WHITEFIELD MN RD B LURU URBAN KA 560066,Bengaluru Urban,560066,Machine Tools,Manufacturing,True,True,False,560066::Manufacturing,560066::MEGH,DORMANT,2024-04-21,ENT-00152
KAR-SHOP-BLRU-2021-000101,SHOP,Meghana Machining Works,MEGHANA MACHINING WORKS,"#182, B Main Rd, Whitefield Main Rd, Bangalore Urban, Karnataka - 560066",182 B MN RD WHITEFIELD MN RD BANGALORE URBAN KARNATAKA 560066,Bengaluru Urban,560066,Machine Tools,Manufacturing,True,False,False,560066::Manufacturing,560066::MEGH,ACTIVE,2026-04-04,ENT-00152
BBMP-TL-DASA-2017-000055,BBMP,Sahana Kitchen Solutions,SAHANA KITCHEN SOLUTIONS,"#223, B Industrial Layout, Peenya Industrial Estate, Bangalore Urban, K'taka - 560058",223 B IND LAYOUT PEENYA IND ESTATE BANGALORE URBAN K TAKA 560058,Bengaluru Urban,560058,Restaurant / Cafe,Service,False,False,False,560058::Service,560058::SAHA,CLOSED,2018-08-13,ENT-00153
GST-KA-BLRU-2016-000116,GST,Sahana Kitchen Solutions,SAHANA KITCHEN SOLUTIONS,"No. 223, B Industrial Layout, Peenya Industrial Estate, Bengaluru Urban, K'taka - 560058",NO 223 B IND LAYOUT PEENYA IND ESTATE BANGALORE URBAN K TAKA 560058,Bengaluru Urban,560043,Restaurant / Cafe,Service,True,True,False,560043::Service,560043::SAHA,CLOSED,2017-01-02,ENT-00153
LAB-KA-BLRU-2018-000073,LABOUR,Sahana Kitchen Solutions,SAHANA KITCHEN SOLUTIONS,"#223, B Industrial Layout, Peenya Industrial Estate, B'luru Urban, KA - 560058",223 B IND LAYOUT PEENYA IND ESTATE B LURU URBAN KA 560058,Bengaluru Urban,560058,Restaurant / Cafe,Service,False,True,False,560058::Service,560058::SAHA,DORMANT,2023-09-21,ENT-00153
KAR-SHOP-BLRU-2023-000102,SHOP,Sahana Kitchen Solutions,SAHANA KITCHEN SOLUTIONS,"#223, B Industrial Layout, Peenya Industrial Estate, B'luru Urban, KA",223 B IND LAYOUT PEENYA IND ESTATE B LURU URBAN KA,Bengaluru Urban,560058,Restaurant / Cafe,Service,True,True,False,560058::Service,560058::SAHA,DORMANT,2023-12-16,ENT-00153
GST-KA-BLRU-2015-000117,GST,Navya Trans Co,NAVYA TRANS,"106, A 1st Cross, Kalyan Nagar, Bengaluru Urban, KA - 560043",106 A 1ST CRS KALYAN NAGAR BANGALORE URBAN KA 560043,Bengaluru Urban,560043,Logistics / Warehouse,Service,False,False,False,560043::Service,560043::NAVY,DORMANT,2024-07-06,ENT-00154
KAR-SHOP-BLRU-2016-000103,SHOP,Navya Trans Co,NAVYA TRANS,"No 106, A 1st Cross, Kalyan Nagar, Bangalore Urban, Karnataka - 560043",NO 106 A 1ST CRS KALYAN NAGAR BANGALORE URBAN KARNATAKA 560043,Bengaluru Urban,560043,Logistics / Warehouse,Service,True,False,True,560043::Service,560043::NAVY,DORMANT,2024-07-03,ENT-00154
KFBIS-FAC-BLRR-2024-000076,FACTORY,M/S Aditya Chem Co,ADITYA CHEM,"No 57, C 3rd Phase, Doddaballapura, Bangalore Rural, Karnataka - 561203",NO 57 C 3RD PHASE DODDABALLAPURA BANGALORE RURAL KARNATAKA 561203,Bengaluru Rural,561203,Chemical Blending,Manufacturing,False,True,False,561203::Manufacturing,561203::ADIT,DORMANT,2024-11-02,ENT-00155
GST-KA-BLRR-2025-000118,GST,Aditya Chem Co,ADITYA CHEM,"57, C 3rd Phase, Doddaballapura, B'luru Rural, KA",57 C 3RD PHASE DODDABALLAPURA B LURU RURAL KA,Bengaluru Rural,561203,Chemical Blending,Manufacturing,True,True,False,561203::Manufacturing,561203::ADIT,ACTIVE,2025-10-17,ENT-00155
PCB/BLRR/CTE/2015/00068,KSPCB,M/S Aditya Chem Co,ADITYA CHEM,"57, C 3rd Phase, Doddaballapura, Bangalore Rural, K'taka - 561203",57 C 3RD PHASE DODDABALLAPURA BANGALORE RURAL K TAKA 561203,Bengaluru Rural,561203,Chemical Blending,Manufacturing,True,False,False,561203::Manufacturing,561203::ADIT,CLOSED,2023-02-16,ENT-00155
LAB-KA-BLRR-2017-000074,LABOUR,Aditya Chem Co,ADITYA CHEM,"No 57, C 3rd Phase, Doddaballapura, B'luru Rural, KA - 561203",NO 57 C 3RD PHASE DODDABALLAPURA B LURU RURAL KA 561203,Bengaluru Rural,561203,Chemical Blending,Manufacturing,True,True,False,561203::Manufacturing,561203::ADIT,CLOSED,2017-12-13,ENT-00155
GST-KA-BLRU-2015-000119,GST,M/S MYSORE INDUSTRIES,MYSORE INDUSTRIES,"23, Near Bus Stop, Banashankari, Bengaluru Urban, K'taka - 560085",23 NEAR BUS STOP BANASHANKARI BANGALORE URBAN K TAKA 560085,Bengaluru Urban,560085,Food Processing,Manufacturing,True,True,False,560085::Manufacturing,560085::MYSO,CLOSED,2021-03-08,ENT-00156
PCB/BLRU/CTE/2018/00069,KSPCB,Mysore Inds,MYSORE INDS,"23, Near Bus Stop, Banashankari, Bangalore Urban, KA - 560085",23 NEAR BUS STOP BANASHANKARI BANGALORE URBAN KA 560085,Bengaluru Urban,560085,Food Processing,Manufacturing,False,True,True,560085::Manufacturing,560085::MYSO,CLOSED,2020-07-21,ENT-00156
LAB-KA-BLRU-2019-000075,LABOUR,M/S ysore Industries,YSORE INDUSTRIES,"No. 23, Near Bus Stop, Banashankari, B'luru Urban, KA - 560085",NO 23 NEAR BUS STOP BANASHANKARI B LURU URBAN KA 560085,Bengaluru Urban,560085,Food Processing,Manufacturing,False,False,True,560085::Manufacturing,560085::YSOR,CLOSED,2022-08-04,ENT-00156
KAR-SHOP-BLRU-2023-000104,SHOP,Mysore Industries,MYSORE INDUSTRIES,"No 23, Near Bus Stop, Banashankari, Bengaluru Urban, Karnataka - 560085",NO 23 NEAR BUS STOP BANASHANKARI BANGALORE URBAN KARNATAKA 560085,Bengaluru Urban,560085,Food Processing,Manufacturing,False,False,True,560085::Manufacturing,560085::MYSO,DORMANT,2025-04-09,ENT-00156
UDYAM-KR-BLRU-2024-000072,UDYAM,M/S Mysore Industries,MYSORE INDUSTRIES,"No 23, Near Bus Stop, Banashankari, Bengaluru Urban, K'taka - 560085",NO 23 NEAR BUS STOP BANASHANKARI BANGALORE URBAN K TAKA 560085,Bengaluru Urban,560085,Food Processing,Manufacturing,False,False,False,560085::Manufacturing,560085::MYSO,ACTIVE,2025-06-20,ENT-00156
KFBIS-FAC-BLRU-2020-000077,FACTORY,M/S Naveen Coatings Co,NAVEEN COATINGS,"No 154, A Behind Metro, Rajajinagar Industrial Suburb, B'luru Urban, Karnataka - 560059",NO 154 A BEHIND METRO RAJAJINAGAR IND SUBURB B LURU URBAN KARNATAKA 560059,Bengaluru Urban,560059,Chemical Blending,Manufacturing,False,True,True,560059::Manufacturing,560059::NAVE,CLOSED,2023-01-19,ENT-00157
GST-KA-BLRU-2018-000120,GST,Naveen Coatings Co,NAVEEN COATINGS,"No. 154, A Behind Metro, Rajajinagar Industrial Suburb, Bengaluru Urban, Karnataka - 560059",NO 154 A BEHIND METRO RAJAJINAGAR IND SUBURB BANGALORE URBAN KARNATAKA 560059,Bengaluru Urban,560059,Chemical Blending,Manufacturing,True,True,True,560059::Manufacturing,560059::NAVE,CLOSED,2021-07-05,ENT-00157
PCB/BLRU/CTE/2025/00070,KSPCB,Naveen Coatngs Co,NAVEEN COATNGS,"#154, A Behind Metro, Rajajinagar Industrial Suburb, Bengaluru Urban, K'taka - 560059",154 A BEHIND METRO RAJAJINAGAR IND SUBURB BANGALORE URBAN K TAKA 560059,Bengaluru Urban,560059,Chemical Blending,Manufacturing,False,True,True,560059::Manufacturing,560059::NAVE,ACTIVE,2026-02-25,ENT-00157
KAR-SHOP-BLRU-2015-000105,SHOP,Naveen Coatings Co,NAVEEN COATINGS,"154, A Behind Metro, Rajajinagar Industrial Suburb, B'luru Urban, Karnataka - 560059",154 A BEHIND METRO RAJAJINAGAR IND SUBURB B LURU URBAN KARNATAKA 560059,Bengaluru Urban,560059,Chemical Blending,Manufacturing,False,False,False,560059::Manufacturing,560059::NAVE,CLOSED,2015-12-20,ENT-00157
UDYAM-KR-BLRU-2020-000073,UDYAM,NAVEEN COATINGS CO,NAVEEN COATINGS,"No 154, A Behind Metro, Rajajinagar Industrial Suburb, Bangalore Urban, K'taka - 560059",NO 154 A BEHIND METRO RAJAJINAGAR IND SUBURB BANGALORE URBAN K TAKA 560059,Bengaluru Urban,560059,Chemical Blending,Manufacturing,True,False,True,560059::Manufacturing,560059::NAVE,DORMANT,2023-11-04,ENT-00157
BBMP-TL-SOUT-2021-000056,BBMP,Omkar Labs Co,OMKAR LABS,"No 94, Shed 3rd Phase, Bommanahalli, B'luru Urban, K'taka - 560068",NO 94 SHED 3RD PHASE BOMMANAHALLI B LURU URBAN K TAKA 560068,Bengaluru Urban,560068,Chemical Blending,Manufacturing,True,False,False,560068::Manufacturing,560068::OMKA,DORMANT,2023-05-17,ENT-00158
KFBIS-FAC-BLRU-2020-000078,FACTORY,Omkar Labs Co,OMKAR LABS,"#94, Shed 3rd Phase, Bommanahalli, Bangalore Urban, K'taka - 560068",94 SHED 3RD PHASE BOMMANAHALLI BANGALORE URBAN K TAKA 560068,Bengaluru Urban,560068,Chemical Blending,Manufacturing,False,True,False,560068::Manufacturing,560068::OMKA,CLOSED,2023-04-24,ENT-00158
GST-KA-BLRU-2023-000121,GST,Omkar LabsCo,OMKAR LABSCO,"No 94, Shed 3rd Phase, Bommanahalli, Bengaluru Urban, KA - 560068",NO 94 SHED 3RD PHASE BOMMANAHALLI BANGALORE URBAN KA 560068,Bengaluru Urban,560068,Chemical Blending,Manufacturing,True,True,False,560068::Manufacturing,560068::OMKA,ACTIVE,2026-02-28,ENT-00158
PCB/BLRU/CTE/2023/00071,KSPCB,M/S Omkar Labs Co,OMKAR LABS,"94, Shed 3rd Phase, Bommanahalli, B'luru Urban, KA - 560068",94 SHED 3RD PHASE BOMMANAHALLI B LURU URBAN KA 560068,Bengaluru Urban,560068,Chemical Blending,Manufacturing,False,False,False,560068::Manufacturing,560068::OMKA,ACTIVE,2025-11-10,ENT-00158
KFBIS-FAC-TUM-2025-000079,FACTORY,Bangalore Machining Co,BANGALORE MACHINING,"No. 257, D Industrial Layout, Antharasanahalli Indl Area, Tumakuru, KA - 572106",NO 257 D IND LAYOUT ANTHARASANAHALLI INDL AREA TUMAKURU KA 572106,Tumakuru,572106,Machine Tools,Manufacturing,False,True,True,572106::Manufacturing,572106::BANG,ACTIVE,2025-11-30,ENT-00159
GST-KA-TUM-2018-000122,GST,Bangalore Machining Co,BANGALORE MACHINING,"257, D Industrial Layout, Antharasanahalli Industrial Estate, Tumakuru, Karnataka - 572106",257 D IND LAYOUT ANTHARASANAHALLI IND ESTATE TUMAKURU KARNATAKA 572106,Tumakuru,572106,Machine Tools,Manufacturing,True,True,True,572106::Manufacturing,572106::BANG,DORMANT,2023-09-05,ENT-00159
PCB/TUM/CTE/2025/00072,KSPCB,Bangalore Machining Co,BANGALORE MACHINING,"#257, D Industrial Layout, Antharasanahalli Indl Area, Tumakuru, K'taka - 572106",257 D IND LAYOUT ANTHARASANAHALLI INDL AREA TUMAKURU K TAKA 572106,Tumakuru,572106,Machine Tools,Manufacturing,False,False,False,572106::Manufacturing,572106::BANG,ACTIVE,2025-12-28,ENT-00159
LAB-KA-TUM-2024-000076,LABOUR,Bangalore Machining Co,BANGALORE MACHINING,"257, D Industrial Layout, Antharasanahalli Industrial Estate, Tumakuru, Karnataka - 572106",257 D IND LAYOUT ANTHARASANAHALLI IND ESTATE TUMAKURU KARNATAKA 572106,Tumakuru,572106,Machine Tools,Manufacturing,False,True,False,572106::Manufacturing,572106::BANG,DORMANT,2024-12-15,ENT-00159
UDYAM-KR-TUM-2021-000074,UDYAM,Bangalore Machining Co,BANGALORE MACHINING,"No. 257, D Industrial Layout, Antharasanahalli Industrial Area, Tumakuru, Karnataka - 572106",NO 257 D IND LAYOUT ANTHARASANAHALLI IND AREA TUMAKURU KARNATAKA 572106,Tumakuru,572106,Machine Tools,Manufacturing,True,True,True,572106::Manufacturing,572106::BANG,DORMANT,2025-04-21,ENT-00159
BBMP-TL-TUMA-2018-000057,BBMP,Srinidhi Bites Co,SRINIDHI BITES,"250, Plot Main Road, Antharasanahalli Indl Area, Tumakuru, KA - 572106",250 PLOT MN RD ANTHARASANAHALLI INDL AREA TUMAKURU KA 572106,Tumakuru,572106,Restaurant / Cafe,Service,False,False,False,572106::Service,572106::SRIN,DORMANT,2023-05-03,ENT-00160
GST-KA-TUM-2018-000123,GST,Srinidhi Bites Co,SRINIDHI BITES,"250, Plot Main Rd, Antharasanahalli Industrial Area, Tumakuru, K'taka - 572106",250 PLOT MN RD ANTHARASANAHALLI IND AREA TUMAKURU K TAKA 572106,Tumakuru,572106,Restaurant / Cafe,Service,False,False,False,572106::Service,572106::SRIN,DORMANT,2024-08-10,ENT-00160
LAB-KA-TUM-2020-000077,LABOUR,M/S Srinidhi Bites Co,SRINIDHI BITES,"No. 250, Plot Mn Rd, Antharasanahalli Industrial Area, Tumakuru, K'taka - 572106",NO 250 PLOT MN RD ANTHARASANAHALLI IND AREA TUMAKURU K TAKA 572106,Tumakuru,572106,Restaurant / Cafe,Service,False,False,False,572106::Service,572106::SRIN,CLOSED,2021-06-17,ENT-00160
KAR-SHOP-TUM-2020-000106,SHOP,Srinidhi Bites Co,SRINIDHI BITES,"#250, Plot Main Road, Antharasanahalli Indl Area, Tumakuru, K'taka - 572106",250 PLOT MN RD ANTHARASANAHALLI INDL AREA TUMAKURU K TAKA 572106,Tumakuru,572106,Restaurant / Cafe,Service,False,False,False,572106::Service,572106::SRIN,DORMANT,2024-02-10,ENT-00160
UDYAM-KR-TUM-2019-000075,UDYAM,SRINIDHI BITESCO,SRINIDHI BITESCO,"#250, Plot Main Road, Antharasanahalli Indl Area, Tumakuru, Karnataka - 572106",250 PLOT MN RD ANTHARASANAHALLI INDL AREA TUMAKURU KARNATAKA 572106,Tumakuru,572106,Restaurant / Cafe,Service,False,False,False,572106::Service,572106::SRIN,ACTIVE,2025-06-22,ENT-00160
BBMP-TL-YELA-2020-000058,BBMP,Bangalore Apparels Enterprises,BANGALORE APPARELS ENTERPRISES,"#61, D Behind Metro, Yelahanka, Bengaluru Urban, KA - 560064",61 D BEHIND METRO YELAHANKA BANGALORE URBAN KA 560064,Bengaluru Urban,560064,Textile / Garments,Manufacturing,False,False,False,560064::Manufacturing,560064::BANG,CLOSED,2022-03-20,ENT-00161
GST-KA-BLRU-2019-000124,GST,BANGALORE APPARELS ENTERPRISES,BANGALORE APPARELS ENTERPRISES,"#61, D Behind Metro, Yelahanka, Bangalore Urban, Karnataka - 560064",61 D BEHIND METRO YELAHANKA BANGALORE URBAN KARNATAKA 560064,Bengaluru Urban,560064,Textile / Garments,Manufacturing,True,False,True,560064::Manufacturing,560064::BANG,CLOSED,2022-01-04,ENT-00161
KAR-SHOP-BLRU-2017-000107,SHOP,Bangalore Apparels Enterprises,BANGALORE APPARELS ENTERPRISES,"No 61, D Behind Metro, Yelahanka, Bangalore Urban, Karnataka",NO 61 D BEHIND METRO YELAHANKA BANGALORE URBAN KARNATAKA,Bengaluru Urban,560064,Textile / Garments,Manufacturing,False,False,True,560064::Manufacturing,560064::BANG,CLOSED,2021-04-08,ENT-00161
UDYAM-KR-BLRU-2016-000076,UDYAM,Bangalore Apparels Enterprises,BANGALORE APPARELS ENTERPRISES,"No. 61, D Behind Metro, Yelahanka, Bangalore Urban, Karnataka - 560064",NO 61 D BEHIND METRO YELAHANKA BANGALORE URBAN KARNATAKA 560064,Bengaluru Urban,560064,Textile / Garments,Manufacturing,True,False,False,560064::Manufacturing,560064::BANG,CLOSED,2021-07-14,ENT-00161
GST-KA-BLRU-2018-000125,GST,M/S Ananya CNC LLP,ANANYA CNC,"No. 279, Mn Rd, Whitefield, Bengaluru Urban, K'taka - 560037",NO 279 MN RD WHITEFIELD BANGALORE URBAN K TAKA 560037,Bengaluru Urban,560037,Machine Tools,Manufacturing,True,True,False,560037::Manufacturing,560037::ANAN,DORMANT,2024-11-25,ENT-00162
PCB/BLRU/CTO/2020/00073,KSPCB,Ananya CNC LLP,ANANYA CNC,"No. 279, Mn Rd, Whitefield, B'luru Urban, Karnataka - 560037",NO 279 MN RD WHITEFIELD B LURU URBAN KARNATAKA 560037,Bengaluru Urban,560037,Machine Tools,Manufacturing,True,True,False,560037::Manufacturing,560037::ANAN,ACTIVE,2026-03-30,ENT-00162
LAB-KA-BLRU-2015-000078,LABOUR,Ananya CNC LLP,ANANYA CNC,"#279, Main Road, Whitefield, Bangalore Urban, Karnataka - 560037",279 MN RD WHITEFIELD BANGALORE URBAN KARNATAKA 560037,Bengaluru Urban,560037,Machine Tools,Manufacturing,False,False,True,560037::Manufacturing,560037::ANAN,CLOSED,2016-10-22,ENT-00162
KAR-SHOP-BLRU-2025-000108,SHOP,M/S Ananya CNC LLP,ANANYA CNC,"No. 279, Main Road, Whitefield, Bengaluru Urban, KA - 560037",NO 279 MN RD WHITEFIELD BANGALORE URBAN KA 560037,Bengaluru Urban,560037,Machine Tools,Manufacturing,True,False,True,560037::Manufacturing,560037::ANAN,ACTIVE,2026-02-19,ENT-00162
UDYAM-KR-BLRU-2025-000077,UDYAM,M/S Ananya CNC LLP,ANANYA CNC,"No. 279, Mn Rd, Whitefield, B'luru Urban, K'taka - 560037",NO 279 MN RD WHITEFIELD B LURU URBAN K TAKA 560037,Bengaluru Urban,560037,Machine Tools,Manufacturing,True,True,True,560037::Manufacturing,560037::ANAN,ACTIVE,2025-08-12,ENT-00162
BBMP-TL-BENG-2023-000059,BBMP,Asha Clinic Solutions,ASHA CLINIC SOLUTIONS,"#231, Shed Near Bus Stop, Hoskote, Bangalore Rural, KA - 562114",231 SHED NEAR BUS STOP HOSKOTE BANGALORE RURAL KA 562114,Bengaluru Rural,562114,Pharmacy / Medical Retail,Retail,False,False,True,562114::Retail,562114::ASHA,DORMANT,2024-01-30,ENT-00163
GST-KA-BLRR-2020-000126,GST,Asha Clinic Solutions,ASHA CLINIC SOLUTIONS,"No. 231, Shed Near Bus Stop, Hoskote, B'luru Rural, K'taka - 562114",NO 231 SHED NEAR BUS STOP HOSKOTE B LURU RURAL K TAKA 562114,Bengaluru Rural,562114,Pharmacy / Medical Retail,Retail,True,True,True,562114::Retail,562114::ASHA,CLOSED,2020-07-21,ENT-00163
KAR-SHOP-BLRR-2020-000109,SHOP,Asha Clinic Solutions,ASHA CLINIC SOLUTIONS,"231, Shed Near Bus Stop, Hoskote, Bangalore Rural, KA - 562114",231 SHED NEAR BUS STOP HOSKOTE BANGALORE RURAL KA 562114,Bengaluru Rural,562114,Pharmacy / Medical Retail,Retail,False,False,True,562114::Retail,562114::ASHA,CLOSED,2022-06-02,ENT-00163
UDYAM-KR-BLRR-2017-000078,UDYAM,Asha Clinic Solutions,ASHA CLINIC SOLUTIONS,"No. 231, Shed Near Bus Stop, Hoskote, Bangalore Rural, Karnataka - 562114",NO 231 SHED NEAR BUS STOP HOSKOTE BANGALORE RURAL KARNATAKA 562114,Bengaluru Rural,562114,Pharmacy / Medical Retail,Retail,True,False,False,562114::Retail,562114::ASHA,CLOSED,2024-01-23,ENT-00163
BBMP-TL-DASA-2016-000060,BBMP,Sahana Kitchen Solutions,SAHANA KITCHEN SOLUTIONS,"#49, C 2nd Main, Peenya Industrial Estate, Bengaluru Urban, Karnataka",49 C 2ND MN PEENYA IND ESTATE BANGALORE URBAN KARNATAKA,Bengaluru Urban,560034,Electronics Assembly,Manufacturing,False,False,True,560034::Manufacturing,560034::SAHA,CLOSED,2021-08-10,ENT-00164
KFBIS-FAC-BLRU-2022-000080,FACTORY,Sahana Kitchen Solutions,SAHANA KITCHEN SOLUTIONS,"#49, C 2nd Main, Peenya Industrial Estate, Bengaluru Urban, Karnataka - 560058",49 C 2ND MN PEENYA IND ESTATE BANGALORE URBAN KARNATAKA 560058,Bengaluru Urban,560058,Electronics Assembly,Manufacturing,False,False,True,560058::Manufacturing,560058::SAHA,ACTIVE,2025-06-29,ENT-00164
GST-KA-BLRU-2018-000127,GST,Sahana Kitchen Solutions,SAHANA KITCHEN SOLUTIONS,"No. 49, C 2nd Main, Peenya Industrial Estate, B'luru Urban, Karnataka",NO 49 C 2ND MN PEENYA IND ESTATE B LURU URBAN KARNATAKA,Bengaluru Urban,560058,Electronics Assembly,Manufacturing,False,False,True,560058::Manufacturing,560058::SAHA,CLOSED,2019-12-26,ENT-00164
KAR-SHOP-BLRU-2022-000110,SHOP,M/S Sahana Kitchen Solutions,SAHANA KITCHEN SOLUTIONS,"#49, C 2nd Main, Peenya Industrial Estate, Bangalore Urban, Karnataka - 560058",49 C 2ND MN PEENYA IND ESTATE BANGALORE URBAN KARNATAKA 560058,Bengaluru Urban,560058,Electronics Assembly,Manufacturing,True,False,True,560058::Manufacturing,560058::SAHA,CLOSED,2023-02-08,ENT-00164
GST-KA-BLRR-2015-000128,GST,VARUN DINE COMPANY,VARUN DINE,"101, A Service Road, Devanahalli, Bangalore Rural, KA - 562110",101 A SERVICE RD DEVANAHALLI BANGALORE RURAL KA 562110,Bengaluru Rural,562110,Restaurant / Cafe,Service,True,False,True,562110::Service,562110::VARU,CLOSED,2016-03-19,ENT-00165
KAR-SHOP-BLRR-2015-000111,SHOP,M/SVarun Dine Company,M SVARUN DINE,"#101, A Service Road, Devanahalli, Bangalore Rural, K'taka - 562110",101 A SERVICE RD DEVANAHALLI BANGALORE RURAL K TAKA 562110,Bengaluru Rural,562110,Restaurant / Cafe,Service,False,False,True,562110::Service,562110::M SV,CLOSED,2021-04-23,ENT-00165
UDYAM-KR-BLRR-2023-000079,UDYAM,VARUN DINE COMPANY,VARUN DINE,"101, A Service Road, Devanahalli, Bengaluru Rural, KA - 562110",101 A SERVICE RD DEVANAHALLI BANGALORE RURAL KA 562110,Bengaluru Rural,562110,Restaurant / Cafe,Service,False,False,True,562110::Service,562110::VARU,CLOSED,2025-02-02,ENT-00165
BBMP-TL-EAST-2019-000061,BBMP,M/S Sharma Electronics Solutions,SHARMA ELECTRONICS SOLUTIONS,"No. 75, C Behind Metro, MG Road, B'luru Urban, Karnataka - 560001",NO 75 C BEHIND METRO MG RD B LURU URBAN KARNATAKA 560001,Bengaluru Urban,560001,Electronics Assembly,Manufacturing,False,False,True,560001::Manufacturing,560001::SHAR,CLOSED,2019-09-20,ENT-00166
PCB/BLRU/CTE/2023/00074,KSPCB,Sharma Electronics Solutions,SHARMA ELECTRONICS SOLUTIONS,"No 75, C Behind Metro, MG Road, B'luru Urban, K'taka - 560001",NO 75 C BEHIND METRO MG RD B LURU URBAN K TAKA 560001,Bengaluru Urban,560001,Electronics Assembly,Manufacturing,True,False,False,560001::Manufacturing,560001::SHAR,ACTIVE,2025-10-02,ENT-00166
LAB-KA-BLRU-2023-000079,LABOUR,Sharma Electronics Solutions,SHARMA ELECTRONICS SOLUTIONS,"75, C Behind Metro, MG Road, B'luru Urban, KA - 560001",75 C BEHIND METRO MG RD B LURU URBAN KA 560001,Bengaluru Urban,560102,Electronics Assembly,Manufacturing,True,False,False,560102::Manufacturing,560102::SHAR,DORMANT,2023-10-03,ENT-00166
KAR-SHOP-BLRU-2025-000112,SHOP,Sharma Electronics Solutions,SHARMA ELECTRONICS SOLUTIONS,"No 75, C Behind Metro, MG Road, Bangalore Urban, Karnataka",NO 75 C BEHIND METRO MG RD BANGALORE URBAN KARNATAKA,Bengaluru Urban,560001,Electronics Assembly,Manufacturing,False,True,True,560001::Manufacturing,560001::SHAR,ACTIVE,2026-01-12,ENT-00166
UDYAM-KR-BLRU-2018-000080,UDYAM,Sharma Electronics Solutions,SHARMA ELECTRONICS SOLUTIONS,"No 75, C Behind Metro, MG Road, Bangalore Urban, KA - 560001",NO 75 C BEHIND METRO MG RD BANGALORE URBAN KA 560001,Bengaluru Urban,560001,Electronics Assembly,Manufacturing,False,False,True,560001::Manufacturing,560001::SHAR,CLOSED,2019-10-02,ENT-00166
GST-KA-BLRU-2021-000129,GST,Asha Labs Solutions,ASHA LABS SOLUTIONS,"No. 94, B 3rd Phase, Hebbal, B'luru Urban, K'taka - 560024",NO 94 B 3RD PHASE HEBBAL B LURU URBAN K TAKA 560024,Bengaluru Urban,560024,Chemical Blending,Manufacturing,True,True,True,560024::Manufacturing,560024::ASHA,DORMANT,2023-08-17,ENT-00167
PCB/BLRU/CTO/2025/00075,KSPCB,M/S Asha Labs Solutions,ASHA LABS SOLUTIONS,"No. 94, B 3rd Phase, Hebbal, B'luru Urban, K'taka",NO 94 B 3RD PHASE HEBBAL B LURU URBAN K TAKA,Bengaluru Urban,560024,Chemical Blending,Manufacturing,True,False,False,560024::Manufacturing,560024::ASHA,ACTIVE,2026-03-23,ENT-00167
BBMP-TL-BENG-2021-000062,BBMP,Ganesh Kitchen LLP,GANESH KITCHEN,"166, A 3rd Phase, Devanahalli, Bangalore Rural, KA - 562110",166 A 3RD PHASE DEVANAHALLI BANGALORE RURAL KA 562110,Bengaluru Rural,562110,Restaurant / Cafe,Service,False,False,False,562110::Service,562110::GANE,CLOSED,2023-02-03,ENT-00168
GST-KA-BLRR-2023-000130,GST,Ganesh Kitchen LLP,GANESH KITCHEN,"#166, A 3rd Phase, Devanahalli, Bengaluru Rural, K'taka - 562110",166 A 3RD PHASE DEVANAHALLI BANGALORE RURAL K TAKA 562110,Bengaluru Rural,562110,Restaurant / Cafe,Service,True,True,True,562110::Service,562110::GANE,ACTIVE,2026-03-03,ENT-00168
KAR-SHOP-BLRR-2020-000113,SHOP,Ganesh Kitchen LLP,GANESH KITCHEN,"#166, A 3rd Phase, Devanahalli, Bengaluru Rural, K'taka - 562110",166 A 3RD PHASE DEVANAHALLI BANGALORE RURAL K TAKA 562110,Bengaluru Rural,562110,Restaurant / Cafe,Service,True,False,False,562110::Service,562110::GANE,DORMANT,2025-01-16,ENT-00168
GST-KA-MYS-2025-000131,GST,Asha Bakery Co,ASHA BAKERY,"No. 164, Shed Near Bus Stop, Devaraja Mohalla, Mysuru, Karnataka - 570001",NO 164 SHED NEAR BUS STOP DEVARAJA MOHALLA MYSURU KARNATAKA 570001,Mysuru,570001,Food Processing,Manufacturing,True,True,False,570001::Manufacturing,570001::ASHA,CLOSED,2026-03-15,ENT-00169
PCB/MYS/CTE/2021/00076,KSPCB,Asha Bakery Co,ASHA BAKERY,"#164, Shed Near Bus Stop, Devaraja Mohalla, Mysuru, K'taka - 570001",164 SHED NEAR BUS STOP DEVARAJA MOHALLA MYSURU K TAKA 570001,Mysuru,570001,Food Processing,Manufacturing,True,True,False,570001::Manufacturing,570001::ASHA,ACTIVE,2025-10-20,ENT-00169
UDYAM-KR-MYS-2021-000081,UDYAM,M/S Asha Bakery Co,ASHA BAKERY,"No 164, Shed Near Bus Stop, Devaraja Mohalla, Mysuru, KA - 570001",NO 164 SHED NEAR BUS STOP DEVARAJA MOHALLA MYSURU KA 570001,Mysuru,570001,Food Processing,Manufacturing,True,False,False,570001::Manufacturing,570001::ASHA,ACTIVE,2026-03-01,ENT-00169
BBMP-TL-MAHA-2017-000063,BBMP,Bharath Spices LLP,BHARATH SPICES,"172, D 2nd Main, Whitefield Main Road, B'luru Urban, KA - 560066",172 D 2ND MN WHITEFIELD MN RD B LURU URBAN KA 560066,Bengaluru Urban,560066,Food Processing,Manufacturing,False,False,True,560066::Manufacturing,560066::BHAR,CLOSED,2021-01-09,ENT-00170
KFBIS-FAC-BLRU-2019-000081,FACTORY,Bharath Spices LLP,BHARATH SPICES,"#172, D 2nd Main, Whitefield Mn Rd, B'luru Urban, K'taka - 560066",172 D 2ND MN WHITEFIELD MN RD B LURU URBAN K TAKA 560066,Bengaluru Urban,560066,Food Processing,Manufacturing,False,False,True,560066::Manufacturing,560066::BHAR,DORMANT,2023-09-15,ENT-00170
GST-KA-BLRU-2022-000132,GST,BHARATHSPICES LLP,BHARATHSPICES,"172, D 2nd Main, Whitefield Mn Rd, B'luru Urban, KA - 560066",172 D 2ND MN WHITEFIELD MN RD B LURU URBAN KA 560066,Bengaluru Urban,560066,Food Processing,Manufacturing,True,True,False,560066::Manufacturing,560066::BHAR,CLOSED,2025-11-18,ENT-00170
PCB/BLRU/CTO/2023/00077,KSPCB,Bharath Spices LLP,BHARATH SPICES,"172, D 2nd Main, Whitefield Main Road, Bangalore Urban, Karnataka - 560066",172 D 2ND MN WHITEFIELD MN RD BANGALORE URBAN KARNATAKA 560066,Bengaluru Urban,560066,Food Processing,Manufacturing,False,False,True,560066::Manufacturing,560066::BHAR,ACTIVE,2026-02-10,ENT-00170
LAB-KA-BLRU-2022-000080,LABOUR,Bharath Spices LLP,BHARATH SPICES,"#172, D 2nd Main, Whitefield Main Road, Bengaluru Urban, K'taka - 560066",172 D 2ND MN WHITEFIELD MN RD BANGALORE URBAN K TAKA 560066,Bengaluru Urban,560066,Food Processing,Manufacturing,True,False,False,560066::Manufacturing,560066::BHAR,DORMANT,2024-08-02,ENT-00170
KAR-SHOP-BLRU-2018-000114,SHOP,Bharath Spices LLP,BHARATH SPICES,"#172, D 2nd Main, Whitefield Mn Rd, B'luru Urban, Karnataka - 560066",172 D 2ND MN WHITEFIELD MN RD B LURU URBAN KARNATAKA 560066,Bengaluru Urban,560066,Food Processing,Manufacturing,False,False,True,560066::Manufacturing,560066::BHAR,CLOSED,2023-01-10,ENT-00170
BBMP-TL-TUMA-2018-000064,BBMP,M/S Vijaya Fashions Works,VIJAYA FASHIONS WORKS,"No 16, Shed Extension, Antharasanahalli Indl Area, Tumakuru, Karnataka - 572106",NO 16 SHED EXTENSION ANTHARASANAHALLI INDL AREA TUMAKURU KARNATAKA 572106,Tumakuru,572106,Textile / Garments,Manufacturing,False,False,True,572106::Manufacturing,572106::VIJA,DORMANT,2024-09-26,ENT-00171
KFBIS-FAC-TUM-2021-000082,FACTORY,Vijaya Fashions Works,VIJAYA FASHIONS WORKS,"#16, Shed Extension, Antharasanahalli Industrial Estate, Tumakuru, K'taka - 572106",16 SHED EXTENSION ANTHARASANAHALLI IND ESTATE TUMAKURU K TAKA 572106,Tumakuru,572106,Textile / Garments,Manufacturing,True,False,False,572106::Manufacturing,572106::VIJA,DORMANT,2023-12-22,ENT-00171
GST-KA-TUM-2018-000133,GST,Vijaya Fashions Works,VIJAYA FASHIONS WORKS,"16, Shed Extension, Antharasanahalli Industrial Area, Tumakuru, Karnataka - 572106",16 SHED EXTENSION ANTHARASANAHALLI IND AREA TUMAKURU KARNATAKA 572106,Tumakuru,572106,Textile / Garments,Manufacturing,True,False,True,572106::Manufacturing,572106::VIJA,DORMANT,2024-04-24,ENT-00171
LAB-KA-TUM-2025-000081,LABOUR,Vijaya Fashions Works,VIJAYA FASHIONS WORKS,"#16, Shed Extension, Antharasanahalli Industrial Estate, Tumakuru, KA - 572106",16 SHED EXTENSION ANTHARASANAHALLI IND ESTATE TUMAKURU KA 572106,Tumakuru,572106,Textile / Garments,Manufacturing,True,False,True,572106::Manufacturing,572106::VIJA,ACTIVE,2025-05-13,ENT-00171
KAR-SHOP-TUM-2017-000115,SHOP,Vijaya Fashions Works,VIJAYA FASHIONS WORKS,"No 16, Shed Extension, Antharasanahalli Industrial Area, Tumakuru, K'taka - 572106",NO 16 SHED EXTENSION ANTHARASANAHALLI IND AREA TUMAKURU K TAKA 572106,Tumakuru,572106,Textile / Garments,Manufacturing,False,False,True,572106::Manufacturing,572106::VIJA,CLOSED,2018-06-19,ENT-00171
UDYAM-KR-TUM-2021-000082,UDYAM,M/S VIJAYA FASHIONS WORKS,VIJAYA FASHIONS WORKS,"No. 16, Shed Extension, Antharasanahalli Industrial Area, Tumakuru, K'taka - 572106",NO 16 SHED EXTENSION ANTHARASANAHALLI IND AREA TUMAKURU K TAKA 572106,Tumakuru,572106,Textile / Garments,Manufacturing,True,False,False,572106::Manufacturing,572106::VIJA,DORMANT,2024-11-23,ENT-00171
GST-KA-BLRU-2021-000134,GST,M/S Asha Solutions,ASHA SOLUTIONS,"No 145, D Mn Rd, Hebbal, B'luru Urban, KA - 560024",NO 145 D MN RD HEBBAL B LURU URBAN KA 560024,Bengaluru Urban,560024,Food Processing,Manufacturing,True,True,False,560024::Manufacturing,560024::ASHA,ACTIVE,2026-02-08,ENT-00172
PCB/BLRU/CTE/2018/00078,KSPCB,Asha Solutions,ASHA SOLUTIONS,"#145, D Main Rd, Hebbal, B'luru Urban, K'taka - 560024",145 D MN RD HEBBAL B LURU URBAN K TAKA 560024,Bengaluru Urban,560024,Food Processing,Manufacturing,True,False,True,560024::Manufacturing,560024::ASHA,CLOSED,2020-05-30,ENT-00172
LAB-KA-BLRU-2025-000082,LABOUR,Asha Solutions,ASHA SOLUTIONS,"145, D Main Road, Hebbal, Bengaluru Urban, Karnataka - 560024",145 D MN RD HEBBAL BANGALORE URBAN KARNATAKA 560024,Bengaluru Urban,560024,Food Processing,Manufacturing,False,True,False,560024::Manufacturing,560024::ASHA,ACTIVE,2026-01-07,ENT-00172
KAR-SHOP-BLRU-2024-000116,SHOP,M/S Asha Solutions,ASHA SOLUTIONS,"No. 145, D Mn Rd, Hebbal, B'luru Urban, KA - 560024",NO 145 D MN RD HEBBAL B LURU URBAN KA 560024,Bengaluru Urban,560024,Food Processing,Manufacturing,False,False,False,560024::Manufacturing,560024::ASHA,DORMANT,2025-04-12,ENT-00172
BBMP-TL-YELA-2015-000065,BBMP,Nisarga Trans Enterprises,NISARGA TRANS ENTERPRISES,"No 28, D Mn Rd, Hebbal, Bengaluru Urban, K'taka - 560024",NO 28 D MN RD HEBBAL BANGALORE URBAN K TAKA 560024,Bengaluru Urban,560024,Logistics / Warehouse,Service,False,False,False,560024::Service,560024::NISA,DORMANT,2025-03-17,ENT-00173
KFBIS-FAC-BLRU-2016-000083,FACTORY,Nisarga Trans Enterprises,NISARGA TRANS ENTERPRISES,"#28, D Mn Rd, Hebbal, Bangalore Urban, KA",28 D MN RD HEBBAL BANGALORE URBAN KA,Bengaluru Urban,560102,Logistics / Warehouse,Service,False,False,False,560102::Service,560102::NISA,CLOSED,2018-11-03,ENT-00173
GST-KA-BLRU-2023-000135,GST,Nisarga Trans Enterprises,NISARGA TRANS ENTERPRISES,"28, D Main Rd, Hebbal, Bengaluru Urban, K'taka - 560024",28 D MN RD HEBBAL BANGALORE URBAN K TAKA 560024,Bengaluru Urban,560024,Logistics / Warehouse,Service,True,False,False,560024::Service,560024::NISA,ACTIVE,2025-12-19,ENT-00173
PCB/BLRU/CTO/2015/00079,KSPCB,M/S Nisarga Trans Entp,NISARGA TRANS ENTP,"No. 28, D Main Rd, Hebbal, B'luru Urban, K'taka - 560024",NO 28 D MN RD HEBBAL B LURU URBAN K TAKA 560024,Bengaluru Urban,560024,Logistics / Warehouse,Service,True,False,False,560024::Service,560024::NISA,DORMANT,2024-05-18,ENT-00173
LAB-KA-BLRU-2017-000083,LABOUR,Nisarga Trans Enterprises,NISARGA TRANS ENTERPRISES,"28, D Main Rd, Hebbal, Bengaluru Urban, K'taka - 560024",28 D MN RD HEBBAL BANGALORE URBAN K TAKA 560024,Bengaluru Urban,560024,Logistics / Warehouse,Service,True,False,False,560024::Service,560024::NISA,DORMANT,2024-01-22,ENT-00173
BBMP-TL-SOUT-2019-000066,BBMP,M/S Bharath Medical Soluions,BHARATH MEDICAL SOLUIONS,"No. 154, Plot 2nd Main, Bommanahalli, B'luru Urban, K'taka - 560068",NO 154 PLOT 2ND MN BOMMANAHALLI B LURU URBAN K TAKA 560068,Bengaluru Urban,560068,Pharmacy / Medical Retail,Retail,False,False,False,560068::Retail,560068::BHAR,DORMANT,2024-02-29,ENT-00174
LAB-KA-BLRU-2019-000084,LABOUR,Bharath Medical Solutions,BHARATH MEDICAL SOLUTIONS,"154, Plot 2nd Main, Bommanahalli, Bangalore Urban, KA - 560068",154 PLOT 2ND MN BOMMANAHALLI BANGALORE URBAN KA 560068,Bengaluru Urban,560068,Pharmacy / Medical Retail,Retail,False,True,False,560068::Retail,560068::BHAR,CLOSED,2020-06-02,ENT-00174
KAR-SHOP-BLRU-2017-000117,SHOP,Bharath Medical Solutions,BHARATH MEDICAL SOLUTIONS,"154, Plot 2nd Main, Bommanahalli, Bengaluru Urban, K'taka - 560068",154 PLOT 2ND MN BOMMANAHALLI BANGALORE URBAN K TAKA 560068,Bengaluru Urban,560068,Pharmacy / Medical Retail,Retail,False,False,False,560068::Retail,560068::BHAR,CLOSED,2019-04-24,ENT-00174
GST-KA-BLRU-2023-000136,GST,M/S PRAKRUTHI LLP,PRAKRUTHI,"No. 199, C Near Bus Stop, Banashankari, Bengaluru Urban, Karnataka - 560085",NO 199 C NEAR BUS STOP BANASHANKARI BANGALORE URBAN KARNATAKA 560085,Bengaluru Urban,560085,Textile / Garments,Manufacturing,True,False,True,560085::Manufacturing,560085::PRAK,DORMANT,2023-11-09,ENT-00175
LAB-KA-BLRU-2025-000085,LABOUR,Prakruthi LLP,PRAKRUTHI,"#199, C Near Bus Stop, Banashankari, B'luru Urban, Karnataka - 560085",199 C NEAR BUS STOP BANASHANKARI B LURU URBAN KARNATAKA 560085,Bengaluru Urban,560085,Textile / Garments,Manufacturing,False,False,True,560085::Manufacturing,560085::PRAK,ACTIVE,2026-03-05,ENT-00175
KAR-SHOP-BLRU-2018-000118,SHOP,Prakruthi LLP,PRAKRUTHI,"No. 199, C Near Bus Stop, Banashankari, B'luru Urban, Karnataka - 560085",NO 199 C NEAR BUS STOP BANASHANKARI B LURU URBAN KARNATAKA 560085,Bengaluru Urban,560085,Textile / Garments,Manufacturing,False,False,False,560085::Manufacturing,560085::PRAK,CLOSED,2020-10-29,ENT-00175
UDYAM-KR-BLRU-2016-000083,UDYAM,MS Prakruthi LLP,PRAKRUTHI,"199, C Near Bus Stop, Banashankari, Bangalore Urban, Karnataka - 560085",199 C NEAR BUS STOP BANASHANKARI BANGALORE URBAN KARNATAKA 560085,Bengaluru Urban,560085,Textile / Garments,Manufacturing,False,False,False,560085::Manufacturing,560085::PRAK,DORMANT,2023-05-15,ENT-00175
BBMP-TL-BOMM-2024-000067,BBMP,Siddhi Warehouse Solutions,SIDDHI WAREHOUSE SOLUTIONS,"#267, Shed 3rd Phase, HSR Layout, Bangalore Urban, K'taka",267 SHED 3RD PHASE HSR LAYOUT BANGALORE URBAN K TAKA,Bengaluru Urban,560102,Logistics / Warehouse,Service,False,False,False,560102::Service,560102::SIDD,CLOSED,2025-08-21,ENT-00176
GST-KA-BLRU-2019-000137,GST,SIDDHI WAREHOUSE SOLUTIONS,SIDDHI WAREHOUSE SOLUTIONS,"No 267, Shed 3rd Phase, HSR Layout, Bangalore Urban, Karnataka - 560102",NO 267 SHED 3RD PHASE HSR LAYOUT BANGALORE URBAN KARNATAKA 560102,Bengaluru Urban,560102,Logistics / Warehouse,Service,True,False,False,560102::Service,560102::SIDD,CLOSED,2022-11-27,ENT-00176
UDYAM-KR-BLRU-2018-000084,UDYAM,Siddhi Warehouse Solutions,SIDDHI WAREHOUSE SOLUTIONS,"267, Shed 3rd Phase, HSR Layout, Bangalore Urban, KA - 560102",267 SHED 3RD PHASE HSR LAYOUT BANGALORE URBAN KA 560102,Bengaluru Urban,560102,Logistics / Warehouse,Service,False,False,False,560102::Service,560102::SIDD,DORMANT,2025-04-29,ENT-00176
GST-KA-MYS-2022-000138,GST,SRINIDHI HEALTH TRADERS,SRINIDHI HEALTH TRADERS,"#246, A 3rd Phase, Devaraja Mohalla, Mysuru, KA - 570001",246 A 3RD PHASE DEVARAJA MOHALLA MYSURU KA 570001,Mysuru,570001,Pharmacy / Medical Retail,Retail,True,True,False,570001::Retail,570001::SRIN,CLOSED,2022-10-13,ENT-00177
KAR-SHOP-MYS-2017-000119,SHOP,Srinidhi Health Traders,SRINIDHI HEALTH TRADERS,"246, A 3rd Phase, Devaraja Mohalla, Mysuru, KA - 570001",246 A 3RD PHASE DEVARAJA MOHALLA MYSURU KA 570001,Mysuru,570001,Pharmacy / Medical Retail,Retail,True,False,False,570001::Retail,570001::SRIN,CLOSED,2022-01-03,ENT-00177
BBMP-TL-SOUT-2015-000068,BBMP,Kaveri Meds Associates,KAVERI MEDS ASSOCIATES,"No. 263, C 2nd Main, Nanjangud Road, Mysuru, Karnataka - 570018",NO 263 C 2ND MN NANJANGUD RD MYSURU KARNATAKA 570018,Mysuru,570018,Pharmacy / Medical Retail,Retail,True,False,False,570018::Retail,570018::KAVE,CLOSED,2020-04-02,ENT-00178
GST-KA-MYS-2025-000139,GST,Kaveri Meds Associates,KAVERI MEDS ASSOCIATES,"No. 263, C 2nd Main, Nanjangud Road, Mysuru, KA - 570018",NO 263 C 2ND MN NANJANGUD RD MYSURU KA 570018,Mysuru,570018,Pharmacy / Medical Retail,Retail,False,False,False,570018::Retail,570018::KAVE,ACTIVE,2026-03-18,ENT-00178
KAR-SHOP-MYS-2018-000120,SHOP,Kaveri Meds Associates,KAVERI MEDS ASSOCIATES,"263, C 2nd Main, Nanjangud Road, Mysuru, Karnataka - 570018",263 C 2ND MN NANJANGUD RD MYSURU KARNATAKA 570018,Mysuru,570018,Pharmacy / Medical Retail,Retail,False,False,False,570018::Retail,570018::KAVE,DORMANT,2024-09-30,ENT-00178
GST-KA-MYS-2021-000140,GST,Sree Associates,SREE ASSOCIATES,"#100, D Behind Metro, Nanjangud Road, Mysuru, K'taka - 570018",100 D BEHIND METRO NANJANGUD RD MYSURU K TAKA 570018,Mysuru,570018,Machine Tools,Manufacturing,True,True,True,570018::Manufacturing,570018::SREE,CLOSED,2025-01-05,ENT-00179
PCB/MYS/CTO/2020/00080,KSPCB,M/S Sree Associates,SREE ASSOCIATES,"No. 100, D Behind Metro, Nanjangud Road, Mysuru, K'taka - 570018",NO 100 D BEHIND METRO NANJANGUD RD MYSURU K TAKA 570018,Mysuru,570018,Machine Tools,Manufacturing,False,False,True,570018::Manufacturing,570018::SREE,CLOSED,2023-03-19,ENT-00179
UDYAM-KR-MYS-2023-000085,UDYAM,M/S Sree Associates,SREE ASSOCIATES,"No 100, D Behind Metro, Nanjangud Road, Mysuru, K'taka - 570018",NO 100 D BEHIND METRO NANJANGUD RD MYSURU K TAKA 570018,Mysuru,570018,Machine Tools,Manufacturing,False,True,True,570018::Manufacturing,570018::SREE,ACTIVE,2025-10-24,ENT-00179
KFBIS-FAC-MYS-2016-000084,FACTORY,M/S Varun Industrial Associates,VARUN INDUSTRIAL ASSOCIATES,"No 6, Shed Sector, Nanjangud Road, Mysuru, K'taka - 570018",NO 6 SHED SECTOR NANJANGUD RD MYSURU K TAKA 570018,Mysuru,570018,Chemical Blending,Manufacturing,False,False,False,570018::Manufacturing,570018::VARU,DORMANT,2023-12-28,ENT-00180
GST-KA-MYS-2023-000141,GST,M/S VARUN INDUSTRIAL ASSOCIATES,VARUN INDUSTRIAL ASSOCIATES,"#6, Shed Sector, Nanjangud Road, Mysuru, K'taka - 570018",6 SHED SECTOR NANJANGUD RD MYSURU K TAKA 570018,Mysuru,570018,Chemical Blending,Manufacturing,True,True,True,570018::Manufacturing,570018::VARU,CLOSED,2025-07-17,ENT-00180
PCB/MYS/CTO/2020/00081,KSPCB,M/S Varun Industrial Associates,VARUN INDUSTRIAL ASSOCIATES,"No 6, Shed Sector, Nanjangud Road, Mysuru, K'taka - 570018",NO 6 SHED SECTOR NANJANGUD RD MYSURU K TAKA 570018,Mysuru,570018,Chemical Blending,Manufacturing,True,True,False,570018::Manufacturing,570018::VARU,CLOSED,2022-12-06,ENT-00180
BBMP-TL-SOUT-2022-000069,BBMP,Srinidhi Injection Enterprises,SRINIDHI INJECTION ENTERPRISES,"No 49, Service Road, Bannerghatta Road, Bengaluru Urban, K'taka - 560076",NO 49 SERVICE RD BANNERGHATTA RD BANGALORE URBAN K TAKA 560076,Bengaluru Urban,560076,Plastic Moulding,Manufacturing,False,True,True,560076::Manufacturing,560076::SRIN,DORMANT,2023-08-02,ENT-00181
KFBIS-FAC-BLRU-2021-000085,FACTORY,M/S Srinidhi Injection Enterprises,SRINIDHI INJECTION ENTERPRISES,"No 49, Service Road, Bannerghatta Road, Bengaluru Urban, Karnataka - 560076",NO 49 SERVICE RD BANNERGHATTA RD BANGALORE URBAN KARNATAKA 560076,Bengaluru Urban,560076,Plastic Moulding,Manufacturing,True,False,False,560076::Manufacturing,560076::SRIN,ACTIVE,2025-11-13,ENT-00181
PCB/BLRU/CTE/2018/00082,KSPCB,Srinidhi Injection Enterprises,SRINIDHI INJECTION ENTERPRISES,"No. 49, Service Road, Bannerghatta Road, Bangalore Urban, KA - 560076",NO 49 SERVICE RD BANNERGHATTA RD BANGALORE URBAN KA 560076,Bengaluru Urban,560076,Plastic Moulding,Manufacturing,True,True,True,560076::Manufacturing,560076::SRIN,ACTIVE,2026-02-27,ENT-00181
KFBIS-FAC-BLRU-2022-000086,FACTORY,Sri Pvt Ltd,SRI,"No. 207, Plot 1st Cross, HSR Layout, Bengaluru Urban, K'taka - 560102",NO 207 PLOT 1ST CRS HSR LAYOUT BANGALORE URBAN K TAKA 560102,Bengaluru Urban,560102,Printing / Packaging,Manufacturing,False,False,False,560102::Manufacturing,560102::SRI,DORMANT,2024-02-03,ENT-00182
GST-KA-BLRU-2024-000142,GST,SRI PVT LTD,SRI,"207, Plot 1st Crs, HSR Layout, Bangalore Urban, K'taka - 560102",207 PLOT 1ST CRS HSR LAYOUT BANGALORE URBAN K TAKA 560102,Bengaluru Urban,560102,Printing / Packaging,Manufacturing,True,True,False,560102::Manufacturing,560102::SRI,DORMANT,2025-04-30,ENT-00182
LAB-KA-BLRU-2015-000086,LABOUR,Sri Pvt Ltd,SRI,"No 207, Plot 1st Crs, HSR Layout, Bengaluru Urban, K'taka - 560102",NO 207 PLOT 1ST CRS HSR LAYOUT BANGALORE URBAN K TAKA 560102,Bengaluru Urban,560102,Printing / Packaging,Manufacturing,False,False,False,560102::Manufacturing,560102::SRI,CLOSED,2016-02-14,ENT-00182
KAR-SHOP-BLRU-2018-000121,SHOP,Sri Pvt. td.,SRI TD,"No 207, Plot 1st Cr, HSR Layout, B'luru Urban, KA - 560102",NO 207 PLOT 1ST CR HSR LAYOUT B LURU URBAN KA 560102,Bengaluru Urban,560102,Printing / Packaging,Manufacturing,False,False,False,560102::Manufacturing,560102::SRI ,CLOSED,2019-10-16,ENT-00182
UDYAM-KR-BLRU-2025-000086,UDYAM,SRI PVT LTD,SRI,"207, Plot 1st Crs, HSR Layout, Bangalore Urban, K'taka - 560102",207 PLOT 1ST CRS HSR LAYOUT BANGALORE URBAN K TAKA 560102,Bengaluru Urban,560102,Printing / Packaging,Manufacturing,False,False,False,560102::Manufacturing,560102::SRI,ACTIVE,2026-04-10,ENT-00182
PCB/BLRR/CTO/2021/00083,KSPCB,Rav Agro Associates,RAV AGRO ASSOCIATES,"No. 247, Shed Main Rd, Hoskote, Bangalore Rural, Karnataka",NO 247 SHED MN RD HOSKOTE BANGALORE RURAL KARNATAKA,Bengaluru Rural,562114,Food Processing,Manufacturing,True,True,False,562114::Manufacturing,562114::RAV ,ACTIVE,2026-05-01,ENT-00183
KAR-SHOP-BLRR-2022-000122,SHOP,Ravi Agro Associates,RAVI AGRO ASSOCIATES,"No 247, Shed Main Road, Hoskote, Bengaluru Rural, KA - 562114",NO 247 SHED MN RD HOSKOTE BANGALORE RURAL KA 562114,Bengaluru Rural,562114,Food Processing,Manufacturing,False,True,False,562114::Manufacturing,562114::RAVI,ACTIVE,2025-05-02,ENT-00183
KFBIS-FAC-BLRU-2015-000087,FACTORY,M/S Varun Components LLP,VARUN COMPONENTS,"221, B Behind Metro, Whitefield Main Road, B'luru Urban, Karnataka - 560066",221 B BEHIND METRO WHITEFIELD MN RD B LURU URBAN KARNATAKA 560066,Bengaluru Urban,560066,Electronics Assembly,Manufacturing,False,False,True,560066::Manufacturing,560066::VARU,DORMANT,2025-01-30,ENT-00184
GST-KA-BLRU-2021-000143,GST,Varun Components LLP,VARUN COMPONENTS,"221, B Behind Metro, Whitefield Main Road, Bangalore Urban, KA - 560066",221 B BEHIND METRO WHITEFIELD MN RD BANGALORE URBAN KA 560066,Bengaluru Urban,560066,Electronics Assembly,Manufacturing,True,True,False,560066::Manufacturing,560066::VARU,ACTIVE,2025-11-28,ENT-00184
LAB-KA-BLRU-2021-000087,LABOUR,Varun Components LLP,VARUN COMPONENTS,"No. 221, B Behind Metro, Whitefield Mn Rd, Bangalore Urban, K'taka - 560066",NO 221 B BEHIND METRO WHITEFIELD MN RD BANGALORE URBAN K TAKA 560066,Bengaluru Urban,560066,Electronics Assembly,Manufacturing,False,False,True,560066::Manufacturing,560066::VARU,ACTIVE,2026-04-03,ENT-00184
KAR-SHOP-BLRU-2018-000123,SHOP,Varun Components LLP,VARUN COMPONENTS,"#221, B Behind Metro, Whitefield Main Rd, Bangalore Urban, Karnataka - 560066",221 B BEHIND METRO WHITEFIELD MN RD BANGALORE URBAN KARNATAKA 560066,Bengaluru Urban,560066,Electronics Assembly,Manufacturing,False,False,False,560066::Manufacturing,560066::VARU,CLOSED,2021-11-03,ENT-00184
UDYAM-KR-BLRU-2017-000087,UDYAM,Varun Components LLP,VARUN COMPONENTS,"#221, B Behind Metro, Whitefield Main Rd, Bangalore Urban, KA - 560066",221 B BEHIND METRO WHITEFIELD MN RD BANGALORE URBAN KA 560066,Bengaluru Urban,560066,Electronics Assembly,Manufacturing,True,False,False,560066::Manufacturing,560066::VARU,CLOSED,2019-02-14,ENT-00184
BBMP-TL-SOUT-2019-000070,BBMP,Sharma Pvt Ltd,SHARMA,"117, C 2nd Main, Nanjangud Road, Mysuru, Karnataka - 570018",117 C 2ND MN NANJANGUD RD MYSURU KARNATAKA 570018,Mysuru,570018,Plastic Moulding,Manufacturing,False,False,True,570018::Manufacturing,570018::SHAR,CLOSED,2021-03-27,ENT-00185
KFBIS-FAC-MYS-2019-000088,FACTORY,Sharma Pvt. Ltd.,SHARMA,"117, C 2nd Main, Nanjangud Road, Mysuru, K'taka - 570018",117 C 2ND MN NANJANGUD RD MYSURU K TAKA 570018,Mysuru,570018,Plastic Moulding,Manufacturing,False,True,True,570018::Manufacturing,570018::SHAR,CLOSED,2019-07-30,ENT-00185
PCB/MYS/CTE/2016/00084,KSPCB,Sharma Pvt Ltd,SHARMA,"No 117, C 2nd Main, Nanjangud Road, Mysuru, K'taka - 570018",NO 117 C 2ND MN NANJANGUD RD MYSURU K TAKA 570018,Mysuru,570001,Plastic Moulding,Manufacturing,False,False,False,570001::Manufacturing,570001::SHAR,DORMANT,2024-04-06,ENT-00185
KAR-SHOP-MYS-2021-000124,SHOP,Sharma Pvt. Ltd.,SHARMA,"No. 117, C 2nd Main, Nanjangud Road, Mysuru, KA - 570018",NO 117 C 2ND MN NANJANGUD RD MYSURU KA 570018,Mysuru,570018,Plastic Moulding,Manufacturing,True,False,True,570018::Manufacturing,570018::SHAR,CLOSED,2025-02-17,ENT-00185
UDYAM-KR-MYS-2015-000088,UDYAM,SHARMA PVT LTD,SHARMA,"No. 117, C 2nd Main, Nanjangud Road, Mysuru, Karnataka - 570018",NO 117 C 2ND MN NANJANGUD RD MYSURU KARNATAKA 570018,Mysuru,570018,Plastic Moulding,Manufacturing,True,False,False,570018::Manufacturing,570018::SHAR,CLOSED,2018-05-03,ENT-00185
BBMP-TL-EAST-2023-000071,BBMP,Nisarga Enterprises,NISARGA ENTERPRISES,"No. 143, Mn Rd, MG Road, B'luru Urban, K'taka - 560001",NO 143 MN RD MG RD B LURU URBAN K TAKA 560001,Bengaluru Urban,560001,Textile / Garments,Manufacturing,True,False,True,560001::Manufacturing,560001::NISA,DORMANT,2024-09-19,ENT-00186
KFBIS-FAC-BLRU-2016-000089,FACTORY,M/S Nisarga Entp,NISARGA ENTP,"No. 143, Mn Rd, MG Road, Bangalore Urban, Karnataka - 560001",NO 143 MN RD MG RD BANGALORE URBAN KARNATAKA 560001,Bengaluru Urban,560064,Textile / Garments,Manufacturing,True,False,False,560064::Manufacturing,560064::NISA,DORMANT,2023-12-20,ENT-00186
LAB-KA-BLRU-2018-000088,LABOUR,Nisarga Enterprises,NISARGA ENTERPRISES,"#143, Mn Rd, MG Road, Bangalore Urban, K'taka - 560001",143 MN RD MG RD BANGALORE URBAN K TAKA 560001,Bengaluru Urban,560001,Textile / Garments,Manufacturing,False,False,False,560001::Manufacturing,560001::NISA,CLOSED,2019-12-17,ENT-00186
KAR-SHOP-BLRU-2015-000125,SHOP,Nisarga Enterprises,NISARGA ENTERPRISES,"No. 143, Mn Rd, MG Road, B'luru Urban, Karnataka - 560001",NO 143 MN RD MG RD B LURU URBAN KARNATAKA 560001,Bengaluru Urban,560001,Textile / Garments,Manufacturing,False,False,False,560001::Manufacturing,560001::NISA,ACTIVE,2025-08-12,ENT-00186
UDYAM-KR-BLRU-2016-000089,UDYAM,Nisarga Enterprises,NISARGA ENTERPRISES,"#143, Main Road, MG Road, Bangalore Urban, K'taka - 560001",143 MN RD MG RD BANGALORE URBAN K TAKA 560001,Bengaluru Urban,560001,Textile / Garments,Manufacturing,False,False,False,560001::Manufacturing,560001::NISA,CLOSED,2017-07-27,ENT-00186
LAB-KA-BLRR-2017-000089,LABOUR,Varun Inds Inds,VARUN INDS INDS,"No. 155, Shed Near Bus Stop, Doddaballapura, Bangalore Rural, KA - 561203",NO 155 SHED NEAR BUS STOP DODDABALLAPURA BANGALORE RURAL KA 561203,Bengaluru Rural,561203,Machine Tools,Manufacturing,False,False,False,561203::Manufacturing,561203::VARU,DORMANT,2025-03-05,ENT-00187
KAR-SHOP-BLRR-2022-000126,SHOP,Varun Industries Industries,VARUN INDUSTRIES INDUSTRIES,"155, Shed Near Bus Stop, Doddaballapura, Bengaluru Rural, KA - 561203",155 SHED NEAR BUS STOP DODDABALLAPURA BANGALORE RURAL KA 561203,Bengaluru Rural,561203,Machine Tools,Manufacturing,False,False,False,561203::Manufacturing,561203::VARU,DORMANT,2024-10-05,ENT-00187
KFBIS-FAC-BLRU-2025-000090,FACTORY,Lakshmi Solvents Company,LAKSHMI SOLVENTS,"No. 278, Extension, BTM Layout, Bengaluru Urban, KA - 560029",NO 278 EXTENSION BTM LAYOUT BANGALORE URBAN KA 560029,Bengaluru Urban,560029,Chemical Blending,Manufacturing,True,False,False,560029::Manufacturing,560029::LAKS,ACTIVE,2025-08-22,ENT-00188
GST-KA-BLRU-2025-000144,GST,LAKSHMI SOLVENTS COMPANY,LAKSHMI SOLVENTS,"278, Extension, BTM Layout, Bengaluru Urban, K'taka - 560029",278 EXTENSION BTM LAYOUT BANGALORE URBAN K TAKA 560029,Bengaluru Urban,560029,Chemical Blending,Manufacturing,True,False,True,560029::Manufacturing,560029::LAKS,ACTIVE,2026-01-26,ENT-00188
LAB-KA-BLRU-2023-000090,LABOUR,Lakshmi Solvents Company,LAKSHMI SOLVENTS,"No. 278, Extension, BTM Layout, B'luru Urban, K'taka - 560029",NO 278 EXTENSION BTM LAYOUT B LURU URBAN K TAKA 560029,Bengaluru Urban,560029,Chemical Blending,Manufacturing,False,False,False,560029::Manufacturing,560029::LAKS,DORMANT,2024-11-01,ENT-00188
UDYAM-KR-BLRU-2017-000090,UDYAM,Lakshmi Solvents Company,LAKSHMI SOLVENTS,"#278, Extension, BTM Layout, Bengaluru Urban, Karnataka - 560029",278 EXTENSION BTM LAYOUT BANGALORE URBAN KARNATAKA 560029,Bengaluru Urban,560029,Chemical Blending,Manufacturing,True,False,False,560029::Manufacturing,560029::LAKS,DORMANT,2023-08-28,ENT-00188
BBMP-TL-MAHA-2022-000072,BBMP,Sahana Apparels Co,SAHANA APPARELS,"No 233, D Behind Metro, Whitefield, Bengaluru Urban, K'taka - 560037",NO 233 D BEHIND METRO WHITEFIELD BANGALORE URBAN K TAKA 560037,Bengaluru Urban,560037,Textile / Garments,Manufacturing,False,True,True,560037::Manufacturing,560037::SAHA,ACTIVE,2025-08-21,ENT-00189
KFBIS-FAC-BLRU-2020-000091,FACTORY,Sahna Apparels Co,SAHNA APPARELS,"No. 233, D Behind Metro, Whitefield, Bangalore Urban, Karnataka",NO 233 D BEHIND METRO WHITEFIELD BANGALORE URBAN KARNATAKA,Bengaluru Urban,560037,Textile / Garments,Manufacturing,False,False,False,560037::Manufacturing,560037::SAHN,CLOSED,2022-02-05,ENT-00189
GST-KA-BLRU-2020-000145,GST,M/S SAHANA APPARELS CO,SAHANA APPARELS,"#233, D Behind Metro, Whitefield, Bangalore Urban, Karnataka - 560037",233 D BEHIND METRO WHITEFIELD BANGALORE URBAN KARNATAKA 560037,Bengaluru Urban,560037,Textile / Garments,Manufacturing,True,True,False,560037::Manufacturing,560037::SAHA,CLOSED,2025-12-19,ENT-00189
LAB-KA-BLRU-2019-000091,LABOUR,Sahana Apparels Co,SAHANA APPARELS,"233, D Behind Metro, Whitefield, Bangalore Urban, Karnataka - 560037",233 D BEHIND METRO WHITEFIELD BANGALORE URBAN KARNATAKA 560037,Bengaluru Urban,560037,Textile / Garments,Manufacturing,True,False,True,560037::Manufacturing,560037::SAHA,CLOSED,2023-01-19,ENT-00189
KAR-SHOP-BLRU-2016-000127,SHOP,Sahan Apparels Co,SAHAN APPARELS,"No. 233, D Behind Metro, Whitefield, B'luru Urban, K'taka - 560037",NO 233 D BEHIND METRO WHITEFIELD B LURU URBAN K TAKA 560037,Bengaluru Urban,560037,Textile / Garments,Manufacturing,False,False,True,560037::Manufacturing,560037::SAHA,DORMANT,2023-07-21,ENT-00189
UDYAM-KR-BLRU-2024-000091,UDYAM,Sahana Apparels Co,SAHANA APPARELS,"No. 233, D Behind Metro, Whitefield, Bengaluru Urban, K'taka - 560037",NO 233 D BEHIND METRO WHITEFIELD BANGALORE URBAN K TAKA 560037,Bengaluru Urban,560037,Textile / Garments,Manufacturing,True,False,True,560037::Manufacturing,560037::SAHA,ACTIVE,2026-02-20,ENT-00189
BBMP-TL-SOUT-2019-000073,BBMP,Veda Meds Works,VEDA MEDS WORKS,"163, C Near Bus Stop, Bommanahalli, Bangalore Urban, K'taka - 560068",163 C NEAR BUS STOP BOMMANAHALLI BANGALORE URBAN K TAKA 560068,Bengaluru Urban,560068,Pharmacy / Medical Retail,Retail,False,False,True,560068::Retail,560068::VEDA,CLOSED,2022-03-12,ENT-00190
LAB-KA-BLRU-2017-000092,LABOUR,M/S Veda Meds Works,VEDA MEDS WORKS,"#163, C Near Bus Stop, Bommanahalli, Bengaluru Urban, K'taka - 560068",163 C NEAR BUS STOP BOMMANAHALLI BANGALORE URBAN K TAKA 560068,Bengaluru Urban,560068,Pharmacy / Medical Retail,Retail,False,False,True,560068::Retail,560068::VEDA,CLOSED,2022-12-30,ENT-00190
KAR-SHOP-BLRU-2025-000128,SHOP,Veda Meds Works,VEDA MEDS WORKS,"163, C Near Bus Stop, Bommanahalli, Bangalore Urban, KA - 560068",163 C NEAR BUS STOP BOMMANAHALLI BANGALORE URBAN KA 560068,Bengaluru Urban,560068,Pharmacy / Medical Retail,Retail,False,False,True,560068::Retail,560068::VEDA,ACTIVE,2026-03-12,ENT-00190
BBMP-TL-BENG-2015-000074,BBMP,M/S Siddhi Warehouse Industries,SIDDHI WAREHOUSE INDUSTRIES,"164, A Industrial Layout, Doddaballapura, Bangalore Rural, KA - 561203",164 A IND LAYOUT DODDABALLAPURA BANGALORE RURAL KA 561203,Bengaluru Rural,561203,Logistics / Warehouse,Service,False,True,False,561203::Service,561203::SIDD,CLOSED,2022-10-12,ENT-00191
LAB-KA-BLRR-2017-000093,LABOUR,Siddhi Warehouse Inds,SIDDHI WAREHOUSE INDS,"#164, A Industrial Layout, Doddaballapura, Bengaluru Rural, K'taka - 561203",164 A IND LAYOUT DODDABALLAPURA BANGALORE RURAL K TAKA 561203,Bengaluru Rural,561203,Logistics / Warehouse,Service,False,False,False,561203::Service,561203::SIDD,CLOSED,2017-09-29,ENT-00191
BBMP-TL-WEST-2022-000075,BBMP,M/S Navya Solvents Pvt Ltd,NAVYA SOLVENTS,"105, B Service Road, Rajajinagar Industrial Suburb, Bangalore Urban, Karnataka - 560059",105 B SERVICE RD RAJAJINAGAR IND SUBURB BANGALORE URBAN KARNATAKA 560059,Bengaluru Urban,560059,Chemical Blending,Manufacturing,True,False,False,560059::Manufacturing,560059::NAVY,DORMANT,2024-10-01,ENT-00192
KFBIS-FAC-BLRU-2021-000092,FACTORY,Navya Solvents Pvt Ltd,NAVYA SOLVENTS,"105, B Service Road, Rajajinagar Industrial Suburb, B'luru Urban, Karnataka - 560059",105 B SERVICE RD RAJAJINAGAR IND SUBURB B LURU URBAN KARNATAKA 560059,Bengaluru Urban,560059,Chemical Blending,Manufacturing,False,False,False,560059::Manufacturing,560059::NAVY,DORMANT,2024-10-05,ENT-00192
GST-KA-BLRU-2020-000146,GST,Navya Solvents Pvt Ltd,NAVYA SOLVENTS,"No 105, B Service Road, Rajajinagar Industrial Suburb, Bengaluru Urban, Karnataka - 560059",NO 105 B SERVICE RD RAJAJINAGAR IND SUBURB BANGALORE URBAN KARNATAKA 560059,Bengaluru Urban,560059,Chemical Blending,Manufacturing,True,True,False,560059::Manufacturing,560059::NAVY,DORMANT,2024-06-30,ENT-00192
PCB/BLRU/CTE/2022/00085,KSPCB,Navya Solvents Pvt Ltd,NAVYA SOLVENTS,"105, B Service Road, Rajajinagar Industrial Suburb, B'luru Urban, KA - 560059",105 B SERVICE RD RAJAJINAGAR IND SUBURB B LURU URBAN KA 560059,Bengaluru Urban,560059,Chemical Blending,Manufacturing,True,True,False,560059::Manufacturing,560059::NAVY,DORMANT,2024-12-04,ENT-00192
LAB-KA-BLRU-2016-000094,LABOUR,Navya Solvent Pvt Ltd,NAVYA SOLVENT,"#105, B Service Road, Rajajinagar Industrial Suburb, Bangalore Urban, KA - 560059",105 B SERVICE RD RAJAJINAGAR IND SUBURB BANGALORE URBAN KA 560059,Bengaluru Urban,560059,Chemical Blending,Manufacturing,False,True,False,560059::Manufacturing,560059::NAVY,CLOSED,2018-05-06,ENT-00192
KAR-SHOP-BLRU-2024-000129,SHOP,M/S Navya Solvents Pvt Ltd,NAVYA SOLVENTS,"105, B Service Road, Rajajinagar Industrial Suburb, B'luru Urban, Karnataka",105 B SERVICE RD RAJAJINAGAR IND SUBURB B LURU URBAN KARNATAKA,Bengaluru Urban,560059,Chemical Blending,Manufacturing,True,False,False,560059::Manufacturing,560059::NAVY,ACTIVE,2025-08-16,ENT-00192
GST-KA-BLRU-2019-000147,GST,M/S Meghana Polymers Associates,MEGHANA POLYMERS ASSOCIATES,"197, Shed Industrial Layout, Banashankari, B'luru Urban, Karnataka - 560085",197 SHED IND LAYOUT BANASHANKARI B LURU URBAN KARNATAKA 560085,Bengaluru Urban,560085,Plastic Moulding,Manufacturing,False,False,True,560085::Manufacturing,560085::MEGH,CLOSED,2020-07-15,ENT-00193
LAB-KA-BLRU-2016-000095,LABOUR,Meghana Polymers Associates,MEGHANA POLYMERS ASSOCIATES,"No 197, Shed Industrial Layout, Banashankari, Bangalore Urban, KA - 560085",NO 197 SHED IND LAYOUT BANASHANKARI BANGALORE URBAN KA 560085,Bengaluru Urban,560085,Plastic Moulding,Manufacturing,False,False,False,560085::Manufacturing,560085::MEGH,DORMANT,2025-03-07,ENT-00193
UDYAM-KR-BLRU-2017-000092,UDYAM,M/S MEGHANA POLYMERS ASSOCIATES,MEGHANA POLYMERS ASSOCIATES,"197, Shed Industrial Layout, Banashankari, Bengaluru Urban, K'taka - 560085",197 SHED IND LAYOUT BANASHANKARI BANGALORE URBAN K TAKA 560085,Bengaluru Urban,560085,Plastic Moulding,Manufacturing,False,False,False,560085::Manufacturing,560085::MEGH,DORMANT,2023-10-31,ENT-00193
GST-KA-BLRU-2015-000148,GST,Nisarga Trans Works,NISARGA TRANS WORKS,"No. 142, A Service Road, Whitefield Main Rd, B'luru Urban, Karnataka - 560066",NO 142 A SERVICE RD WHITEFIELD MN RD B LURU URBAN KARNATAKA 560066,Bengaluru Urban,560029,Logistics / Warehouse,Service,True,True,False,560029::Service,560029::NISA,DORMANT,2023-06-29,ENT-00194
KAR-SHOP-BLRU-2015-000130,SHOP,Nisarga Trans Works,NISARGA TRANS WORKS,"No. 142, A Service Road, Whitefield Mn Rd, Bangalore Urban, K'taka - 560066",NO 142 A SERVICE RD WHITEFIELD MN RD BANGALORE URBAN K TAKA 560066,Bengaluru Urban,560066,Logistics / Warehouse,Service,True,False,False,560066::Service,560066::NISA,CLOSED,2017-12-18,ENT-00194
KFBIS-FAC-BLRU-2015-000093,FACTORY,Meghana Moulding Inds,MEGHANA MOULDING INDS,"No 26, B Extension, Peenya Industrial Estate, B'luru Urban, KA - 560058",NO 26 B EXTENSION PEENYA IND ESTATE B LURU URBAN KA 560058,Bengaluru Urban,560058,Plastic Moulding,Manufacturing,False,False,False,560058::Manufacturing,560058::MEGH,CLOSED,2022-05-22,ENT-00195
GST-KA-BLRU-2022-000149,GST,MEGHANA MOULDING INDUSTRIES,MEGHANA MOULDING INDUSTRIES,"26, B Extension, Peenya Industrial Area, B'luru Urban, K'taka - 560058",26 B EXTENSION PEENYA IND AREA B LURU URBAN K TAKA 560058,Bengaluru Urban,560058,Plastic Moulding,Manufacturing,False,False,False,560058::Manufacturing,560058::MEGH,DORMANT,2023-12-24,ENT-00195
PCB/BLRU/CTO/2020/00086,KSPCB,Meghana Moulding Industries,MEGHANA MOULDING INDUSTRIES,"No. 26, B Extension, Peenya Indl Area, B'luru Urban, KA - 560058",NO 26 B EXTENSION PEENYA INDL AREA B LURU URBAN KA 560058,Bengaluru Urban,560058,Plastic Moulding,Manufacturing,False,False,False,560058::Manufacturing,560058::MEGH,DORMANT,2024-10-11,ENT-00195
LAB-KA-BLRU-2024-000096,LABOUR,Meghana Moulding Industries,MEGHANA MOULDING INDUSTRIES,"No. 26, B Extension, Peenya Industrial Estate, Bangalore Urban, Karnataka - 560058",NO 26 B EXTENSION PEENYA IND ESTATE BANGALORE URBAN KARNATAKA 560058,Bengaluru Urban,560058,Plastic Moulding,Manufacturing,False,False,False,560058::Manufacturing,560058::MEGH,ACTIVE,2026-03-18,ENT-00195
KAR-SHOP-BLRU-2017-000131,SHOP,Meghana Moulding Indstries,MEGHANA MOULDING INDSTRIES,"No 26, B Extension, Peenya Indl Area, Bengaluru Urban, K'taka",NO 26 B EXTENSION PEENYA INDL AREA BANGALORE URBAN K TAKA,Bengaluru Urban,560058,Plastic Moulding,Manufacturing,False,False,False,560058::Manufacturing,560058::MEGH,ACTIVE,2026-04-15,ENT-00195
UDYAM-KR-BLRU-2017-000093,UDYAM,Meghana Moulding Industries,MEGHANA MOULDING INDUSTRIES,"#26, B Extension, Peenya Industrial Area, Bangalore Urban, Karnataka - 560058",26 B EXTENSION PEENYA IND AREA BANGALORE URBAN KARNATAKA 560058,Bengaluru Urban,560058,Plastic Moulding,Manufacturing,False,False,False,560058::Manufacturing,560058::MEGH,CLOSED,2018-08-18,ENT-00195
KFBIS-FAC-BLRU-2024-000094,FACTORY,M/S Sr Foods Company,SR FOODS,"No. 116, B Extension, Electronic City, B'luru Urban, Karnataka - 560100",NO 116 B EXTENSION ELECTRONIC CITY B LURU URBAN KARNATAKA 560100,Bengaluru Urban,560100,Food Processing,Manufacturing,True,True,True,560100::Manufacturing,560100::SR F,DORMANT,2025-02-21,ENT-00196
GST-KA-BLRU-2022-000150,GST,Sri Foods Company,SRI FOODS,"No 116, B Extension, Electronic City, Bengaluru Urban, K'taka - 560100",NO 116 B EXTENSION ELECTRONIC CITY BANGALORE URBAN K TAKA 560100,Bengaluru Urban,560100,Food Processing,Manufacturing,True,True,True,560100::Manufacturing,560100::SRI ,CLOSED,2022-11-16,ENT-00196
LAB-KA-BLRU-2019-000097,LABOUR,M/S Sri Foods Company,SRI FOODS,"#116, B Extension, Electronic City, Bengaluru Urban, K'taka",116 B EXTENSION ELECTRONIC CITY BANGALORE URBAN K TAKA,Bengaluru Urban,560100,Food Processing,Manufacturing,False,False,True,560100::Manufacturing,560100::SRI ,CLOSED,2020-01-13,ENT-00196
KAR-SHOP-BLRU-2016-000132,SHOP,Sri Foods Company,SRI FOODS,"#116, B Extension, Electronic City, Bangalore Urban, Karnataka - 560100",116 B EXTENSION ELECTRONIC CITY BANGALORE URBAN KARNATAKA 560100,Bengaluru Urban,560100,Food Processing,Manufacturing,False,True,True,560100::Manufacturing,560100::SRI ,CLOSED,2016-10-16,ENT-00196
BBMP-TL-SOUT-2016-000076,BBMP,Prakruthi Bites Company,PRAKRUTHI BITES,"31, A Behind Metro, Bommanahalli, Bengaluru Urban, Karnataka - 560068",31 A BEHIND METRO BOMMANAHALLI BANGALORE URBAN KARNATAKA 560068,Bengaluru Urban,560068,Restaurant / Cafe,Service,False,True,True,560068::Service,560068::PRAK,CLOSED,2016-11-19,ENT-00197
GST-KA-BLRU-2020-000151,GST,PRAKRUTHI BITES COMPANY,PRAKRUTHI BITES,"31, A Behind Metro, Bommanahalli, B'luru Urban, Karnataka - 560068",31 A BEHIND METRO BOMMANAHALLI B LURU URBAN KARNATAKA 560068,Bengaluru Urban,560068,Restaurant / Cafe,Service,True,True,False,560068::Service,560068::PRAK,ACTIVE,2025-11-13,ENT-00197
BBMP-TL-WEST-2018-000077,BBMP,Kaveri Bakery LLP,KAVERI BAKERY,"No. 17, B Industrial Layout, Rajajinagar Industrial Suburb, Bengaluru Urban, Karnataka - 560059",NO 17 B IND LAYOUT RAJAJINAGAR IND SUBURB BANGALORE URBAN KARNATAKA 560059,Bengaluru Urban,560059,Food Processing,Manufacturing,True,False,False,560059::Manufacturing,560059::KAVE,CLOSED,2020-07-17,ENT-00198
GST-KA-BLRU-2020-000152,GST,Kaveri Bakery LLP,KAVERI BAKERY,"#17, B Industrial Layout, Rajajinagar Industrial Suburb, Bengaluru Urban, K'taka - 560059",17 B IND LAYOUT RAJAJINAGAR IND SUBURB BANGALORE URBAN K TAKA 560059,Bengaluru Urban,560059,Food Processing,Manufacturing,True,True,False,560059::Manufacturing,560059::KAVE,CLOSED,2022-07-13,ENT-00198
UDYAM-KR-BLRU-2015-000094,UDYAM,M/S Kaveri Bakery LLP,KAVERI BAKERY,"17, B Industrial Layout, Rajajinagar Industrial Suburb, B'luru Urban, K'taka - 560059",17 B IND LAYOUT RAJAJINAGAR IND SUBURB B LURU URBAN K TAKA 560059,Bengaluru Urban,560059,Food Processing,Manufacturing,False,False,False,560059::Manufacturing,560059::KAVE,DORMANT,2024-08-09,ENT-00198
KFBIS-FAC-BLRR-2024-000095,FACTORY,Udupi Eectronics LLP,UDUPI EECTRONICS,"#192, C Industrial Layout, Devanahalli, B'luru Rural, K'taka - 562110",192 C IND LAYOUT DEVANAHALLI B LURU RURAL K TAKA 562110,Bengaluru Rural,562110,Electronics Assembly,Manufacturing,False,False,False,562110::Manufacturing,562110::UDUP,ACTIVE,2026-04-24,ENT-00199
GST-KA-BLRR-2025-000153,GST,Uupi Electronics LLP,UUPI ELECTRONICS,"No 192, C Industrial Layout, Devanahalli, B'luru Rural, Karnataka - 562110",NO 192 C IND LAYOUT DEVANAHALLI B LURU RURAL KARNATAKA 562110,Bengaluru Rural,562110,Electronics Assembly,Manufacturing,True,False,False,562110::Manufacturing,562110::UUPI,ACTIVE,2025-09-01,ENT-00199
PCB/BLRR/CTO/2015/00087,KSPCB,Udupi Electronics LLP,UDUPI ELECTRONICS,"No 192, C Industrial Layout, Devanahalli, B'luru Rural, KA - 562110",NO 192 C IND LAYOUT DEVANAHALLI B LURU RURAL KA 562110,Bengaluru Rural,562110,Electronics Assembly,Manufacturing,True,False,False,562110::Manufacturing,562110::UDUP,CLOSED,2022-10-13,ENT-00199
LAB-KA-BLRR-2023-000098,LABOUR,Udupi Electronics LP,UDUPI ELECTRONICS LP,"#192, C Industrial Layout, Devanahalli, Bengaluru Rural, Karnataka - 562110",192 C IND LAYOUT DEVANAHALLI BANGALORE RURAL KARNATAKA 562110,Bengaluru Rural,562110,Electronics Assembly,Manufacturing,True,False,False,562110::Manufacturing,562110::UDUP,DORMANT,2024-01-29,ENT-00199
UDYAM-KR-BLRR-2023-000095,UDYAM,UDUPI ELECTRONICS LLP,UDUPI ELECTRONICS,"192, C Industrial Layout, Devanahalli, Bengaluru Rural, Karnataka - 562110",192 C IND LAYOUT DEVANAHALLI BANGALORE RURAL KARNATAKA 562110,Bengaluru Rural,562110,Electronics Assembly,Manufacturing,False,False,False,562110::Manufacturing,562110::UDUP,DORMANT,2023-09-01,ENT-00199
KFBIS-FAC-BLRR-2017-000096,FACTORY,Sri Moulding Works,SRI MOULDING WORKS,"No 256, Plot Extension, Bagalur, Bangalore Rural, Karnataka - 562157",NO 256 PLOT EXTENSION BAGALUR BANGALORE RURAL KARNATAKA 562157,Bengaluru Rural,562157,Plastic Moulding,Manufacturing,True,False,False,562157::Manufacturing,562157::SRI ,CLOSED,2019-12-29,ENT-00200
GST-KA-BLRR-2022-000154,GST,M/S SRI MOULDING WORKS,SRI MOULDING WORKS,"No 256, Plot Extension, Bagalur, Bengaluru Rural, K'taka - 562157",NO 256 PLOT EXTENSION BAGALUR BANGALORE RURAL K TAKA 562157,Bengaluru Rural,562157,Plastic Moulding,Manufacturing,True,True,False,562157::Manufacturing,562157::SRI ,DORMANT,2024-10-13,ENT-00200
PCB/BLRR/CTE/2025/00088,KSPCB,Sri Moulding Works,SRI MOULDING WORKS,"256, Plot Extension, Bagalur, Bengaluru Rural, K'taka - 562157",256 PLOT EXTENSION BAGALUR BANGALORE RURAL K TAKA 562157,Bengaluru Rural,562157,Plastic Moulding,Manufacturing,True,True,False,562157::Manufacturing,562157::SRI ,ACTIVE,2026-02-23,ENT-00200
KAR-SHOP-BLRR-2018-000133,SHOP,Sri Moulding Works,SRI MOULDING WORKS,"#256, Plot Extension, Bagalur, B'luru Rural, Karnataka - 562157",256 PLOT EXTENSION BAGALUR B LURU RURAL KARNATAKA 562157,Bengaluru Rural,562157,Plastic Moulding,Manufacturing,False,True,False,562157::Manufacturing,562157::SRI ,CLOSED,2020-12-24,ENT-00200
UDYAM-KR-BLRR-2018-000096,UDYAM,M/S Sri Moulding Works,SRI MOULDING WORKS,"No. 256, Plot Extension, Bagalur, B'luru Rural, KA - 562157",NO 256 PLOT EXTENSION BAGALUR B LURU RURAL KA 562157,Bengaluru Rural,562110,Plastic Moulding,Manufacturing,True,True,False,562110::Manufacturing,562110::SRI ,DORMANT,2024-11-06,ENT-00200
BBMP-TL-SOUT-2019-000078,BBMP,M/S Harsha Meals Associates,HARSHA MEALS ASSOCIATES,"No. 175, B 3rd Phase, Nanjangud Road, Mysuru, K'taka - 570018",NO 175 B 3RD PHASE NANJANGUD RD MYSURU K TAKA 570018,Mysuru,570018,Restaurant / Cafe,Service,False,False,True,570018::Service,570018::HARS,CLOSED,2019-08-30,ENT-00201
GST-KA-MYS-2018-000155,GST,Hrsha Meals Associates,HRSHA MEALS ASSOCIATES,"No 175, B 3rd Phase, Nanjangud Road, Mysuru, KA - 570018",NO 175 B 3RD PHASE NANJANGUD RD MYSURU KA 570018,Mysuru,570018,Restaurant / Cafe,Service,True,False,True,570018::Service,570018::HRSH,DORMANT,2024-01-30,ENT-00201
LAB-KA-MYS-2016-000099,LABOUR,Harsha Meals Associates,HARSHA MEALS ASSOCIATES,"No. 175, B 3rd Phase, Nanjangud Road, Mysuru, KA - 570018",NO 175 B 3RD PHASE NANJANGUD RD MYSURU KA 570018,Mysuru,570018,Restaurant / Cafe,Service,False,False,True,570018::Service,570018::HARS,CLOSED,2020-03-14,ENT-00201
KAR-SHOP-MYS-2022-000134,SHOP,Harsha Meals Associates,HARSHA MEALS ASSOCIATES,"#175, B 3rd Phase, Nanjangud Road, Mysuru, Karnataka - 570018",175 B 3RD PHASE NANJANGUD RD MYSURU KARNATAKA 570018,Mysuru,570018,Restaurant / Cafe,Service,False,False,True,570018::Service,570018::HARS,DORMANT,2024-04-08,ENT-00201
BBMP-TL-WEST-2017-000079,BBMP,Veda Agro Co,VEDA AGRO,"#125, B Extension, Rajajinagar Industrial Suburb, Bengaluru Urban, K'taka - 560059",125 B EXTENSION RAJAJINAGAR IND SUBURB BANGALORE URBAN K TAKA 560059,Bengaluru Urban,560059,Food Processing,Manufacturing,False,True,False,560059::Manufacturing,560059::VEDA,CLOSED,2018-01-30,ENT-00202
GST-KA-BLRU-2020-000156,GST,M/S Veda Agro Co,VEDA AGRO,"No 125, B Extension, Rajajinagar Industrial Suburb, B'luru Urban, Karnataka - 560059",NO 125 B EXTENSION RAJAJINAGAR IND SUBURB B LURU URBAN KARNATAKA 560059,Bengaluru Urban,560059,Food Processing,Manufacturing,True,True,False,560059::Manufacturing,560059::VEDA,CLOSED,2022-02-16,ENT-00202
KAR-SHOP-BLRU-2022-000135,SHOP,M/S Veda Agro Co,VEDA AGRO,"No. 125, B Extension, Rajajinagar Industrial Suburb, Bengaluru Urban, Karnataka - 560059",NO 125 B EXTENSION RAJAJINAGAR IND SUBURB BANGALORE URBAN KARNATAKA 560059,Bengaluru Urban,560059,Food Processing,Manufacturing,True,False,False,560059::Manufacturing,560059::VEDA,DORMANT,2024-02-28,ENT-00202
UDYAM-KR-BLRU-2024-000097,UDYAM,M/S Veda Agro Co,VEDA AGRO,"125, B Extension, Rajajinagar Industrial Suburb, Bengaluru Urban, K'taka - 560059",125 B EXTENSION RAJAJINAGAR IND SUBURB BANGALORE URBAN K TAKA 560059,Bengaluru Urban,560059,Food Processing,Manufacturing,True,False,False,560059::Manufacturing,560059::VEDA,DORMANT,2025-04-06,ENT-00202
BBMP-TL-BENG-2018-000080,BBMP,Siddhi Industries,SIDDHI INDUSTRIES,"48, Plot Service Road, Hoskote, B'luru Rural, Karnataka - 562114",48 PLOT SERVICE RD HOSKOTE B LURU RURAL KARNATAKA 562114,Bengaluru Rural,562114,Pharmacy / Medical Retail,Retail,True,False,False,562114::Retail,562114::SIDD,CLOSED,2020-10-17,ENT-00203
UDYAM-KR-BLRR-2015-000098,UDYAM,M/S Siddhi Industries,SIDDHI INDUSTRIES,"No. 48, Plot Service Road, Hoskote, Bengaluru Rural, K'taka - 562114",NO 48 PLOT SERVICE RD HOSKOTE BANGALORE RURAL K TAKA 562114,Bengaluru Rural,562114,Pharmacy / Medical Retail,Retail,True,False,False,562114::Retail,562114::SIDD,CLOSED,2022-06-28,ENT-00203
BBMP-TL-SOUT-2021-000081,BBMP,M/S Nisarga Clinic LLP,NISARGA CLINIC,"#274, Shed Industrial Layout, Bommanahalli, Bangalore Urban, K'taka - 560068",274 SHED IND LAYOUT BOMMANAHALLI BANGALORE URBAN K TAKA 560068,Bengaluru Urban,560066,Pharmacy / Medical Retail,Retail,False,False,True,560066::Retail,560066::NISA,DORMANT,2024-08-10,ENT-00204
GST-KA-BLRU-2022-000157,GST,Nisarga Clinic LLP,NISARGA CLINIC,"No 274, Shed Industrial Layout, Bommanahalli, Bengaluru Urban, Karnataka - 560068",NO 274 SHED IND LAYOUT BOMMANAHALLI BANGALORE URBAN KARNATAKA 560068,Bengaluru Urban,560068,Pharmacy / Medical Retail,Retail,False,True,False,560068::Retail,560068::NISA,DORMANT,2024-04-24,ENT-00204
KAR-SHOP-BLRU-2024-000136,SHOP,Nisarga Clinic LLP,NISARGA CLINIC,"274, Shed Industrial Layout, Bommanahalli, Bengaluru Urban, KA - 560068",274 SHED IND LAYOUT BOMMANAHALLI BANGALORE URBAN KA 560068,Bengaluru Urban,560068,Pharmacy / Medical Retail,Retail,True,True,True,560068::Retail,560068::NISA,ACTIVE,2026-02-09,ENT-00204
BBMP-TL-NORT-2017-000082,BBMP,Aarohi Solutions,AAROHI SOLUTIONS,"No 17, A 1st Cross, Hebbal Industrial Estate, Mysuru, KA - 570016",NO 17 A 1ST CRS HEBBAL IND ESTATE MYSURU KA 570016,Mysuru,570016,Food Processing,Manufacturing,False,False,True,570016::Manufacturing,570016::AARO,CLOSED,2019-05-07,ENT-00205
KFBIS-FAC-MYS-2020-000097,FACTORY,Aarohi Solutions,AAROHI SOLUTIONS,"No. 17, A 1st Crs, Hebbal Indl Area, Mysuru, K'taka - 570016",NO 17 A 1ST CRS HEBBAL INDL AREA MYSURU K TAKA 570016,Mysuru,570016,Food Processing,Manufacturing,False,False,False,570016::Manufacturing,570016::AARO,ACTIVE,2025-10-24,ENT-00205
UDYAM-KR-MYS-2020-000099,UDYAM,AAROHI SOLUTIONS,AAROHI SOLUTIONS,"No 17, A 1st Crs, Hebbal Industrial Area, Mysuru, KA - 570016",NO 17 A 1ST CRS HEBBAL IND AREA MYSURU KA 570016,Mysuru,570016,Food Processing,Manufacturing,True,True,True,570016::Manufacturing,570016::AARO,DORMANT,2024-11-24,ENT-00205
KFBIS-FAC-BLRR-2021-000098,FACTORY,Veda Associates,VEDA ASSOCIATES,"#85, A Extension, Bagalur, B'luru Rural, Karnataka",85 A EXTENSION BAGALUR B LURU RURAL KARNATAKA,Bengaluru Rural,562157,Machine Tools,Manufacturing,False,False,False,562157::Manufacturing,562157::VEDA,ACTIVE,2025-10-22,ENT-00206
GST-KA-BLRR-2022-000158,GST,Veda Associates,VEDA ASSOCIATES,"No. 85, A Extension, Bagalur, B'luru Rural, K'taka - 562157",NO 85 A EXTENSION BAGALUR B LURU RURAL K TAKA 562157,Bengaluru Rural,562157,Machine Tools,Manufacturing,False,False,True,562157::Manufacturing,562157::VEDA,DORMANT,2024-04-02,ENT-00206
LAB-KA-BLRR-2025-000100,LABOUR,Veda Associates,VEDA ASSOCIATES,"85, A Extension, Bagalur, Bengaluru Rural, KA - 562157",85 A EXTENSION BAGALUR BANGALORE RURAL KA 562157,Bengaluru Rural,562157,Machine Tools,Manufacturing,False,False,True,562157::Manufacturing,562157::VEDA,ACTIVE,2025-10-16,ENT-00206
KAR-SHOP-BLRR-2017-000137,SHOP,Veda Associates,VEDA ASSOCIATES,"No 85, A Extension, Bagalur, Bengaluru Rural, Karnataka - 562157",NO 85 A EXTENSION BAGALUR BANGALORE RURAL KARNATAKA 562157,Bengaluru Rural,562157,Machine Tools,Manufacturing,False,False,True,562157::Manufacturing,562157::VEDA,CLOSED,2020-12-30,ENT-00206
UDYAM-KR-BLRR-2022-000100,UDYAM,Veda Associates,VEDA ASSOCIATES,"No 85, A Extension, Bagalur, B'luru Rural, K'taka",NO 85 A EXTENSION BAGALUR B LURU RURAL K TAKA,Bengaluru Rural,562157,Machine Tools,Manufacturing,False,False,False,562157::Manufacturing,562157::VEDA,DORMANT,2024-08-26,ENT-00206
GST-KA-BLRU-2022-000159,GST,M/S Deccan Coatings Associates,DECCAN COATINGS ASSOCIATES,"59, Plot Behind Metro, HSR Layout, Bangalore Urban, Karnataka - 560102",59 PLOT BEHIND METRO HSR LAYOUT BANGALORE URBAN KARNATAKA 560102,Bengaluru Urban,560102,Chemical Blending,Manufacturing,False,False,False,560102::Manufacturing,560102::DECC,DORMANT,2024-05-07,ENT-00207
PCB/BLRU/CTE/2020/00089,KSPCB,Deccan Coatings Associates,DECCAN COATINGS ASSOCIATES,"#59, Plot Behind Metro, HSR Layout, B'luru Urban, KA - 560102",59 PLOT BEHIND METRO HSR LAYOUT B LURU URBAN KA 560102,Bengaluru Urban,560102,Chemical Blending,Manufacturing,False,False,True,560102::Manufacturing,560102::DECC,DORMANT,2023-11-29,ENT-00207
LAB-KA-BLRU-2016-000101,LABOUR,Deccan Coatings Associates,DECCAN COATINGS ASSOCIATES,"59, Plot Behind Metro, HSR Layout, Bengaluru Urban, KA - 560102",59 PLOT BEHIND METRO HSR LAYOUT BANGALORE URBAN KA 560102,Bengaluru Urban,560102,Chemical Blending,Manufacturing,False,False,True,560102::Manufacturing,560102::DECC,CLOSED,2022-02-07,ENT-00207
UDYAM-KR-BLRU-2016-000101,UDYAM,Deccan Coatings Associates,DECCAN COATINGS ASSOCIATES,"No 59, Plot Behind Metro, HSR Layout, Bangalore Urban, KA - 560102",NO 59 PLOT BEHIND METRO HSR LAYOUT BANGALORE URBAN KA 560102,Bengaluru Urban,560102,Chemical Blending,Manufacturing,False,False,True,560102::Manufacturing,560102::DECC,CLOSED,2018-02-09,ENT-00207
GST-KA-MYS-2020-000160,GST,Sahana Warehouse Traders,SAHANA WAREHOUSE TRADERS,"88, Industrial Layout, Devaraja Mohalla, Mysuru, K'taka - 570001",88 IND LAYOUT DEVARAJA MOHALLA MYSURU K TAKA 570001,Mysuru,570001,Logistics / Warehouse,Service,True,False,False,570001::Service,570001::SAHA,CLOSED,2022-11-16,ENT-00208
KAR-SHOP-MYS-2019-000138,SHOP,M/S Sahana Warehouse Traders,SAHANA WAREHOUSE TRADERS,"88, Industrial Layout, Devaraja Mohalla, Mysuru, K'taka - 570001",88 IND LAYOUT DEVARAJA MOHALLA MYSURU K TAKA 570001,Mysuru,570001,Logistics / Warehouse,Service,False,False,False,570001::Service,570001::SAHA,DORMANT,2024-08-18,ENT-00208
UDYAM-KR-MYS-2022-000102,UDYAM,M/S SAHANA WAREHOUSE TRADERS,SAHANA WAREHOUSE TRADERS,"No 88, Industrial Layout, Devaraja Mohalla, Mysuru, Karnataka",NO 88 IND LAYOUT DEVARAJA MOHALLA MYSURU KARNATAKA,Mysuru,570001,Logistics / Warehouse,Service,True,False,False,570001::Service,570001::SAHA,DORMANT,2024-11-11,ENT-00208
LAB-KA-BLRU-2019-000102,LABOUR,Ananya Circuits Enterprises,ANANYA CIRCUITS ENTERPRISES,"No 235, 1st Cr, Banashankari, B'luru Urban, KA - 560085",NO 235 1ST CR BANASHANKARI B LURU URBAN KA 560085,Bengaluru Urban,560085,Electronics Assembly,Manufacturing,False,False,True,560085::Manufacturing,560085::ANAN,CLOSED,2020-07-22,ENT-00209
KAR-SHOP-BLRU-2020-000139,SHOP,Ananya Circuits Enterprises,ANANYA CIRCUITS ENTERPRISES,"235, 1st Cross, Banashankari, Bengaluru Urban, KA - 560085",235 1ST CRS BANASHANKARI BANGALORE URBAN KA 560085,Bengaluru Urban,560085,Electronics Assembly,Manufacturing,True,False,False,560085::Manufacturing,560085::ANAN,DORMANT,2023-08-03,ENT-00209
UDYAM-KR-BLRU-2024-000103,UDYAM,Ananya Circuits Enterprises,ANANYA CIRCUITS ENTERPRISES,"#235, 1st Cr, Banashankari, Bengaluru Urban, K'taka - 560085",235 1ST CR BANASHANKARI BANGALORE URBAN K TAKA 560085,Bengaluru Urban,560085,Electronics Assembly,Manufacturing,True,True,True,560085::Manufacturing,560085::ANAN,CLOSED,2025-04-23,ENT-00209
GST-KA-BLRU-2020-000161,GST,Lakshmi Elec LLP,LAKSHMI ELEC,"No. 1, C Mn Rd, Hebbal, B'luru Urban, Karnataka - 560024",NO 1 C MN RD HEBBAL B LURU URBAN KARNATAKA 560024,Bengaluru Urban,560024,Electronics Assembly,Manufacturing,True,True,False,560024::Manufacturing,560024::LAKS,CLOSED,2022-02-07,ENT-00210
PCB/BLRU/CTE/2024/00090,KSPCB,M/S Lakshmi Electronics LLP,LAKSHMI ELECTRONICS,"1, C Main Road, Hebbal, Bangalore Urban, KA - 560024",1 C MN RD HEBBAL BANGALORE URBAN KA 560024,Bengaluru Urban,560024,Electronics Assembly,Manufacturing,False,False,False,560024::Manufacturing,560024::LAKS,DORMANT,2024-12-22,ENT-00210
KAR-SHOP-BLRU-2018-000140,SHOP,Lakshmi Electronics LLP,LAKSHMI ELECTRONICS,"No 1, C Main Road, Hebbal, B'luru Urban, KA - 560024",NO 1 C MN RD HEBBAL B LURU URBAN KA 560024,Bengaluru Urban,560024,Electronics Assembly,Manufacturing,False,True,False,560024::Manufacturing,560024::LAKS,ACTIVE,2026-04-19,ENT-00210
UDYAM-KR-BLRU-2024-000104,UDYAM,Lakshmi Electronics LLP,LAKSHMI ELECTRONICS,"#1, C Main Rd, Hebbal, Bengaluru Urban, K'taka - 560024",1 C MN RD HEBBAL BANGALORE URBAN K TAKA 560024,Bengaluru Urban,560024,Electronics Assembly,Manufacturing,True,False,False,560024::Manufacturing,560024::LAKS,ACTIVE,2026-01-04,ENT-00210
GST-KA-TUM-2025-000162,GST,M/S Udupi Systems Traders,UDUPI SYSTEMS TRADERS,"203, Mn Rd, BH Road, Tumakuru, KA - 572101",203 MN RD BH RD TUMAKURU KA 572101,Tumakuru,572101,Electronics Assembly,Manufacturing,True,True,False,572101::Manufacturing,572101::UDUP,ACTIVE,2025-12-07,ENT-00211
LAB-KA-TUM-2016-000103,LABOUR,Udupi Sstems Traders,UDUPI SSTEMS TRADERS,"No 203, Main Road, BH Road, Tumakuru, K'taka - 572101",NO 203 MN RD BH RD TUMAKURU K TAKA 572101,Tumakuru,572101,Electronics Assembly,Manufacturing,True,False,True,572101::Manufacturing,572101::UDUP,DORMANT,2023-05-04,ENT-00211
UDYAM-KR-TUM-2017-000105,UDYAM,Udupi Systems Traders,UDUPI SYSTEMS TRADERS,"No. 203, Main Road, BH Road, Tumakuru, KA - 572101",NO 203 MN RD BH RD TUMAKURU KA 572101,Tumakuru,572101,Electronics Assembly,Manufacturing,True,True,True,572101::Manufacturing,572101::UDUP,CLOSED,2021-11-12,ENT-00211
BBMP-TL-YELA-2017-000083,BBMP,M/S Ravi TextilesCompany,RAVI TEXTILESCOMPANY,"No 296, D 2nd Main, Hebbal, B'luru Urban, Karnataka - 560024",NO 296 D 2ND MN HEBBAL B LURU URBAN KARNATAKA 560024,Bengaluru Urban,560024,Textile / Garments,Manufacturing,False,False,False,560024::Manufacturing,560024::RAVI,ACTIVE,2025-09-11,ENT-00212
GST-KA-BLRU-2017-000163,GST,Ravi Textiles Company,RAVI TEXTILES,"296, D 2nd Main, Hebbal, Bengaluru Urban, K'taka - 560024",296 D 2ND MN HEBBAL BANGALORE URBAN K TAKA 560024,Bengaluru Urban,560024,Textile / Garments,Manufacturing,True,False,False,560024::Manufacturing,560024::RAVI,CLOSED,2021-02-23,ENT-00212
KAR-SHOP-BLRU-2022-000141,SHOP,Ravi Textiles Company,RAVI TEXTILES,"No 296, D 2nd Main, Hebbal, Bangalore Urban, KA - 560024",NO 296 D 2ND MN HEBBAL BANGALORE URBAN KA 560024,Bengaluru Urban,560024,Textile / Garments,Manufacturing,False,False,True,560024::Manufacturing,560024::RAVI,DORMANT,2023-10-24,ENT-00212
GST-KA-BLRU-2019-000164,GST,Bangalore Snacks LLP,BANGALORE SNACKS,"No. 244, B Main Rd, Jayanagar, Bengaluru Urban, K'taka - 560078",NO 244 B MN RD JAYANAGAR BANGALORE URBAN K TAKA 560078,Bengaluru Urban,560078,Food Processing,Manufacturing,True,True,False,560078::Manufacturing,560078::BANG,CLOSED,2020-07-25,ENT-00213
PCB/BLRU/CTO/2015/00091,KSPCB,Bangalore Snacks LLP,BANGALORE SNACKS,"#244, B Main Rd, Jayanagar, Bengaluru Urban, KA - 560078",244 B MN RD JAYANAGAR BANGALORE URBAN KA 560078,Bengaluru Urban,560078,Food Processing,Manufacturing,False,False,False,560078::Manufacturing,560078::BANG,CLOSED,2020-06-02,ENT-00213
LAB-KA-BLRU-2015-000104,LABOUR,Bangalore Snacks LLP,BANGALORE SNACKS,"#244, B Main Rd, Jayanagar, Bangalore Urban, KA - 560078",244 B MN RD JAYANAGAR BANGALORE URBAN KA 560078,Bengaluru Urban,560078,Food Processing,Manufacturing,False,False,False,560078::Manufacturing,560078::BANG,CLOSED,2020-10-21,ENT-00213
UDYAM-KR-BLRU-2015-000106,UDYAM,Bangalore Snacks LLP,BANGALORE SNACKS,"#244, B Mn Rd, Jayanagar, Bengaluru Urban, KA - 560078",244 B MN RD JAYANAGAR BANGALORE URBAN KA 560078,Bengaluru Urban,560078,Food Processing,Manufacturing,True,True,False,560078::Manufacturing,560078::BANG,CLOSED,2022-09-05,ENT-00213
GST-KA-BLRU-2015-000165,GST,M/S Srinidhi Works,SRINIDHI WORKS,"7, D Sector, Kalyan Nagar, B'luru Urban, K'taka - 560043",7 D SECTOR KALYAN NAGAR B LURU URBAN K TAKA 560043,Bengaluru Urban,560043,Restaurant / Cafe,Service,True,True,False,560043::Service,560043::SRIN,CLOSED,2015-11-20,ENT-00214
LAB-KA-BLRU-2021-000105,LABOUR,Srinidhi Works,SRINIDHI WORKS,"No 7, D Sector, Kalyan Nagar, B'luru Urban, K'taka - 560043",NO 7 D SECTOR KALYAN NAGAR B LURU URBAN K TAKA 560043,Bengaluru Urban,560043,Restaurant / Cafe,Service,False,True,True,560043::Service,560043::SRIN,CLOSED,2021-08-12,ENT-00214
KFBIS-FAC-BLRU-2025-000099,FACTORY,Ananya Resins Industries,ANANYA RESINS INDUSTRIES,"No 53, D Service Road, Yelahanka, Bangalore Urban, Karnataka - 560064",NO 53 D SERVICE RD YELAHANKA BANGALORE URBAN KARNATAKA 560064,Bengaluru Urban,560064,Chemical Blending,Manufacturing,True,True,False,560064::Manufacturing,560064::ANAN,ACTIVE,2026-03-30,ENT-00215
GST-KA-BLRU-2024-000166,GST,Ananya Resins Industries,ANANYA RESINS INDUSTRIES,"#53, D Service Road, Yelahanka, Bengaluru Urban, Karnataka - 560064",53 D SERVICE RD YELAHANKA BANGALORE URBAN KARNATAKA 560064,Bengaluru Urban,560064,Chemical Blending,Manufacturing,True,True,False,560064::Manufacturing,560064::ANAN,DORMANT,2024-07-13,ENT-00215
PCB/BLRU/CTE/2023/00092,KSPCB,Ananya Resins Industries,ANANYA RESINS INDUSTRIES,"53, D Service Road, Yelahanka, Bangalore Urban, Karnataka - 560064",53 D SERVICE RD YELAHANKA BANGALORE URBAN KARNATAKA 560064,Bengaluru Urban,560064,Chemical Blending,Manufacturing,True,False,False,560064::Manufacturing,560064::ANAN,CLOSED,2025-11-01,ENT-00215
LAB-KA-BLRU-2021-000106,LABOUR,M/S Ananya Resins Industries,ANANYA RESINS INDUSTRIES,"#53, D Service Road, Yelahanka, Bengaluru Urban, KA - 560064",53 D SERVICE RD YELAHANKA BANGALORE URBAN KA 560064,Bengaluru Urban,560064,Chemical Blending,Manufacturing,False,True,False,560064::Manufacturing,560064::ANAN,ACTIVE,2026-03-29,ENT-00215
BBMP-TL-NORT-2024-000084,BBMP,Veda Cafe Industries,VEDA CAFE INDUSTRIES,"#284, Plot 3rd Phase, Hebbal Indl Area, Mysuru, Karnataka",284 PLOT 3RD PHASE HEBBAL INDL AREA MYSURU KARNATAKA,Mysuru,570016,Restaurant / Cafe,Service,False,False,True,570016::Service,570016::VEDA,DORMANT,2025-03-23,ENT-00216
GST-KA-MYS-2024-000167,GST,Veda Cafe Industries,VEDA CAFE INDUSTRIES,"No. 284, Plot 3rd Phase, Hebbal Industrial Area, Mysuru, K'taka - 570016",NO 284 PLOT 3RD PHASE HEBBAL IND AREA MYSURU K TAKA 570016,Mysuru,570016,Restaurant / Cafe,Service,True,True,False,570016::Service,570016::VEDA,ACTIVE,2025-05-04,ENT-00216
KAR-SHOP-MYS-2023-000142,SHOP,Veda Cafe Industries,VEDA CAFE INDUSTRIES,"No 284, Plot 3rd Phase, Hebbal Industrial Estate, Mysuru, KA - 570016",NO 284 PLOT 3RD PHASE HEBBAL IND ESTATE MYSURU KA 570016,Mysuru,570016,Restaurant / Cafe,Service,True,False,True,570016::Service,570016::VEDA,DORMANT,2025-02-12,ENT-00216
KFBIS-FAC-BLRU-2018-000100,FACTORY,M/S Siddhi Industries,SIDDHI INDUSTRIES,"135, Near Bus Stop, BTM Layout, B'luru Urban, Karnataka - 560029",135 NEAR BUS STOP BTM LAYOUT B LURU URBAN KARNATAKA 560029,Bengaluru Urban,560043,Chemical Blending,Manufacturing,True,False,True,560043::Manufacturing,560043::SIDD,DORMANT,2024-12-27,ENT-00217
GST-KA-BLRU-2015-000168,GST,Siddhi Industries,SIDDHI INDUSTRIES,"No 135, Near Bus Stop, BTM Layout, Bengaluru Urban, K'taka - 560029",NO 135 NEAR BUS STOP BTM LAYOUT BANGALORE URBAN K TAKA 560029,Bengaluru Urban,560029,Chemical Blending,Manufacturing,True,True,False,560029::Manufacturing,560029::SIDD,CLOSED,2020-02-24,ENT-00217
PCB/BLRU/CTO/2019/00093,KSPCB,M/S Siddhi Industries,SIDDHI INDUSTRIES,"#135, Near Bus Stop, BTM Layout, Bangalore Urban, Karnataka - 560029",135 NEAR BUS STOP BTM LAYOUT BANGALORE URBAN KARNATAKA 560029,Bengaluru Urban,560029,Chemical Blending,Manufacturing,True,True,True,560029::Manufacturing,560029::SIDD,CLOSED,2020-02-20,ENT-00217
LAB-KA-BLRU-2023-000107,LABOUR,Siddhi Industries,SIDDHI INDUSTRIES,"No. 135, Near Bus Stop, BTM Layout, Bangalore Urban, K'taka - 560029",NO 135 NEAR BUS STOP BTM LAYOUT BANGALORE URBAN K TAKA 560029,Bengaluru Urban,560029,Chemical Blending,Manufacturing,False,False,True,560029::Manufacturing,560029::SIDD,ACTIVE,2026-04-29,ENT-00217
UDYAM-KR-BLRU-2017-000107,UDYAM,Siddhi Industries,SIDDHI INDUSTRIES,"#135, Near Bus Stop, BTM Layout, B'luru Urban, KA - 560029",135 NEAR BUS STOP BTM LAYOUT B LURU URBAN KA 560029,Bengaluru Urban,560029,Chemical Blending,Manufacturing,True,True,False,560029::Manufacturing,560029::SIDD,ACTIVE,2025-10-06,ENT-00217
GST-KA-BLRU-2016-000169,GST,ANANYA ELECTRONICS CO,ANANYA ELECTRONICS,"292, Main Rd, BTM Layout, Bangalore Urban, K'taka - 560029",292 MN RD BTM LAYOUT BANGALORE URBAN K TAKA 560029,Bengaluru Urban,560029,Electronics Assembly,Manufacturing,True,True,True,560029::Manufacturing,560029::ANAN,CLOSED,2023-01-04,ENT-00218
PCB/BLRU/CTO/2015/00094,KSPCB,Ananya Elec Co,ANANYA ELEC,"No 292, Main Rd, BTM Layout, Bengaluru Urban, KA - 560029",NO 292 MN RD BTM LAYOUT BANGALORE URBAN KA 560029,Bengaluru Urban,560029,Electronics Assembly,Manufacturing,False,False,True,560029::Manufacturing,560029::ANAN,DORMANT,2023-10-16,ENT-00218
LAB-KA-BLRU-2023-000108,LABOUR,Ananya Electronics Co,ANANYA ELECTRONICS,"No 292, Mn Rd, BTM Layout, B'luru Urban, KA - 560029",NO 292 MN RD BTM LAYOUT B LURU URBAN KA 560029,Bengaluru Urban,560029,Electronics Assembly,Manufacturing,True,False,False,560029::Manufacturing,560029::ANAN,DORMANT,2024-01-05,ENT-00218
KAR-SHOP-BLRU-2017-000143,SHOP,Anany Electronics Co,ANANY ELECTRONICS,"292, Mn Rd, BTM Layout, Bengaluru Urban, KA - 560029",292 MN RD BTM LAYOUT BANGALORE URBAN KA 560029,Bengaluru Urban,560029,Electronics Assembly,Manufacturing,False,True,False,560029::Manufacturing,560029::ANAN,CLOSED,2020-12-01,ENT-00218
KFBIS-FAC-BLRR-2023-000101,FACTORY,Navya Precision Traders,NAVYA PRECISION TRADERS,"No 13, Plot Extension, Bagalur, Bengaluru Rural, K'taka - 562157",NO 13 PLOT EXTENSION BAGALUR BANGALORE RURAL K TAKA 562157,Bengaluru Rural,562157,Machine Tools,Manufacturing,False,False,True,562157::Manufacturing,562157::NAVY,DORMANT,2024-05-04,ENT-00219
GST-KA-BLRR-2017-000170,GST,Navya Precision Traders,NAVYA PRECISION TRADERS,"#13, Plot Extension, Bagalur, B'luru Rural, Karnataka - 562157",13 PLOT EXTENSION BAGALUR B LURU RURAL KARNATAKA 562157,Bengaluru Rural,562157,Machine Tools,Manufacturing,False,False,False,562157::Manufacturing,562157::NAVY,CLOSED,2017-09-05,ENT-00219
PCB/BLRR/CTE/2023/00095,KSPCB,M/S Navya Precision Traders,NAVYA PRECISION TRADERS,"No 13, Plot Extension, Bagalur, B'luru Rural, KA - 562157",NO 13 PLOT EXTENSION BAGALUR B LURU RURAL KA 562157,Bengaluru Rural,562157,Machine Tools,Manufacturing,False,False,True,562157::Manufacturing,562157::NAVY,ACTIVE,2025-09-03,ENT-00219
LAB-KA-BLRR-2023-000109,LABOUR,Navya Precision Traders,NAVYA PRECISION TRADERS,"No. 13, Plot Extension, Bagalur, B'luru Rural, Karnataka",NO 13 PLOT EXTENSION BAGALUR B LURU RURAL KARNATAKA,Bengaluru Rural,562157,Machine Tools,Manufacturing,False,False,True,562157::Manufacturing,562157::NAVY,DORMANT,2024-05-30,ENT-00219
KAR-SHOP-BLRR-2019-000144,SHOP,M/S Navya Precision Traders,NAVYA PRECISION TRADERS,"#13, Plot Extension, Bagalur, Bangalore Rural, KA - 562157",13 PLOT EXTENSION BAGALUR BANGALORE RURAL KA 562157,Bengaluru Rural,562157,Machine Tools,Manufacturing,False,False,True,562157::Manufacturing,562157::NAVY,CLOSED,2021-02-09,ENT-00219
BBMP-TL-YELA-2020-000085,BBMP,Ananya Associates,ANANYA ASSOCIATES,"#171, Shed Industrial Layout, Hebbal, B'luru Urban, Karnataka - 560024",171 SHED IND LAYOUT HEBBAL B LURU URBAN KARNATAKA 560024,Bengaluru Urban,560024,Textile / Garments,Manufacturing,False,False,False,560024::Manufacturing,560024::ANAN,DORMANT,2024-07-16,ENT-00220
GST-KA-BLRU-2018-000171,GST,ANANYA ASSOCIATES,ANANYA ASSOCIATES,"#171, Shed Industrial Layout, Hebbal, Bengaluru Urban, KA - 560024",171 SHED IND LAYOUT HEBBAL BANGALORE URBAN KA 560024,Bengaluru Urban,560024,Textile / Garments,Manufacturing,False,False,False,560024::Manufacturing,560024::ANAN,DORMANT,2023-07-06,ENT-00220
BBMP-TL-SOUT-2025-000086,BBMP,Lakshmi Works,LAKSHMI WORKS,"#72, 2nd Main, Banashankari, B'luru Urban, Karnataka - 560085",72 2ND MN BANASHANKARI B LURU URBAN KARNATAKA 560085,Bengaluru Urban,560085,Logistics / Warehouse,Service,False,False,False,560085::Service,560085::LAKS,ACTIVE,2025-12-25,ENT-00221
KFBIS-FAC-BLRU-2018-000102,FACTORY,Lakshmi Works,LAKSHMI WORKS,"#72, 2nd Main, Banashankari, Bangalore Urban, Karnataka - 560085",72 2ND MN BANASHANKARI BANGALORE URBAN KARNATAKA 560085,Bengaluru Urban,560085,Logistics / Warehouse,Service,False,True,False,560085::Service,560085::LAKS,CLOSED,2023-04-24,ENT-00221
GST-KA-BLRU-2024-000172,GST,Lakshmi Works,LAKSHMI WORKS,"No. 72, 2nd Main, Banashankari, Bengaluru Urban, KA - 560085",NO 72 2ND MN BANASHANKARI BANGALORE URBAN KA 560085,Bengaluru Urban,560085,Logistics / Warehouse,Service,True,True,False,560085::Service,560085::LAKS,DORMANT,2025-03-15,ENT-00221
LAB-KA-BLRU-2016-000110,LABOUR,M/S Lakshmi Works,LAKSHMI WORKS,"No. 72, 2nd Main, Banashankari, B'luru Urban, KA - 560085",NO 72 2ND MN BANASHANKARI B LURU URBAN KA 560085,Bengaluru Urban,560085,Logistics / Warehouse,Service,False,False,False,560085::Service,560085::LAKS,CLOSED,2024-01-21,ENT-00221
KAR-SHOP-BLRU-2021-000145,SHOP,M/S Lakshmi Works,LAKSHMI WORKS,"No. 72, 2nd Main, Banashankari, Bangalore Urban, K'taka - 560085",NO 72 2ND MN BANASHANKARI BANGALORE URBAN K TAKA 560085,Bengaluru Urban,560085,Logistics / Warehouse,Service,False,False,False,560085::Service,560085::LAKS,CLOSED,2022-01-13,ENT-00221
UDYAM-KR-BLRU-2020-000108,UDYAM,Lakshmi Works,LAKSHMI WORKS,"No 72, 2nd Main, Banashankari, B'luru Urban, KA - 560085",NO 72 2ND MN BANASHANKARI B LURU URBAN KA 560085,Bengaluru Urban,560085,Logistics / Warehouse,Service,True,True,False,560085::Service,560085::LAKS,CLOSED,2022-10-28,ENT-00221
GST-KA-BLRU-2015-000173,GST,Ganesh Cafe Company,GANESH CAFE,"No 104, Extension, Hebbal, Bengaluru Urban, K'taka - 560024",NO 104 EXTENSION HEBBAL BANGALORE URBAN K TAKA 560024,Bengaluru Urban,560024,Restaurant / Cafe,Service,True,True,True,560024::Service,560024::GANE,CLOSED,2016-02-06,ENT-00222
KAR-SHOP-BLRU-2023-000146,SHOP,Ganesh Cafe Company,GANESH CAFE,"#104, Extension, Hebbal, Bangalore Urban, KA - 560024",104 EXTENSION HEBBAL BANGALORE URBAN KA 560024,Bengaluru Urban,560024,Restaurant / Cafe,Service,False,False,False,560024::Service,560024::GANE,DORMANT,2023-10-20,ENT-00222
KFBIS-FAC-MYS-2015-000103,FACTORY,Varun Mold LLP,VARUN MOLD,"No. 19, B Industrial Layout, Hebbal Industrial Estate, Mysuru, Karnataka - 570016",NO 19 B IND LAYOUT HEBBAL IND ESTATE MYSURU KARNATAKA 570016,Mysuru,570016,Plastic Moulding,Manufacturing,False,False,False,570016::Manufacturing,570016::VARU,DORMANT,2025-01-14,ENT-00223
PCB/MYS/CTE/2023/00096,KSPCB,Varun Mold LLP,VARUN MOLD,"No. 19, B Industrial Layout, Hebbal Industrial Estate, Mysuru, Karnataka - 570016",NO 19 B IND LAYOUT HEBBAL IND ESTATE MYSURU KARNATAKA 570016,Mysuru,570016,Plastic Moulding,Manufacturing,False,False,False,570016::Manufacturing,570016::VARU,ACTIVE,2025-06-13,ENT-00223
LAB-KA-MYS-2019-000111,LABOUR,Varun Mold LLP,VARUN MOLD,"#19, B Industrial Layout, Hebbal Industrial Area, Mysuru, K'taka - 570016",19 B IND LAYOUT HEBBAL IND AREA MYSURU K TAKA 570016,Mysuru,570016,Plastic Moulding,Manufacturing,False,False,False,570016::Manufacturing,570016::VARU,CLOSED,2021-01-28,ENT-00223
KAR-SHOP-MYS-2018-000147,SHOP,Varun Mold LLP,VARUN MOLD,"19, B Industrial Layout, Hebbal Industrial Estate, Mysuru, KA - 570016",19 B IND LAYOUT HEBBAL IND ESTATE MYSURU KA 570016,Mysuru,570016,Plastic Moulding,Manufacturing,False,False,False,570016::Manufacturing,570016::VARU,CLOSED,2022-10-14,ENT-00223
UDYAM-KR-MYS-2015-000109,UDYAM,Varun Mold LLP,VARUN MOLD,"#19, B Industrial Layout, Hebbal Indl Area, Mysuru, KA - 570016",19 B IND LAYOUT HEBBAL INDL AREA MYSURU KA 570016,Mysuru,570016,Plastic Moulding,Manufacturing,False,False,False,570016::Manufacturing,570016::VARU,DORMANT,2024-03-06,ENT-00223
GST-KA-BLRU-2024-000174,GST,M/S Ravi Logistics Solutions,RAVI LOGISTICS SOLUTIONS,"228, C Industrial Layout, Bannerghatta Road, Bengaluru Urban, KA - 560076",228 C IND LAYOUT BANNERGHATTA RD BANGALORE URBAN KA 560076,Bengaluru Urban,560076,Logistics / Warehouse,Service,False,False,True,560076::Service,560076::RAVI,ACTIVE,2025-10-05,ENT-00224
LAB-KA-BLRU-2022-000112,LABOUR,Ravi Logistics Solutions,RAVI LOGISTICS SOLUTIONS,"#228, C Industrial Layout, Bannerghatta Road, Bangalore Urban, Karnataka - 560076",228 C IND LAYOUT BANNERGHATTA RD BANGALORE URBAN KARNATAKA 560076,Bengaluru Urban,560076,Logistics / Warehouse,Service,False,False,True,560076::Service,560076::RAVI,DORMANT,2023-11-05,ENT-00224
KAR-SHOP-BLRU-2025-000148,SHOP,M/S Ravi Logistics Solutions,RAVI LOGISTICS SOLUTIONS,"No. 228, C Industrial Layout, Bannerghatta Road, B'luru Urban, KA - 560076",NO 228 C IND LAYOUT BANNERGHATTA RD B LURU URBAN KA 560076,Bengaluru Urban,560076,Logistics / Warehouse,Service,False,False,True,560076::Service,560076::RAVI,ACTIVE,2026-03-22,ENT-00224
GST-KA-BLRU-2017-000175,GST,M/S Asha Enterprises,ASHA ENTERPRISES,"No 274, B 2nd Main, Whitefield, Bangalore Urban, K'taka - 560037",NO 274 B 2ND MN WHITEFIELD BANGALORE URBAN K TAKA 560037,Bengaluru Urban,560037,Logistics / Warehouse,Service,True,False,False,560037::Service,560037::ASHA,CLOSED,2020-03-17,ENT-00225
LAB-KA-BLRU-2017-000113,LABOUR,Asha Enterprises,ASHA ENTERPRISES,"#274, B 2nd Main, Whitefield, Bangalore Urban, K'taka - 560037",274 B 2ND MN WHITEFIELD BANGALORE URBAN K TAKA 560037,Bengaluru Urban,560037,Logistics / Warehouse,Service,False,False,False,560037::Service,560037::ASHA,CLOSED,2019-06-29,ENT-00225
KAR-SHOP-BLRU-2018-000149,SHOP,Asha Enterprises,ASHA ENTERPRISES,"No 274, B 2nd Main, Whitefield, B'luru Urban, KA - 560037",NO 274 B 2ND MN WHITEFIELD B LURU URBAN KA 560037,Bengaluru Urban,560037,Logistics / Warehouse,Service,False,False,False,560037::Service,560037::ASHA,CLOSED,2021-07-28,ENT-00225
GST-KA-BLRU-2016-000176,GST,Sree Toos LLP,SREE TOOS,"No 245, Mn Rd, Whitefield Mn Rd, B'luru Urban, K'taka - 560066",NO 245 MN RD WHITEFIELD MN RD B LURU URBAN K TAKA 560066,Bengaluru Urban,560064,Machine Tools,Manufacturing,True,True,False,560064::Manufacturing,560064::SREE,CLOSED,2017-09-05,ENT-00226
PCB/BLRU/CTE/2016/00097,KSPCB,M/S Sree Tools LLP,SREE TOOLS,"No. 245, Main Rd, Whitefield Main Rd, B'luru Urban, Karnataka - 560066",NO 245 MN RD WHITEFIELD MN RD B LURU URBAN KARNATAKA 560066,Bengaluru Urban,560066,Machine Tools,Manufacturing,False,False,True,560066::Manufacturing,560066::SREE,ACTIVE,2025-07-17,ENT-00226
LAB-KA-BLRU-2019-000114,LABOUR,Sree Tools LLP,SREE TOOLS,"245, Mn Rd, Whitefield Mn Rd, Bangalore Urban, K'taka - 560066",245 MN RD WHITEFIELD MN RD BANGALORE URBAN K TAKA 560066,Bengaluru Urban,560066,Machine Tools,Manufacturing,True,False,False,560066::Manufacturing,560066::SREE,CLOSED,2021-04-14,ENT-00226
UDYAM-KR-BLRU-2015-000110,UDYAM,Sree Tools LLP,SREE TOOLS,"#245, Main Road, Whitefield Main Road, Bengaluru Urban, KA - 560066",245 MN RD WHITEFIELD MN RD BANGALORE URBAN KA 560066,Bengaluru Urban,560066,Machine Tools,Manufacturing,True,False,True,560066::Manufacturing,560066::SREE,CLOSED,2022-08-29,ENT-00226
GST-KA-BLRU-2023-000177,GST,Harsha LLP,HARSHA,"No 77, Shed Industrial Layout, Koramangala, B'luru Urban, KA - 560034",NO 77 SHED IND LAYOUT KORAMANGALA B LURU URBAN KA 560034,Bengaluru Urban,560034,Textile / Garments,Manufacturing,True,False,True,560034::Manufacturing,560034::HARS,ACTIVE,2025-06-26,ENT-00227
PCB/BLRU/CTO/2017/00098,KSPCB,Harsha LLP,HARSHA,"77, Shed Industrial Layout, Koramangala, Bangalore Urban, KA - 560034",77 SHED IND LAYOUT KORAMANGALA BANGALORE URBAN KA 560034,Bengaluru Urban,560034,Textile / Garments,Manufacturing,True,False,False,560034::Manufacturing,560034::HARS,CLOSED,2022-02-17,ENT-00227
LAB-KA-BLRU-2016-000115,LABOUR,Harsha LLP,HARSHA,"#77, Shed Industrial Layout, Koramangala, B'luru Urban, KA - 560034",77 SHED IND LAYOUT KORAMANGALA B LURU URBAN KA 560034,Bengaluru Urban,560034,Textile / Garments,Manufacturing,False,False,True,560034::Manufacturing,560034::HARS,CLOSED,2023-04-29,ENT-00227
KFBIS-FAC-BLRU-2025-000104,FACTORY,Kaveri Print Company,KAVERI PRINT,"No. 254, 1st Cr, Rajajinagar Industrial Suburb, B'luru Urban, KA - 560059",NO 254 1ST CR RAJAJINAGAR IND SUBURB B LURU URBAN KA 560059,Bengaluru Urban,560059,Printing / Packaging,Manufacturing,True,False,False,560059::Manufacturing,560059::KAVE,ACTIVE,2026-04-05,ENT-00228
GST-KA-BLRU-2020-000178,GST,Kaveri Print Company,KAVERI PRINT,"No 254, 1st Cr, Rajajinagar Industrial Suburb, Bangalore Urban, K'taka - 560059",NO 254 1ST CR RAJAJINAGAR IND SUBURB BANGALORE URBAN K TAKA 560059,Bengaluru Urban,560059,Printing / Packaging,Manufacturing,True,False,False,560059::Manufacturing,560059::KAVE,CLOSED,2022-05-24,ENT-00228
KAR-SHOP-BLRU-2015-000150,SHOP,Kaveri Print Company,KAVERI PRINT,"254, 1st Crs, Rajajinagar Industrial Suburb, Bengaluru Urban, Karnataka - 560059",254 1ST CRS RAJAJINAGAR IND SUBURB BANGALORE URBAN KARNATAKA 560059,Bengaluru Urban,560059,Printing / Packaging,Manufacturing,False,False,False,560059::Manufacturing,560059::KAVE,CLOSED,2022-11-30,ENT-00228
UDYAM-KR-BLRU-2023-000111,UDYAM,Kaveri Print Company,KAVERI PRINT,"254, 1st Crs, Rajajinagar Industrial Suburb, Bengaluru Urban, KA - 560059",254 1ST CRS RAJAJINAGAR IND SUBURB BANGALORE URBAN KA 560059,Bengaluru Urban,560059,Printing / Packaging,Manufacturing,True,False,False,560059::Manufacturing,560059::KAVE,ACTIVE,2026-04-22,ENT-00228
BBMP-TL-TUMA-2023-000087,BBMP,Lakshmi Medical LLP,LAKSHMI MEDICAL,"257, A Near Bus Stop, BH Road, Tumakuru, Karnataka - 572101",257 A NEAR BUS STOP BH RD TUMAKURU KARNATAKA 572101,Tumakuru,572101,Pharmacy / Medical Retail,Retail,True,False,False,572101::Retail,572101::LAKS,DORMANT,2024-01-23,ENT-00229
LAB-KA-TUM-2024-000116,LABOUR,Lakshmi Medical LLP,LAKSHMI MEDICAL,"No 257, A Near Bus Stop, BH Road, Tumakuru, KA - 572101",NO 257 A NEAR BUS STOP BH RD TUMAKURU KA 572101,Tumakuru,572101,Pharmacy / Medical Retail,Retail,False,False,True,572101::Retail,572101::LAKS,CLOSED,2025-08-28,ENT-00229
UDYAM-KR-TUM-2021-000112,UDYAM,Lakshmi Medical LLP,LAKSHMI MEDICAL,"#257, A Near Bus Stop, BH Road, Tumakuru, Karnataka - 572101",257 A NEAR BUS STOP BH RD TUMAKURU KARNATAKA 572101,Tumakuru,572101,Pharmacy / Medical Retail,Retail,True,False,True,572101::Retail,572101::LAKS,DORMANT,2024-11-24,ENT-00229
BBMP-TL-BENG-2019-000088,BBMP,Kaveri Meds Pvt Ltd,KAVERI MEDS,"No 8, Plot Behind Metro, Bagalur, Bengaluru Rural, KA",NO 8 PLOT BEHIND METRO BAGALUR BANGALORE RURAL KA,Bengaluru Rural,562157,Pharmacy / Medical Retail,Retail,False,True,False,562157::Retail,562157::KAVE,CLOSED,2021-03-14,ENT-00230
KAR-SHOP-BLRR-2018-000151,SHOP,Kaveri Meds Pv Ltd,KAVERI MEDS PV,"No. 8, Plot Behind Metro, Bagalur, Bangalore Rural, Karnataka - 562157",NO 8 PLOT BEHIND METRO BAGALUR BANGALORE RURAL KARNATAKA 562157,Bengaluru Rural,562157,Pharmacy / Medical Retail,Retail,True,False,False,562157::Retail,562157::KAVE,CLOSED,2022-04-13,ENT-00230
GST-KA-TUM-2017-000179,GST,Veda LLP,VEDA,"No 243, Plot 3rd Phase, BH Road, Tumakuru, KA - 572101",NO 243 PLOT 3RD PHASE BH RD TUMAKURU KA 572101,Tumakuru,572101,Restaurant / Cafe,Service,True,True,False,572101::Service,572101::VEDA,CLOSED,2018-10-19,ENT-00231
LAB-KA-TUM-2019-000117,LABOUR,Veda LLP,VEDA,"#243, Plot 3rd Phase, BH Road, Tumakuru, K'taka - 572101",243 PLOT 3RD PHASE BH RD TUMAKURU K TAKA 572101,Tumakuru,572106,Restaurant / Cafe,Service,True,True,False,572106::Service,572106::VEDA,CLOSED,2022-12-26,ENT-00231
KAR-SHOP-TUM-2025-000152,SHOP,M/S Veda LLP,VEDA,"No. 243, Plot 3rd Phase, BH Road, Tumakuru, KA - 572101",NO 243 PLOT 3RD PHASE BH RD TUMAKURU KA 572101,Tumakuru,572101,Restaurant / Cafe,Service,True,False,False,572101::Service,572101::VEDA,ACTIVE,2026-04-25,ENT-00231
KFBIS-FAC-BLRR-2024-000105,FACTORY,Aditya Tech Enterprises,ADITYA TECH ENTERPRISES,"No 150, C 1st Cross, Bagalur, Bangalore Rural, Karnataka",NO 150 C 1ST CRS BAGALUR BANGALORE RURAL KARNATAKA,Bengaluru Rural,562157,Electronics Assembly,Manufacturing,False,False,False,562157::Manufacturing,562157::ADIT,ACTIVE,2025-06-05,ENT-00232
GST-KA-BLRR-2021-000180,GST,M/S Aditya Tech Enterprises,ADITYA TECH ENTERPRISES,"No 150, C 1st Cr, Bagalur, B'luru Rural, KA - 562157",NO 150 C 1ST CR BAGALUR B LURU RURAL KA 562157,Bengaluru Rural,562157,Electronics Assembly,Manufacturing,False,False,False,562157::Manufacturing,562157::ADIT,CLOSED,2022-09-26,ENT-00232
PCB/BLRR/CTE/2018/00099,KSPCB,Aditya Tech Enterprises,ADITYA TECH ENTERPRISES,"No 150, C 1st Crs, Bagalur, B'luru Rural, KA - 562157",NO 150 C 1ST CRS BAGALUR B LURU RURAL KA 562157,Bengaluru Rural,562157,Electronics Assembly,Manufacturing,False,False,False,562157::Manufacturing,562157::ADIT,CLOSED,2021-01-24,ENT-00232
LAB-KA-BLRR-2023-000118,LABOUR,Aditya Tech Enterprises,ADITYA TECH ENTERPRISES,"No 150, C 1st Cr, Bagalur, B'luru Rural, K'taka - 562157",NO 150 C 1ST CR BAGALUR B LURU RURAL K TAKA 562157,Bengaluru Rural,562157,Electronics Assembly,Manufacturing,False,False,False,562157::Manufacturing,562157::ADIT,DORMANT,2024-01-04,ENT-00232
GST-KA-MYS-2023-000181,GST,Srinidhi Traders,SRINIDHI TRADERS,"#268, Shed Extension, Hebbal Industrial Area, Mysuru, K'taka - 570016",268 SHED EXTENSION HEBBAL IND AREA MYSURU K TAKA 570016,Mysuru,570016,Machine Tools,Manufacturing,True,True,True,570016::Manufacturing,570016::SRIN,DORMANT,2023-10-26,ENT-00233
PCB/MYS/CTE/2020/00100,KSPCB,Srinidhi Traders,SRINIDHI TRADERS,"#268, Shed Extension, Hebbal Industrial Area, Mysuru, Karnataka - 570016",268 SHED EXTENSION HEBBAL IND AREA MYSURU KARNATAKA 570016,Mysuru,570016,Machine Tools,Manufacturing,True,True,True,570016::Manufacturing,570016::SRIN,DORMANT,2023-06-22,ENT-00233
UDYAM-KR-MYS-2020-000113,UDYAM,M/S Srinidhi Traders,SRINIDHI TRADERS,"#268, Shed Extension, Hebbal Industrial Area, Mysuru, KA - 570016",268 SHED EXTENSION HEBBAL IND AREA MYSURU KA 570016,Mysuru,570016,Machine Tools,Manufacturing,True,True,True,570016::Manufacturing,570016::SRIN,CLOSED,2023-02-23,ENT-00233
BBMP-TL-YELA-2022-000089,BBMP,M/S Prakruthi Biryani Solutions,PRAKRUTHI BIRYANI SOLUTIONS,"No. 202, B Behind Metro, Yelahanka, Bangalore Urban, Karnataka - 560064",NO 202 B BEHIND METRO YELAHANKA BANGALORE URBAN KARNATAKA 560064,Bengaluru Urban,560064,Restaurant / Cafe,Service,True,True,True,560064::Service,560064::PRAK,DORMANT,2023-12-30,ENT-00234
GST-KA-BLRU-2025-000182,GST,M/S Prakruthi Biryani Solutions,PRAKRUTHI BIRYANI SOLUTIONS,"No. 202, B Behind Metro, Yelahanka, Bangalore Urban, KA - 560064",NO 202 B BEHIND METRO YELAHANKA BANGALORE URBAN KA 560064,Bengaluru Urban,560064,Restaurant / Cafe,Service,True,True,False,560064::Service,560064::PRAK,ACTIVE,2025-12-12,ENT-00234
KAR-SHOP-BLRU-2021-000153,SHOP,M/S Prakrthi Biryani Solutions,PRAKRTHI BIRYANI SOLUTIONS,"#202, B Behind Metro, Yelahanka, B'luru Urban, KA - 560064",202 B BEHIND METRO YELAHANKA B LURU URBAN KA 560064,Bengaluru Urban,560001,Restaurant / Cafe,Service,False,True,False,560001::Service,560001::PRAK,ACTIVE,2026-01-24,ENT-00234
UDYAM-KR-BLRU-2019-000114,UDYAM,Prakruthi Biryani Solutions,PRAKRUTHI BIRYANI SOLUTIONS,"No 202, B Behind Metro, Yelahanka, B'luru Urban, Karnataka - 560064",NO 202 B BEHIND METRO YELAHANKA B LURU URBAN KARNATAKA 560064,Bengaluru Urban,560064,Restaurant / Cafe,Service,True,True,False,560064::Service,560064::PRAK,CLOSED,2022-07-04,ENT-00234
GST-KA-BLRU-2024-000183,GST,Sahana Industries,SAHANA INDUSTRIES,"#149, B Main Rd, Bannerghatta Road, Bengaluru Urban, K'taka - 560076",149 B MN RD BANNERGHATTA RD BANGALORE URBAN K TAKA 560076,Bengaluru Urban,560076,Printing / Packaging,Manufacturing,True,True,False,560076::Manufacturing,560076::SAHA,DORMANT,2025-04-25,ENT-00235
LAB-KA-BLRU-2024-000119,LABOUR,Sahana Industries,SAHANA INDUSTRIES,"149, B Main Road, Bannerghatta Road, Bengaluru Urban, KA - 560076",149 B MN RD BANNERGHATTA RD BANGALORE URBAN KA 560076,Bengaluru Urban,560076,Printing / Packaging,Manufacturing,False,True,False,560076::Manufacturing,560076::SAHA,ACTIVE,2026-02-05,ENT-00235
KAR-SHOP-BLRU-2023-000154,SHOP,Sahana Industries,SAHANA INDUSTRIES,"149, B Main Road, Bannerghatta Road, Bangalore Urban, KA - 560076",149 B MN RD BANNERGHATTA RD BANGALORE URBAN KA 560076,Bengaluru Urban,560076,Printing / Packaging,Manufacturing,False,False,False,560076::Manufacturing,560076::SAHA,ACTIVE,2025-08-31,ENT-00235
UDYAM-KR-BLRU-2024-000115,UDYAM,Sahana Industries,SAHANA INDUSTRIES,"No 149, B Main Rd, Bannerghatta Road, Bangalore Urban, K'taka - 560076",NO 149 B MN RD BANNERGHATTA RD BANGALORE URBAN K TAKA 560076,Bengaluru Urban,560076,Printing / Packaging,Manufacturing,True,False,False,560076::Manufacturing,560076::SAHA,ACTIVE,2025-10-13,ENT-00235
BBMP-TL-SOUT-2017-000090,BBMP,M/S Bharath Cargo Pvt Ltd,BHARATH CARGO,"#196, B Service Road, Koramangala, Bengaluru Urban, KA - 560034",196 B SERVICE RD KORAMANGALA BANGALORE URBAN KA 560034,Bengaluru Urban,560034,Logistics / Warehouse,Service,False,False,True,560034::Service,560034::BHAR,DORMANT,2023-07-06,ENT-00236
GST-KA-BLRU-2022-000184,GST,BHARATH CARGO PVT LTD,BHARATH CARGO,"No 196, B Service Road, Koramangala, Bangalore Urban, Karnataka - 560034",NO 196 B SERVICE RD KORAMANGALA BANGALORE URBAN KARNATAKA 560034,Bengaluru Urban,560034,Logistics / Warehouse,Service,False,False,True,560034::Service,560034::BHAR,DORMANT,2023-09-02,ENT-00236
KAR-SHOP-BLRU-2023-000155,SHOP,M/S Bharath Cargo Pvt Ltd,BHARATH CARGO,"#196, B Service Road, Koramangala, B'luru Urban, K'taka - 560034",196 B SERVICE RD KORAMANGALA B LURU URBAN K TAKA 560034,Bengaluru Urban,560034,Logistics / Warehouse,Service,False,False,True,560034::Service,560034::BHAR,DORMANT,2023-11-19,ENT-00236
GST-KA-BLRU-2024-000185,GST,SHARMA PRINT ENTERPRISES,SHARMA PRINT ENTERPRISES,"No. 221, B Near Bus Stop, Banashankari, B'luru Urban, Karnataka - 560085",NO 221 B NEAR BUS STOP BANASHANKARI B LURU URBAN KARNATAKA 560085,Bengaluru Urban,560085,Printing / Packaging,Manufacturing,False,False,True,560085::Manufacturing,560085::SHAR,ACTIVE,2026-01-28,ENT-00237
PCB/BLRU/CTE/2016/00101,KSPCB,M/S Sharma Print Enterprises,SHARMA PRINT ENTERPRISES,"No 221, B Near Bus Stop, Banashankari, Bengaluru Urban, Karnataka - 560085",NO 221 B NEAR BUS STOP BANASHANKARI BANGALORE URBAN KARNATAKA 560085,Bengaluru Urban,560085,Printing / Packaging,Manufacturing,False,False,True,560085::Manufacturing,560085::SHAR,CLOSED,2020-10-26,ENT-00237
KAR-SHOP-BLRU-2015-000156,SHOP,Sharma Print Enterprises,SHARMA PRINT ENTERPRISES,"#221, B Near Bus Stop, Banashankari, B'luru Urban, K'taka - 560085",221 B NEAR BUS STOP BANASHANKARI B LURU URBAN K TAKA 560085,Bengaluru Urban,560085,Printing / Packaging,Manufacturing,False,False,True,560085::Manufacturing,560085::SHAR,CLOSED,2018-10-08,ENT-00237
UDYAM-KR-BLRU-2018-000116,UDYAM,Sharma Print Enterprises,SHARMA PRINT ENTERPRISES,"221, B Near Bus Stop, Banashankari, B'luru Urban, Karnataka - 560085",221 B NEAR BUS STOP BANASHANKARI B LURU URBAN KARNATAKA 560085,Bengaluru Urban,560085,Printing / Packaging,Manufacturing,False,False,False,560085::Manufacturing,560085::SHAR,ACTIVE,2026-02-10,ENT-00237
GST-KA-BLRU-2021-000186,GST,Kaveri Components Entp,KAVERI COMPONENTS ENTP,"#221, B Extension, Jayanagar, Bengaluru Urban, KA - 560078",221 B EXTENSION JAYANAGAR BANGALORE URBAN KA 560078,Bengaluru Urban,560078,Electronics Assembly,Manufacturing,False,False,True,560078::Manufacturing,560078::KAVE,CLOSED,2022-10-24,ENT-00238
PCB/BLRU/CTO/2017/00102,KSPCB,M/S Kaveri Components Enterprises,KAVERI COMPONENTS ENTERPRISES,"#221, B Extension, Jayanagar, B'luru Urban, K'taka - 560078",221 B EXTENSION JAYANAGAR B LURU URBAN K TAKA 560078,Bengaluru Urban,560078,Electronics Assembly,Manufacturing,False,False,True,560078::Manufacturing,560078::KAVE,CLOSED,2018-10-19,ENT-00238
KAR-SHOP-BLRU-2019-000157,SHOP,Kaveri Components Enterprises,KAVERI COMPONENTS ENTERPRISES,"No. 221, B Extension, Jayanagar, B'luru Urban, K'taka - 560078",NO 221 B EXTENSION JAYANAGAR B LURU URBAN K TAKA 560078,Bengaluru Urban,560078,Electronics Assembly,Manufacturing,False,False,True,560078::Manufacturing,560078::KAVE,CLOSED,2021-10-17,ENT-00238
UDYAM-KR-BLRU-2024-000117,UDYAM,M/S KAVERI COMPONENTS ENTP,KAVERI COMPONENTS ENTP,"No. 221, B Extension, Jayanagar, Bangalore Urban, K'taka",NO 221 B EXTENSION JAYANAGAR BANGALORE URBAN K TAKA,Bengaluru Urban,560078,Electronics Assembly,Manufacturing,False,False,False,560078::Manufacturing,560078::KAVE,ACTIVE,2026-01-17,ENT-00238
BBMP-TL-TUMA-2018-000091,BBMP,M/S Aditya Labels Enterprises,ADITYA LABELS ENTERPRISES,"No 296, Shed Behind Metro, BH Road, Tumakuru, Karnataka - 572101",NO 296 SHED BEHIND METRO BH RD TUMAKURU KARNATAKA 572101,Tumakuru,572106,Printing / Packaging,Manufacturing,False,False,True,572106::Manufacturing,572106::ADIT,CLOSED,2019-09-09,ENT-00239
KFBIS-FAC-TUM-2018-000106,FACTORY,M/S Aditya Labels Enterprises,ADITYA LABELS ENTERPRISES,"#296, Shed Behind Metro, BH Road, Tumakuru, K'taka - 572101",296 SHED BEHIND METRO BH RD TUMAKURU K TAKA 572101,Tumakuru,572101,Printing / Packaging,Manufacturing,False,False,False,572101::Manufacturing,572101::ADIT,CLOSED,2020-06-04,ENT-00239
GST-KA-TUM-2022-000187,GST,Aditya Labels Entp,ADITYA LABELS ENTP,"#296, Shed Behind Metro, BH Road, Tumakuru, Karnataka - 572101",296 SHED BEHIND METRO BH RD TUMAKURU KARNATAKA 572101,Tumakuru,572101,Printing / Packaging,Manufacturing,False,False,True,572101::Manufacturing,572101::ADIT,DORMANT,2024-08-11,ENT-00239
KAR-SHOP-TUM-2019-000158,SHOP,Aditya Labels nterprises,ADITYA LABELS NTERPRISES,"296, Shed Behind Metro, BH Road, Tumakuru, KA - 572101",296 SHED BEHIND METRO BH RD TUMAKURU KA 572101,Tumakuru,572101,Printing / Packaging,Manufacturing,False,False,True,572101::Manufacturing,572101::ADIT,CLOSED,2021-04-30,ENT-00239
UDYAM-KR-TUM-2021-000118,UDYAM,Aditya Labels Enterprises,ADITYA LABELS ENTERPRISES,"296, Shed Behind Metro, BH Road, Tumakuru, K'taka - 572101",296 SHED BEHIND METRO BH RD TUMAKURU K TAKA 572101,Tumakuru,572101,Printing / Packaging,Manufacturing,False,False,False,572101::Manufacturing,572101::ADIT,CLOSED,2022-03-21,ENT-00239
BBMP-TL-SOUT-2023-000092,BBMP,Sahana Industries Co,SAHANA INDUSTRIES,"299, Main Rd, Nanjangud Road, Mysuru, KA - 570018",299 MN RD NANJANGUD RD MYSURU KA 570018,Mysuru,570018,Machine Tools,Manufacturing,False,False,True,570018::Manufacturing,570018::SAHA,ACTIVE,2026-01-30,ENT-00240
KFBIS-FAC-MYS-2022-000107,FACTORY,Sahana Industries Co,SAHANA INDUSTRIES,"299, Main Rd, Nanjangud Road, Mysuru, K'taka - 570018",299 MN RD NANJANGUD RD MYSURU K TAKA 570018,Mysuru,570018,Machine Tools,Manufacturing,False,False,False,570018::Manufacturing,570018::SAHA,ACTIVE,2025-10-17,ENT-00240
GST-KA-MYS-2015-000188,GST,M/S Sahana Industries Co,SAHANA INDUSTRIES,"299, Main Road, Nanjangud Road, Mysuru, Karnataka - 570018",299 MN RD NANJANGUD RD MYSURU KARNATAKA 570018,Mysuru,570018,Machine Tools,Manufacturing,False,True,False,570018::Manufacturing,570018::SAHA,ACTIVE,2025-12-04,ENT-00240
PCB/MYS/CTO/2021/00103,KSPCB,Sahana Industries Co,SAHANA INDUSTRIES,"299, Main Rd, Nanjangud Road, Mysuru, KA",299 MN RD NANJANGUD RD MYSURU KA,Mysuru,570018,Machine Tools,Manufacturing,False,True,False,570018::Manufacturing,570018::SAHA,CLOSED,2022-09-22,ENT-00240
KAR-SHOP-MYS-2021-000159,SHOP,M/S Sahana Industries Co,SAHANA INDUSTRIES,"299, Mn Rd, Nanjangud Road, Mysuru, K'taka - 570018",299 MN RD NANJANGUD RD MYSURU K TAKA 570018,Mysuru,570018,Machine Tools,Manufacturing,False,False,True,570018::Manufacturing,570018::SAHA,DORMANT,2024-02-23,ENT-00240
GST-KA-BLRU-2025-000189,GST,M/S Mysore Biryani Associates,MYSORE BIRYANI ASSOCIATES,"No. 96, D 2nd Main, Whitefield Main Rd, Bangalore Urban, K'taka - 560066",NO 96 D 2ND MN WHITEFIELD MN RD BANGALORE URBAN K TAKA 560066,Bengaluru Urban,560066,Restaurant / Cafe,Service,True,True,False,560066::Service,560066::MYSO,ACTIVE,2026-01-20,ENT-00241
PCB/BLRU/CTO/2021/00104,KSPCB,M/S Mysore Biryan Associates,MYSORE BIRYAN ASSOCIATES,"96, D 2nd Main, Whitefield Main Road, Bangalore Urban, K'taka - 560066",96 D 2ND MN WHITEFIELD MN RD BANGALORE URBAN K TAKA 560066,Bengaluru Urban,560066,Restaurant / Cafe,Service,False,False,False,560066::Service,560066::MYSO,CLOSED,2022-06-25,ENT-00241
LAB-KA-BLRU-2021-000120,LABOUR,Mysore Biryani Associates,MYSORE BIRYANI ASSOCIATES,"No 96, D 2nd Main, Whitefield Main Road, B'luru Urban, K'taka - 560066",NO 96 D 2ND MN WHITEFIELD MN RD B LURU URBAN K TAKA 560066,Bengaluru Urban,560066,Restaurant / Cafe,Service,True,False,False,560066::Service,560066::MYSO,CLOSED,2022-11-06,ENT-00241
KAR-SHOP-BLRU-2023-000160,SHOP,Mysore Biryani Associates,MYSORE BIRYANI ASSOCIATES,"No. 96, D 2nd Main, Whitefield Main Road, Bangalore Urban, K'taka",NO 96 D 2ND MN WHITEFIELD MN RD BANGALORE URBAN K TAKA,Bengaluru Urban,560066,Restaurant / Cafe,Service,False,True,False,560066::Service,560066::MYSO,DORMANT,2024-02-24,ENT-00241
BBMP-TL-SOUT-2018-000093,BBMP,M/S Nisarga Clinic Solutions,NISARGA CLINIC SOLUTIONS,"No. 136, A Main Road, BTM Layout, Bengaluru Urban, K'taka",NO 136 A MN RD BTM LAYOUT BANGALORE URBAN K TAKA,Bengaluru Urban,560029,Pharmacy / Medical Retail,Retail,False,False,True,560029::Retail,560029::NISA,CLOSED,2019-10-01,ENT-00242
GST-KA-BLRU-2020-000190,GST,Nisarga Clinic Solutions,NISARGA CLINIC SOLUTIONS,"No 136, A Main Road, BTM Layout, Bangalore Urban, KA - 560029",NO 136 A MN RD BTM LAYOUT BANGALORE URBAN KA 560029,Bengaluru Urban,560029,Pharmacy / Medical Retail,Retail,False,False,False,560029::Retail,560029::NISA,CLOSED,2021-10-23,ENT-00242
KFBIS-FAC-BLRU-2024-000108,FACTORY,Sharma Moulding ndustries,SHARMA MOULDING NDUSTRIES,"No 106, C Extension, MG Road, Bangalore Urban, K'taka - 560001",NO 106 C EXTENSION MG RD BANGALORE URBAN K TAKA 560001,Bengaluru Urban,560001,Plastic Moulding,Manufacturing,True,False,False,560001::Manufacturing,560001::SHAR,DORMANT,2024-12-10,ENT-00243
GST-KA-BLRU-2017-000191,GST,SHARMA MOULDING INDUSTRIES,SHARMA MOULDING INDUSTRIES,"#106, C Extension, MG Road, Bangalore Urban, KA - 560001",106 C EXTENSION MG RD BANGALORE URBAN KA 560001,Bengaluru Urban,560029,Plastic Moulding,Manufacturing,True,True,False,560029::Manufacturing,560029::SHAR,CLOSED,2020-04-28,ENT-00243
PCB/BLRU/CTE/2025/00105,KSPCB,Sharma Moulding Inds,SHARMA MOULDING INDS,"No. 106, C Extension, MG Road, Bangalore Urban, KA - 560001",NO 106 C EXTENSION MG RD BANGALORE URBAN KA 560001,Bengaluru Urban,560001,Plastic Moulding,Manufacturing,False,True,False,560001::Manufacturing,560001::SHAR,ACTIVE,2025-12-14,ENT-00243
UDYAM-KR-BLRU-2017-000119,UDYAM,Sharma Moulding Industries,SHARMA MOULDING INDUSTRIES,"No 106, C Extension, MG Road, Bangalore Urban, K'taka - 560001",NO 106 C EXTENSION MG RD BANGALORE URBAN K TAKA 560001,Bengaluru Urban,560001,Plastic Moulding,Manufacturing,True,True,False,560001::Manufacturing,560001::SHAR,DORMANT,2025-03-08,ENT-00243
BBMP-TL-WEST-2019-000094,BBMP,Naveen LLP,NAVEEN,"#214, Plot 3rd Phase, Rajajinagar Industrial Suburb, B'luru Urban, KA - 560059",214 PLOT 3RD PHASE RAJAJINAGAR IND SUBURB B LURU URBAN KA 560059,Bengaluru Urban,560059,Textile / Garments,Manufacturing,False,False,False,560059::Manufacturing,560059::NAVE,CLOSED,2020-10-31,ENT-00244
GST-KA-BLRU-2020-000192,GST,NAVEEN LLP,NAVEEN,"#214, Plot 3rd Phase, Rajajinagar Industrial Suburb, Bengaluru Urban, K'taka - 560059",214 PLOT 3RD PHASE RAJAJINAGAR IND SUBURB BANGALORE URBAN K TAKA 560059,Bengaluru Urban,560059,Textile / Garments,Manufacturing,False,False,True,560059::Manufacturing,560059::NAVE,CLOSED,2023-02-27,ENT-00244
KAR-SHOP-BLRU-2018-000161,SHOP,Naveen LLP,NAVEEN,"No. 214, Plot 3rd Phase, Rajajinagar Industrial Suburb, B'luru Urban, K'taka - 560059",NO 214 PLOT 3RD PHASE RAJAJINAGAR IND SUBURB B LURU URBAN K TAKA 560059,Bengaluru Urban,560059,Textile / Garments,Manufacturing,False,False,True,560059::Manufacturing,560059::NAVE,DORMANT,2024-02-29,ENT-00244
KFBIS-FAC-BLRR-2023-000109,FACTORY,Sharma Coatings Pvt Ltd,SHARMA COATINGS,"No 200, D Behind Metro, Bagalur, Bengaluru Rural, Karnataka - 562157",NO 200 D BEHIND METRO BAGALUR BANGALORE RURAL KARNATAKA 562157,Bengaluru Rural,562157,Chemical Blending,Manufacturing,False,False,False,562157::Manufacturing,562157::SHAR,CLOSED,2024-07-23,ENT-00245
GST-KA-BLRR-2022-000193,GST,Sharma Coatings Pvt Ltd,SHARMA COATINGS,"No. 200, D Behind Metro, Bagalur, B'luru Rural, Karnataka - 562157",NO 200 D BEHIND METRO BAGALUR B LURU RURAL KARNATAKA 562157,Bengaluru Rural,562157,Chemical Blending,Manufacturing,False,False,True,562157::Manufacturing,562157::SHAR,CLOSED,2025-10-08,ENT-00245
PCB/BLRR/CTO/2015/00106,KSPCB,Sharma Coatings Pvt Ltd,SHARMA COATINGS,"No 200, D Behind Metro, Bagalur, B'luru Rural, KA - 562157",NO 200 D BEHIND METRO BAGALUR B LURU RURAL KA 562157,Bengaluru Rural,562157,Chemical Blending,Manufacturing,False,False,False,562157::Manufacturing,562157::SHAR,CLOSED,2019-09-08,ENT-00245
UDYAM-KR-BLRR-2021-000120,UDYAM,Sharma Coaings Pvt Ltd,SHARMA COAINGS,"No. 200, D Behind Metro, Bagalur, B'luru Rural, KA - 562157",NO 200 D BEHIND METRO BAGALUR B LURU RURAL KA 562157,Bengaluru Rural,562157,Chemical Blending,Manufacturing,False,False,True,562157::Manufacturing,562157::SHAR,DORMANT,2024-09-14,ENT-00245
KFBIS-FAC-BLRU-2021-000110,FACTORY,Ananya Labs Entp,ANANYA LABS ENTP,"11, C Near Bus Stop, Banashankari, B'luru Urban, KA - 560085",11 C NEAR BUS STOP BANASHANKARI B LURU URBAN KA 560085,Bengaluru Urban,560085,Machine Tools,Manufacturing,False,True,False,560085::Manufacturing,560085::ANAN,DORMANT,2023-09-25,ENT-00246
GST-KA-BLRU-2025-000194,GST,M/S Ananya Labs Enterprises,ANANYA LABS ENTERPRISES,"11, C Near Bus Stop, Banashankari, B'luru Urban, K'taka - 560085",11 C NEAR BUS STOP BANASHANKARI B LURU URBAN K TAKA 560085,Bengaluru Urban,560085,Machine Tools,Manufacturing,True,True,True,560085::Manufacturing,560085::ANAN,CLOSED,2025-11-05,ENT-00246
PCB/BLRU/CTE/2025/00107,KSPCB,Ananya Labs Enterprises,ANANYA LABS ENTERPRISES,"No 11, C Near Bus Stop, Banashankari, Bengaluru Urban, Karnataka - 560085",NO 11 C NEAR BUS STOP BANASHANKARI BANGALORE URBAN KARNATAKA 560085,Bengaluru Urban,560085,Machine Tools,Manufacturing,False,False,True,560085::Manufacturing,560085::ANAN,ACTIVE,2026-04-10,ENT-00246
GST-KA-BLRR-2025-000195,GST,Kaveri Associates,KAVERI ASSOCIATES,"No 12, B Sector, Devanahalli, B'luru Rural, K'taka - 562110",NO 12 B SECTOR DEVANAHALLI B LURU RURAL K TAKA 562110,Bengaluru Rural,562110,Printing / Packaging,Manufacturing,True,True,True,562110::Manufacturing,562110::KAVE,ACTIVE,2025-07-12,ENT-00247
PCB/BLRR/CTE/2019/00108,KSPCB,Kaveri Associaes,KAVERI ASSOCIAES,"#12, B Sector, Devanahalli, Bangalore Rural, Karnataka - 562110",12 B SECTOR DEVANAHALLI BANGALORE RURAL KARNATAKA 562110,Bengaluru Rural,562110,Printing / Packaging,Manufacturing,False,False,False,562110::Manufacturing,562110::KAVE,CLOSED,2021-06-26,ENT-00247
KAR-SHOP-BLRR-2022-000162,SHOP,M/S Kaveri Associates,KAVERI ASSOCIATES,"12, B Sector, Devanahalli, B'luru Rural, Karnataka - 562110",12 B SECTOR DEVANAHALLI B LURU RURAL KARNATAKA 562110,Bengaluru Rural,562110,Printing / Packaging,Manufacturing,False,True,True,562110::Manufacturing,562110::KAVE,CLOSED,2022-07-07,ENT-00247
UDYAM-KR-BLRR-2017-000121,UDYAM,M/S Kaveri Associates,KAVERI ASSOCIATES,"No. 12, B Sector, Devanahalli, Bangalore Rural, Karnataka - 562110",NO 12 B SECTOR DEVANAHALLI BANGALORE RURAL KARNATAKA 562110,Bengaluru Rural,562110,Printing / Packaging,Manufacturing,True,False,False,562110::Manufacturing,562110::KAVE,DORMANT,2024-12-29,ENT-00247
KFBIS-FAC-BLRU-2017-000111,FACTORY,M/S Veda Precision Company,VEDA PRECISION,"No 268, D 1st Cross, Peenya Industrial Area, B'luru Urban, Karnataka - 560058",NO 268 D 1ST CRS PEENYA IND AREA B LURU URBAN KARNATAKA 560058,Bengaluru Urban,560058,Machine Tools,Manufacturing,False,True,False,560058::Manufacturing,560058::VEDA,CLOSED,2019-11-14,ENT-00248
GST-KA-BLRU-2020-000196,GST,Veda Precision Company,VEDA PRECISION,"#268, D 1st Cross, Peenya Industrial Area, Bangalore Urban, KA - 560058",268 D 1ST CRS PEENYA IND AREA BANGALORE URBAN KA 560058,Bengaluru Urban,560058,Machine Tools,Manufacturing,True,True,False,560058::Manufacturing,560058::VEDA,CLOSED,2022-01-17,ENT-00248
PCB/BLRU/CTE/2020/00109,KSPCB,M/S Veda Precision Company,VEDA PRECISION,"No 268, D 1st Cross, Peenya Industrial Estate, Bengaluru Urban, K'taka - 560058",NO 268 D 1ST CRS PEENYA IND ESTATE BANGALORE URBAN K TAKA 560058,Bengaluru Urban,560058,Machine Tools,Manufacturing,True,False,False,560058::Manufacturing,560058::VEDA,CLOSED,2021-07-22,ENT-00248
LAB-KA-BLRU-2019-000121,LABOUR,Veda Precision Company,VEDA PRECISION,"No. 268, D 1st Crs, Peenya Indl Area, B'luru Urban, Karnataka - 560058",NO 268 D 1ST CRS PEENYA INDL AREA B LURU URBAN KARNATAKA 560058,Bengaluru Urban,560058,Machine Tools,Manufacturing,False,False,False,560058::Manufacturing,560058::VEDA,CLOSED,2020-08-25,ENT-00248
UDYAM-KR-BLRU-2015-000122,UDYAM,Veda Precision Company,VEDA PRECISION,"268, D 1st Cr, Peenya Indl Area, Bengaluru Urban, K'taka - 560058",268 D 1ST CR PEENYA INDL AREA BANGALORE URBAN K TAKA 560058,Bengaluru Urban,560058,Machine Tools,Manufacturing,True,True,False,560058::Manufacturing,560058::VEDA,ACTIVE,2025-12-19,ENT-00248
BBMP-TL-MAHA-2022-000095,BBMP,M/S Deccan Precision Co,DECCAN PRECISION,"#182, C Service Road, Whitefield Main Rd, B'luru Urban, K'taka - 560066",182 C SERVICE RD WHITEFIELD MN RD B LURU URBAN K TAKA 560066,Bengaluru Urban,560066,Machine Tools,Manufacturing,False,False,False,560066::Manufacturing,560066::DECC,DORMANT,2023-07-15,ENT-00249
KFBIS-FAC-BLRU-2016-000112,FACTORY,Deccan Precision Co,DECCAN PRECISION,"182, C Service Road, Whitefield Main Rd, Bangalore Urban, Karnataka - 560066",182 C SERVICE RD WHITEFIELD MN RD BANGALORE URBAN KARNATAKA 560066,Bengaluru Urban,560066,Machine Tools,Manufacturing,False,False,True,560066::Manufacturing,560066::DECC,CLOSED,2020-11-29,ENT-00249
GST-KA-BLRU-2016-000197,GST,DECCAN PRECISION CO,DECCAN PRECISION,"No 182, C Service Road, Whitefield Main Road, Bangalore Urban, Karnataka - 560066",NO 182 C SERVICE RD WHITEFIELD MN RD BANGALORE URBAN KARNATAKA 560066,Bengaluru Urban,560066,Machine Tools,Manufacturing,False,False,False,560066::Manufacturing,560066::DECC,ACTIVE,2026-03-13,ENT-00249
PCB/BLRU/CTO/2025/00110,KSPCB,Deccan Precision Co,DECCAN PRECISION,"No 182, C Service Road, Whitefield Mn Rd, B'luru Urban, Karnataka - 560066",NO 182 C SERVICE RD WHITEFIELD MN RD B LURU URBAN KARNATAKA 560066,Bengaluru Urban,560066,Machine Tools,Manufacturing,False,False,True,560066::Manufacturing,560066::DECC,ACTIVE,2026-03-10,ENT-00249
KAR-SHOP-BLRU-2022-000163,SHOP,M/S Deccan Precision Co,DECCAN PRECISION,"No. 182, C Service Road, Whitefield Mn Rd, Bangalore Urban, K'taka - 560066",NO 182 C SERVICE RD WHITEFIELD MN RD BANGALORE URBAN K TAKA 560066,Bengaluru Urban,560066,Machine Tools,Manufacturing,False,False,False,560066::Manufacturing,560066::DECC,DORMANT,2024-07-04,ENT-00249
UDYAM-KR-BLRU-2021-000123,UDYAM,DECCAN PRECISION CO,DECCAN PRECISION,"No 182, C Service Road, Whitefield Mn Rd, Bangalore Urban, K'taka - 560066",NO 182 C SERVICE RD WHITEFIELD MN RD BANGALORE URBAN K TAKA 560066,Bengaluru Urban,560066,Machine Tools,Manufacturing,False,False,True,560066::Manufacturing,560066::DECC,DORMANT,2023-12-23,ENT-00249
GST-KA-BLRU-2019-000198,GST,Aarohi Graphics Solutions,AAROHI GRAPHICS SOLUTIONS,"No. 103, C 3rd Phase, Yelahanka, Bengaluru Urban, K'taka - 560064",NO 103 C 3RD PHASE YELAHANKA BANGALORE URBAN K TAKA 560064,Bengaluru Urban,560064,Printing / Packaging,Manufacturing,True,True,True,560064::Manufacturing,560064::AARO,CLOSED,2022-04-04,ENT-00250
LAB-KA-BLRU-2020-000122,LABOUR,M/S Aarohi Graphics Solutions,AAROHI GRAPHICS SOLUTIONS,"No. 103, C 3rd Phase, Yelahanka, Bengaluru Urban, KA - 560064",NO 103 C 3RD PHASE YELAHANKA BANGALORE URBAN KA 560064,Bengaluru Urban,560064,Printing / Packaging,Manufacturing,True,False,True,560064::Manufacturing,560064::AARO,DORMANT,2025-02-19,ENT-00250
KAR-SHOP-BLRU-2019-000164,SHOP,Aarohi Graphics Solutions,AAROHI GRAPHICS SOLUTIONS,"#103, C 3rd Phase, Yelahanka, Bengaluru Urban, K'taka - 560064",103 C 3RD PHASE YELAHANKA BANGALORE URBAN K TAKA 560064,Bengaluru Urban,560064,Printing / Packaging,Manufacturing,True,False,False,560064::Manufacturing,560064::AARO,CLOSED,2020-06-04,ENT-00250
BBMP-TL-BOMM-2015-000096,BBMP,Prakruthi Clinic Pvt Ltd,PRAKRUTHI CLINIC,"125, B Behind Metro, HSR Layout, B'luru Urban, KA - 560102",125 B BEHIND METRO HSR LAYOUT B LURU URBAN KA 560102,Bengaluru Urban,560102,Pharmacy / Medical Retail,Retail,False,False,False,560102::Retail,560102::PRAK,ACTIVE,2026-04-16,ENT-00251
GST-KA-BLRU-2018-000199,GST,M/S Prakruthi Clinic Pvt Ltd,PRAKRUTHI CLINIC,"No. 125, B Behind Metro, HSR Layout, B'luru Urban, K'taka - 560102",NO 125 B BEHIND METRO HSR LAYOUT B LURU URBAN K TAKA 560102,Bengaluru Urban,560102,Pharmacy / Medical Retail,Retail,True,False,False,560102::Retail,560102::PRAK,CLOSED,2019-03-01,ENT-00251
LAB-KA-BLRU-2025-000123,LABOUR,Prakruthi Clinic Pvt. Ltd.,PRAKRUTHI CLINIC,"#125, B Behind Metro, HSR Layout, B'luru Urban, K'taka - 560102",125 B BEHIND METRO HSR LAYOUT B LURU URBAN K TAKA 560102,Bengaluru Urban,560102,Pharmacy / Medical Retail,Retail,False,False,False,560102::Retail,560102::PRAK,ACTIVE,2025-05-28,ENT-00251
KAR-SHOP-BLRU-2015-000165,SHOP,Prakruthi Clinic Pvt Ltd,PRAKRUTHI CLINIC,"#125, B Behind Metro, HSR Layout, Bangalore Urban, K'taka - 560102",125 B BEHIND METRO HSR LAYOUT BANGALORE URBAN K TAKA 560102,Bengaluru Urban,560102,Pharmacy / Medical Retail,Retail,False,False,False,560102::Retail,560102::PRAK,DORMANT,2023-07-24,ENT-00251
BBMP-TL-SOUT-2021-000097,BBMP,M/S Sree Pharma Pv Ltd,SREE PHARMA PV,"#275, B 3rd Phase, Bommanahalli, B'luru Urban, KA - 560068",275 B 3RD PHASE BOMMANAHALLI B LURU URBAN KA 560068,Bengaluru Urban,560068,Pharmacy / Medical Retail,Retail,True,False,False,560068::Retail,560068::SREE,DORMANT,2025-03-08,ENT-00252
GST-KA-BLRU-2025-000200,GST,M/S Sree Pharma Pvt Ltd,SREE PHARMA,"No 275, B 3rd Phase, Bommanahalli, B'luru Urban, KA - 560068",NO 275 B 3RD PHASE BOMMANAHALLI B LURU URBAN KA 560068,Bengaluru Urban,560068,Pharmacy / Medical Retail,Retail,True,False,True,560068::Retail,560068::SREE,ACTIVE,2025-09-17,ENT-00252
KAR-SHOP-BLRU-2023-000166,SHOP,Sree Pharma Pvt. Ltd.,SREE PHARMA,"No 275, B 3rd Phase, Bommanahalli, Bangalore Urban, Karnataka - 560068",NO 275 B 3RD PHASE BOMMANAHALLI BANGALORE URBAN KARNATAKA 560068,Bengaluru Urban,560068,Pharmacy / Medical Retail,Retail,True,False,True,560068::Retail,560068::SREE,ACTIVE,2025-11-19,ENT-00252
UDYAM-KR-BLRU-2019-000124,UDYAM,Sree Pharma Pvt Ltd,SREE PHARMA,"275, B 3rd Phase, Bommanahalli, Bengaluru Urban, KA - 560068",275 B 3RD PHASE BOMMANAHALLI BANGALORE URBAN KA 560068,Bengaluru Urban,560068,Pharmacy / Medical Retail,Retail,True,False,True,560068::Retail,560068::SREE,CLOSED,2020-01-24,ENT-00252
BBMP-TL-BENG-2021-000098,BBMP,Bangalore LLP,BANGALORE,"227, A Service Road, Doddaballapura, B'luru Rural, KA - 561203",227 A SERVICE RD DODDABALLAPURA B LURU RURAL KA 561203,Bengaluru Rural,562157,Pharmacy / Medical Retail,Retail,True,False,False,562157::Retail,562157::BANG,CLOSED,2022-09-09,ENT-00253
GST-KA-BLRR-2025-000201,GST,Bangalore LLP,BANGALORE,"#227, A Service Road, Doddaballapura, Bengaluru Rural, Karnataka - 561203",227 A SERVICE RD DODDABALLAPURA BANGALORE RURAL KARNATAKA 561203,Bengaluru Rural,561203,Pharmacy / Medical Retail,Retail,True,False,False,561203::Retail,561203::BANG,ACTIVE,2025-10-02,ENT-00253
KAR-SHOP-BLRR-2020-000167,SHOP,Bangalore LLP,BANGALORE,"227, A Service Road, Doddaballapura, Bengaluru Rural, K'taka - 561203",227 A SERVICE RD DODDABALLAPURA BANGALORE RURAL K TAKA 561203,Bengaluru Rural,561203,Pharmacy / Medical Retail,Retail,False,False,False,561203::Retail,561203::BANG,CLOSED,2021-11-13,ENT-00253
BBMP-TL-NORT-2023-000099,BBMP,Sinidhi LLP,SINIDHI,"#267, Shed Near Bus Stop, Hebbal Industrial Area, Mysuru, K'taka - 570016",267 SHED NEAR BUS STOP HEBBAL IND AREA MYSURU K TAKA 570016,Mysuru,570016,Restaurant / Cafe,Service,False,False,False,570016::Service,570016::SINI,DORMANT,2024-11-18,ENT-00254
GST-KA-MYS-2019-000202,GST,M/S Srinidhi LLP,SRINIDHI,"267, Shed Near Bus Stop, Hebbal Industrial Estate, Mysuru, KA - 570016",267 SHED NEAR BUS STOP HEBBAL IND ESTATE MYSURU KA 570016,Mysuru,570016,Restaurant / Cafe,Service,False,False,True,570016::Service,570016::SRIN,DORMANT,2024-09-12,ENT-00254
KAR-SHOP-MYS-2021-000168,SHOP,M/S Srinidhi LLP,SRINIDHI,"No 267, Shed Near Bus Stop, Hebbal Industrial Estate, Mysuru, KA - 570016",NO 267 SHED NEAR BUS STOP HEBBAL IND ESTATE MYSURU KA 570016,Mysuru,570016,Restaurant / Cafe,Service,False,False,True,570016::Service,570016::SRIN,CLOSED,2022-06-16,ENT-00254
UDYAM-KR-MYS-2019-000125,UDYAM,SRINIDHI LLP,SRINIDHI,"No. 267, Shed Near Bus Stop, Hebbal Industrial Estate, Mysuru, KA - 570016",NO 267 SHED NEAR BUS STOP HEBBAL IND ESTATE MYSURU KA 570016,Mysuru,570016,Restaurant / Cafe,Service,False,False,True,570016::Service,570016::SRIN,CLOSED,2019-08-21,ENT-00254
BBMP-TL-DASA-2018-000100,BBMP,M/S Sharma LLP,SHARMA,"No 190, Plot Industrial Layout, Peenya Industrial Area, B'luru Urban, K'taka - 560058",NO 190 PLOT IND LAYOUT PEENYA IND AREA B LURU URBAN K TAKA 560058,Bengaluru Urban,560058,Food Processing,Manufacturing,False,False,False,560058::Manufacturing,560058::SHAR,CLOSED,2020-09-25,ENT-00255
KFBIS-FAC-BLRU-2021-000113,FACTORY,M/S Sharma LLP,SHARMA,"190, Plot Industrial Layout, Peenya Indl Area, Bangalore Urban, K'taka - 560058",190 PLOT IND LAYOUT PEENYA INDL AREA BANGALORE URBAN K TAKA 560058,Bengaluru Urban,560058,Food Processing,Manufacturing,False,False,False,560058::Manufacturing,560058::SHAR,DORMANT,2024-12-25,ENT-00255
GST-KA-BLRU-2024-000203,GST,Sharma LLP,SHARMA,"No. 190, Plot Industrial Layout, Peenya Indl Area, B'luru Urban, KA - 560058",NO 190 PLOT IND LAYOUT PEENYA INDL AREA B LURU URBAN KA 560058,Bengaluru Urban,560058,Food Processing,Manufacturing,True,True,False,560058::Manufacturing,560058::SHAR,DORMANT,2025-02-23,ENT-00255
PCB/BLRU/CTE/2024/00111,KSPCB,Sharma LLP,SHARMA,"No 190, Plot Industrial Layout, Peenya Indl Area, Bangalore Urban, KA - 560058",NO 190 PLOT IND LAYOUT PEENYA INDL AREA BANGALORE URBAN KA 560058,Bengaluru Urban,560058,Food Processing,Manufacturing,True,False,False,560058::Manufacturing,560058::SHAR,ACTIVE,2025-07-03,ENT-00255
LAB-KA-BLRU-2025-000124,LABOUR,Sharma LLP,SHARMA,"#190, Plot Industrial Layout, Peenya Indl Area, Bengaluru Urban, Karnataka - 560058",190 PLOT IND LAYOUT PEENYA INDL AREA BANGALORE URBAN KARNATAKA 560058,Bengaluru Urban,560058,Food Processing,Manufacturing,False,False,False,560058::Manufacturing,560058::SHAR,ACTIVE,2025-08-24,ENT-00255
KFBIS-FAC-BLRR-2021-000114,FACTORY,Navya Mold LLP,NAVYA MOLD,"No. 234, B 1st Cross, Hoskote, Bangalore Rural, Karnataka - 562114",NO 234 B 1ST CRS HOSKOTE BANGALORE RURAL KARNATAKA 562114,Bengaluru Rural,562114,Plastic Moulding,Manufacturing,False,False,True,562114::Manufacturing,562114::NAVY,CLOSED,2021-09-04,ENT-00256
PCB/BLRR/CTO/2021/00112,KSPCB,Navya Mold LLP,NAVYA MOLD,"#234, B 1st Cross, Hoskote, B'luru Rural, K'taka - 562114",234 B 1ST CRS HOSKOTE B LURU RURAL K TAKA 562114,Bengaluru Rural,562114,Plastic Moulding,Manufacturing,True,False,False,562114::Manufacturing,562114::NAVY,ACTIVE,2026-01-05,ENT-00256
LAB-KA-BLRR-2024-000125,LABOUR,Navya Mold LLP,NAVYA MOLD,"234, B 1st Cross, Hoskote, Bangalore Rural, KA - 562114",234 B 1ST CRS HOSKOTE BANGALORE RURAL KA 562114,Bengaluru Rural,562114,Plastic Moulding,Manufacturing,True,False,True,562114::Manufacturing,562114::NAVY,DORMANT,2024-10-13,ENT-00256
KAR-SHOP-BLRR-2017-000169,SHOP,Navya Mold LLP,NAVYA MOLD,"No. 234, B 1st Crs, Hoskote, Bangalore Rural, Karnataka - 562114",NO 234 B 1ST CRS HOSKOTE BANGALORE RURAL KARNATAKA 562114,Bengaluru Rural,562114,Plastic Moulding,Manufacturing,False,True,True,562114::Manufacturing,562114::NAVY,CLOSED,2022-08-06,ENT-00256
UDYAM-KR-BLRR-2020-000126,UDYAM,Navya Mol LLP,NAVYA MOL,"234, B 1st Crs, Hoskote, Bengaluru Rural, Karnataka - 562114",234 B 1ST CRS HOSKOTE BANGALORE RURAL KARNATAKA 562114,Bengaluru Rural,562114,Plastic Moulding,Manufacturing,True,False,True,562114::Manufacturing,562114::NAVY,CLOSED,2025-02-18,ENT-00256
BBMP-TL-YELA-2022-000101,BBMP,Siddhi Enterprises,SIDDHI ENTERPRISES,"No. 73, Plot Sector, Yelahanka, Bengaluru Urban, KA - 560064",NO 73 PLOT SECTOR YELAHANKA BANGALORE URBAN KA 560064,Bengaluru Urban,560064,Logistics / Warehouse,Service,False,True,True,560064::Service,560064::SIDD,DORMANT,2024-11-30,ENT-00257
KFBIS-FAC-BLRU-2019-000115,FACTORY,M/S Sidhi Entp,SIDHI ENTP,"No 73, Plot Sector, Yelahanka, Bengaluru Urban, Karnataka - 560064",NO 73 PLOT SECTOR YELAHANKA BANGALORE URBAN KARNATAKA 560064,Bengaluru Urban,560064,Logistics / Warehouse,Service,False,False,True,560064::Service,560064::SIDH,ACTIVE,2025-07-25,ENT-00257
KAR-SHOP-BLRU-2020-000170,SHOP,Siddhi Enteprises,SIDDHI ENTEPRISES,"No 73, Plot Sector, Yelahanka, Bangalore Urban, Karnataka - 560064",NO 73 PLOT SECTOR YELAHANKA BANGALORE URBAN KARNATAKA 560064,Bengaluru Urban,560064,Logistics / Warehouse,Service,False,True,True,560064::Service,560064::SIDD,DORMANT,2023-09-19,ENT-00257
KFBIS-FAC-BLRU-2020-000116,FACTORY,Vijaya Industries Works,VIJAYA INDUSTRIES WORKS,"#15, Shed 3rd Phase, Jayanagar, Bengaluru Urban, Karnataka - 560078",15 SHED 3RD PHASE JAYANAGAR BANGALORE URBAN KARNATAKA 560078,Bengaluru Urban,560078,Machine Tools,Manufacturing,True,False,False,560078::Manufacturing,560078::VIJA,DORMANT,2024-06-01,ENT-00258
GST-KA-BLRU-2024-000204,GST,Vijaya Industries Works,VIJAYA INDUSTRIES WORKS,"#15, Shed 3rd Phase, Jayanagar, Bangalore Urban, Karnataka - 560078",15 SHED 3RD PHASE JAYANAGAR BANGALORE URBAN KARNATAKA 560078,Bengaluru Urban,560078,Machine Tools,Manufacturing,True,False,False,560078::Manufacturing,560078::VIJA,DORMANT,2024-06-30,ENT-00258
PCB/BLRU/CTE/2025/00113,KSPCB,Vijaya Industries Works,VIJAYA INDUSTRIES WORKS,"15, Shed 3rd Phase, Jayanagar, Bengaluru Urban, Karnataka - 560078",15 SHED 3RD PHASE JAYANAGAR BANGALORE URBAN KARNATAKA 560078,Bengaluru Urban,560078,Machine Tools,Manufacturing,False,False,False,560078::Manufacturing,560078::VIJA,ACTIVE,2025-09-23,ENT-00258
LAB-KA-BLRU-2015-000126,LABOUR,Vijaya Industries Works,VIJAYA INDUSTRIES WORKS,"No. 15, Shed 3rd Phase, Jayanagar, B'luru Urban, K'taka - 560078",NO 15 SHED 3RD PHASE JAYANAGAR B LURU URBAN K TAKA 560078,Bengaluru Urban,560078,Machine Tools,Manufacturing,True,False,False,560078::Manufacturing,560078::VIJA,CLOSED,2022-07-23,ENT-00258
UDYAM-KR-BLRU-2017-000127,UDYAM,VIJAYA INDUSTRIES WORKS,VIJAYA INDUSTRIES WORKS,"No. 15, Shed 3rd Phase, Jayanagar, Bengaluru Urban, K'taka - 560078",NO 15 SHED 3RD PHASE JAYANAGAR BANGALORE URBAN K TAKA 560078,Bengaluru Urban,560078,Machine Tools,Manufacturing,True,False,False,560078::Manufacturing,560078::VIJA,CLOSED,2021-03-07,ENT-00258
BBMP-TL-SOUT-2015-000102,BBMP,Veda Logistics Works,VEDA LOGISTICS WORKS,"No 252, B 3rd Phase, Bannerghatta Road, Bangalore Urban, Karnataka - 560076",NO 252 B 3RD PHASE BANNERGHATTA RD BANGALORE URBAN KARNATAKA 560076,Bengaluru Urban,560076,Logistics / Warehouse,Service,True,False,False,560076::Service,560076::VEDA,ACTIVE,2025-12-12,ENT-00259
LAB-KA-BLRU-2018-000127,LABOUR,Veda Logistics Works,VEDA LOGISTICS WORKS,"#252, B 3rd Phase, Bannerghatta Road, B'luru Urban, KA - 560076",252 B 3RD PHASE BANNERGHATTA RD B LURU URBAN KA 560076,Bengaluru Urban,560076,Logistics / Warehouse,Service,False,False,False,560076::Service,560076::VEDA,CLOSED,2020-07-28,ENT-00259
KAR-SHOP-BLRU-2016-000171,SHOP,Veda Logistics Works,VEDA LOGISTICS WORKS,"No. 252, B 3rd Phase, Bannerghatta Road, B'luru Urban, Karnataka - 560076",NO 252 B 3RD PHASE BANNERGHATTA RD B LURU URBAN KARNATAKA 560076,Bengaluru Urban,560076,Logistics / Warehouse,Service,False,True,False,560076::Service,560076::VEDA,DORMANT,2024-09-11,ENT-00259
GST-KA-BLRU-2019-000205,GST,Siddhi Packaging Enterprises,SIDDHI PACKAGING ENTERPRISES,"No 180, Plot Main Rd, Whitefield Main Rd, B'luru Urban, KA - 560066",NO 180 PLOT MN RD WHITEFIELD MN RD B LURU URBAN KA 560066,Bengaluru Urban,560066,Printing / Packaging,Manufacturing,False,False,False,560066::Manufacturing,560066::SIDD,CLOSED,2022-05-07,ENT-00260
PCB/BLRU/CTE/2025/00114,KSPCB,Siddhi Packaging Entp,SIDDHI PACKAGING ENTP,"No 180, Plot Main Rd, Whitefield Main Rd, Bangalore Urban, Karnataka - 560066",NO 180 PLOT MN RD WHITEFIELD MN RD BANGALORE URBAN KARNATAKA 560066,Bengaluru Urban,560066,Printing / Packaging,Manufacturing,False,False,False,560066::Manufacturing,560066::SIDD,ACTIVE,2026-01-21,ENT-00260
KAR-SHOP-BLRU-2018-000172,SHOP,M/S Siddhi Packaging Enterprises,SIDDHI PACKAGING ENTERPRISES,"#180, Plot Main Rd, Whitefield Main Rd, Bengaluru Urban, KA - 560066",180 PLOT MN RD WHITEFIELD MN RD BANGALORE URBAN KA 560066,Bengaluru Urban,560066,Printing / Packaging,Manufacturing,False,False,True,560066::Manufacturing,560066::SIDD,CLOSED,2022-09-13,ENT-00260
KFBIS-FAC-BLRU-2024-000117,FACTORY,Veda Print Enterprises,VEDA PRINT ENTERPRISES,"4, B Near Bus Stop, BTM Layout, Bengaluru Urban, K'taka - 560029",4 B NEAR BUS STOP BTM LAYOUT BANGALORE URBAN K TAKA 560029,Bengaluru Urban,560029,Printing / Packaging,Manufacturing,False,True,False,560029::Manufacturing,560029::VEDA,ACTIVE,2025-07-13,ENT-00261
GST-KA-BLRU-2018-000206,GST,M/S Veda Print Enterprises,VEDA PRINT ENTERPRISES,"No 4, B Near Bus Stop, BTM Layout, Bengaluru Urban, Karnataka - 560029",NO 4 B NEAR BUS STOP BTM LAYOUT BANGALORE URBAN KARNATAKA 560029,Bengaluru Urban,560029,Printing / Packaging,Manufacturing,True,True,False,560029::Manufacturing,560029::VEDA,CLOSED,2021-07-03,ENT-00261
PCB/BLRU/CTO/2021/00115,KSPCB,M/S Veda Print Entp,VEDA PRINT ENTP,"No 4, B Near Bus Stop, BTM Layout, Bangalore Urban, KA - 560029",NO 4 B NEAR BUS STOP BTM LAYOUT BANGALORE URBAN KA 560029,Bengaluru Urban,560029,Printing / Packaging,Manufacturing,False,True,False,560029::Manufacturing,560029::VEDA,ACTIVE,2026-01-25,ENT-00261
KAR-SHOP-BLRU-2023-000173,SHOP,Veda Print Enterprises,VEDA PRINT ENTERPRISES,"No. 4, B Near Bus Stop, BTM Layout, B'luru Urban, K'taka - 560029",NO 4 B NEAR BUS STOP BTM LAYOUT B LURU URBAN K TAKA 560029,Bengaluru Urban,560001,Printing / Packaging,Manufacturing,False,False,False,560001::Manufacturing,560001::VEDA,DORMANT,2024-03-30,ENT-00261
UDYAM-KR-BLRU-2015-000128,UDYAM,Veda Print Enterprises,VEDA PRINT ENTERPRISES,"4, B Near Bus Stop, BTM Layout, Bengaluru Urban, Karnataka - 560029",4 B NEAR BUS STOP BTM LAYOUT BANGALORE URBAN KARNATAKA 560029,Bengaluru Urban,560029,Printing / Packaging,Manufacturing,True,True,False,560029::Manufacturing,560029::VEDA,CLOSED,2017-06-26,ENT-00261
BBMP-TL-BENG-2020-000103,BBMP,Meghana Spices LLP,MEGHANA SPICES,"#102, Industrial Layout, Hoskote, Bangalore Rural, Karnataka - 562114",102 IND LAYOUT HOSKOTE BANGALORE RURAL KARNATAKA 562114,Bengaluru Rural,562114,Food Processing,Manufacturing,False,False,True,562114::Manufacturing,562114::MEGH,DORMANT,2023-12-31,ENT-00262
PCB/BLRR/CTE/2019/00116,KSPCB,Meghana Spices LLP,MEGHANA SPICES,"No. 102, Industrial Layout, Hoskote, Bangalore Rural, Karnataka - 562114",NO 102 IND LAYOUT HOSKOTE BANGALORE RURAL KARNATAKA 562114,Bengaluru Rural,562114,Food Processing,Manufacturing,False,False,True,562114::Manufacturing,562114::MEGH,CLOSED,2026-02-02,ENT-00262
KAR-SHOP-BLRR-2019-000174,SHOP,Meghana Spices LLP,MEGHANA SPICES,"No 102, Industrial Layout, Hoskote, Bangalore Rural, KA",NO 102 IND LAYOUT HOSKOTE BANGALORE RURAL KA,Bengaluru Rural,562114,Food Processing,Manufacturing,False,False,True,562114::Manufacturing,562114::MEGH,DORMANT,2023-11-15,ENT-00262
UDYAM-KR-BLRR-2015-000129,UDYAM,M/S Meghana Spices LLP,MEGHANA SPICES,"#102, Industrial Layout, Hoskote, Bangalore Rural, KA - 562114",102 IND LAYOUT HOSKOTE BANGALORE RURAL KA 562114,Bengaluru Rural,562114,Food Processing,Manufacturing,False,False,True,562114::Manufacturing,562114::MEGH,ACTIVE,2026-02-25,ENT-00262
KFBIS-FAC-MYS-2017-000118,FACTORY,M/S Aditya Polymers Associates,ADITYA POLYMERS ASSOCIATES,"#95, Plot Main Rd, Devaraja Mohalla, Mysuru, Karnataka - 570001",95 PLOT MN RD DEVARAJA MOHALLA MYSURU KARNATAKA 570001,Mysuru,570001,Plastic Moulding,Manufacturing,False,True,True,570001::Manufacturing,570001::ADIT,CLOSED,2022-06-25,ENT-00263
GST-KA-MYS-2021-000207,GST,Aditya Polymers Associates,ADITYA POLYMERS ASSOCIATES,"No 95, Plot Main Road, Devaraja Mohalla, Mysuru, K'taka - 570001",NO 95 PLOT MN RD DEVARAJA MOHALLA MYSURU K TAKA 570001,Mysuru,570001,Plastic Moulding,Manufacturing,True,True,True,570001::Manufacturing,570001::ADIT,ACTIVE,2026-02-28,ENT-00263
PCB/MYS/CTE/2018/00117,KSPCB,M/S Aditya Polymers Associates,ADITYA POLYMERS ASSOCIATES,"95, Plot Main Road, Devaraja Mohalla, Mysuru, KA - 570001",95 PLOT MN RD DEVARAJA MOHALLA MYSURU KA 570001,Mysuru,570001,Plastic Moulding,Manufacturing,False,False,False,570001::Manufacturing,570001::ADIT,CLOSED,2019-02-19,ENT-00263
LAB-KA-MYS-2020-000128,LABOUR,Aditya Polymers Associates,ADITYA POLYMERS ASSOCIATES,"#95, Plot Main Road, Devaraja Mohalla, Mysuru, KA - 570001",95 PLOT MN RD DEVARAJA MOHALLA MYSURU KA 570001,Mysuru,570001,Plastic Moulding,Manufacturing,True,True,False,570001::Manufacturing,570001::ADIT,DORMANT,2024-03-15,ENT-00263
KAR-SHOP-MYS-2023-000175,SHOP,Aditya Polymers Associates,ADITYA POLYMERS ASSOCIATES,"95, Plot Main Road, Devaraja Mohalla, Mysuru, KA - 570001",95 PLOT MN RD DEVARAJA MOHALLA MYSURU KA 570001,Mysuru,570001,Plastic Moulding,Manufacturing,True,False,True,570001::Manufacturing,570001::ADIT,DORMANT,2024-12-03,ENT-00263
KFBIS-FAC-BLRU-2016-000119,FACTORY,M/S Veda Coatings Solutions,VEDA COATINGS SOLUTIONS,"22, D 2nd Main, Whitefield Main Road, Bangalore Urban, KA - 560066",22 D 2ND MN WHITEFIELD MN RD BANGALORE URBAN KA 560066,Bengaluru Urban,560066,Chemical Blending,Manufacturing,False,False,True,560066::Manufacturing,560066::VEDA,CLOSED,2017-03-12,ENT-00264
GST-KA-BLRU-2017-000208,GST,Veda Coatings Solutions,VEDA COATINGS SOLUTIONS,"22, D 2nd Main, Whitefield Main Road, Bengaluru Urban, Karnataka - 560066",22 D 2ND MN WHITEFIELD MN RD BANGALORE URBAN KARNATAKA 560066,Bengaluru Urban,560066,Chemical Blending,Manufacturing,True,False,False,560066::Manufacturing,560066::VEDA,ACTIVE,2026-03-16,ENT-00264
PCB/BLRU/CTO/2022/00118,KSPCB,Veda Coatings Solutions,VEDA COATINGS SOLUTIONS,"No. 22, D 2nd Main, Whitefield Mn Rd, B'luru Urban, KA - 560066",NO 22 D 2ND MN WHITEFIELD MN RD B LURU URBAN KA 560066,Bengaluru Urban,560066,Chemical Blending,Manufacturing,True,False,True,560066::Manufacturing,560066::VEDA,DORMANT,2023-08-03,ENT-00264
UDYAM-KR-BLRU-2018-000130,UDYAM,M/S Veda Coatings Solutions,VEDA COATINGS SOLUTIONS,"#22, D 2nd Main, Whitefield Main Rd, B'luru Urban, KA - 560066",22 D 2ND MN WHITEFIELD MN RD B LURU URBAN KA 560066,Bengaluru Urban,560066,Chemical Blending,Manufacturing,False,False,False,560066::Manufacturing,560066::VEDA,CLOSED,2021-12-02,ENT-00264
BBMP-TL-BENG-2016-000104,BBMP,M/S Sharma Textiles Pvt Ltd,SHARMA TEXTILES,"No 67, D Industrial Layout, Hoskote, Bengaluru Rural, KA - 562114",NO 67 D IND LAYOUT HOSKOTE BANGALORE RURAL KA 562114,Bengaluru Rural,562114,Textile / Garments,Manufacturing,False,False,False,562114::Manufacturing,562114::SHAR,CLOSED,2023-04-03,ENT-00265
LAB-KA-BLRR-2019-000129,LABOUR,Sharma Textiles Pvt Ltd,SHARMA TEXTILES,"#67, D Industrial Layout, Hoskote, Bengaluru Rural, K'taka - 562114",67 D IND LAYOUT HOSKOTE BANGALORE RURAL K TAKA 562114,Bengaluru Rural,562114,Textile / Garments,Manufacturing,False,False,False,562114::Manufacturing,562114::SHAR,CLOSED,2022-08-27,ENT-00265
BBMP-TL-BOMM-2022-000105,BBMP,Sree Print Co,SREE PRINT,"No. 106, A Behind Metro, HSR Layout, Bengaluru Urban, Karnataka - 560102",NO 106 A BEHIND METRO HSR LAYOUT BANGALORE URBAN KARNATAKA 560102,Bengaluru Urban,560102,Printing / Packaging,Manufacturing,True,False,True,560102::Manufacturing,560102::SREE,ACTIVE,2025-07-05,ENT-00266
KFBIS-FAC-BLRU-2021-000120,FACTORY,Sree Prin Co,SREE PRIN,"#106, A Behind Metro, HSR Layout, Bangalore Urban, Karnataka - 560102",106 A BEHIND METRO HSR LAYOUT BANGALORE URBAN KARNATAKA 560102,Bengaluru Urban,560102,Printing / Packaging,Manufacturing,True,False,False,560102::Manufacturing,560102::SREE,CLOSED,2021-10-20,ENT-00266
GST-KA-BLRU-2015-000209,GST,M/S Sree Print Co,SREE PRINT,"No. 106, A Behind Metro, HSR Layout, Bengaluru Urban, Karnataka - 560102",NO 106 A BEHIND METRO HSR LAYOUT BANGALORE URBAN KARNATAKA 560102,Bengaluru Urban,560102,Printing / Packaging,Manufacturing,True,False,True,560102::Manufacturing,560102::SREE,CLOSED,2016-12-19,ENT-00266
PCB/BLRU/CTE/2022/00119,KSPCB,M/S Sree Print Co,SREE PRINT,"No 106, A Behind Metro, HSR Layout, Bengaluru Urban, KA - 560102",NO 106 A BEHIND METRO HSR LAYOUT BANGALORE URBAN KA 560102,Bengaluru Urban,560102,Printing / Packaging,Manufacturing,True,False,True,560102::Manufacturing,560102::SREE,DORMANT,2023-11-25,ENT-00266
KAR-SHOP-BLRU-2016-000176,SHOP,Sree Print Co,SREE PRINT,"#106, A Behind Metro, HSR Layout, Bengaluru Urban, Karnataka - 560102",106 A BEHIND METRO HSR LAYOUT BANGALORE URBAN KARNATAKA 560102,Bengaluru Urban,560102,Printing / Packaging,Manufacturing,False,False,True,560102::Manufacturing,560102::SREE,DORMANT,2024-11-19,ENT-00266
UDYAM-KR-BLRU-2021-000131,UDYAM,M/S Sree Print Co,SREE PRINT,"106, A Behind Metro, HSR Layout, Bangalore Urban, K'taka - 560102",106 A BEHIND METRO HSR LAYOUT BANGALORE URBAN K TAKA 560102,Bengaluru Urban,560102,Printing / Packaging,Manufacturing,True,False,True,560102::Manufacturing,560102::SREE,CLOSED,2022-12-02,ENT-00266
BBMP-TL-BENG-2024-000106,BBMP,Harsha Meals Industries,HARSHA MEALS INDUSTRIES,"No 284, B Industrial Layout, Bagalur, Bangalore Rural, Karnataka - 562157",NO 284 B IND LAYOUT BAGALUR BANGALORE RURAL KARNATAKA 562157,Bengaluru Rural,562157,Restaurant / Cafe,Service,False,False,False,562157::Service,562157::HARS,ACTIVE,2026-03-02,ENT-00267
GST-KA-BLRR-2025-000210,GST,M/S Harsha Meals Industries,HARSHA MEALS INDUSTRIES,"284, B Industrial Layout, Bagalur, Bengaluru Rural, KA - 562157",284 B IND LAYOUT BAGALUR BANGALORE RURAL KA 562157,Bengaluru Rural,562157,Restaurant / Cafe,Service,True,True,True,562157::Service,562157::HARS,ACTIVE,2026-03-30,ENT-00267
LAB-KA-BLRR-2025-000130,LABOUR,Harsha Meals Industries,HARSHA MEALS INDUSTRIES,"No. 284, B Industrial Layout, Bagalur, Bangalore Rural, K'taka - 562157",NO 284 B IND LAYOUT BAGALUR BANGALORE RURAL K TAKA 562157,Bengaluru Rural,562157,Restaurant / Cafe,Service,True,False,False,562157::Service,562157::HARS,ACTIVE,2025-11-14,ENT-00267
KFBIS-FAC-BLRU-2015-000121,FACTORY,Vijaya Moulding Solutions,VIJAYA MOULDING SOLUTIONS,"No. 117, Sector, Whitefield Main Road, Bangalore Urban, KA - 560066",NO 117 SECTOR WHITEFIELD MN RD BANGALORE URBAN KA 560066,Bengaluru Urban,560066,Plastic Moulding,Manufacturing,False,False,True,560066::Manufacturing,560066::VIJA,ACTIVE,2026-02-27,ENT-00268
GST-KA-BLRU-2017-000211,GST,VIJAYA MOULDING SOLUTIONS,VIJAYA MOULDING SOLUTIONS,"No 117, Sector, Whitefield Main Road, B'luru Urban, Karnataka - 560066",NO 117 SECTOR WHITEFIELD MN RD B LURU URBAN KARNATAKA 560066,Bengaluru Urban,560066,Plastic Moulding,Manufacturing,True,False,False,560066::Manufacturing,560066::VIJA,CLOSED,2021-02-01,ENT-00268
PCB/BLRU/CTE/2022/00120,KSPCB,Vijaya Mouding Solutions,VIJAYA MOUDING SOLUTIONS,"#117, Sector, Whitefield Main Road, B'luru Urban, KA - 560066",117 SECTOR WHITEFIELD MN RD B LURU URBAN KA 560066,Bengaluru Urban,560066,Plastic Moulding,Manufacturing,True,False,True,560066::Manufacturing,560066::VIJA,DORMANT,2025-02-03,ENT-00268
LAB-KA-BLRU-2020-000131,LABOUR,M/S Vijaya Moulding Solutions,VIJAYA MOULDING SOLUTIONS,"No. 117, Sector, Whitefield Main Rd, Bengaluru Urban, KA - 560066",NO 117 SECTOR WHITEFIELD MN RD BANGALORE URBAN KA 560066,Bengaluru Urban,560066,Plastic Moulding,Manufacturing,False,False,True,560066::Manufacturing,560066::VIJA,CLOSED,2021-10-05,ENT-00268
KAR-SHOP-BLRU-2019-000177,SHOP,Vijaya Moulding Solutions,VIJAYA MOULDING SOLUTIONS,"No 117, Sector, Whitefield Main Rd, Bangalore Urban, K'taka - 560066",NO 117 SECTOR WHITEFIELD MN RD BANGALORE URBAN K TAKA 560066,Bengaluru Urban,560066,Plastic Moulding,Manufacturing,False,False,True,560066::Manufacturing,560066::VIJA,DORMANT,2023-12-18,ENT-00268
UDYAM-KR-BLRU-2023-000132,UDYAM,M/S Vijaya Moulding Solutions,VIJAYA MOULDING SOLUTIONS,"#117, Sector, Whitefield Main Rd, Bangalore Urban, KA - 560066",117 SECTOR WHITEFIELD MN RD BANGALORE URBAN KA 560066,Bengaluru Urban,560066,Plastic Moulding,Manufacturing,True,False,False,560066::Manufacturing,560066::VIJA,DORMANT,2024-04-03,ENT-00268
BBMP-TL-MAHA-2018-000107,BBMP,Nisarga Printers Pvt Ltd,NISARGA PRINTERS,"209, B 1st Crs, Whitefield Main Road, Bangalore Urban, Karnataka",209 B 1ST CRS WHITEFIELD MN RD BANGALORE URBAN KARNATAKA,Bengaluru Urban,560066,Printing / Packaging,Manufacturing,True,False,False,560066::Manufacturing,560066::NISA,CLOSED,2023-03-16,ENT-00269
GST-KA-BLRU-2020-000212,GST,Nisarga Printers Pvt. Ltd.,NISARGA PRINTERS,"No. 209, B 1st Cr, Whitefield Main Road, Bengaluru Urban, KA - 560066",NO 209 B 1ST CR WHITEFIELD MN RD BANGALORE URBAN KA 560066,Bengaluru Urban,560066,Printing / Packaging,Manufacturing,True,False,False,560066::Manufacturing,560066::NISA,CLOSED,2022-02-14,ENT-00269
LAB-KA-BLRU-2018-000132,LABOUR,Nisarga Printers Pvt Ltd,NISARGA PRINTERS,"209, B 1st Cross, Whitefield Mn Rd, B'luru Urban, KA - 560066",209 B 1ST CRS WHITEFIELD MN RD B LURU URBAN KA 560066,Bengaluru Urban,560066,Printing / Packaging,Manufacturing,False,False,False,560066::Manufacturing,560066::NISA,CLOSED,2020-01-17,ENT-00269
KAR-SHOP-BLRU-2018-000178,SHOP,Nisarga Printers Pvt Ltd,NISARGA PRINTERS,"No. 209, B 1st Cross, Whitefield Main Rd, B'luru Urban, KA - 560066",NO 209 B 1ST CRS WHITEFIELD MN RD B LURU URBAN KA 560066,Bengaluru Urban,560066,Printing / Packaging,Manufacturing,True,False,False,560066::Manufacturing,560066::NISA,DORMANT,2024-12-07,ENT-00269
BBMP-TL-DASA-2016-000108,BBMP,M/S Ananya Cafe Enterprises,ANANYA CAFE ENTERPRISES,"No. 244, Shed 3rd Phase, Peenya Indl Area, B'luru Urban, KA - 560058",NO 244 SHED 3RD PHASE PEENYA INDL AREA B LURU URBAN KA 560058,Bengaluru Urban,560058,Restaurant / Cafe,Service,False,False,False,560058::Service,560058::ANAN,CLOSED,2018-05-17,ENT-00270
GST-KA-BLRU-2021-000213,GST,M/S Ananya Cafe Entp,ANANYA CAFE ENTP,"#244, Shed 3rd Phase, Peenya Indl Area, Bangalore Urban, K'taka - 560058",244 SHED 3RD PHASE PEENYA INDL AREA BANGALORE URBAN K TAKA 560058,Bengaluru Urban,560058,Restaurant / Cafe,Service,True,True,True,560058::Service,560058::ANAN,DORMANT,2024-10-01,ENT-00270
LAB-KA-BLRU-2020-000133,LABOUR,Ananya Cafe Enterprises,ANANYA CAFE ENTERPRISES,"No. 244, Shed 3rd Phase, Peenya Industrial Area, Bengaluru Urban, Karnataka - 560058",NO 244 SHED 3RD PHASE PEENYA IND AREA BANGALORE URBAN KARNATAKA 560058,Bengaluru Urban,560058,Restaurant / Cafe,Service,False,False,True,560058::Service,560058::ANAN,CLOSED,2022-09-20,ENT-00270
KAR-SHOP-BLRU-2023-000179,SHOP,Ananya Cafe Enterprises,ANANYA CAFE ENTERPRISES,"#244, Shed 3rd Phase, Peenya Industrial Estate, Bengaluru Urban, Karnataka - 560058",244 SHED 3RD PHASE PEENYA IND ESTATE BANGALORE URBAN KARNATAKA 560058,Bengaluru Urban,560058,Restaurant / Cafe,Service,False,True,True,560058::Service,560058::ANAN,DORMANT,2024-12-28,ENT-00270
BBMP-TL-MAHA-2017-000109,BBMP,Bangalore Traders,BANGALORE TRADERS,"No. 249, A Industrial Layout, Whitefield Main Road, B'luru Urban, K'taka",NO 249 A IND LAYOUT WHITEFIELD MN RD B LURU URBAN K TAKA,Bengaluru Urban,560066,Pharmacy / Medical Retail,Retail,False,False,True,560066::Retail,560066::BANG,CLOSED,2017-11-17,ENT-00271
GST-KA-BLRU-2018-000214,GST,Bangalore Traders,BANGALORE TRADERS,"No. 249, A Industrial Layout, Whitefield Mn Rd, Bangalore Urban, KA - 560066",NO 249 A IND LAYOUT WHITEFIELD MN RD BANGALORE URBAN KA 560066,Bengaluru Urban,560066,Pharmacy / Medical Retail,Retail,True,False,True,560066::Retail,560066::BANG,CLOSED,2022-06-14,ENT-00271
KAR-SHOP-BLRU-2017-000180,SHOP,M/S Bangalore Traders,BANGALORE TRADERS,"#249, A Industrial Layout, Whitefield Main Road, Bangalore Urban, KA - 560066",249 A IND LAYOUT WHITEFIELD MN RD BANGALORE URBAN KA 560066,Bengaluru Urban,560034,Pharmacy / Medical Retail,Retail,True,False,False,560034::Retail,560034::BANG,DORMANT,2024-01-24,ENT-00271
UDYAM-KR-BLRU-2020-000133,UDYAM,BANGALORE TRADERS,BANGALORE TRADERS,"249, A Industrial Layout, Whitefield Main Road, B'luru Urban, Karnataka - 560066",249 A IND LAYOUT WHITEFIELD MN RD B LURU URBAN KARNATAKA 560066,Bengaluru Urban,560066,Pharmacy / Medical Retail,Retail,False,False,True,560066::Retail,560066::BANG,CLOSED,2023-04-27,ENT-00271
BBMP-TL-SOUT-2018-000110,BBMP,Ganesh Care Company,GANESH CARE,"290, B 3rd Phase, Koramangala, Bangalore Urban, KA - 560034",290 B 3RD PHASE KORAMANGALA BANGALORE URBAN KA 560034,Bengaluru Urban,560034,Pharmacy / Medical Retail,Retail,False,False,False,560034::Retail,560034::GANE,ACTIVE,2026-04-01,ENT-00272
GST-KA-BLRU-2019-000215,GST,M/S Ganesh Care Company,GANESH CARE,"#290, B 3rd Phase, Koramangala, Bengaluru Urban, Karnataka - 560034",290 B 3RD PHASE KORAMANGALA BANGALORE URBAN KARNATAKA 560034,Bengaluru Urban,560034,Pharmacy / Medical Retail,Retail,True,True,False,560034::Retail,560034::GANE,CLOSED,2020-05-25,ENT-00272
KAR-SHOP-BLRU-2018-000181,SHOP,Ganesh Care Company,GANESH CARE,"No. 290, B 3rd Phase, Koramangala, Bangalore Urban, Karnataka - 560034",NO 290 B 3RD PHASE KORAMANGALA BANGALORE URBAN KARNATAKA 560034,Bengaluru Urban,560034,Pharmacy / Medical Retail,Retail,False,True,True,560034::Retail,560034::GANE,CLOSED,2018-10-31,ENT-00272
UDYAM-KR-BLRU-2017-000134,UDYAM,Ganesh Care Co,GANESH CARE,"No. 290, B 3rd Phase, Koramangala, Bangalore Urban, KA - 560034",NO 290 B 3RD PHASE KORAMANGALA BANGALORE URBAN KA 560034,Bengaluru Urban,560034,Pharmacy / Medical Retail,Retail,False,False,True,560034::Retail,560034::GANE,CLOSED,2020-09-28,ENT-00272
GST-KA-BLRU-2019-000216,GST,MYSORE INDUSTRIES,MYSORE INDUSTRIES,"No. 8, Plot Near Bus Stop, Kalyan Nagar, Bengaluru Urban, K'taka - 560043",NO 8 PLOT NEAR BUS STOP KALYAN NAGAR BANGALORE URBAN K TAKA 560043,Bengaluru Urban,560059,Food Processing,Manufacturing,True,True,True,560059::Manufacturing,560059::MYSO,CLOSED,2022-01-02,ENT-00273
PCB/BLRU/CTE/2015/00121,KSPCB,Mysore Industries,MYSORE INDUSTRIES,"8, Plot Near Bus Stop, Kalyan Nagar, B'luru Urban, KA - 560043",8 PLOT NEAR BUS STOP KALYAN NAGAR B LURU URBAN KA 560043,Bengaluru Urban,560043,Food Processing,Manufacturing,False,False,False,560043::Manufacturing,560043::MYSO,CLOSED,2020-07-01,ENT-00273
KAR-SHOP-BLRU-2019-000182,SHOP,Mysore Industries,MYSORE INDUSTRIES,"No 8, Plot Near Bus Stop, Kalyan Nagar, Bangalore Urban, K'taka - 560043",NO 8 PLOT NEAR BUS STOP KALYAN NAGAR BANGALORE URBAN K TAKA 560043,Bengaluru Urban,560043,Food Processing,Manufacturing,False,False,False,560043::Manufacturing,560043::MYSO,DORMANT,2023-12-09,ENT-00273
UDYAM-KR-BLRU-2020-000135,UDYAM,M/S MYSORE INDUSTRIES,MYSORE INDUSTRIES,"8, Plot Near Bus Stop, Kalyan Nagar, Bangalore Urban, Karnataka - 560043",8 PLOT NEAR BUS STOP KALYAN NAGAR BANGALORE URBAN KARNATAKA 560043,Bengaluru Urban,560043,Food Processing,Manufacturing,False,True,False,560043::Manufacturing,560043::MYSO,CLOSED,2022-01-30,ENT-00273
BBMP-TL-BENG-2024-000111,BBMP,Omkar Cafe Indstries,OMKAR CAFE INDSTRIES,"#289, B 3rd Phase, Hoskote, Bengaluru Rural, Karnataka - 562114",289 B 3RD PHASE HOSKOTE BANGALORE RURAL KARNATAKA 562114,Bengaluru Rural,562114,Restaurant / Cafe,Service,False,False,False,562114::Service,562114::OMKA,ACTIVE,2025-08-26,ENT-00274
GST-KA-BLRR-2017-000217,GST,M/SOmkar Cafe Industries,M SOMKAR CAFE INDUSTRIES,"289, B 3rd Phase, Hoskote, Bangalore Rural, KA - 562114",289 B 3RD PHASE HOSKOTE BANGALORE RURAL KA 562114,Bengaluru Rural,562114,Restaurant / Cafe,Service,True,True,False,562114::Service,562114::M SO,DORMANT,2024-11-17,ENT-00274
KAR-SHOP-BLRR-2016-000183,SHOP,M/S Omkar Cafe Industries,OMKAR CAFE INDUSTRIES,"#289, B 3rd Phase, Hoskote, Bengaluru Rural, Karnataka - 562114",289 B 3RD PHASE HOSKOTE BANGALORE RURAL KARNATAKA 562114,Bengaluru Rural,562114,Restaurant / Cafe,Service,False,False,False,562114::Service,562114::OMKA,CLOSED,2021-07-05,ENT-00274
KFBIS-FAC-TUM-2017-000122,FACTORY,Harsha Works,HARSHA WORKS,"282, D Extension, Antharasanahalli Industrial Estate, Tumakuru, KA - 572106",282 D EXTENSION ANTHARASANAHALLI IND ESTATE TUMAKURU KA 572106,Tumakuru,572106,Food Processing,Manufacturing,False,False,False,572106::Manufacturing,572106::HARS,CLOSED,2020-03-25,ENT-00275
GST-KA-TUM-2018-000218,GST,Harsa Works,HARSA WORKS,"No 282, D Extension, Antharasanahalli Industrial Estate, Tumakuru, KA - 572106",NO 282 D EXTENSION ANTHARASANAHALLI IND ESTATE TUMAKURU KA 572106,Tumakuru,572106,Food Processing,Manufacturing,False,False,True,572106::Manufacturing,572106::HARS,DORMANT,2023-10-03,ENT-00275
PCB/TUM/CTE/2022/00122,KSPCB,Harsha Works,HARSHA WORKS,"282, D Extension, Antharasanahalli Industrial Estate, Tumakuru, KA - 572106",282 D EXTENSION ANTHARASANAHALLI IND ESTATE TUMAKURU KA 572106,Tumakuru,572106,Food Processing,Manufacturing,False,False,True,572106::Manufacturing,572106::HARS,CLOSED,2025-02-03,ENT-00275
KAR-SHOP-TUM-2025-000184,SHOP,Harsha Works,HARSHA WORKS,"No. 282, D Extension, Antharasanahalli Industrial Area, Tumakuru, Karnataka - 572106",NO 282 D EXTENSION ANTHARASANAHALLI IND AREA TUMAKURU KARNATAKA 572106,Tumakuru,572106,Food Processing,Manufacturing,False,False,False,572106::Manufacturing,572106::HARS,ACTIVE,2025-07-09,ENT-00275
KFBIS-FAC-BLRU-2022-000123,FACTORY,M/S Omkar Mold Traders,OMKAR MOLD TRADERS,"60, A 1st Cr, BTM Layout, Bangalore Urban, K'taka - 560029",60 A 1ST CR BTM LAYOUT BANGALORE URBAN K TAKA 560029,Bengaluru Urban,560029,Plastic Moulding,Manufacturing,False,False,False,560029::Manufacturing,560029::OMKA,DORMANT,2023-07-02,ENT-00276
GST-KA-BLRU-2017-000219,GST,Omkar Mold Traders,OMKAR MOLD TRADERS,"No 60, A 1st Cross, BTM Layout, Bangalore Urban, KA - 560029",NO 60 A 1ST CRS BTM LAYOUT BANGALORE URBAN KA 560029,Bengaluru Urban,560029,Plastic Moulding,Manufacturing,True,False,False,560029::Manufacturing,560029::OMKA,DORMANT,2023-11-03,ENT-00276
PCB/BLRU/CTE/2022/00123,KSPCB,Omkar Mold Traders,OMKAR MOLD TRADERS,"60, A 1st Cr, BTM Layout, Bengaluru Urban, Karnataka - 560029",60 A 1ST CR BTM LAYOUT BANGALORE URBAN KARNATAKA 560029,Bengaluru Urban,560029,Plastic Moulding,Manufacturing,True,False,False,560029::Manufacturing,560029::OMKA,CLOSED,2022-04-05,ENT-00276
LAB-KA-BLRU-2024-000134,LABOUR,Omkar Mold Traders,OMKAR MOLD TRADERS,"60, A 1st Crs, BTM Layout, Bengaluru Urban, KA",60 A 1ST CRS BTM LAYOUT BANGALORE URBAN KA,Bengaluru Urban,560029,Plastic Moulding,Manufacturing,False,False,False,560029::Manufacturing,560029::OMKA,ACTIVE,2025-07-08,ENT-00276
KAR-SHOP-BLRU-2025-000185,SHOP,Omkar Mold Taders,OMKAR MOLD TADERS,"#60, A 1st Cross, BTM Layout, Bengaluru Urban, K'taka - 560029",60 A 1ST CRS BTM LAYOUT BANGALORE URBAN K TAKA 560029,Bengaluru Urban,560029,Plastic Moulding,Manufacturing,True,False,False,560029::Manufacturing,560029::OMKA,ACTIVE,2026-04-18,ENT-00276
UDYAM-KR-BLRU-2023-000136,UDYAM,Omkar Mold Traders,OMKAR MOLD TRADERS,"No. 60, A 1st Cross, BTM Layout, Bengaluru Urban, Karnataka - 560029",NO 60 A 1ST CRS BTM LAYOUT BANGALORE URBAN KARNATAKA 560029,Bengaluru Urban,560029,Plastic Moulding,Manufacturing,True,True,False,560029::Manufacturing,560029::OMKA,DORMANT,2024-11-17,ENT-00276
BBMP-TL-MAHA-2017-000112,BBMP,Bharath Clinic Associates,BHARATH CLINIC ASSOCIATES,"152, Shed 3rd Phase, Whitefield, B'luru Urban, Karnataka - 560037",152 SHED 3RD PHASE WHITEFIELD B LURU URBAN KARNATAKA 560037,Bengaluru Urban,560037,Pharmacy / Medical Retail,Retail,False,True,False,560037::Retail,560037::BHAR,CLOSED,2020-10-23,ENT-00277
KAR-SHOP-BLRU-2017-000186,SHOP,Bharath Clinic Associates,BHARATH CLINIC ASSOCIATES,"No. 152, Shed 3rd Phase, Whitefield, Bengaluru Urban, Karnataka - 560037",NO 152 SHED 3RD PHASE WHITEFIELD BANGALORE URBAN KARNATAKA 560037,Bengaluru Urban,560037,Pharmacy / Medical Retail,Retail,False,True,False,560037::Retail,560037::BHAR,ACTIVE,2025-06-10,ENT-00277
KFBIS-FAC-BLRU-2021-000124,FACTORY,M/S Asha CNC LLP,ASHA CNC,"#90, A Industrial Layout, Kalyan Nagar, B'luru Urban, K'taka - 560043",90 A IND LAYOUT KALYAN NAGAR B LURU URBAN K TAKA 560043,Bengaluru Urban,560043,Machine Tools,Manufacturing,False,False,False,560043::Manufacturing,560043::ASHA,CLOSED,2022-05-24,ENT-00278
GST-KA-BLRU-2022-000220,GST,ASHA CNC LLP,ASHA CNC,"No 90, A Industrial Layout, Kalyan Nagar, Bangalore Urban, K'taka - 560043",NO 90 A IND LAYOUT KALYAN NAGAR BANGALORE URBAN K TAKA 560043,Bengaluru Urban,560043,Machine Tools,Manufacturing,True,True,False,560043::Manufacturing,560043::ASHA,CLOSED,2023-09-06,ENT-00278
PCB/BLRU/CTO/2020/00124,KSPCB,Asha CNC LLP,ASHA CNC,"No. 90, A Industrial Layout, Kalyan Nagar, Bangalore Urban, KA - 560043",NO 90 A IND LAYOUT KALYAN NAGAR BANGALORE URBAN KA 560043,Bengaluru Urban,560043,Machine Tools,Manufacturing,True,False,True,560043::Manufacturing,560043::ASHA,ACTIVE,2025-07-14,ENT-00278
KAR-SHOP-BLRU-2023-000187,SHOP,Asha CNC LLP,ASHA CNC,"No. 90, A Industrial Layout, Kalyan Nagar, Bangalore Urban, K'taka - 560043",NO 90 A IND LAYOUT KALYAN NAGAR BANGALORE URBAN K TAKA 560043,Bengaluru Urban,560043,Machine Tools,Manufacturing,False,False,False,560043::Manufacturing,560043::ASHA,DORMANT,2023-10-22,ENT-00278
UDYAM-KR-BLRU-2019-000137,UDYAM,ASHA CNC LLP,ASHA CNC,"90, A Industrial Layout, Kalyan Nagar, Bengaluru Urban, KA - 560043",90 A IND LAYOUT KALYAN NAGAR BANGALORE URBAN KA 560043,Bengaluru Urban,560001,Machine Tools,Manufacturing,True,False,True,560001::Manufacturing,560001::ASHA,DORMANT,2024-10-19,ENT-00278
GST-KA-BLRU-2020-000221,GST,Varun Traders,VARUN TRADERS,"No. 9, B 3rd Phase, Bannerghatta Road, Bengaluru Urban, K'taka",NO 9 B 3RD PHASE BANNERGHATTA RD BANGALORE URBAN K TAKA,Bengaluru Urban,560076,Pharmacy / Medical Retail,Retail,True,False,True,560076::Retail,560076::VARU,CLOSED,2021-05-01,ENT-00279
KAR-SHOP-BLRU-2021-000188,SHOP,Varun Traders,VARUN TRADERS,"No 9, B 3rd Phase, Bannerghatta Road, Bangalore Urban, Karnataka - 560076",NO 9 B 3RD PHASE BANNERGHATTA RD BANGALORE URBAN KARNATAKA 560076,Bengaluru Urban,560076,Pharmacy / Medical Retail,Retail,False,False,False,560076::Retail,560076::VARU,DORMANT,2024-08-07,ENT-00279
BBMP-TL-NORT-2024-000113,BBMP,M/S Nandi Meals Enterprises,NANDI MEALS ENTERPRISES,"No 47, C 3rd Phase, Hebbal Indl Area, Mysuru, Karnataka - 570016",NO 47 C 3RD PHASE HEBBAL INDL AREA MYSURU KARNATAKA 570016,Mysuru,570016,Restaurant / Cafe,Service,False,False,False,570016::Service,570016::NAND,ACTIVE,2025-08-20,ENT-00280
GST-KA-MYS-2022-000222,GST,Nandi Meals Enterprses,NANDI MEALS ENTERPRSES,"47, C 3rd Phase, Hebbal Industrial Area, Mysuru, Karnataka - 570016",47 C 3RD PHASE HEBBAL IND AREA MYSURU KARNATAKA 570016,Mysuru,570016,Restaurant / Cafe,Service,True,True,False,570016::Service,570016::NAND,DORMANT,2023-06-11,ENT-00280
KAR-SHOP-MYS-2023-000189,SHOP,M/S Nandi Meals Enterprises,NANDI MEALS ENTERPRISES,"#47, C 3rd Phase, Hebbal Indl Area, Mysuru, Karnataka - 570016",47 C 3RD PHASE HEBBAL INDL AREA MYSURU KARNATAKA 570016,Mysuru,570016,Restaurant / Cafe,Service,True,False,False,570016::Service,570016::NAND,DORMANT,2024-01-10,ENT-00280
BBMP-TL-BENG-2020-000114,BBMP,Navya Garments Works,NAVYA GARMENTS WORKS,"71, A Sector, Bagalur, B'luru Rural, KA - 562157",71 A SECTOR BAGALUR B LURU RURAL KA 562157,Bengaluru Rural,562157,Textile / Garments,Manufacturing,False,False,True,562157::Manufacturing,562157::NAVY,CLOSED,2023-02-14,ENT-00281
GST-KA-BLRR-2025-000223,GST,NAVYA GARMENTS WORKS,NAVYA GARMENTS WORKS,"No. 71, A Sector, Bagalur, B'luru Rural, K'taka - 562157",NO 71 A SECTOR BAGALUR B LURU RURAL K TAKA 562157,Bengaluru Rural,562157,Textile / Garments,Manufacturing,True,False,False,562157::Manufacturing,562157::NAVY,ACTIVE,2026-01-31,ENT-00281
UDYAM-KR-BLRR-2016-000138,UDYAM,M/S Navya Garments Works,NAVYA GARMENTS WORKS,"No. 71, A Sector, Bagalur, Bengaluru Rural, Karnataka - 562157",NO 71 A SECTOR BAGALUR BANGALORE RURAL KARNATAKA 562157,Bengaluru Rural,562157,Textile / Garments,Manufacturing,True,False,False,562157::Manufacturing,562157::NAVY,CLOSED,2019-02-09,ENT-00281
GST-KA-MYS-2019-000224,GST,M/S Omkar Coatings Pvt Ltd,OMKAR COATINGS,"#22, D Main Rd, Hebbal Indl Area, Mysuru, K'taka",22 D MN RD HEBBAL INDL AREA MYSURU K TAKA,Mysuru,570016,Chemical Blending,Manufacturing,True,True,True,570016::Manufacturing,570016::OMKA,DORMANT,2025-04-08,ENT-00282
PCB/MYS/CTE/2023/00125,KSPCB,Omkar Coatings Pvt Ltd,OMKAR COATINGS,"22, D Mn Rd, Hebbal Industrial Area, Mysuru, KA - 570016",22 D MN RD HEBBAL IND AREA MYSURU KA 570016,Mysuru,570016,Chemical Blending,Manufacturing,True,False,False,570016::Manufacturing,570016::OMKA,DORMANT,2024-10-29,ENT-00282
LAB-KA-MYS-2023-000135,LABOUR,Omkar Coatings Pvt. Ltd.,OMKAR COATINGS,"No 22, D Main Rd, Hebbal Industrial Estate, Mysuru, Karnataka",NO 22 D MN RD HEBBAL IND ESTATE MYSURU KARNATAKA,Mysuru,570016,Chemical Blending,Manufacturing,True,False,False,570016::Manufacturing,570016::OMKA,ACTIVE,2025-05-06,ENT-00282
UDYAM-KR-MYS-2018-000139,UDYAM,Omkar Coatings Pvt Ltd,OMKAR COATINGS,"No. 22, D Main Road, Hebbal Indl Area, Mysuru, Karnataka - 570016",NO 22 D MN RD HEBBAL INDL AREA MYSURU KARNATAKA 570016,Mysuru,570016,Chemical Blending,Manufacturing,True,False,True,570016::Manufacturing,570016::OMKA,CLOSED,2020-06-04,ENT-00282
BBMP-TL-YELA-2025-000115,BBMP,M/S Aditya Meds Co,ADITYA MEDS,"No 110, C Behind Metro, Hebbal, Bengaluru Urban, Karnataka - 560024",NO 110 C BEHIND METRO HEBBAL BANGALORE URBAN KARNATAKA 560024,Bengaluru Urban,560024,Pharmacy / Medical Retail,Retail,True,False,True,560024::Retail,560024::ADIT,ACTIVE,2026-03-23,ENT-00283
GST-KA-BLRU-2025-000225,GST,ADITYA MEDS CO,ADITYA MEDS,"No. 110, C Behind Metro, Hebbal, Bangalore Urban, Karnataka - 560024",NO 110 C BEHIND METRO HEBBAL BANGALORE URBAN KARNATAKA 560024,Bengaluru Urban,560024,Pharmacy / Medical Retail,Retail,True,False,True,560024::Retail,560024::ADIT,ACTIVE,2026-04-22,ENT-00283
LAB-KA-BLRU-2022-000136,LABOUR,M/S Aditya Meds Co,ADITYA MEDS,"No. 110, C Behind Metro, Hebbal, B'luru Urban, K'taka - 560024",NO 110 C BEHIND METRO HEBBAL B LURU URBAN K TAKA 560024,Bengaluru Urban,560024,Pharmacy / Medical Retail,Retail,True,False,True,560024::Retail,560024::ADIT,CLOSED,2023-02-15,ENT-00283
KAR-SHOP-BLRU-2015-000190,SHOP,Aditya Meds Co,ADITYA MEDS,"110, C Behind Metro, Hebbal, B'luru Urban, Karnataka - 560024",110 C BEHIND METRO HEBBAL B LURU URBAN KARNATAKA 560024,Bengaluru Urban,560064,Pharmacy / Medical Retail,Retail,True,False,True,560064::Retail,560064::ADIT,CLOSED,2020-02-07,ENT-00283
BBMP-TL-CENT-2023-000116,BBMP,Praruthi Packaging Entp,PRARUTHI PACKAGING ENTP,"#45, Plot Extension, Devaraja Mohalla, Mysuru, K'taka - 570001",45 PLOT EXTENSION DEVARAJA MOHALLA MYSURU K TAKA 570001,Mysuru,570001,Printing / Packaging,Manufacturing,False,False,False,570001::Manufacturing,570001::PRAR,DORMANT,2023-12-11,ENT-00284
KFBIS-FAC-MYS-2018-000125,FACTORY,Prakruthi Packaging Eterprises,PRAKRUTHI PACKAGING ETERPRISES,"No 45, Plot Extension, Devaraja Mohalla, Mysuru, KA - 570001",NO 45 PLOT EXTENSION DEVARAJA MOHALLA MYSURU KA 570001,Mysuru,570001,Printing / Packaging,Manufacturing,False,True,False,570001::Manufacturing,570001::PRAK,CLOSED,2019-06-17,ENT-00284
GST-KA-MYS-2020-000226,GST,Prakruthi Packaging Enterprises,PRAKRUTHI PACKAGING ENTERPRISES,"No. 45, Plot Extension, Devaraja Mohalla, Mysuru, Karnataka - 570001",NO 45 PLOT EXTENSION DEVARAJA MOHALLA MYSURU KARNATAKA 570001,Mysuru,570001,Printing / Packaging,Manufacturing,False,True,False,570001::Manufacturing,570001::PRAK,CLOSED,2022-12-18,ENT-00284
PCB/MYS/CTO/2019/00126,KSPCB,Prakruthi Packaging Enterprises,PRAKRUTHI PACKAGING ENTERPRISES,"45, Plot Extension, Devaraja Mohalla, Mysuru, KA - 570001",45 PLOT EXTENSION DEVARAJA MOHALLA MYSURU KA 570001,Mysuru,570001,Printing / Packaging,Manufacturing,False,False,False,570001::Manufacturing,570001::PRAK,CLOSED,2022-04-11,ENT-00284
LAB-KA-MYS-2021-000137,LABOUR,M/S Prakruthi Packaging Enterprises,PRAKRUTHI PACKAGING ENTERPRISES,"45, Plot Extension, Devaraja Mohalla, Mysuru, K'taka - 570001",45 PLOT EXTENSION DEVARAJA MOHALLA MYSURU K TAKA 570001,Mysuru,570001,Printing / Packaging,Manufacturing,True,False,False,570001::Manufacturing,570001::PRAK,DORMANT,2024-09-21,ENT-00284
KAR-SHOP-MYS-2024-000191,SHOP,M/S Prakruthi Packaging Enterprises,PRAKRUTHI PACKAGING ENTERPRISES,"No. 45, Plot Extension, Devaraja Mohalla, Mysuru, K'taka - 570001",NO 45 PLOT EXTENSION DEVARAJA MOHALLA MYSURU K TAKA 570001,Mysuru,570001,Printing / Packaging,Manufacturing,True,False,False,570001::Manufacturing,570001::PRAK,CLOSED,2025-09-21,ENT-00284
GST-KA-BLRU-2018-000227,GST,Ananya Chem Industries,ANANYA CHEM INDUSTRIES,"No 221, B 3rd Phase, Rajajinagar Industrial Suburb, Bengaluru Urban, K'taka - 560059",NO 221 B 3RD PHASE RAJAJINAGAR IND SUBURB BANGALORE URBAN K TAKA 560059,Bengaluru Urban,560059,Chemical Blending,Manufacturing,False,True,True,560059::Manufacturing,560059::ANAN,CLOSED,2018-07-19,ENT-00285
PCB/BLRU/CTO/2015/00127,KSPCB,Ananya Chem Industries,ANANYA CHEM INDUSTRIES,"No 221, B 3rd Phase, Rajajinagar Industrial Suburb, B'luru Urban, K'taka - 560059",NO 221 B 3RD PHASE RAJAJINAGAR IND SUBURB B LURU URBAN K TAKA 560059,Bengaluru Urban,560059,Chemical Blending,Manufacturing,False,True,True,560059::Manufacturing,560059::ANAN,CLOSED,2023-07-10,ENT-00285
LAB-KA-BLRU-2025-000138,LABOUR,M/S Ananya Chem Industries,ANANYA CHEM INDUSTRIES,"221, B 3rd Phase, Rajajinagar Industrial Suburb, B'luru Urban, K'taka - 560059",221 B 3RD PHASE RAJAJINAGAR IND SUBURB B LURU URBAN K TAKA 560059,Bengaluru Urban,560059,Chemical Blending,Manufacturing,True,False,True,560059::Manufacturing,560059::ANAN,ACTIVE,2026-01-04,ENT-00285
UDYAM-KR-BLRU-2015-000140,UDYAM,Ananya Chem Inds,ANANYA CHEM INDS,"#221, B 3rd Phase, Rajajinagar Industrial Suburb, Bangalore Urban, Karnataka - 560059",221 B 3RD PHASE RAJAJINAGAR IND SUBURB BANGALORE URBAN KARNATAKA 560059,Bengaluru Urban,560059,Chemical Blending,Manufacturing,False,True,True,560059::Manufacturing,560059::ANAN,CLOSED,2016-07-08,ENT-00285
KFBIS-FAC-BLRU-2022-000126,FACTORY,Harsha Works,HARSHA WORKS,"No. 274, Plot Sector, Yelahanka, Bengaluru Urban, K'taka - 560064",NO 274 PLOT SECTOR YELAHANKA BANGALORE URBAN K TAKA 560064,Bengaluru Urban,560064,Food Processing,Manufacturing,False,False,False,560064::Manufacturing,560064::HARS,ACTIVE,2025-09-10,ENT-00286
GST-KA-BLRU-2023-000228,GST,Harsha Works,HARSHA WORKS,"274, Plot Sector, Yelahanka, B'luru Urban, Karnataka - 560064",274 PLOT SECTOR YELAHANKA B LURU URBAN KARNATAKA 560064,Bengaluru Urban,560064,Food Processing,Manufacturing,True,False,False,560064::Manufacturing,560064::HARS,ACTIVE,2025-11-20,ENT-00286
PCB/BLRU/CTO/2025/00128,KSPCB,Harsha Works,HARSHA WORKS,"#274, Plot Sector, Yelahanka, Bengaluru Urban, K'taka - 560064",274 PLOT SECTOR YELAHANKA BANGALORE URBAN K TAKA 560064,Bengaluru Urban,560064,Food Processing,Manufacturing,False,False,True,560064::Manufacturing,560064::HARS,ACTIVE,2025-11-19,ENT-00286
LAB-KA-BLRU-2022-000139,LABOUR,M/S Harsha Works,HARSHA WORKS,"#274, Plot Sector, Yelahanka, Bengaluru Urban, K'taka - 560064",274 PLOT SECTOR YELAHANKA BANGALORE URBAN K TAKA 560064,Bengaluru Urban,560064,Food Processing,Manufacturing,False,False,True,560064::Manufacturing,560064::HARS,DORMANT,2023-11-18,ENT-00286
KAR-SHOP-BLRU-2023-000192,SHOP,Harsha Works,HARSHA WORKS,"#274, Plot Sector, Yelahanka, Bangalore Urban, KA - 560064",274 PLOT SECTOR YELAHANKA BANGALORE URBAN KA 560064,Bengaluru Urban,560064,Food Processing,Manufacturing,True,False,True,560064::Manufacturing,560064::HARS,DORMANT,2025-01-19,ENT-00286
UDYAM-KR-BLRU-2023-000141,UDYAM,Harsha Works,HARSHA WORKS,"274, Plot Sector, Yelahanka, Bangalore Urban, K'taka - 560064",274 PLOT SECTOR YELAHANKA BANGALORE URBAN K TAKA 560064,Bengaluru Urban,560064,Food Processing,Manufacturing,False,False,False,560064::Manufacturing,560064::HARS,ACTIVE,2026-04-08,ENT-00286
BBMP-TL-EAST-2024-000117,BBMP,M/S Prakruthi Packaging Works,PRAKRUTHI PACKAGING WORKS,"107, D 3rd Phase, Kalyan Nagar, Bangalore Urban, Karnataka - 560043",107 D 3RD PHASE KALYAN NAGAR BANGALORE URBAN KARNATAKA 560043,Bengaluru Urban,560043,Restaurant / Cafe,Service,False,False,True,560043::Service,560043::PRAK,DORMANT,2024-07-02,ENT-00287
GST-KA-BLRU-2021-000229,GST,Prakruthi Packaging Works,PRAKRUTHI PACKAGING WORKS,"No. 107, D 3rd Phase, Kalyan Nagar, Bangalore Urban, KA",NO 107 D 3RD PHASE KALYAN NAGAR BANGALORE URBAN KA,Bengaluru Urban,560100,Restaurant / Cafe,Service,False,False,True,560100::Service,560100::PRAK,CLOSED,2022-04-22,ENT-00287
LAB-KA-BLRU-2025-000140,LABOUR,Prakruthi Packaging Works,PRAKRUTHI PACKAGING WORKS,"107, D 3rd Phase, Kalyan Nagar, B'luru Urban, KA - 560043",107 D 3RD PHASE KALYAN NAGAR B LURU URBAN KA 560043,Bengaluru Urban,560043,Restaurant / Cafe,Service,False,False,True,560043::Service,560043::PRAK,ACTIVE,2026-02-24,ENT-00287
KAR-SHOP-BLRU-2016-000193,SHOP,M/S Prakruthi Packaging Works,PRAKRUTHI PACKAGING WORKS,"No. 107, D 3rd Phase, Kalyan Nagar, Bengaluru Urban, KA - 560043",NO 107 D 3RD PHASE KALYAN NAGAR BANGALORE URBAN KA 560043,Bengaluru Urban,560043,Restaurant / Cafe,Service,False,False,False,560043::Service,560043::PRAK,CLOSED,2021-10-08,ENT-00287
UDYAM-KR-BLRU-2024-000142,UDYAM,M/S Prakruthi Packaging Works,PRAKRUTHI PACKAGING WORKS,"No 107, D 3rd Phase, Kalyan Nagar, B'luru Urban, KA - 560043",NO 107 D 3RD PHASE KALYAN NAGAR B LURU URBAN KA 560043,Bengaluru Urban,560043,Restaurant / Cafe,Service,False,False,False,560043::Service,560043::PRAK,DORMANT,2024-08-21,ENT-00287
KFBIS-FAC-BLRU-2020-000127,FACTORY,Nandi Moulding Company,NANDI MOULDING,"No 200, Shed Industrial Layout, Bannerghatta Road, Bengaluru Urban, Karnataka - 560076",NO 200 SHED IND LAYOUT BANNERGHATTA RD BANGALORE URBAN KARNATAKA 560076,Bengaluru Urban,560076,Plastic Moulding,Manufacturing,False,False,False,560076::Manufacturing,560076::NAND,CLOSED,2022-04-09,ENT-00288
GST-KA-BLRU-2015-000230,GST,Nandi Moulding Company,NANDI MOULDING,"#200, Shed Industrial Layout, Bannerghatta Road, B'luru Urban, K'taka - 560076",200 SHED IND LAYOUT BANNERGHATTA RD B LURU URBAN K TAKA 560076,Bengaluru Urban,560076,Plastic Moulding,Manufacturing,False,False,False,560076::Manufacturing,560076::NAND,CLOSED,2022-09-21,ENT-00288
PCB/BLRU/CTO/2023/00129,KSPCB,Nandi Moulding Company,NANDI MOULDING,"No. 200, Shed Industrial Layout, Bannerghatta Road, Bangalore Urban, K'taka - 560076",NO 200 SHED IND LAYOUT BANNERGHATTA RD BANGALORE URBAN K TAKA 560076,Bengaluru Urban,560076,Plastic Moulding,Manufacturing,False,False,False,560076::Manufacturing,560076::NAND,DORMANT,2024-06-03,ENT-00288
KAR-SHOP-BLRU-2024-000194,SHOP,Nandi Moulding Company,NANDI MOULDING,"No. 200, Shed Industrial Layout, Bannerghatta Road, Bengaluru Urban, KA - 560076",NO 200 SHED IND LAYOUT BANNERGHATTA RD BANGALORE URBAN KA 560076,Bengaluru Urban,560076,Plastic Moulding,Manufacturing,False,False,False,560076::Manufacturing,560076::NAND,ACTIVE,2025-08-23,ENT-00288
UDYAM-KR-BLRU-2020-000143,UDYAM,M/S Nandi Moulding Company,NANDI MOULDING,"No. 200, Shed Industrial Layout, Bannerghatta Road, Bengaluru Urban, KA - 560076",NO 200 SHED IND LAYOUT BANNERGHATTA RD BANGALORE URBAN KA 560076,Bengaluru Urban,560076,Plastic Moulding,Manufacturing,False,False,False,560076::Manufacturing,560076::NAND,CLOSED,2023-03-13,ENT-00288
BBMP-TL-SOUT-2022-000118,BBMP,Aarohi Bakery Associates,AAROHI BAKERY ASSOCIATES,"#14, Shed Behind Metro, Bannerghatta Road, Bangalore Urban, K'taka",14 SHED BEHIND METRO BANNERGHATTA RD BANGALORE URBAN K TAKA,Bengaluru Urban,560076,Food Processing,Manufacturing,False,False,False,560076::Manufacturing,560076::AARO,DORMANT,2023-05-30,ENT-00289
GST-KA-BLRU-2021-000231,GST,Aarohi Bakery Associates,AAROHI BAKERY ASSOCIATES,"14, Shed Behind Metro, Bannerghatta Road, Bengaluru Urban, KA - 560076",14 SHED BEHIND METRO BANNERGHATTA RD BANGALORE URBAN KA 560076,Bengaluru Urban,560076,Food Processing,Manufacturing,False,False,True,560076::Manufacturing,560076::AARO,CLOSED,2024-08-08,ENT-00289
LAB-KA-BLRU-2022-000141,LABOUR,Aarohi Bakery Associates,AAROHI BAKERY ASSOCIATES,"#14, Shed Behind Metro, Bannerghatta Road, Bangalore Urban, Karnataka - 560076",14 SHED BEHIND METRO BANNERGHATTA RD BANGALORE URBAN KARNATAKA 560076,Bengaluru Urban,560076,Food Processing,Manufacturing,False,False,True,560076::Manufacturing,560076::AARO,ACTIVE,2025-05-17,ENT-00289
KAR-SHOP-BLRU-2022-000195,SHOP,Aarohi Bakery Associates,AAROHI BAKERY ASSOCIATES,"14, Shed Behind Metro, Bannerghatta Road, Bengaluru Urban, K'taka - 560076",14 SHED BEHIND METRO BANNERGHATTA RD BANGALORE URBAN K TAKA 560076,Bengaluru Urban,560076,Food Processing,Manufacturing,False,False,True,560076::Manufacturing,560076::AARO,DORMANT,2023-06-03,ENT-00289
UDYAM-KR-BLRU-2022-000144,UDYAM,Aarohi Bakery Associates,AAROHI BAKERY ASSOCIATES,"No. 14, Shed Behind Metro, Bannerghatta Road, Bangalore Urban, Karnataka - 560076",NO 14 SHED BEHIND METRO BANNERGHATTA RD BANGALORE URBAN KARNATAKA 560076,Bengaluru Urban,560076,Food Processing,Manufacturing,False,False,True,560076::Manufacturing,560076::AARO,CLOSED,2022-09-15,ENT-00289
KFBIS-FAC-BLRU-2022-000128,FACTORY,Deccan Tools Traders,DECCAN TOOLS TRADERS,"#214, B 2nd Main, Bommanahalli, Bengaluru Urban, KA - 560068",214 B 2ND MN BOMMANAHALLI BANGALORE URBAN KA 560068,Bengaluru Urban,560068,Machine Tools,Manufacturing,False,False,True,560068::Manufacturing,560068::DECC,ACTIVE,2025-12-04,ENT-00290
GST-KA-BLRU-2023-000232,GST,M/S DECCAN TOOLS TRADERS,DECCAN TOOLS TRADERS,"#214, B 2nd Main, Bommanahalli, Bengaluru Urban, Karnataka - 560068",214 B 2ND MN BOMMANAHALLI BANGALORE URBAN KARNATAKA 560068,Bengaluru Urban,560068,Machine Tools,Manufacturing,False,False,False,560068::Manufacturing,560068::DECC,CLOSED,2025-08-02,ENT-00290
PCB/BLRU/CTO/2020/00130,KSPCB,M/S Deccan Tools Traders,DECCAN TOOLS TRADERS,"#214, B 2nd Main, Bommanahalli, Bengaluru Urban, Karnataka - 560068",214 B 2ND MN BOMMANAHALLI BANGALORE URBAN KARNATAKA 560068,Bengaluru Urban,560068,Machine Tools,Manufacturing,False,False,False,560068::Manufacturing,560068::DECC,DORMANT,2023-05-24,ENT-00290
KAR-SHOP-BLRU-2015-000196,SHOP,Deccan Tools Traders,DECCAN TOOLS TRADERS,"214, B 2nd Main, Bommanahalli, Bengaluru Urban, Karnataka - 560068",214 B 2ND MN BOMMANAHALLI BANGALORE URBAN KARNATAKA 560068,Bengaluru Urban,560068,Machine Tools,Manufacturing,False,False,False,560068::Manufacturing,560068::DECC,CLOSED,2020-12-21,ENT-00290
UDYAM-KR-BLRU-2025-000145,UDYAM,Deccan Tools Traders,DECCAN TOOLS TRADERS,"#214, B 2nd Main, Bommanahalli, B'luru Urban, K'taka - 560068",214 B 2ND MN BOMMANAHALLI B LURU URBAN K TAKA 560068,Bengaluru Urban,560068,Machine Tools,Manufacturing,False,False,True,560068::Manufacturing,560068::DECC,ACTIVE,2026-01-11,ENT-00290
GST-KA-BLRR-2019-000233,GST,Lakshmi Meds Pvt. Ltd.,LAKSHMI MEDS,"No 279, Shed 1st Cr, Devanahalli, Bangalore Rural, KA - 562110",NO 279 SHED 1ST CR DEVANAHALLI BANGALORE RURAL KA 562110,Bengaluru Rural,562110,Pharmacy / Medical Retail,Retail,True,True,False,562110::Retail,562110::LAKS,CLOSED,2022-03-24,ENT-00291
KAR-SHOP-BLRR-2020-000197,SHOP,Lakshmi Meds Pvt Ltd,LAKSHMI MEDS,"#279, Shed 1st Cross, Devanahalli, Bengaluru Rural, K'taka - 562110",279 SHED 1ST CRS DEVANAHALLI BANGALORE RURAL K TAKA 562110,Bengaluru Rural,562110,Pharmacy / Medical Retail,Retail,True,True,False,562110::Retail,562110::LAKS,DORMANT,2025-03-29,ENT-00291
UDYAM-KR-BLRR-2020-000146,UDYAM,M/S LAKSHMI MEDS PVT LTD,LAKSHMI MEDS,"No. 279, Shed 1st Crs, Devanahalli, Bangalore Rural, KA - 562110",NO 279 SHED 1ST CRS DEVANAHALLI BANGALORE RURAL KA 562110,Bengaluru Rural,562110,Pharmacy / Medical Retail,Retail,True,False,False,562110::Retail,562110::LAKS,CLOSED,2022-07-31,ENT-00291
BBMP-TL-BOMM-2019-000119,BBMP,M/S Udupi Health Works,UDUPI HEALTH WORKS,"#16, C Service Road, Electronic City, B'luru Urban, Karnataka - 560100",16 C SERVICE RD ELECTRONIC CITY B LURU URBAN KARNATAKA 560100,Bengaluru Urban,560100,Pharmacy / Medical Retail,Retail,False,False,False,560100::Retail,560100::UDUP,DORMANT,2024-02-08,ENT-00292
GST-KA-BLRU-2016-000234,GST,Udupi Health Works,UDUPI HEALTH WORKS,"No. 16, C Service Road, Electronic City, Bengaluru Urban, Karnataka - 560100",NO 16 C SERVICE RD ELECTRONIC CITY BANGALORE URBAN KARNATAKA 560100,Bengaluru Urban,560100,Pharmacy / Medical Retail,Retail,False,False,False,560100::Retail,560100::UDUP,CLOSED,2024-04-16,ENT-00292
KAR-SHOP-BLRU-2020-000198,SHOP,Udupi Health Works,UDUPI HEALTH WORKS,"16, C Service Road, Electronic City, B'luru Urban, Karnataka - 560100",16 C SERVICE RD ELECTRONIC CITY B LURU URBAN KARNATAKA 560100,Bengaluru Urban,560100,Pharmacy / Medical Retail,Retail,False,False,True,560100::Retail,560100::UDUP,CLOSED,2020-07-16,ENT-00292
KFBIS-FAC-BLRU-2021-000129,FACTORY,Siddhi Works Enterprises,SIDDHI WORKS ENTERPRISES,"No 7, C Mn Rd, Bannerghatta Road, B'luru Urban, K'taka - 560076",NO 7 C MN RD BANNERGHATTA RD B LURU URBAN K TAKA 560076,Bengaluru Urban,560076,Machine Tools,Manufacturing,True,False,False,560076::Manufacturing,560076::SIDD,DORMANT,2023-05-04,ENT-00293
GST-KA-BLRU-2016-000235,GST,Siddhi Works Enterprises,SIDDHI WORKS ENTERPRISES,"No 7, C Main Rd, Bannerghatta Road, Bangalore Urban, KA - 560076",NO 7 C MN RD BANNERGHATTA RD BANGALORE URBAN KA 560076,Bengaluru Urban,560076,Machine Tools,Manufacturing,True,True,True,560076::Manufacturing,560076::SIDD,CLOSED,2020-07-28,ENT-00293
PCB/BLRU/CTO/2020/00131,KSPCB,Siddhi Works Enterprises,SIDDHI WORKS ENTERPRISES,"No 7, C Mn Rd, Bannerghatta Road, B'luru Urban, Karnataka - 560076",NO 7 C MN RD BANNERGHATTA RD B LURU URBAN KARNATAKA 560076,Bengaluru Urban,560076,Machine Tools,Manufacturing,False,True,True,560076::Manufacturing,560076::SIDD,ACTIVE,2025-09-08,ENT-00293
LAB-KA-BLRU-2018-000142,LABOUR,Siddhi WorksEnterprises,SIDDHI WORKSENTERPRISES,"#7, C Mn Rd, Bannerghatta Road, B'luru Urban, K'taka - 560076",7 C MN RD BANNERGHATTA RD B LURU URBAN K TAKA 560076,Bengaluru Urban,560076,Machine Tools,Manufacturing,False,False,False,560076::Manufacturing,560076::SIDD,CLOSED,2018-07-03,ENT-00293
KAR-SHOP-BLRU-2015-000199,SHOP,Siddhi Works Enterprises,SIDDHI WORKS ENTERPRISES,"#7, C Main Road, Bannerghatta Road, B'luru Urban, Karnataka",7 C MN RD BANNERGHATTA RD B LURU URBAN KARNATAKA,Bengaluru Urban,560076,Machine Tools,Manufacturing,False,False,True,560076::Manufacturing,560076::SIDD,DORMANT,2025-03-12,ENT-00293
UDYAM-KR-BLRU-2024-000147,UDYAM,Siddhi Works Entp,SIDDHI WORKS ENTP,"7, C Main Road, Bannerghatta Road, Bengaluru Urban, K'taka - 560076",7 C MN RD BANNERGHATTA RD BANGALORE URBAN K TAKA 560076,Bengaluru Urban,560076,Machine Tools,Manufacturing,True,True,True,560076::Manufacturing,560076::SIDD,ACTIVE,2025-12-05,ENT-00293
BBMP-TL-BENG-2015-000120,BBMP,Nandi Tools Co,NANDI TOOLS,"158, Industrial Layout, Doddaballapura, B'luru Rural, K'taka - 561203",158 IND LAYOUT DODDABALLAPURA B LURU RURAL K TAKA 561203,Bengaluru Rural,561203,Machine Tools,Manufacturing,False,False,False,561203::Manufacturing,561203::NAND,CLOSED,2025-08-26,ENT-00294
KFBIS-FAC-BLRR-2020-000130,FACTORY,Nandi Tools Co,NANDI TOOLS,"No 158, Industrial Layout, Doddaballapura, B'luru Rural, Karnataka - 561203",NO 158 IND LAYOUT DODDABALLAPURA B LURU RURAL KARNATAKA 561203,Bengaluru Rural,562114,Machine Tools,Manufacturing,False,True,False,562114::Manufacturing,562114::NAND,ACTIVE,2025-09-21,ENT-00294
LAB-KA-BLRR-2016-000143,LABOUR,M/S Nandi Tools Co,NANDI TOOLS,"#158, Industrial Layout, Doddaballapura, B'luru Rural, Karnataka - 561203",158 IND LAYOUT DODDABALLAPURA B LURU RURAL KARNATAKA 561203,Bengaluru Rural,561203,Machine Tools,Manufacturing,False,False,True,561203::Manufacturing,561203::NAND,CLOSED,2016-12-16,ENT-00294
UDYAM-KR-BLRR-2016-000148,UDYAM,Nandi Tools Co,NANDI TOOLS,"#158, Industrial Layout, Doddaballapura, Bengaluru Rural, K'taka - 561203",158 IND LAYOUT DODDABALLAPURA BANGALORE RURAL K TAKA 561203,Bengaluru Rural,561203,Machine Tools,Manufacturing,True,True,False,561203::Manufacturing,561203::NAND,CLOSED,2020-01-09,ENT-00294
BBMP-TL-YELA-2022-000121,BBMP,Lakshmi Kitchen Pvt Ltd,LAKSHMI KITCHEN,"No 91, A 1st Cr, Hebbal, Bengaluru Urban, Karnataka - 560024",NO 91 A 1ST CR HEBBAL BANGALORE URBAN KARNATAKA 560024,Bengaluru Urban,560024,Restaurant / Cafe,Service,False,True,True,560024::Service,560024::LAKS,ACTIVE,2025-11-21,ENT-00295
GST-KA-BLRU-2025-000236,GST,Lakshmi Kitchen Pvt Ltd,LAKSHMI KITCHEN,"No 91, A 1st Cr, Hebbal, B'luru Urban, K'taka - 560024",NO 91 A 1ST CR HEBBAL B LURU URBAN K TAKA 560024,Bengaluru Urban,560058,Restaurant / Cafe,Service,False,True,False,560058::Service,560058::LAKS,ACTIVE,2026-03-09,ENT-00295
KAR-SHOP-BLRU-2015-000200,SHOP,Lakshmi Kitchen Pvt Ltd,LAKSHMI KITCHEN,"No. 91, A 1st Cross, Hebbal, Bengaluru Urban, KA - 560024",NO 91 A 1ST CRS HEBBAL BANGALORE URBAN KA 560024,Bengaluru Urban,560024,Restaurant / Cafe,Service,False,True,True,560024::Service,560024::LAKS,CLOSED,2022-10-16,ENT-00295
UDYAM-KR-BLRU-2023-000149,UDYAM,M/S Lakshmi Kitche Pvt Ltd,LAKSHMI KITCHE,"91, A 1st Cross, Hebbal, Bangalore Urban, KA - 560024",91 A 1ST CRS HEBBAL BANGALORE URBAN KA 560024,Bengaluru Urban,560024,Restaurant / Cafe,Service,True,False,False,560024::Service,560024::LAKS,DORMANT,2024-06-20,ENT-00295
BBMP-TL-DASA-2022-000122,BBMP,Veda Apparels Company,VEDA APPARELS,"235, Behind Metro, Peenya Industrial Estate, B'luru Urban, K'taka - 560058",235 BEHIND METRO PEENYA IND ESTATE B LURU URBAN K TAKA 560058,Bengaluru Urban,560058,Textile / Garments,Manufacturing,False,False,False,560058::Manufacturing,560058::VEDA,CLOSED,2025-09-26,ENT-00296
PCB/BLRU/CTO/2020/00132,KSPCB,Veda Appaels Company,VEDA APPAELS,"#235, Behind Metro, Peenya Industrial Area, Bangalore Urban, KA - 560058",235 BEHIND METRO PEENYA IND AREA BANGALORE URBAN KA 560058,Bengaluru Urban,560058,Textile / Garments,Manufacturing,False,False,False,560058::Manufacturing,560058::VEDA,CLOSED,2020-09-24,ENT-00296
LAB-KA-BLRU-2018-000144,LABOUR,Veda Apparels Company,VEDA APPARELS,"No 235, Behind Metro, Peenya Indl Area, B'luru Urban, KA - 560058",NO 235 BEHIND METRO PEENYA INDL AREA B LURU URBAN KA 560058,Bengaluru Urban,560058,Textile / Garments,Manufacturing,False,False,False,560058::Manufacturing,560058::VEDA,DORMANT,2024-03-01,ENT-00296
GST-KA-BLRU-2019-000237,GST,M/S MYSORE HEALTH INDUSTRIES,MYSORE HEALTH INDUSTRIES,"No. 234, Shed Near Bus Stop, Bommanahalli, Bangalore Urban, K'taka - 560068",NO 234 SHED NEAR BUS STOP BOMMANAHALLI BANGALORE URBAN K TAKA 560068,Bengaluru Urban,560068,Pharmacy / Medical Retail,Retail,True,True,True,560068::Retail,560068::MYSO,DORMANT,2023-05-25,ENT-00297
LAB-KA-BLRU-2023-000145,LABOUR,Mysore Health Industries,MYSORE HEALTH INDUSTRIES,"No 234, Shed Near Bus Stop, Bommanahalli, Bengaluru Urban, Karnataka - 560068",NO 234 SHED NEAR BUS STOP BOMMANAHALLI BANGALORE URBAN KARNATAKA 560068,Bengaluru Urban,560068,Pharmacy / Medical Retail,Retail,True,False,False,560068::Retail,560068::MYSO,DORMANT,2024-02-19,ENT-00297
KAR-SHOP-BLRU-2019-000201,SHOP,Mysore Health Industries,MYSORE HEALTH INDUSTRIES,"#234, Shed Near Bus Stop, Bommanahalli, B'luru Urban, Karnataka - 560068",234 SHED NEAR BUS STOP BOMMANAHALLI B LURU URBAN KARNATAKA 560068,Bengaluru Urban,560068,Pharmacy / Medical Retail,Retail,False,True,True,560068::Retail,560068::MYSO,CLOSED,2020-07-16,ENT-00297
UDYAM-KR-BLRU-2018-000150,UDYAM,Mysore Health Industries,MYSORE HEALTH INDUSTRIES,"234, Shed Near Bus Stop, Bommanahalli, Bangalore Urban, KA - 560068",234 SHED NEAR BUS STOP BOMMANAHALLI BANGALORE URBAN KA 560068,Bengaluru Urban,560064,Pharmacy / Medical Retail,Retail,False,True,True,560064::Retail,560064::MYSO,ACTIVE,2025-12-27,ENT-00297
GST-KA-TUM-2019-000238,GST,M/S Aditya Wors,ADITYA WORS,"211, A 1st Cross, Antharasanahalli Indl Area, Tumakuru, KA - 572106",211 A 1ST CRS ANTHARASANAHALLI INDL AREA TUMAKURU KA 572106,Tumakuru,572106,Restaurant / Cafe,Service,False,False,True,572106::Service,572106::ADIT,CLOSED,2022-12-28,ENT-00298
KAR-SHOP-TUM-2020-000202,SHOP,Aditya Works,ADITYA WORKS,"No. 211, A 1st Crs, Antharasanahalli Industrial Area, Tumakuru, K'taka - 572106",NO 211 A 1ST CRS ANTHARASANAHALLI IND AREA TUMAKURU K TAKA 572106,Tumakuru,572106,Restaurant / Cafe,Service,False,False,True,572106::Service,572106::ADIT,CLOSED,2025-05-17,ENT-00298
KFBIS-FAC-BLRU-2016-000131,FACTORY,M/S Srinidhi Press Works,SRINIDHI PRESS WORKS,"#262, Industrial Layout, Jayanagar, Bangalore Urban, Karnataka - 560078",262 IND LAYOUT JAYANAGAR BANGALORE URBAN KARNATAKA 560078,Bengaluru Urban,560078,Printing / Packaging,Manufacturing,False,True,True,560078::Manufacturing,560078::SRIN,CLOSED,2021-05-05,ENT-00299
GST-KA-BLRU-2020-000239,GST,Srinidhi Press Works,SRINIDHI PRESS WORKS,"#262, Industrial Layout, Jayanagar, Bengaluru Urban, Karnataka - 560078",262 IND LAYOUT JAYANAGAR BANGALORE URBAN KARNATAKA 560078,Bengaluru Urban,560078,Printing / Packaging,Manufacturing,True,True,False,560078::Manufacturing,560078::SRIN,CLOSED,2020-07-01,ENT-00299
PCB/BLRU/CTE/2015/00133,KSPCB,Srinidhi Press Works,SRINIDHI PRESS WORKS,"262, Industrial Layout, Jayanagar, B'luru Urban, K'taka - 560078",262 IND LAYOUT JAYANAGAR B LURU URBAN K TAKA 560078,Bengaluru Urban,560078,Printing / Packaging,Manufacturing,False,False,True,560078::Manufacturing,560078::SRIN,CLOSED,2017-05-23,ENT-00299
KAR-SHOP-BLRU-2015-000203,SHOP,Srinidhi Press Works,SRINIDHI PRESS WORKS,"No 262, Industrial Layout, Jayanagar, Bangalore Urban, KA - 560078",NO 262 IND LAYOUT JAYANAGAR BANGALORE URBAN KA 560078,Bengaluru Urban,560078,Printing / Packaging,Manufacturing,True,False,True,560078::Manufacturing,560078::SRIN,DORMANT,2023-10-12,ENT-00299
KFBIS-FAC-BLRU-2021-000132,FACTORY,M/S Varun Systems Solutions,VARUN SYSTEMS SOLUTIONS,"#165, D Near Bus Stop, Electronic City, Bangalore Urban, Karnataka - 560100",165 D NEAR BUS STOP ELECTRONIC CITY BANGALORE URBAN KARNATAKA 560100,Bengaluru Urban,560100,Electronics Assembly,Manufacturing,False,False,True,560100::Manufacturing,560100::VARU,CLOSED,2021-12-28,ENT-00300
GST-KA-BLRU-2025-000240,GST,Varun Systems Solutions,VARUN SYSTEMS SOLUTIONS,"No. 165, D Near Bus Stop, Electronic City, Bangalore Urban, KA - 560100",NO 165 D NEAR BUS STOP ELECTRONIC CITY BANGALORE URBAN KA 560100,Bengaluru Urban,560100,Electronics Assembly,Manufacturing,False,False,True,560100::Manufacturing,560100::VARU,ACTIVE,2025-09-03,ENT-00300
PCB/BLRU/CTO/2017/00134,KSPCB,Varun Systems Solutions,VARUN SYSTEMS SOLUTIONS,"No 165, D Near Bus Stop, Electronic City, Bengaluru Urban, K'taka",NO 165 D NEAR BUS STOP ELECTRONIC CITY BANGALORE URBAN K TAKA,Bengaluru Urban,560100,Electronics Assembly,Manufacturing,False,False,False,560100::Manufacturing,560100::VARU,ACTIVE,2025-10-09,ENT-00300
KAR-SHOP-BLRU-2016-000204,SHOP,Varun Systems Solutions,VARUN SYSTEMS SOLUTIONS,"No 165, D Near Bus Stop, Electronic City, Bengaluru Urban, KA - 560100",NO 165 D NEAR BUS STOP ELECTRONIC CITY BANGALORE URBAN KA 560100,Bengaluru Urban,560100,Electronics Assembly,Manufacturing,False,False,True,560100::Manufacturing,560100::VARU,DORMANT,2024-02-22,ENT-00300
UDYAM-KR-BLRU-2017-000151,UDYAM,Varun Systems Solutions,VARUN SYSTEMS SOLUTIONS,"No 165, D Near Bus Stop, Electronic City, Bangalore Urban, KA - 560100",NO 165 D NEAR BUS STOP ELECTRONIC CITY BANGALORE URBAN KA 560100,Bengaluru Urban,560100,Electronics Assembly,Manufacturing,False,False,True,560100::Manufacturing,560100::VARU,DORMANT,2023-09-06,ENT-00300
BBMP-TL-YELA-2022-000123,BBMP,Vijaya Fashions Pvt Ltd,VIJAYA FASHIONS,"No. 216, C Mn Rd, Yelahanka, Bengaluru Urban, K'taka - 560064",NO 216 C MN RD YELAHANKA BANGALORE URBAN K TAKA 560064,Bengaluru Urban,560064,Textile / Garments,Manufacturing,False,False,False,560064::Manufacturing,560064::VIJA,DORMANT,2024-01-08,ENT-00301
GST-KA-BLRU-2021-000241,GST,Vijaya Fashions Pvt Ltd,VIJAYA FASHIONS,"No 216, C Main Road, Yelahanka, Bengaluru Urban, K'taka - 560064",NO 216 C MN RD YELAHANKA BANGALORE URBAN K TAKA 560064,Bengaluru Urban,560064,Textile / Garments,Manufacturing,True,True,False,560064::Manufacturing,560064::VIJA,DORMANT,2023-07-22,ENT-00301
LAB-KA-BLRU-2022-000146,LABOUR,Vijaya Fashions Pvt Ltd,VIJAYA FASHIONS,"No 216, C Mn Rd, Yelahanka, Bangalore Urban, K'taka - 560064",NO 216 C MN RD YELAHANKA BANGALORE URBAN K TAKA 560064,Bengaluru Urban,560064,Textile / Garments,Manufacturing,False,False,False,560064::Manufacturing,560064::VIJA,CLOSED,2024-10-24,ENT-00301
KAR-SHOP-BLRU-2020-000205,SHOP,Vijaya Fashions Pvt Ltd,VIJAYA FASHIONS,"No 216, C Main Rd, Yelahanka, Bangalore Urban, KA - 560064",NO 216 C MN RD YELAHANKA BANGALORE URBAN KA 560064,Bengaluru Urban,560064,Textile / Garments,Manufacturing,True,False,False,560064::Manufacturing,560064::VIJA,CLOSED,2021-05-01,ENT-00301
GST-KA-BLRU-2016-000242,GST,M/S Kaveri Wear Works,KAVERI WEAR WORKS,"No. 12, A Sector, Rajajinagar Industrial Suburb, Bengaluru Urban, KA - 560059",NO 12 A SECTOR RAJAJINAGAR IND SUBURB BANGALORE URBAN KA 560059,Bengaluru Urban,560059,Textile / Garments,Manufacturing,True,True,False,560059::Manufacturing,560059::KAVE,CLOSED,2019-07-26,ENT-00302
PCB/BLRU/CTO/2020/00135,KSPCB,Kaveri Wear Works,KAVERI WEAR WORKS,"No 12, A Sector, Rajajinagar Industrial Suburb, Bengaluru Urban, K'taka - 560059",NO 12 A SECTOR RAJAJINAGAR IND SUBURB BANGALORE URBAN K TAKA 560059,Bengaluru Urban,560059,Textile / Garments,Manufacturing,False,False,False,560059::Manufacturing,560059::KAVE,ACTIVE,2026-04-28,ENT-00302
LAB-KA-BLRU-2019-000147,LABOUR,M/S Kaveri Wear Works,KAVERI WEAR WORKS,"No. 12, A Sector, Rajajinagar Industrial Suburb, Bangalore Urban, Karnataka - 560059",NO 12 A SECTOR RAJAJINAGAR IND SUBURB BANGALORE URBAN KARNATAKA 560059,Bengaluru Urban,560059,Textile / Garments,Manufacturing,True,False,False,560059::Manufacturing,560059::KAVE,CLOSED,2022-11-17,ENT-00302
UDYAM-KR-BLRU-2022-000152,UDYAM,Kaveri Wear Works,KAVERI WEAR WORKS,"#12, A Sector, Rajajinagar Industrial Suburb, Bengaluru Urban, KA - 560059",12 A SECTOR RAJAJINAGAR IND SUBURB BANGALORE URBAN KA 560059,Bengaluru Urban,560059,Textile / Garments,Manufacturing,True,False,True,560059::Manufacturing,560059::KAVE,DORMANT,2024-06-01,ENT-00302
LAB-KA-MYS-2022-000148,LABOUR,M/S Prakruthi Stores LLP,PRAKRUTHI STORES,"#202, Plot 2nd Main, Hebbal Indl Area, Mysuru, KA - 570016",202 PLOT 2ND MN HEBBAL INDL AREA MYSURU KA 570016,Mysuru,570016,Logistics / Warehouse,Service,False,True,False,570016::Service,570016::PRAK,DORMANT,2024-10-13,ENT-00303
UDYAM-KR-MYS-2022-000153,UDYAM,Prakruthi Stores LLP,PRAKRUTHI STORES,"#202, Plot 2nd Main, Hebbal Indl Area, Mysuru, K'taka - 570016",202 PLOT 2ND MN HEBBAL INDL AREA MYSURU K TAKA 570016,Mysuru,570016,Logistics / Warehouse,Service,True,False,False,570016::Service,570016::PRAK,DORMANT,2023-05-24,ENT-00303
BBMP-TL-SOUT-2019-000124,BBMP,Naveen Kitchen Pvt Ltd,NAVEEN KITCHEN,"#268, D Industrial Layout, Jayanagar, Bangalore Urban, KA - 560078",268 D IND LAYOUT JAYANAGAR BANGALORE URBAN KA 560078,Bengaluru Urban,560078,Restaurant / Cafe,Service,False,False,False,560078::Service,560078::NAVE,DORMANT,2025-01-20,ENT-00304
KAR-SHOP-BLRU-2025-000206,SHOP,Naveen Kitchen Pvt Ltd,NAVEEN KITCHEN,"#268, D Industrial Layout, Jayanagar, B'luru Urban, Karnataka",268 D IND LAYOUT JAYANAGAR B LURU URBAN KARNATAKA,Bengaluru Urban,560078,Restaurant / Cafe,Service,False,False,False,560078::Service,560078::NAVE,ACTIVE,2026-02-28,ENT-00304
BBMP-TL-YELA-2015-000125,BBMP,Omkar Health Entp,OMKAR HEALTH ENTP,"149, D Service Road, Yelahanka, B'luru Urban, Karnataka - 560064",149 D SERVICE RD YELAHANKA B LURU URBAN KARNATAKA 560064,Bengaluru Urban,560064,Pharmacy / Medical Retail,Retail,False,False,True,560064::Retail,560064::OMKA,CLOSED,2020-02-07,ENT-00305
GST-KA-BLRU-2024-000243,GST,M/S Omkar Healt Entp,OMKAR HEALT ENTP,"#149, D Service Road, Yelahanka, Bengaluru Urban, KA - 560064",149 D SERVICE RD YELAHANKA BANGALORE URBAN KA 560064,Bengaluru Urban,560064,Pharmacy / Medical Retail,Retail,True,False,True,560064::Retail,560064::OMKA,DORMANT,2024-04-17,ENT-00305
KAR-SHOP-BLRU-2021-000207,SHOP,M/S Omkar Health Enterprises,OMKAR HEALTH ENTERPRISES,"No 149, D Service Road, Yelahanka, B'luru Urban, Karnataka - 560064",NO 149 D SERVICE RD YELAHANKA B LURU URBAN KARNATAKA 560064,Bengaluru Urban,560064,Pharmacy / Medical Retail,Retail,True,False,True,560064::Retail,560064::OMKA,CLOSED,2023-03-16,ENT-00305
UDYAM-KR-BLRU-2017-000154,UDYAM,Omkar Health Enterprises,OMKAR HEALTH ENTERPRISES,"#149, D Service Road, Yelahanka, Bangalore Urban, Karnataka - 560064",149 D SERVICE RD YELAHANKA BANGALORE URBAN KARNATAKA 560064,Bengaluru Urban,560064,Pharmacy / Medical Retail,Retail,True,False,True,560064::Retail,560064::OMKA,CLOSED,2020-02-06,ENT-00305
KFBIS-FAC-BLRU-2020-000133,FACTORY,Nandi Moulding Company,NANDI MOULDING,"#170, B Near Bus Stop, MG Road, Bangalore Urban, K'taka - 560001",170 B NEAR BUS STOP MG RD BANGALORE URBAN K TAKA 560001,Bengaluru Urban,560001,Plastic Moulding,Manufacturing,False,True,False,560001::Manufacturing,560001::NAND,DORMANT,2024-11-25,ENT-00306
GST-KA-BLRU-2021-000244,GST,Nandi Moulding Company,NANDI MOULDING,"170, B Near Bus Stop, MG Road, Bangalore Urban, Karnataka - 560001",170 B NEAR BUS STOP MG RD BANGALORE URBAN KARNATAKA 560001,Bengaluru Urban,560001,Plastic Moulding,Manufacturing,True,True,False,560001::Manufacturing,560001::NAND,CLOSED,2023-03-29,ENT-00306
PCB/BLRU/CTO/2021/00136,KSPCB,Nandi Moulding Company,NANDI MOULDING,"No. 170, B Near Bus Stop, MG Road, Bengaluru Urban, K'taka - 560001",NO 170 B NEAR BUS STOP MG RD BANGALORE URBAN K TAKA 560001,Bengaluru Urban,560001,Plastic Moulding,Manufacturing,False,False,False,560001::Manufacturing,560001::NAND,DORMANT,2023-08-18,ENT-00306
LAB-KA-BLRU-2019-000149,LABOUR,Nandi MouldingCo,NANDI MOULDINGCO,"No. 170, B Near Bus Stop, MG Road, Bangalore Urban, Karnataka - 560001",NO 170 B NEAR BUS STOP MG RD BANGALORE URBAN KARNATAKA 560001,Bengaluru Urban,560001,Plastic Moulding,Manufacturing,False,True,False,560001::Manufacturing,560001::NAND,DORMANT,2023-06-18,ENT-00306
UDYAM-KR-BLRU-2023-000155,UDYAM,Nandi Moulding Company,NANDI MOULDING,"No 170, B Near Bus Stop, MG Road, Bengaluru Urban, KA - 560001",NO 170 B NEAR BUS STOP MG RD BANGALORE URBAN KA 560001,Bengaluru Urban,560085,Plastic Moulding,Manufacturing,True,False,False,560085::Manufacturing,560085::NAND,DORMANT,2023-08-24,ENT-00306
GST-KA-BLRU-2025-000245,GST,M/S Udupi Cafe Pvt Ltd,UDUPI CAFE,"#172, B Sector, HSR Layout, B'luru Urban, KA - 560102",172 B SECTOR HSR LAYOUT B LURU URBAN KA 560102,Bengaluru Urban,560102,Restaurant / Cafe,Service,True,True,True,560102::Service,560102::UDUP,ACTIVE,2025-10-09,ENT-00307
PCB/BLRU/CTE/2019/00137,KSPCB,Udupi Cafe Pvt Ltd,UDUPI CAFE,"172, B Sector, HSR Layout, B'luru Urban, Karnataka - 560102",172 B SECTOR HSR LAYOUT B LURU URBAN KARNATAKA 560102,Bengaluru Urban,560085,Restaurant / Cafe,Service,True,True,False,560085::Service,560085::UDUP,CLOSED,2021-10-20,ENT-00307
LAB-KA-BLRU-2020-000150,LABOUR,Udupi Cafe Pvt Ltd,UDUPI CAFE,"#172, B Sector, HSR Layout, Bengaluru Urban, KA - 560102",172 B SECTOR HSR LAYOUT BANGALORE URBAN KA 560102,Bengaluru Urban,560102,Restaurant / Cafe,Service,True,True,True,560102::Service,560102::UDUP,ACTIVE,2025-09-14,ENT-00307
KAR-SHOP-BLRU-2025-000208,SHOP,M/S Udupi Cafe Pvt Ltd,UDUPI CAFE,"No. 172, B Sector, HSR Layout, B'luru Urban, Karnataka - 560102",NO 172 B SECTOR HSR LAYOUT B LURU URBAN KARNATAKA 560102,Bengaluru Urban,560102,Restaurant / Cafe,Service,True,False,False,560102::Service,560102::UDUP,ACTIVE,2026-04-14,ENT-00307
UDYAM-KR-BLRU-2016-000156,UDYAM,Udupi Cafe Pvt Ltd,UDUPI CAFE,"#172, B Sector, HSR Layout, B'luru Urban, Karnataka",172 B SECTOR HSR LAYOUT B LURU URBAN KARNATAKA,Bengaluru Urban,560102,Restaurant / Cafe,Service,True,False,True,560102::Service,560102::UDUP,ACTIVE,2026-03-19,ENT-00307
GST-KA-BLRU-2020-000246,GST,Sree Mold Traders,SREE MOLD TRADERS,"No 17, 1st Crs, Peenya Industrial Estate, B'luru Urban, K'taka - 560058",NO 17 1ST CRS PEENYA IND ESTATE B LURU URBAN K TAKA 560058,Bengaluru Urban,560058,Plastic Moulding,Manufacturing,True,False,False,560058::Manufacturing,560058::SREE,DORMANT,2023-07-13,ENT-00308
KAR-SHOP-BLRU-2024-000209,SHOP,M/S Sree Mold Traders,SREE MOLD TRADERS,"#17, 1st Cross, Peenya Industrial Area, Bengaluru Urban, KA - 560058",17 1ST CRS PEENYA IND AREA BANGALORE URBAN KA 560058,Bengaluru Urban,560001,Plastic Moulding,Manufacturing,False,False,True,560001::Manufacturing,560001::SREE,ACTIVE,2025-05-08,ENT-00308
KFBIS-FAC-MYS-2016-000134,FACTORY,Harsha Pvt. Ltd.,HARSHA,"#220, Extension, Hebbal Industrial Estate, Mysuru, K'taka - 570016",220 EXTENSION HEBBAL IND ESTATE MYSURU K TAKA 570016,Mysuru,570016,Chemical Blending,Manufacturing,False,False,False,570016::Manufacturing,570016::HARS,DORMANT,2023-07-15,ENT-00309
GST-KA-MYS-2023-000247,GST,HARSHA PVT LTD,HARSHA,"220, Extension, Hebbal Industrial Area, Mysuru, KA - 570016",220 EXTENSION HEBBAL IND AREA MYSURU KA 570016,Mysuru,570016,Chemical Blending,Manufacturing,False,False,False,570016::Manufacturing,570016::HARS,ACTIVE,2025-12-06,ENT-00309
PCB/MYS/CTE/2017/00138,KSPCB,Harsha Pvt Ltd,HARSHA,"No. 220, Extension, Hebbal Industrial Area, Mysuru, KA",NO 220 EXTENSION HEBBAL IND AREA MYSURU KA,Mysuru,570016,Chemical Blending,Manufacturing,False,False,True,570016::Manufacturing,570016::HARS,CLOSED,2017-10-11,ENT-00309
KFBIS-FAC-TUM-2021-000135,FACTORY,M/S Sree Tech Associates,SREE TECH ASSOCIATES,"No. 285, B Industrial Layout, Antharasanahalli Industrial Estate, Tumakuru, K'taka - 572106",NO 285 B IND LAYOUT ANTHARASANAHALLI IND ESTATE TUMAKURU K TAKA 572106,Tumakuru,572106,Electronics Assembly,Manufacturing,True,False,False,572106::Manufacturing,572106::SREE,ACTIVE,2026-04-05,ENT-00310
GST-KA-TUM-2024-000248,GST,Sree Tech Associates,SREE TECH ASSOCIATES,"#285, B Industrial Layout, Antharasanahalli Industrial Area, Tumakuru, K'taka - 572106",285 B IND LAYOUT ANTHARASANAHALLI IND AREA TUMAKURU K TAKA 572106,Tumakuru,572106,Electronics Assembly,Manufacturing,True,True,False,572106::Manufacturing,572106::SREE,DORMANT,2024-05-11,ENT-00310
PCB/TUM/CTO/2021/00139,KSPCB,M/S Sree Tech Associates,SREE TECH ASSOCIATES,"No. 285, B Industrial Layout, Antharasanahalli Indl Area, Tumakuru, K'taka - 572106",NO 285 B IND LAYOUT ANTHARASANAHALLI INDL AREA TUMAKURU K TAKA 572106,Tumakuru,572106,Electronics Assembly,Manufacturing,False,False,False,572106::Manufacturing,572106::SREE,DORMANT,2024-01-06,ENT-00310
LAB-KA-TUM-2021-000151,LABOUR,Sree Tech Associates,SREE TECH ASSOCIATES,"#285, B Industrial Layout, Antharasanahalli Indl Area, Tumakuru, K'taka - 572106",285 B IND LAYOUT ANTHARASANAHALLI INDL AREA TUMAKURU K TAKA 572106,Tumakuru,572106,Electronics Assembly,Manufacturing,False,False,False,572106::Manufacturing,572106::SREE,CLOSED,2021-12-06,ENT-00310
BBMP-TL-MAHA-2018-000126,BBMP,Bangalore Industries LLP,BANGALORE INDUSTRIES,"104, D Extension, Whitefield Main Road, B'luru Urban, Karnataka - 560066",104 D EXTENSION WHITEFIELD MN RD B LURU URBAN KARNATAKA 560066,Bengaluru Urban,560066,Machine Tools,Manufacturing,True,True,True,560066::Manufacturing,560066::BANG,CLOSED,2021-11-05,ENT-00311
KFBIS-FAC-BLRU-2015-000136,FACTORY,Bangalore Industries LLP,BANGALORE INDUSTRIES,"No. 104, D Extension, Whitefield Main Rd, Bangalore Urban, KA - 560066",NO 104 D EXTENSION WHITEFIELD MN RD BANGALORE URBAN KA 560066,Bengaluru Urban,560066,Machine Tools,Manufacturing,True,False,False,560066::Manufacturing,560066::BANG,ACTIVE,2025-11-07,ENT-00311
GST-KA-BLRU-2017-000249,GST,BANGALORE INDUSTRIES LLP,BANGALORE INDUSTRIES,"No. 104, D Extension, Whitefield Mn Rd, B'luru Urban, K'taka - 560066",NO 104 D EXTENSION WHITEFIELD MN RD B LURU URBAN K TAKA 560066,Bengaluru Urban,560066,Machine Tools,Manufacturing,True,True,True,560066::Manufacturing,560066::BANG,CLOSED,2019-03-22,ENT-00311
PCB/BLRU/CTE/2023/00140,KSPCB,M/S Bangalore Industries LLP,BANGALORE INDUSTRIES,"#104, D Extension, Whitefield Mn Rd, Bengaluru Urban, Karnataka - 560066",104 D EXTENSION WHITEFIELD MN RD BANGALORE URBAN KARNATAKA 560066,Bengaluru Urban,560066,Machine Tools,Manufacturing,False,False,True,560066::Manufacturing,560066::BANG,DORMANT,2024-05-03,ENT-00311
UDYAM-KR-BLRU-2018-000157,UDYAM,Bangalore Inds LLP,BANGALORE INDS,"No 104, D Extension, Whitefield Main Road, Bengaluru Urban, KA",NO 104 D EXTENSION WHITEFIELD MN RD BANGALORE URBAN KA,Bengaluru Urban,560066,Machine Tools,Manufacturing,False,True,False,560066::Manufacturing,560066::BANG,DORMANT,2024-05-04,ENT-00311
BBMP-TL-WEST-2017-000127,BBMP,Naveen Printers Solutions,NAVEEN PRINTERS SOLUTIONS,"No 69, Extension, Rajajinagar Industrial Suburb, Bengaluru Urban, KA - 560059",NO 69 EXTENSION RAJAJINAGAR IND SUBURB BANGALORE URBAN KA 560059,Bengaluru Urban,560059,Printing / Packaging,Manufacturing,False,False,True,560059::Manufacturing,560059::NAVE,CLOSED,2019-07-16,ENT-00312
PCB/BLRU/CTE/2017/00141,KSPCB,Naveen Printers Solutions,NAVEEN PRINTERS SOLUTIONS,"No. 69, Extension, Rajajinagar Industrial Suburb, Bangalore Urban, KA - 560059",NO 69 EXTENSION RAJAJINAGAR IND SUBURB BANGALORE URBAN KA 560059,Bengaluru Urban,560059,Printing / Packaging,Manufacturing,False,False,True,560059::Manufacturing,560059::NAVE,DORMANT,2024-01-13,ENT-00312
LAB-KA-BLRU-2023-000152,LABOUR,Naveen Printers Solutions,NAVEEN PRINTERS SOLUTIONS,"69, Extension, Rajajinagar Industrial Suburb, Bengaluru Urban, K'taka - 560059",69 EXTENSION RAJAJINAGAR IND SUBURB BANGALORE URBAN K TAKA 560059,Bengaluru Urban,560059,Printing / Packaging,Manufacturing,False,False,True,560059::Manufacturing,560059::NAVE,DORMANT,2023-08-25,ENT-00312
KAR-SHOP-BLRU-2016-000210,SHOP,Naveen Printers Solutions,NAVEEN PRINTERS SOLUTIONS,"69, Extension, Rajajinagar Industrial Suburb, B'luru Urban, K'taka",69 EXTENSION RAJAJINAGAR IND SUBURB B LURU URBAN K TAKA,Bengaluru Urban,560059,Printing / Packaging,Manufacturing,False,False,True,560059::Manufacturing,560059::NAVE,CLOSED,2017-02-07,ENT-00312
BBMP-TL-SOUT-2024-000128,BBMP,M/S Nandi Foods Industries,NANDI FOODS INDUSTRIES,"#60, C Sector, Nanjangud Road, Mysuru, Karnataka - 570018",60 C SECTOR NANJANGUD RD MYSURU KARNATAKA 570018,Mysuru,570018,Food Processing,Manufacturing,False,False,True,570018::Manufacturing,570018::NAND,DORMANT,2025-04-24,ENT-00313
KFBIS-FAC-MYS-2015-000137,FACTORY,Nandi Foods Inustries,NANDI FOODS INUSTRIES,"No. 60, C Sector, Nanjangud Road, Mysuru, K'taka - 570018",NO 60 C SECTOR NANJANGUD RD MYSURU K TAKA 570018,Mysuru,570018,Food Processing,Manufacturing,False,False,False,570018::Manufacturing,570018::NAND,CLOSED,2023-03-31,ENT-00313
LAB-KA-BLRU-2025-000153,LABOUR,Srinidhi Labels Company,SRINIDHI LABELS,"#72, C 2nd Main, Koramangala, Bangalore Urban, K'taka - 560034",72 C 2ND MN KORAMANGALA BANGALORE URBAN K TAKA 560034,Bengaluru Urban,560034,Printing / Packaging,Manufacturing,False,False,False,560034::Manufacturing,560034::SRIN,ACTIVE,2026-01-17,ENT-00314
KAR-SHOP-BLRU-2023-000211,SHOP,M/S Srinidhi Labels Company,SRINIDHI LABELS,"No. 72, C 2nd Main, Koramangala, B'luru Urban, Karnataka",NO 72 C 2ND MN KORAMANGALA B LURU URBAN KARNATAKA,Bengaluru Urban,560034,Printing / Packaging,Manufacturing,False,False,False,560034::Manufacturing,560034::SRIN,ACTIVE,2025-11-04,ENT-00314
UDYAM-KR-BLRU-2019-000158,UDYAM,M/S Srinidhi Labels Company,SRINIDHI LABELS,"#72, C 2nd Main, Koramangala, Bangalore Urban, Karnataka - 560034",72 C 2ND MN KORAMANGALA BANGALORE URBAN KARNATAKA 560034,Bengaluru Urban,560034,Printing / Packaging,Manufacturing,False,False,False,560034::Manufacturing,560034::SRIN,DORMANT,2024-10-21,ENT-00314
KFBIS-FAC-BLRU-2025-000138,FACTORY,Kaveri Coatings Solutions,KAVERI COATINGS SOLUTIONS,"No 257, A Main Rd, Yelahanka, Bangalore Urban, KA - 560064",NO 257 A MN RD YELAHANKA BANGALORE URBAN KA 560064,Bengaluru Urban,560064,Chemical Blending,Manufacturing,False,False,True,560064::Manufacturing,560064::KAVE,ACTIVE,2026-01-17,ENT-00315
GST-KA-BLRU-2019-000250,GST,Kaveri Coatings Solutions,KAVERI COATINGS SOLUTIONS,"257, A Mn Rd, Yelahanka, Bangalore Urban, KA - 560064",257 A MN RD YELAHANKA BANGALORE URBAN KA 560064,Bengaluru Urban,560064,Chemical Blending,Manufacturing,True,False,True,560064::Manufacturing,560064::KAVE,CLOSED,2022-01-23,ENT-00315
PCB/BLRU/CTE/2020/00142,KSPCB,Kaveri Coatings Solutions,KAVERI COATINGS SOLUTIONS,"No. 257, A Main Rd, Yelahanka, Bangalore Urban, Karnataka - 560064",NO 257 A MN RD YELAHANKA BANGALORE URBAN KARNATAKA 560064,Bengaluru Urban,560064,Chemical Blending,Manufacturing,True,False,True,560064::Manufacturing,560064::KAVE,DORMANT,2025-01-18,ENT-00315
LAB-KA-BLRU-2018-000154,LABOUR,Kaveri Coatings Solutions,KAVERI COATINGS SOLUTIONS,"No. 257, A Main Road, Yelahanka, Bengaluru Urban, KA - 560064",NO 257 A MN RD YELAHANKA BANGALORE URBAN KA 560064,Bengaluru Urban,560064,Chemical Blending,Manufacturing,False,False,False,560064::Manufacturing,560064::KAVE,CLOSED,2022-07-26,ENT-00315
UDYAM-KR-BLRU-2021-000159,UDYAM,Kaveri Catings Solutions,KAVERI CATINGS SOLUTIONS,"No 257, A Main Rd, Yelahanka, Bengaluru Urban, KA - 560064",NO 257 A MN RD YELAHANKA BANGALORE URBAN KA 560064,Bengaluru Urban,560064,Chemical Blending,Manufacturing,True,False,False,560064::Manufacturing,560064::KAVE,DORMANT,2024-08-22,ENT-00315
KFBIS-FAC-BLRU-2017-000139,FACTORY,Ganesh Coatings LLP,GANESH COATINGS,"159, Behind Metro, Koramangala, B'luru Urban, Karnataka - 560034",159 BEHIND METRO KORAMANGALA B LURU URBAN KARNATAKA 560034,Bengaluru Urban,560034,Chemical Blending,Manufacturing,False,False,False,560034::Manufacturing,560034::GANE,CLOSED,2018-05-14,ENT-00316
PCB/BLRU/CTO/2023/00143,KSPCB,M/S Ganesh Coatings LLP,GANESH COATINGS,"No. 159, Behind Metro, Koramangala, B'luru Urban, KA - 560034",NO 159 BEHIND METRO KORAMANGALA B LURU URBAN KA 560034,Bengaluru Urban,560034,Chemical Blending,Manufacturing,False,True,False,560034::Manufacturing,560034::GANE,DORMANT,2025-02-12,ENT-00316
LAB-KA-BLRU-2023-000155,LABOUR,Ganesh Coatings LLP,GANESH COATINGS,"#159, Behind Metro, Koramangala, Bengaluru Urban, KA - 560034",159 BEHIND METRO KORAMANGALA BANGALORE URBAN KA 560034,Bengaluru Urban,560034,Chemical Blending,Manufacturing,False,False,False,560034::Manufacturing,560034::GANE,ACTIVE,2026-02-21,ENT-00316
PCB/BLRU/CTO/2016/00144,KSPCB,Nisarga Labels Pvt Ltd,NISARGA LABELS,"#288, Plot Main Road, Whitefield, B'luru Urban, K'taka - 560037",288 PLOT MN RD WHITEFIELD B LURU URBAN K TAKA 560037,Bengaluru Urban,560037,Printing / Packaging,Manufacturing,False,False,False,560037::Manufacturing,560037::NISA,DORMANT,2024-08-03,ENT-00317
LAB-KA-BLRU-2021-000156,LABOUR,Nisarga Labels Pvt Ltd,NISARGA LABELS,"No. 288, Plot Main Road, Whitefield, Bengaluru Urban, KA - 560037",NO 288 PLOT MN RD WHITEFIELD BANGALORE URBAN KA 560037,Bengaluru Urban,560037,Printing / Packaging,Manufacturing,False,False,True,560037::Manufacturing,560037::NISA,DORMANT,2023-10-09,ENT-00317
KAR-SHOP-BLRU-2022-000212,SHOP,Nisarga Labels Pvt. Ltd.,NISARGA LABELS,"#288, Plot Mn Rd, Whitefield, B'luru Urban, KA - 560037",288 PLOT MN RD WHITEFIELD B LURU URBAN KA 560037,Bengaluru Urban,560037,Printing / Packaging,Manufacturing,False,False,True,560037::Manufacturing,560037::NISA,DORMANT,2024-08-10,ENT-00317
UDYAM-KR-BLRU-2020-000160,UDYAM,M/S Nisarga Labels Pvt Ltd,NISARGA LABELS,"No. 288, Plot Main Rd, Whitefield, Bengaluru Urban, Karnataka - 560037",NO 288 PLOT MN RD WHITEFIELD BANGALORE URBAN KARNATAKA 560037,Bengaluru Urban,560037,Printing / Packaging,Manufacturing,False,False,True,560037::Manufacturing,560037::NISA,CLOSED,2022-12-12,ENT-00317
GST-KA-MYS-2024-000251,GST,Lakshm LLP,LAKSHM,"No 177, C Service Road, Hebbal Indl Area, Mysuru, K'taka - 570016",NO 177 C SERVICE RD HEBBAL INDL AREA MYSURU K TAKA 570016,Mysuru,570016,Logistics / Warehouse,Service,True,True,False,570016::Service,570016::LAKS,ACTIVE,2025-11-09,ENT-00318
KAR-SHOP-MYS-2024-000213,SHOP,Lakshmi LLP,LAKSHMI,"177, C Service Road, Hebbal Indl Area, Mysuru, Karnataka - 570016",177 C SERVICE RD HEBBAL INDL AREA MYSURU KARNATAKA 570016,Mysuru,570016,Logistics / Warehouse,Service,True,False,True,570016::Service,570016::LAKS,ACTIVE,2025-11-14,ENT-00318
UDYAM-KR-MYS-2018-000161,UDYAM,Lakshmi LLP,LAKSHMI,"#177, C Service Road, Hebbal Industrial Estate, Mysuru, K'taka - 570016",177 C SERVICE RD HEBBAL IND ESTATE MYSURU K TAKA 570016,Mysuru,570016,Logistics / Warehouse,Service,True,False,True,570016::Service,570016::LAKS,CLOSED,2020-04-29,ENT-00318
BBMP-TL-SOUT-2018-000129,BBMP,Ganesh Medical Solutions,GANESH MEDICAL SOLUTIONS,"#213, Plot 1st Cr, Banashankari, Bengaluru Urban, K'taka - 560085",213 PLOT 1ST CR BANASHANKARI BANGALORE URBAN K TAKA 560085,Bengaluru Urban,560085,Pharmacy / Medical Retail,Retail,False,False,False,560085::Retail,560085::GANE,CLOSED,2022-10-09,ENT-00319
GST-KA-BLRU-2024-000252,GST,Ganesh Medical Solutions,GANESH MEDICAL SOLUTIONS,"No 213, Plot 1st Cross, Banashankari, B'luru Urban, KA - 560085",NO 213 PLOT 1ST CRS BANASHANKARI B LURU URBAN KA 560085,Bengaluru Urban,560085,Pharmacy / Medical Retail,Retail,True,True,False,560085::Retail,560085::GANE,DORMANT,2024-09-02,ENT-00319
LAB-KA-BLRU-2024-000157,LABOUR,M/S Ganesh Medical Solutions,GANESH MEDICAL SOLUTIONS,"No 213, Plot 1st Cr, Banashankari, Bangalore Urban, KA - 560085",NO 213 PLOT 1ST CR BANASHANKARI BANGALORE URBAN KA 560085,Bengaluru Urban,560085,Pharmacy / Medical Retail,Retail,False,False,False,560085::Retail,560085::GANE,ACTIVE,2026-02-25,ENT-00319
KAR-SHOP-BLRU-2017-000214,SHOP,Ganesh Medical Solutions,GANESH MEDICAL SOLUTIONS,"No. 213, Plot 1st Cross, Banashankari, Bangalore Urban, KA - 560085",NO 213 PLOT 1ST CRS BANASHANKARI BANGALORE URBAN KA 560085,Bengaluru Urban,560085,Pharmacy / Medical Retail,Retail,True,False,False,560085::Retail,560085::GANE,DORMANT,2024-04-18,ENT-00319
UDYAM-KR-BLRU-2022-000162,UDYAM,Ganesh Medical Solutions,GANESH MEDICAL SOLUTIONS,"213, Plot 1st Cross, Banashankari, Bengaluru Urban, KA - 560085",213 PLOT 1ST CRS BANASHANKARI BANGALORE URBAN KA 560085,Bengaluru Urban,560085,Pharmacy / Medical Retail,Retail,True,False,False,560085::Retail,560085::GANE,ACTIVE,2026-03-22,ENT-00319
KFBIS-FAC-BLRR-2017-000140,FACTORY,Navya Industrial Co,NAVYA INDUSTRIAL,"No 203, D Extension, Devanahalli, Bengaluru Rural, KA - 562110",NO 203 D EXTENSION DEVANAHALLI BANGALORE RURAL KA 562110,Bengaluru Rural,562110,Chemical Blending,Manufacturing,False,False,False,562110::Manufacturing,562110::NAVY,CLOSED,2022-09-30,ENT-00320
GST-KA-BLRR-2018-000253,GST,Navya Industrial Co,NAVYA INDUSTRIAL,"203, D Extension, Devanahalli, Bengaluru Rural, K'taka - 562110",203 D EXTENSION DEVANAHALLI BANGALORE RURAL K TAKA 562110,Bengaluru Rural,562110,Chemical Blending,Manufacturing,False,False,False,562110::Manufacturing,562110::NAVY,CLOSED,2022-05-16,ENT-00320
PCB/BLRR/CTE/2017/00145,KSPCB,M/S Navya Industrial Co,NAVYA INDUSTRIAL,"#203, D Extension, Devanahalli, Bangalore Rural, Karnataka - 562110",203 D EXTENSION DEVANAHALLI BANGALORE RURAL KARNATAKA 562110,Bengaluru Rural,562110,Chemical Blending,Manufacturing,False,False,False,562110::Manufacturing,562110::NAVY,ACTIVE,2025-10-26,ENT-00320
LAB-KA-BLRR-2025-000158,LABOUR,Navya Industrial Co,NAVYA INDUSTRIAL,"No. 203, D Extension, Devanahalli, B'luru Rural, Karnataka - 562110",NO 203 D EXTENSION DEVANAHALLI B LURU RURAL KARNATAKA 562110,Bengaluru Rural,562110,Chemical Blending,Manufacturing,False,False,False,562110::Manufacturing,562110::NAVY,ACTIVE,2025-12-25,ENT-00320
KFBIS-FAC-BLRU-2018-000141,FACTORY,M/S Asha Packaging Enterprises,ASHA PACKAGING ENTERPRISES,"No 150, A Sector, Whitefield Mn Rd, Bengaluru Urban, Karnataka - 560066",NO 150 A SECTOR WHITEFIELD MN RD BANGALORE URBAN KARNATAKA 560066,Bengaluru Urban,560066,Printing / Packaging,Manufacturing,True,True,False,560066::Manufacturing,560066::ASHA,CLOSED,2021-02-16,ENT-00321
GST-KA-BLRU-2025-000254,GST,Asha Packaging Entp,ASHA PACKAGING ENTP,"150, A Sector, Whitefield Main Rd, Bengaluru Urban, KA - 560066",150 A SECTOR WHITEFIELD MN RD BANGALORE URBAN KA 560066,Bengaluru Urban,560066,Printing / Packaging,Manufacturing,True,True,True,560066::Manufacturing,560066::ASHA,ACTIVE,2025-09-28,ENT-00321
KAR-SHOP-BLRU-2016-000215,SHOP,Asha Packaging Enterprises,ASHA PACKAGING ENTERPRISES,"150, A Sector, Whitefield Main Road, Bengaluru Urban, Karnataka - 560066",150 A SECTOR WHITEFIELD MN RD BANGALORE URBAN KARNATAKA 560066,Bengaluru Urban,560066,Printing / Packaging,Manufacturing,False,True,True,560066::Manufacturing,560066::ASHA,CLOSED,2018-05-25,ENT-00321
KFBIS-FAC-MYS-2017-000142,FACTORY,Nisarga Circuits Enterprises,NISARGA CIRCUITS ENTERPRISES,"#239, C Extension, Nanjangud Road, Mysuru, Karnataka - 570018",239 C EXTENSION NANJANGUD RD MYSURU KARNATAKA 570018,Mysuru,570018,Electronics Assembly,Manufacturing,False,False,True,570018::Manufacturing,570018::NISA,CLOSED,2022-03-11,ENT-00322
GST-KA-MYS-2025-000255,GST,M/S Nisarga Circuits Enterprises,NISARGA CIRCUITS ENTERPRISES,"239, C Extension, Nanjangud Road, Mysuru, KA - 570018",239 C EXTENSION NANJANGUD RD MYSURU KA 570018,Mysuru,570018,Electronics Assembly,Manufacturing,False,False,False,570018::Manufacturing,570018::NISA,ACTIVE,2025-07-21,ENT-00322
PCB/MYS/CTO/2022/00146,KSPCB,Nisarga Circuits Enterprises,NISARGA CIRCUITS ENTERPRISES,"239, C Extension, Nanjangud Road, Mysuru, K'taka - 570018",239 C EXTENSION NANJANGUD RD MYSURU K TAKA 570018,Mysuru,570018,Electronics Assembly,Manufacturing,False,False,True,570018::Manufacturing,570018::NISA,CLOSED,2023-02-16,ENT-00322
KAR-SHOP-MYS-2018-000216,SHOP,Nisarga Circuits Entp,NISARGA CIRCUITS ENTP,"239, C Extension, Nanjangud Road, Mysuru, KA - 570018",239 C EXTENSION NANJANGUD RD MYSURU KA 570018,Mysuru,570018,Electronics Assembly,Manufacturing,False,False,False,570018::Manufacturing,570018::NISA,CLOSED,2023-01-31,ENT-00322
UDYAM-KR-MYS-2024-000163,UDYAM,M/S Nisarga Circuits Enterprises,NISARGA CIRCUITS ENTERPRISES,"239, C Extension, Nanjangud Road, Mysuru, KA - 570018",239 C EXTENSION NANJANGUD RD MYSURU KA 570018,Mysuru,570018,Electronics Assembly,Manufacturing,False,False,False,570018::Manufacturing,570018::NISA,DORMANT,2024-12-02,ENT-00322
BBMP-TL-BOMM-2020-000130,BBMP,Sree Enterprises,SREE ENTERPRISES,"No. 132, B Service Road, Electronic City, Bengaluru Urban, Karnataka - 560100",NO 132 B SERVICE RD ELECTRONIC CITY BANGALORE URBAN KARNATAKA 560100,Bengaluru Urban,560100,Chemical Blending,Manufacturing,False,False,True,560100::Manufacturing,560100::SREE,DORMANT,2024-03-11,ENT-00323
KFBIS-FAC-BLRU-2024-000143,FACTORY,Sree Enterprises,SREE ENTERPRISES,"No. 132, B Service Road, Electronic City, Bengaluru Urban, K'taka - 560100",NO 132 B SERVICE RD ELECTRONIC CITY BANGALORE URBAN K TAKA 560100,Bengaluru Urban,560100,Chemical Blending,Manufacturing,False,False,True,560100::Manufacturing,560100::SREE,ACTIVE,2026-04-04,ENT-00323
GST-KA-BLRU-2023-000256,GST,SREE ENTERPRISES,SREE ENTERPRISES,"132, B Service Road, Electronic City, Bangalore Urban, Karnataka",132 B SERVICE RD ELECTRONIC CITY BANGALORE URBAN KARNATAKA,Bengaluru Urban,560100,Chemical Blending,Manufacturing,False,False,False,560100::Manufacturing,560100::SREE,ACTIVE,2026-02-19,ENT-00323
PCB/BLRU/CTE/2023/00147,KSPCB,Sree Enterprises,SREE ENTERPRISES,"#132, B Service Road, Electronic City, Bangalore Urban, KA - 560100",132 B SERVICE RD ELECTRONIC CITY BANGALORE URBAN KA 560100,Bengaluru Urban,560100,Chemical Blending,Manufacturing,False,False,True,560100::Manufacturing,560100::SREE,ACTIVE,2025-06-17,ENT-00323
LAB-KA-BLRU-2018-000159,LABOUR,Sree Enterprises,SREE ENTERPRISES,"No 132, B Service Road, Electronic City, Bangalore Urban, Karnataka - 560100",NO 132 B SERVICE RD ELECTRONIC CITY BANGALORE URBAN KARNATAKA 560100,Bengaluru Urban,560100,Chemical Blending,Manufacturing,False,False,False,560100::Manufacturing,560100::SREE,CLOSED,2019-08-16,ENT-00323
KFBIS-FAC-BLRU-2023-000144,FACTORY,M/S Varun Industries,VARUN INDUSTRIES,"No. 206, C Industrial Layout, Jayanagar, Bengaluru Urban, K'taka - 560078",NO 206 C IND LAYOUT JAYANAGAR BANGALORE URBAN K TAKA 560078,Bengaluru Urban,560078,Food Processing,Manufacturing,False,False,False,560078::Manufacturing,560078::VARU,ACTIVE,2025-06-12,ENT-00324
GST-KA-BLRU-2024-000257,GST,Varun Inds,VARUN INDS,"No. 206, C Industrial Layout, Jayanagar, B'luru Urban, KA - 560078",NO 206 C IND LAYOUT JAYANAGAR B LURU URBAN KA 560078,Bengaluru Urban,560078,Food Processing,Manufacturing,False,False,True,560078::Manufacturing,560078::VARU,ACTIVE,2025-06-25,ENT-00324
PCB/BLRU/CTE/2021/00148,KSPCB,Varun Industries,VARUN INDUSTRIES,"No 206, C Industrial Layout, Jayanagar, B'luru Urban, KA - 560078",NO 206 C IND LAYOUT JAYANAGAR B LURU URBAN KA 560078,Bengaluru Urban,560078,Food Processing,Manufacturing,False,False,True,560078::Manufacturing,560078::VARU,DORMANT,2024-06-09,ENT-00324
KAR-SHOP-BLRU-2021-000217,SHOP,Varun Industries,VARUN INDUSTRIES,"No. 206, C Industrial Layout, Jayanagar, Bengaluru Urban, KA - 560078",NO 206 C IND LAYOUT JAYANAGAR BANGALORE URBAN KA 560078,Bengaluru Urban,560078,Food Processing,Manufacturing,False,False,True,560078::Manufacturing,560078::VARU,ACTIVE,2026-04-02,ENT-00324
BBMP-TL-BOMM-2017-000131,BBMP,Naveen Medical Solutions,NAVEEN MEDICAL SOLUTIONS,"#158, Extension, HSR Layout, Bengaluru Urban, KA - 560102",158 EXTENSION HSR LAYOUT BANGALORE URBAN KA 560102,Bengaluru Urban,560102,Pharmacy / Medical Retail,Retail,False,False,True,560102::Retail,560102::NAVE,CLOSED,2023-04-29,ENT-00325
GST-KA-BLRU-2019-000258,GST,Naveen Medical Solutions,NAVEEN MEDICAL SOLUTIONS,"No. 158, Extension, HSR Layout, Bengaluru Urban, K'taka - 560102",NO 158 EXTENSION HSR LAYOUT BANGALORE URBAN K TAKA 560102,Bengaluru Urban,560102,Pharmacy / Medical Retail,Retail,False,False,True,560102::Retail,560102::NAVE,CLOSED,2020-02-28,ENT-00325
LAB-KA-BLRU-2018-000160,LABOUR,M/S Naveen Medical Solutions,NAVEEN MEDICAL SOLUTIONS,"No 158, Extension, HSR Layout, B'luru Urban, KA - 560102",NO 158 EXTENSION HSR LAYOUT B LURU URBAN KA 560102,Bengaluru Urban,560102,Pharmacy / Medical Retail,Retail,False,False,True,560102::Retail,560102::NAVE,CLOSED,2019-07-10,ENT-00325
KAR-SHOP-BLRU-2023-000218,SHOP,Naveen Medical Solutions,NAVEEN MEDICAL SOLUTIONS,"158, Extension, HSR Layout, Bengaluru Urban, K'taka - 560102",158 EXTENSION HSR LAYOUT BANGALORE URBAN K TAKA 560102,Bengaluru Urban,560102,Pharmacy / Medical Retail,Retail,False,False,False,560102::Retail,560102::NAVE,ACTIVE,2025-09-09,ENT-00325
UDYAM-KR-BLRU-2017-000164,UDYAM,Naveen Medical Solutions,NAVEEN MEDICAL SOLUTIONS,"158, Extension, HSR Layout, B'luru Urban, Karnataka - 560102",158 EXTENSION HSR LAYOUT B LURU URBAN KARNATAKA 560102,Bengaluru Urban,560102,Pharmacy / Medical Retail,Retail,False,False,True,560102::Retail,560102::NAVE,ACTIVE,2025-11-08,ENT-00325
