ubid,source_system,source_record_id,link_type,link_confidence,linked_at,entity_id_ground_truth
KA-BLRU-560037-000001,SHOP,KAR-SHOP-BLRU-2016-000001,HUMAN_APPROVED,67,2026-04-28,ENT-00001
KA-BLRU-560068-000002,FACTORY,KFBIS-FAC-BLRU-2025-000001,AUTO_LINK,99,2026-05-01,ENT-00002
KA-BLRU-560068-000002,GST,GST-KA-BLRU-2015-000001,AUTO_LINK,99,2026-05-03,ENT-00002
KA-BLRU-560068-000002,UDYAM,UDYAM-KR-BLRU-2017-000001,AUTO_LINK,99,2026-04-28,ENT-00002
KA-BLRR-561203-000003,FACTORY,KFBIS-FAC-BLRR-2020-000002,AUTO_LINK,89,2026-03-21,ENT-00003
KA-BLRR-561203-000003,GST,GST-KA-BLRR-2024-000002,AUTO_LINK,89,2026-05-03,ENT-00003
KA-BLRR-561203-000003,KSPCB,PCB/BLRR/CTE/2021/00001,AUTO_LINK,89,2026-04-18,ENT-00003
KA-BLRU-560085-000004,GST,GST-KA-BLRU-2021-000003,AUTO_LINK,91,2026-05-04,ENT-00004
KA-BLRU-560059-000005,GST,GST-KA-BLRU-2022-000004,AUTO_LINK,87,2026-04-21,ENT-00005
KA-BLRU-560059-000005,KSPCB,PCB/BLRU/CTO/2017/00002,AUTO_LINK,87,2026-04-19,ENT-00005
KA-BLRU-560059-000005,LABOUR,LAB-KA-BLRU-2025-000001,AUTO_LINK,87,2026-04-27,ENT-00005
KA-BLRU-560059-000005,SHOP,KAR-SHOP-BLRU-2016-000002,AUTO_LINK,87,2026-04-27,ENT-00005
KA-BLRU-560059-000005,UDYAM,UDYAM-KR-BLRU-2024-000002,AUTO_LINK,87,2026-04-22,ENT-00005
KA-MYS-570001-000006,FACTORY,KFBIS-FAC-MYS-2018-000003,AUTO_LINK,99,2026-04-27,ENT-00006
KA-MYS-570001-000006,GST,GST-KA-MYS-2024-000005,AUTO_LINK,99,2026-04-21,ENT-00006
KA-MYS-570001-000006,KSPCB,PCB/MYS/CTO/2018/00003,AUTO_LINK,99,2026-04-12,ENT-00006
KA-MYS-570001-000006,LABOUR,LAB-KA-MYS-2016-000002,AUTO_LINK,99,2026-03-31,ENT-00006
KA-MYS-570001-000006,SHOP,KAR-SHOP-MYS-2024-000003,AUTO_LINK,99,2026-04-18,ENT-00006
KA-MYS-570001-000006,UDYAM,UDYAM-KR-MYS-2023-000003,AUTO_LINK,99,2026-04-05,ENT-00006
KA-BLRU-560102-000007,SHOP,KAR-SHOP-BLRU-2022-000004,HUMAN_APPROVED,67,2026-05-02,ENT-00007
KA-BLRU-560100-000008,BBMP,BBMP-TL-BOMM-2015-000001,AUTO_LINK,99,2026-04-30,ENT-00008
KA-BLRU-560100-000008,KSPCB,PCB/BLRU/CTO/2020/00004,AUTO_LINK,99,2026-04-10,ENT-00008
KA-BLRU-560100-000008,LABOUR,LAB-KA-BLRU-2016-000003,AUTO_LINK,99,2026-04-27,ENT-00008
KA-BLRU-560100-000008,SHOP,KAR-SHOP-BLRU-2024-000005,AUTO_LINK,99,2026-04-26,ENT-00008
KA-BLRU-560100-000008,UDYAM,UDYAM-KR-BLRU-2018-000004,AUTO_LINK,99,2026-04-02,ENT-00008
KA-BLRR-562114-000009,GST,GST-KA-BLRR-2025-000006,HUMAN_APPROVED,77,2026-04-25,ENT-00009
KA-BLRR-562114-000009,KSPCB,PCB/BLRR/CTE/2019/00005,HUMAN_APPROVED,77,2026-04-07,ENT-00009
KA-BLRR-562114-000009,SHOP,KAR-SHOP-BLRR-2021-000006,HUMAN_APPROVED,77,2026-04-18,ENT-00009
KA-BLRU-560085-000010,BBMP,BBMP-TL-SOUT-2016-000002,AUTO_LINK,99,2026-03-24,ENT-00010
KA-BLRU-560085-000010,GST,GST-KA-BLRU-2025-000007,AUTO_LINK,99,2026-04-05,ENT-00010
KA-BLRU-560085-000010,SHOP,KAR-SHOP-BLRU-2022-000007,AUTO_LINK,99,2026-04-03,ENT-00010
KA-BLRU-560085-000010,UDYAM,UDYAM-KR-BLRU-2015-000005,AUTO_LINK,99,2026-04-12,ENT-00010
KA-BLRU-560076-000011,FACTORY,KFBIS-FAC-BLRU-2023-000004,AUTO_LINK,99,2026-05-04,ENT-00011
KA-BLRU-560076-000011,GST,GST-KA-BLRU-2019-000008,AUTO_LINK,99,2026-04-09,ENT-00011
KA-BLRU-560076-000011,LABOUR,LAB-KA-BLRU-2020-000004,AUTO_LINK,99,2026-04-13,ENT-00011
KA-BLRU-560076-000011,SHOP,KAR-SHOP-BLRU-2025-000008,AUTO_LINK,99,2026-03-25,ENT-00011
KA-BLRU-560076-000011,UDYAM,UDYAM-KR-BLRU-2016-000006,AUTO_LINK,99,2026-04-28,ENT-00011
KA-MYS-570001-000012,FACTORY,KFBIS-FAC-MYS-2019-000005,AUTO_LINK,99,2026-03-30,ENT-00012
KA-MYS-570001-000012,KSPCB,PCB/MYS/CTO/2023/00006,AUTO_LINK,99,2026-04-20,ENT-00012
KA-MYS-570001-000012,UDYAM,UDYAM-KR-MYS-2020-000007,AUTO_LINK,99,2026-04-15,ENT-00012
KA-MYS-570001-000013,BBMP,BBMP-TL-CENT-2021-000003,AUTO_LINK,99,2026-03-23,ENT-00013
KA-MYS-570001-000013,GST,GST-KA-MYS-2024-000009,AUTO_LINK,99,2026-05-03,ENT-00013
KA-MYS-570001-000013,SHOP,KAR-SHOP-MYS-2015-000009,AUTO_LINK,99,2026-04-23,ENT-00013
KA-BLRU-560100-000014,BBMP,BBMP-TL-BOMM-2021-000004,AUTO_LINK,99,2026-04-25,ENT-00014
KA-BLRU-560100-000014,FACTORY,KFBIS-FAC-BLRU-2019-000006,AUTO_LINK,99,2026-04-27,ENT-00014
KA-BLRU-560100-000014,KSPCB,PCB/BLRU/CTE/2018/00007,AUTO_LINK,99,2026-04-15,ENT-00014
KA-BLRU-560100-000014,LABOUR,LAB-KA-BLRU-2025-000005,AUTO_LINK,99,2026-04-21,ENT-00014
KA-BLRU-560100-000014,SHOP,KAR-SHOP-BLRU-2017-000010,AUTO_LINK,99,2026-04-08,ENT-00014
KA-BLRU-560100-000014,UDYAM,UDYAM-KR-BLRU-2016-000008,AUTO_LINK,99,2026-03-28,ENT-00014
KA-BLRR-562110-000015,BBMP,BBMP-TL-BENG-2020-000005,AUTO_LINK,94,2026-04-30,ENT-00015
KA-BLRR-562110-000015,GST,GST-KA-BLRR-2023-000010,AUTO_LINK,94,2026-04-23,ENT-00015
KA-BLRR-562110-000015,LABOUR,LAB-KA-BLRR-2022-000006,AUTO_LINK,94,2026-04-24,ENT-00015
KA-BLRR-562110-000015,UDYAM,UDYAM-KR-BLRR-2023-000009,AUTO_LINK,94,2026-03-20,ENT-00015
KA-BLRR-561203-000016,GST,GST-KA-BLRR-2017-000011,AUTO_LINK,89,2026-04-05,ENT-00016
KA-BLRR-561203-000016,LABOUR,LAB-KA-BLRR-2018-000007,AUTO_LINK,89,2026-04-22,ENT-00016
KA-BLRR-561203-000016,SHOP,KAR-SHOP-BLRR-2016-000011,AUTO_LINK,89,2026-03-21,ENT-00016
KA-BLRR-562110-000017,BBMP,BBMP-TL-BENG-2020-000006,HUMAN_APPROVED,77,2026-04-19,ENT-00017
KA-BLRR-562110-000017,GST,GST-KA-BLRR-2017-000012,HUMAN_APPROVED,77,2026-03-26,ENT-00017
KA-BLRR-562110-000017,LABOUR,LAB-KA-BLRR-2019-000008,HUMAN_APPROVED,77,2026-03-23,ENT-00017
KA-BLRU-560066-000018,BBMP,BBMP-TL-MAHA-2015-000007,AUTO_LINK,99,2026-03-30,ENT-00018
KA-BLRU-560066-000018,FACTORY,KFBIS-FAC-BLRU-2024-000007,AUTO_LINK,99,2026-03-21,ENT-00018
KA-BLRU-560066-000018,GST,GST-KA-BLRU-2022-000013,AUTO_LINK,99,2026-04-21,ENT-00018
KA-BLRU-560066-000018,KSPCB,PCB/BLRU/CTO/2015/00008,AUTO_LINK,99,2026-04-14,ENT-00018
KA-BLRU-560066-000018,SHOP,KAR-SHOP-BLRU-2015-000012,AUTO_LINK,99,2026-04-27,ENT-00018
KA-BLRU-560066-000018,UDYAM,UDYAM-KR-BLRU-2018-000010,AUTO_LINK,99,2026-04-01,ENT-00018
KA-BLRR-562110-000019,FACTORY,KFBIS-FAC-BLRR-2016-000008,HUMAN_APPROVED,82,2026-04-11,ENT-00019
KA-BLRR-562110-000019,GST,GST-KA-BLRR-2017-000014,HUMAN_APPROVED,82,2026-04-30,ENT-00019
KA-BLRR-562110-000019,KSPCB,PCB/BLRR/CTE/2018/00009,HUMAN_APPROVED,82,2026-03-23,ENT-00019
KA-BLRR-562110-000019,SHOP,KAR-SHOP-BLRR-2016-000013,HUMAN_APPROVED,82,2026-04-06,ENT-00019
KA-BLRU-560068-000020,FACTORY,KFBIS-FAC-BLRU-2019-000009,AUTO_LINK,99,2026-05-01,ENT-00020
KA-BLRU-560068-000020,GST,GST-KA-BLRU-2021-000015,AUTO_LINK,99,2026-04-30,ENT-00020
KA-BLRU-560068-000020,UDYAM,UDYAM-KR-BLRU-2016-000011,AUTO_LINK,99,2026-05-02,ENT-00020
KA-MYS-570016-000021,GST,GST-KA-MYS-2022-000016,AUTO_LINK,89,2026-03-29,ENT-00021
KA-MYS-570016-000021,KSPCB,PCB/MYS/CTO/2016/00010,AUTO_LINK,89,2026-04-09,ENT-00021
KA-MYS-570016-000021,LABOUR,LAB-KA-MYS-2015-000009,AUTO_LINK,89,2026-03-25,ENT-00021
KA-MYS-570016-000022,FACTORY,KFBIS-FAC-MYS-2023-000010,AUTO_LINK,99,2026-04-04,ENT-00022
KA-MYS-570016-000022,KSPCB,PCB/MYS/CTE/2021/00011,AUTO_LINK,99,2026-04-25,ENT-00022
KA-MYS-570016-000022,LABOUR,LAB-KA-MYS-2024-000010,AUTO_LINK,99,2026-04-10,ENT-00022
KA-MYS-570016-000022,SHOP,KAR-SHOP-MYS-2015-000014,AUTO_LINK,99,2026-05-03,ENT-00022
KA-BLRU-560102-000023,BBMP,BBMP-TL-BOMM-2019-000008,AUTO_LINK,99,2026-03-20,ENT-00023
KA-BLRU-560102-000023,FACTORY,KFBIS-FAC-BLRU-2021-000011,AUTO_LINK,99,2026-03-25,ENT-00023
KA-BLRU-560102-000023,GST,GST-KA-BLRU-2017-000017,AUTO_LINK,99,2026-04-02,ENT-00023
KA-BLRU-560102-000023,LABOUR,LAB-KA-BLRU-2024-000011,AUTO_LINK,99,2026-05-02,ENT-00023
KA-BLRU-560102-000023,SHOP,KAR-SHOP-BLRU-2025-000015,AUTO_LINK,99,2026-04-01,ENT-00023
KA-BLRU-560102-000023,UDYAM,UDYAM-KR-BLRU-2025-000012,AUTO_LINK,99,2026-04-27,ENT-00023
KA-BLRU-560085-000024,GST,GST-KA-BLRU-2018-000018,AUTO_LINK,89,2026-03-31,ENT-00024
KA-BLRU-560085-000024,LABOUR,LAB-KA-BLRU-2015-000012,AUTO_LINK,89,2026-04-29,ENT-00024
KA-BLRU-560085-000024,SHOP,KAR-SHOP-BLRU-2018-000016,AUTO_LINK,89,2026-03-26,ENT-00024
KA-BLRU-560059-000025,BBMP,BBMP-TL-WEST-2020-000009,AUTO_LINK,99,2026-04-08,ENT-00025
KA-BLRU-560059-000025,FACTORY,KFBIS-FAC-BLRU-2025-000012,AUTO_LINK,99,2026-03-23,ENT-00025
KA-BLRU-560059-000025,LABOUR,LAB-KA-BLRU-2016-000013,AUTO_LINK,99,2026-03-24,ENT-00025
KA-BLRU-560059-000025,SHOP,KAR-SHOP-BLRU-2022-000017,AUTO_LINK,99,2026-04-09,ENT-00025
KA-BLRU-560068-000026,FACTORY,KFBIS-FAC-BLRU-2025-000013,AUTO_LINK,99,2026-04-02,ENT-00026
KA-BLRU-560068-000026,GST,GST-KA-BLRU-2023-000019,AUTO_LINK,99,2026-04-29,ENT-00026
KA-BLRU-560068-000026,KSPCB,PCB/BLRU/CTO/2024/00012,AUTO_LINK,99,2026-04-18,ENT-00026
KA-BLRU-560068-000026,LABOUR,LAB-KA-BLRU-2024-000014,AUTO_LINK,99,2026-04-18,ENT-00026
KA-BLRU-560068-000026,SHOP,KAR-SHOP-BLRU-2022-000018,AUTO_LINK,99,2026-05-02,ENT-00026
KA-BLRU-560068-000026,UDYAM,UDYAM-KR-BLRU-2018-000013,AUTO_LINK,99,2026-03-20,ENT-00026
KA-BLRU-560059-000027,FACTORY,KFBIS-FAC-BLRU-2016-000014,HUMAN_APPROVED,84,2026-05-01,ENT-00027
KA-BLRU-560059-000027,GST,GST-KA-BLRU-2017-000020,HUMAN_APPROVED,84,2026-04-29,ENT-00027
KA-MYS-570016-000028,BBMP,BBMP-TL-NORT-2025-000010,HUMAN_APPROVED,72,2026-04-29,ENT-00028
KA-MYS-570016-000028,SHOP,KAR-SHOP-MYS-2025-000019,HUMAN_APPROVED,72,2026-04-30,ENT-00028
KA-BLRU-560064-000029,FACTORY,KFBIS-FAC-BLRU-2019-000015,AUTO_LINK,99,2026-04-01,ENT-00029
KA-BLRU-560064-000029,GST,GST-KA-BLRU-2025-000021,AUTO_LINK,99,2026-04-28,ENT-00029
KA-BLRU-560064-000029,UDYAM,UDYAM-KR-BLRU-2019-000014,AUTO_LINK,99,2026-04-17,ENT-00029
KA-BLRR-562110-000030,FACTORY,KFBIS-FAC-BLRR-2022-000016,AUTO_LINK,99,2026-03-28,ENT-00030
KA-BLRR-562110-000030,GST,GST-KA-BLRR-2020-000022,AUTO_LINK,99,2026-04-11,ENT-00030
KA-BLRR-562110-000030,LABOUR,LAB-KA-BLRR-2018-000015,AUTO_LINK,99,2026-04-09,ENT-00030
KA-BLRR-562110-000030,SHOP,KAR-SHOP-BLRR-2017-000020,AUTO_LINK,99,2026-05-04,ENT-00030
KA-BLRR-562110-000030,UDYAM,UDYAM-KR-BLRR-2019-000015,AUTO_LINK,99,2026-04-19,ENT-00030
KA-BLRU-560102-000031,FACTORY,KFBIS-FAC-BLRU-2015-000017,AUTO_LINK,99,2026-03-29,ENT-00031
KA-BLRU-560102-000031,GST,GST-KA-BLRU-2016-000023,AUTO_LINK,99,2026-03-31,ENT-00031
KA-BLRU-560102-000031,KSPCB,PCB/BLRU/CTE/2018/00013,AUTO_LINK,99,2026-04-11,ENT-00031
KA-BLRU-560102-000031,LABOUR,LAB-KA-BLRU-2025-000016,AUTO_LINK,99,2026-04-12,ENT-00031
KA-BLRU-560102-000031,SHOP,KAR-SHOP-BLRU-2016-000021,AUTO_LINK,99,2026-04-07,ENT-00031
KA-BLRU-560102-000031,UDYAM,UDYAM-KR-BLRU-2023-000016,AUTO_LINK,99,2026-04-07,ENT-00031
KA-BLRR-561203-000032,GST,GST-KA-BLRR-2019-000024,AUTO_LINK,99,2026-04-11,ENT-00032
KA-BLRR-561203-000032,LABOUR,LAB-KA-BLRR-2021-000017,AUTO_LINK,99,2026-03-25,ENT-00032
KA-BLRR-561203-000032,SHOP,KAR-SHOP-BLRR-2022-000022,AUTO_LINK,99,2026-04-14,ENT-00032
KA-MYS-570018-000033,GST,GST-KA-MYS-2015-000025,AUTO_LINK,99,2026-03-20,ENT-00033
KA-MYS-570018-000033,LABOUR,LAB-KA-MYS-2021-000018,AUTO_LINK,99,2026-03-31,ENT-00033
KA-MYS-570018-000033,SHOP,KAR-SHOP-MYS-2021-000023,AUTO_LINK,99,2026-03-28,ENT-00033
KA-MYS-570018-000033,UDYAM,UDYAM-KR-MYS-2017-000017,AUTO_LINK,99,2026-04-29,ENT-00033
KA-BLRU-560085-000034,GST,GST-KA-BLRU-2018-000026,AUTO_LINK,96,2026-04-27,ENT-00034
KA-BLRU-560085-000034,UDYAM,UDYAM-KR-BLRU-2019-000018,AUTO_LINK,96,2026-04-26,ENT-00034
KA-BLRU-560102-000035,GST,GST-KA-BLRU-2024-000027,HUMAN_APPROVED,82,2026-04-12,ENT-00035
KA-BLRU-560102-000035,KSPCB,PCB/BLRU/CTO/2020/00014,HUMAN_APPROVED,82,2026-03-29,ENT-00035
KA-BLRU-560102-000035,SHOP,KAR-SHOP-BLRU-2022-000024,HUMAN_APPROVED,82,2026-04-21,ENT-00035
KA-BLRU-560102-000035,UDYAM,UDYAM-KR-BLRU-2025-000019,HUMAN_APPROVED,82,2026-04-18,ENT-00035
KA-TUM-572101-000036,GST,GST-KA-TUM-2015-000028,AUTO_LINK,96,2026-04-23,ENT-00036
KA-TUM-572101-000036,LABOUR,LAB-KA-TUM-2020-000019,AUTO_LINK,96,2026-04-22,ENT-00036
KA-BLRR-562114-000037,FACTORY,KFBIS-FAC-BLRR-2025-000018,AUTO_LINK,99,2026-04-26,ENT-00037
KA-BLRR-562114-000037,GST,GST-KA-BLRR-2024-000029,AUTO_LINK,99,2026-04-22,ENT-00037
KA-BLRR-562114-000037,SHOP,KAR-SHOP-BLRR-2024-000025,AUTO_LINK,99,2026-04-18,ENT-00037
KA-BLRU-560085-000038,GST,GST-KA-BLRU-2021-000030,AUTO_LINK,99,2026-04-26,ENT-00038
KA-BLRU-560085-000038,SHOP,KAR-SHOP-BLRU-2018-000026,AUTO_LINK,99,2026-04-23,ENT-00038
KA-BLRU-560085-000038,UDYAM,UDYAM-KR-BLRU-2025-000020,AUTO_LINK,99,2026-04-21,ENT-00038
KA-BLRU-560024-000039,FACTORY,KFBIS-FAC-BLRU-2022-000019,AUTO_LINK,96,2026-05-02,ENT-00039
KA-BLRU-560024-000039,KSPCB,PCB/BLRU/CTO/2020/00015,AUTO_LINK,96,2026-04-10,ENT-00039
KA-BLRU-560068-000040,BBMP,BBMP-TL-SOUT-2016-000011,HUMAN_APPROVED,82,2026-03-31,ENT-00040
KA-BLRU-560068-000040,GST,GST-KA-BLRU-2018-000031,HUMAN_APPROVED,82,2026-04-16,ENT-00040
KA-BLRU-560068-000040,LABOUR,LAB-KA-BLRU-2015-000020,HUMAN_APPROVED,82,2026-04-27,ENT-00040
KA-BLRU-560068-000040,SHOP,KAR-SHOP-BLRU-2016-000027,HUMAN_APPROVED,82,2026-05-02,ENT-00040
KA-BLRU-560085-000041,BBMP,BBMP-TL-SOUT-2019-000012,HUMAN_APPROVED,84,2026-04-10,ENT-00041
KA-BLRU-560085-000041,SHOP,KAR-SHOP-BLRU-2018-000028,HUMAN_APPROVED,84,2026-03-23,ENT-00041
KA-MYS-570016-000042,BBMP,BBMP-TL-NORT-2025-000013,AUTO_LINK,99,2026-04-27,ENT-00042
KA-MYS-570016-000042,GST,GST-KA-MYS-2023-000032,AUTO_LINK,99,2026-04-09,ENT-00042
KA-MYS-570016-000042,LABOUR,LAB-KA-MYS-2015-000021,AUTO_LINK,99,2026-04-29,ENT-00042
KA-MYS-570016-000042,SHOP,KAR-SHOP-MYS-2025-000029,AUTO_LINK,99,2026-04-15,ENT-00042
KA-MYS-570016-000042,UDYAM,UDYAM-KR-MYS-2021-000021,AUTO_LINK,99,2026-04-27,ENT-00042
KA-TUM-572101-000043,GST,GST-KA-TUM-2018-000033,AUTO_LINK,99,2026-04-10,ENT-00043
KA-TUM-572101-000043,SHOP,KAR-SHOP-TUM-2024-000030,AUTO_LINK,99,2026-04-28,ENT-00043
KA-TUM-572101-000043,UDYAM,UDYAM-KR-TUM-2015-000022,AUTO_LINK,99,2026-04-30,ENT-00043
KA-MYS-570016-000044,BBMP,BBMP-TL-NORT-2020-000014,HUMAN_APPROVED,77,2026-04-21,ENT-00044
KA-MYS-570016-000044,GST,GST-KA-MYS-2024-000034,HUMAN_APPROVED,77,2026-03-23,ENT-00044
KA-MYS-570016-000044,UDYAM,UDYAM-KR-MYS-2017-000023,HUMAN_APPROVED,77,2026-03-21,ENT-00044
KA-TUM-572106-000045,BBMP,BBMP-TL-TUMA-2019-000015,AUTO_LINK,97,2026-04-28,ENT-00045
KA-TUM-572106-000045,FACTORY,KFBIS-FAC-TUM-2018-000020,AUTO_LINK,97,2026-04-25,ENT-00045
KA-TUM-572106-000045,GST,GST-KA-TUM-2019-000035,AUTO_LINK,97,2026-03-25,ENT-00045
KA-TUM-572106-000045,KSPCB,PCB/TUM/CTE/2016/00016,AUTO_LINK,97,2026-03-23,ENT-00045
KA-TUM-572106-000045,LABOUR,LAB-KA-TUM-2015-000022,AUTO_LINK,97,2026-04-18,ENT-00045
KA-TUM-572106-000045,SHOP,KAR-SHOP-TUM-2017-000031,AUTO_LINK,97,2026-04-03,ENT-00045
KA-TUM-572106-000045,UDYAM,UDYAM-KR-TUM-2025-000024,AUTO_LINK,97,2026-04-15,ENT-00045
KA-BLRU-560043-000046,GST,GST-KA-BLRU-2018-000036,AUTO_LINK,99,2026-04-13,ENT-00046
KA-BLRU-560043-000046,SHOP,KAR-SHOP-BLRU-2023-000032,AUTO_LINK,99,2026-04-03,ENT-00046
KA-BLRU-560043-000046,UDYAM,UDYAM-KR-BLRU-2018-000025,AUTO_LINK,99,2026-04-18,ENT-00046
KA-BLRU-560100-000047,FACTORY,KFBIS-FAC-BLRU-2024-000021,AUTO_LINK,99,2026-03-31,ENT-00047
KA-BLRU-560100-000047,GST,GST-KA-BLRU-2024-000037,AUTO_LINK,99,2026-04-09,ENT-00047
KA-BLRU-560100-000047,KSPCB,PCB/BLRU/CTE/2016/00017,AUTO_LINK,99,2026-04-27,ENT-00047
KA-BLRU-560100-000047,LABOUR,LAB-KA-BLRU-2022-000023,AUTO_LINK,99,2026-03-31,ENT-00047
KA-TUM-572106-000048,BBMP,BBMP-TL-TUMA-2021-000016,HUMAN_APPROVED,84,2026-04-06,ENT-00048
KA-TUM-572106-000048,SHOP,KAR-SHOP-TUM-2017-000033,HUMAN_APPROVED,84,2026-04-25,ENT-00048
KA-BLRU-560043-000049,FACTORY,KFBIS-FAC-BLRU-2016-000022,AUTO_LINK,99,2026-04-10,ENT-00049
KA-BLRU-560043-000049,GST,GST-KA-BLRU-2017-000038,AUTO_LINK,99,2026-04-19,ENT-00049
KA-BLRU-560043-000049,KSPCB,PCB/BLRU/CTE/2024/00018,AUTO_LINK,99,2026-03-31,ENT-00049
KA-BLRU-560043-000049,LABOUR,LAB-KA-BLRU-2024-000024,AUTO_LINK,99,2026-03-26,ENT-00049
KA-BLRU-560043-000049,SHOP,KAR-SHOP-BLRU-2021-000034,AUTO_LINK,99,2026-03-31,ENT-00049
KA-BLRU-560043-000049,UDYAM,UDYAM-KR-BLRU-2022-000026,AUTO_LINK,99,2026-05-02,ENT-00049
KA-BLRU-560102-000050,GST,GST-KA-BLRU-2025-000039,AUTO_LINK,99,2026-04-25,ENT-00050
KA-BLRU-560102-000050,SHOP,KAR-SHOP-BLRU-2025-000035,AUTO_LINK,99,2026-04-18,ENT-00050
KA-BLRU-560102-000050,UDYAM,UDYAM-KR-BLRU-2019-000027,AUTO_LINK,99,2026-03-24,ENT-00050
KA-BLRU-560076-000051,GST,GST-KA-BLRU-2021-000040,AUTO_LINK,87,2026-04-11,ENT-00051
KA-BLRU-560076-000051,KSPCB,PCB/BLRU/CTO/2021/00019,AUTO_LINK,87,2026-04-22,ENT-00051
KA-BLRU-560076-000051,LABOUR,LAB-KA-BLRU-2023-000025,AUTO_LINK,87,2026-04-17,ENT-00051
KA-BLRU-560076-000051,SHOP,KAR-SHOP-BLRU-2025-000036,AUTO_LINK,87,2026-04-25,ENT-00051
KA-BLRU-560076-000051,UDYAM,UDYAM-KR-BLRU-2025-000028,AUTO_LINK,87,2026-03-23,ENT-00051
KA-BLRU-560043-000052,GST,GST-KA-BLRU-2020-000041,AUTO_LINK,94,2026-04-12,ENT-00052
KA-BLRU-560043-000052,LABOUR,LAB-KA-BLRU-2023-000026,AUTO_LINK,94,2026-03-30,ENT-00052
KA-BLRU-560043-000052,SHOP,KAR-SHOP-BLRU-2019-000037,AUTO_LINK,94,2026-04-25,ENT-00052
KA-BLRU-560043-000052,UDYAM,UDYAM-KR-BLRU-2018-000029,AUTO_LINK,94,2026-04-26,ENT-00052
KA-BLRU-560059-000053,FACTORY,KFBIS-FAC-BLRU-2015-000023,AUTO_LINK,99,2026-04-12,ENT-00053
KA-BLRU-560059-000053,KSPCB,PCB/BLRU/CTO/2017/00020,AUTO_LINK,99,2026-04-09,ENT-00053
KA-BLRU-560059-000053,LABOUR,LAB-KA-BLRU-2024-000027,AUTO_LINK,99,2026-04-06,ENT-00053
KA-BLRU-560059-000053,SHOP,KAR-SHOP-BLRU-2021-000038,AUTO_LINK,99,2026-04-16,ENT-00053
KA-BLRU-560059-000053,UDYAM,UDYAM-KR-BLRU-2016-000030,AUTO_LINK,99,2026-05-04,ENT-00053
KA-BLRU-560037-000054,GST,GST-KA-BLRU-2020-000042,AUTO_LINK,94,2026-04-12,ENT-00054
KA-BLRU-560037-000054,KSPCB,PCB/BLRU/CTE/2018/00021,AUTO_LINK,94,2026-03-23,ENT-00054
KA-BLRU-560037-000054,SHOP,KAR-SHOP-BLRU-2022-000039,AUTO_LINK,94,2026-04-17,ENT-00054
KA-BLRU-560037-000054,UDYAM,UDYAM-KR-BLRU-2021-000031,AUTO_LINK,94,2026-03-27,ENT-00054
KA-BLRU-560059-000055,FACTORY,KFBIS-FAC-BLRU-2019-000024,AUTO_LINK,99,2026-03-29,ENT-00055
KA-BLRU-560059-000055,GST,GST-KA-BLRU-2016-000043,AUTO_LINK,99,2026-05-01,ENT-00055
KA-BLRU-560059-000055,KSPCB,PCB/BLRU/CTO/2018/00022,AUTO_LINK,99,2026-04-11,ENT-00055
KA-BLRU-560059-000055,LABOUR,LAB-KA-BLRU-2025-000028,AUTO_LINK,99,2026-03-28,ENT-00055
KA-BLRU-560059-000055,SHOP,KAR-SHOP-BLRU-2022-000040,AUTO_LINK,99,2026-04-30,ENT-00055
KA-BLRU-560078-000056,BBMP,BBMP-TL-SOUT-2019-000017,AUTO_LINK,89,2026-05-01,ENT-00056
KA-BLRU-560078-000056,GST,GST-KA-BLRU-2016-000044,AUTO_LINK,89,2026-05-01,ENT-00056
KA-BLRU-560078-000056,SHOP,KAR-SHOP-BLRU-2015-000041,AUTO_LINK,89,2026-03-24,ENT-00056
KA-MYS-570016-000057,FACTORY,KFBIS-FAC-MYS-2018-000025,AUTO_LINK,99,2026-03-28,ENT-00057
KA-MYS-570016-000057,GST,GST-KA-MYS-2023-000045,AUTO_LINK,99,2026-04-14,ENT-00057
KA-MYS-570016-000057,SHOP,KAR-SHOP-MYS-2016-000042,AUTO_LINK,99,2026-04-10,ENT-00057
KA-MYS-570016-000057,UDYAM,UDYAM-KR-MYS-2024-000032,AUTO_LINK,99,2026-04-23,ENT-00057
KA-BLRU-560043-000058,GST,GST-KA-BLRU-2015-000046,AUTO_LINK,99,2026-04-16,ENT-00058
KA-BLRU-560043-000058,KSPCB,PCB/BLRU/CTO/2017/00023,AUTO_LINK,99,2026-04-24,ENT-00058
KA-BLRU-560043-000058,LABOUR,LAB-KA-BLRU-2021-000029,AUTO_LINK,99,2026-04-30,ENT-00058
KA-BLRU-560043-000058,SHOP,KAR-SHOP-BLRU-2019-000043,AUTO_LINK,99,2026-03-24,ENT-00058
KA-BLRU-560043-000058,UDYAM,UDYAM-KR-BLRU-2018-000033,AUTO_LINK,99,2026-03-30,ENT-00058
KA-MYS-570018-000059,BBMP,BBMP-TL-SOUT-2020-000018,HUMAN_APPROVED,77,2026-03-29,ENT-00059
KA-MYS-570018-000059,FACTORY,KFBIS-FAC-MYS-2019-000026,HUMAN_APPROVED,77,2026-03-25,ENT-00059
KA-MYS-570018-000059,GST,GST-KA-MYS-2024-000047,HUMAN_APPROVED,77,2026-04-21,ENT-00059
KA-BLRR-562114-000060,BBMP,BBMP-TL-BENG-2016-000019,AUTO_LINK,99,2026-04-02,ENT-00060
KA-BLRR-562114-000060,FACTORY,KFBIS-FAC-BLRR-2022-000027,AUTO_LINK,99,2026-04-14,ENT-00060
KA-BLRR-562114-000060,GST,GST-KA-BLRR-2025-000048,AUTO_LINK,99,2026-05-02,ENT-00060
KA-BLRR-562114-000060,KSPCB,PCB/BLRR/CTE/2019/00024,AUTO_LINK,99,2026-05-01,ENT-00060
KA-BLRR-562114-000060,LABOUR,LAB-KA-BLRR-2017-000030,AUTO_LINK,99,2026-04-04,ENT-00060
KA-BLRR-562114-000060,SHOP,KAR-SHOP-BLRR-2017-000044,AUTO_LINK,99,2026-03-26,ENT-00060
KA-BLRR-562114-000060,UDYAM,UDYAM-KR-BLRR-2023-000034,AUTO_LINK,99,2026-04-08,ENT-00060
KA-BLRR-562114-000061,FACTORY,KFBIS-FAC-BLRR-2025-000028,AUTO_LINK,94,2026-03-28,ENT-00061
KA-BLRR-562114-000061,GST,GST-KA-BLRR-2018-000049,AUTO_LINK,94,2026-04-02,ENT-00061
KA-BLRR-562114-000061,KSPCB,PCB/BLRR/CTO/2024/00025,AUTO_LINK,94,2026-03-26,ENT-00061
KA-BLRR-562114-000061,LABOUR,LAB-KA-BLRR-2021-000031,AUTO_LINK,94,2026-04-02,ENT-00061
KA-BLRU-560058-000062,BBMP,BBMP-TL-DASA-2021-000020,AUTO_LINK,96,2026-05-04,ENT-00062
KA-BLRU-560058-000062,UDYAM,UDYAM-KR-BLRU-2018-000035,AUTO_LINK,96,2026-04-15,ENT-00062
KA-TUM-572101-000063,FACTORY,KFBIS-FAC-TUM-2023-000029,HUMAN_APPROVED,77,2026-04-05,ENT-00063
KA-TUM-572101-000063,GST,GST-KA-TUM-2020-000050,HUMAN_APPROVED,77,2026-03-25,ENT-00063
KA-TUM-572101-000063,KSPCB,PCB/TUM/CTO/2015/00026,HUMAN_APPROVED,77,2026-03-22,ENT-00063
KA-BLRU-560034-000064,FACTORY,KFBIS-FAC-BLRU-2023-000030,AUTO_LINK,99,2026-03-24,ENT-00064
KA-BLRU-560034-000064,GST,GST-KA-BLRU-2021-000051,AUTO_LINK,99,2026-03-30,ENT-00064
KA-BLRU-560034-000064,KSPCB,PCB/BLRU/CTO/2025/00027,AUTO_LINK,99,2026-04-05,ENT-00064
KA-BLRU-560034-000064,LABOUR,LAB-KA-BLRU-2020-000032,AUTO_LINK,99,2026-04-13,ENT-00064
KA-BLRU-560034-000064,SHOP,KAR-SHOP-BLRU-2017-000045,AUTO_LINK,99,2026-04-02,ENT-00064
KA-BLRU-560034-000064,UDYAM,UDYAM-KR-BLRU-2017-000036,AUTO_LINK,99,2026-04-26,ENT-00064
KA-BLRU-560076-000065,GST,GST-KA-BLRU-2020-000052,AUTO_LINK,99,2026-04-13,ENT-00065
KA-BLRU-560076-000065,SHOP,KAR-SHOP-BLRU-2018-000046,AUTO_LINK,99,2026-04-28,ENT-00065
KA-BLRU-560076-000065,UDYAM,UDYAM-KR-BLRU-2016-000037,AUTO_LINK,99,2026-05-01,ENT-00065
KA-BLRU-560102-000066,BBMP,BBMP-TL-BOMM-2016-000021,HUMAN_APPROVED,77,2026-04-01,ENT-00066
KA-BLRU-560102-000066,LABOUR,LAB-KA-BLRU-2018-000033,HUMAN_APPROVED,77,2026-03-23,ENT-00066
KA-BLRU-560102-000066,SHOP,KAR-SHOP-BLRU-2017-000047,HUMAN_APPROVED,77,2026-04-12,ENT-00066
KA-BLRU-560029-000067,GST,GST-KA-BLRU-2020-000053,HUMAN_APPROVED,77,2026-03-21,ENT-00067
KA-BLRU-560029-000067,SHOP,KAR-SHOP-BLRU-2018-000048,HUMAN_APPROVED,77,2026-03-24,ENT-00067
KA-BLRU-560029-000067,UDYAM,UDYAM-KR-BLRU-2018-000038,HUMAN_APPROVED,77,2026-04-27,ENT-00067
KA-MYS-570001-000068,BBMP,BBMP-TL-CENT-2019-000022,HUMAN_APPROVED,72,2026-04-02,ENT-00068
KA-MYS-570001-000068,SHOP,KAR-SHOP-MYS-2022-000049,HUMAN_APPROVED,72,2026-04-13,ENT-00068
KA-BLRU-560059-000069,BBMP,BBMP-TL-WEST-2020-000023,HUMAN_APPROVED,67,2026-04-12,ENT-00069
KA-BLRU-560001-000070,GST,GST-KA-BLRU-2016-000054,AUTO_LINK,99,2026-03-27,ENT-00070
KA-BLRU-560001-000070,KSPCB,PCB/BLRU/CTE/2020/00028,AUTO_LINK,99,2026-04-26,ENT-00070
KA-BLRU-560001-000070,SHOP,KAR-SHOP-BLRU-2017-000050,AUTO_LINK,99,2026-03-23,ENT-00070
KA-TUM-572106-000071,FACTORY,KFBIS-FAC-TUM-2018-000031,AUTO_LINK,99,2026-04-24,ENT-00071
KA-TUM-572106-000071,GST,GST-KA-TUM-2025-000055,AUTO_LINK,99,2026-04-07,ENT-00071
KA-TUM-572106-000071,KSPCB,PCB/TUM/CTO/2024/00029,AUTO_LINK,99,2026-04-18,ENT-00071
KA-TUM-572106-000071,LABOUR,LAB-KA-TUM-2023-000034,AUTO_LINK,99,2026-04-30,ENT-00071
KA-TUM-572106-000071,SHOP,KAR-SHOP-TUM-2015-000051,AUTO_LINK,99,2026-03-21,ENT-00071
KA-TUM-572106-000071,UDYAM,UDYAM-KR-TUM-2024-000039,AUTO_LINK,99,2026-04-23,ENT-00071
KA-BLRU-560076-000072,FACTORY,KFBIS-FAC-BLRU-2019-000032,HUMAN_APPROVED,84,2026-04-23,ENT-00072
KA-BLRU-560076-000072,GST,GST-KA-BLRU-2020-000056,HUMAN_APPROVED,84,2026-04-03,ENT-00072
KA-BLRU-560037-000073,FACTORY,KFBIS-FAC-BLRU-2022-000033,AUTO_LINK,99,2026-04-29,ENT-00073
KA-BLRU-560037-000073,GST,GST-KA-BLRU-2023-000057,AUTO_LINK,99,2026-03-25,ENT-00073
KA-BLRU-560037-000073,KSPCB,PCB/BLRU/CTE/2023/00030,AUTO_LINK,99,2026-04-20,ENT-00073
KA-BLRU-560037-000073,SHOP,KAR-SHOP-BLRU-2021-000052,AUTO_LINK,99,2026-03-20,ENT-00073
KA-BLRU-560037-000073,UDYAM,UDYAM-KR-BLRU-2024-000040,AUTO_LINK,99,2026-04-24,ENT-00073
KA-BLRU-560085-000074,BBMP,BBMP-TL-SOUT-2022-000024,AUTO_LINK,89,2026-05-04,ENT-00074
KA-BLRU-560085-000074,FACTORY,KFBIS-FAC-BLRU-2018-000034,AUTO_LINK,89,2026-04-07,ENT-00074
KA-BLRU-560085-000074,KSPCB,PCB/BLRU/CTE/2019/00031,AUTO_LINK,89,2026-04-28,ENT-00074
KA-BLRU-560066-000075,FACTORY,KFBIS-FAC-BLRU-2015-000035,AUTO_LINK,99,2026-04-10,ENT-00075
KA-BLRU-560066-000075,GST,GST-KA-BLRU-2016-000058,AUTO_LINK,99,2026-04-12,ENT-00075
KA-BLRU-560066-000075,KSPCB,PCB/BLRU/CTE/2019/00032,AUTO_LINK,99,2026-04-12,ENT-00075
KA-BLRU-560066-000075,SHOP,KAR-SHOP-BLRU-2015-000053,AUTO_LINK,99,2026-04-01,ENT-00075
KA-TUM-572106-000076,FACTORY,KFBIS-FAC-TUM-2016-000036,AUTO_LINK,96,2026-03-23,ENT-00076
KA-TUM-572106-000076,KSPCB,PCB/TUM/CTE/2023/00033,AUTO_LINK,96,2026-04-17,ENT-00076
KA-MYS-570001-000077,SHOP,KAR-SHOP-MYS-2020-000054,HUMAN_APPROVED,67,2026-03-20,ENT-00077
KA-BLRR-562114-000078,BBMP,BBMP-TL-BENG-2023-000025,AUTO_LINK,99,2026-04-06,ENT-00078
KA-BLRR-562114-000078,GST,GST-KA-BLRR-2017-000059,AUTO_LINK,99,2026-04-22,ENT-00078
KA-BLRR-562114-000078,LABOUR,LAB-KA-BLRR-2022-000035,AUTO_LINK,99,2026-03-27,ENT-00078
KA-BLRR-562114-000078,SHOP,KAR-SHOP-BLRR-2019-000055,AUTO_LINK,99,2026-03-27,ENT-00078
KA-MYS-570016-000079,GST,GST-KA-MYS-2015-000060,AUTO_LINK,89,2026-03-23,ENT-00079
KA-MYS-570016-000079,LABOUR,LAB-KA-MYS-2017-000036,AUTO_LINK,89,2026-04-14,ENT-00079
KA-MYS-570016-000079,SHOP,KAR-SHOP-MYS-2023-000056,AUTO_LINK,89,2026-04-25,ENT-00079
KA-BLRU-560068-000080,FACTORY,KFBIS-FAC-BLRU-2017-000037,AUTO_LINK,94,2026-03-21,ENT-00080
KA-BLRU-560068-000080,GST,GST-KA-BLRU-2020-000061,AUTO_LINK,94,2026-04-08,ENT-00080
KA-BLRU-560068-000080,KSPCB,PCB/BLRU/CTO/2016/00034,AUTO_LINK,94,2026-03-23,ENT-00080
KA-BLRU-560068-000080,LABOUR,LAB-KA-BLRU-2018-000037,AUTO_LINK,94,2026-04-19,ENT-00080
KA-BLRU-560058-000081,BBMP,BBMP-TL-DASA-2015-000026,AUTO_LINK,92,2026-04-27,ENT-00081
KA-BLRU-560058-000081,FACTORY,KFBIS-FAC-BLRU-2022-000038,AUTO_LINK,92,2026-04-30,ENT-00081
KA-BLRU-560058-000081,GST,GST-KA-BLRU-2015-000062,AUTO_LINK,92,2026-04-04,ENT-00081
KA-BLRU-560058-000081,LABOUR,LAB-KA-BLRU-2023-000038,AUTO_LINK,92,2026-03-21,ENT-00081
KA-BLRU-560058-000081,SHOP,KAR-SHOP-BLRU-2024-000057,AUTO_LINK,92,2026-04-07,ENT-00081
KA-BLRU-560058-000081,UDYAM,UDYAM-KR-BLRU-2023-000041,AUTO_LINK,92,2026-04-19,ENT-00081
KA-MYS-570016-000082,FACTORY,KFBIS-FAC-MYS-2021-000039,AUTO_LINK,99,2026-04-19,ENT-00082
KA-MYS-570016-000082,KSPCB,PCB/MYS/CTE/2023/00035,AUTO_LINK,99,2026-03-26,ENT-00082
KA-MYS-570016-000082,LABOUR,LAB-KA-MYS-2024-000039,AUTO_LINK,99,2026-03-27,ENT-00082
KA-MYS-570016-000082,UDYAM,UDYAM-KR-MYS-2018-000042,AUTO_LINK,99,2026-03-22,ENT-00082
KA-BLRU-560100-000083,FACTORY,KFBIS-FAC-BLRU-2020-000040,HUMAN_APPROVED,82,2026-04-15,ENT-00083
KA-BLRU-560100-000083,GST,GST-KA-BLRU-2024-000063,HUMAN_APPROVED,82,2026-05-01,ENT-00083
KA-BLRU-560100-000083,SHOP,KAR-SHOP-BLRU-2022-000058,HUMAN_APPROVED,82,2026-05-01,ENT-00083
KA-BLRU-560100-000083,UDYAM,UDYAM-KR-BLRU-2025-000043,HUMAN_APPROVED,82,2026-03-22,ENT-00083
KA-BLRU-560064-000084,BBMP,BBMP-TL-YELA-2024-000027,HUMAN_APPROVED,84,2026-04-04,ENT-00084
KA-BLRU-560064-000084,SHOP,KAR-SHOP-BLRU-2023-000059,HUMAN_APPROVED,84,2026-04-07,ENT-00084
KA-MYS-570018-000085,FACTORY,KFBIS-FAC-MYS-2018-000041,HUMAN_APPROVED,82,2026-04-20,ENT-00085
KA-MYS-570018-000085,GST,GST-KA-MYS-2018-000064,HUMAN_APPROVED,82,2026-04-24,ENT-00085
KA-MYS-570018-000085,SHOP,KAR-SHOP-MYS-2016-000060,HUMAN_APPROVED,82,2026-04-13,ENT-00085
KA-MYS-570018-000085,UDYAM,UDYAM-KR-MYS-2018-000044,HUMAN_APPROVED,82,2026-04-10,ENT-00085
KA-BLRU-560037-000086,FACTORY,KFBIS-FAC-BLRU-2017-000042,AUTO_LINK,89,2026-04-14,ENT-00086
KA-BLRU-560037-000086,KSPCB,PCB/BLRU/CTO/2023/00036,AUTO_LINK,89,2026-03-30,ENT-00086
KA-BLRU-560037-000086,LABOUR,LAB-KA-BLRU-2019-000040,AUTO_LINK,89,2026-03-29,ENT-00086
KA-TUM-572106-000087,BBMP,BBMP-TL-TUMA-2016-000028,AUTO_LINK,96,2026-04-01,ENT-00087
KA-TUM-572106-000087,GST,GST-KA-TUM-2022-000065,AUTO_LINK,96,2026-04-26,ENT-00087
KA-BLRU-560076-000088,BBMP,BBMP-TL-SOUT-2018-000029,AUTO_LINK,89,2026-04-14,ENT-00088
KA-BLRU-560076-000088,KSPCB,PCB/BLRU/CTE/2025/00037,AUTO_LINK,89,2026-04-29,ENT-00088
KA-BLRU-560076-000088,SHOP,KAR-SHOP-BLRU-2015-000061,AUTO_LINK,89,2026-04-01,ENT-00088
KA-MYS-570016-000089,FACTORY,KFBIS-FAC-MYS-2023-000043,AUTO_LINK,99,2026-04-05,ENT-00089
KA-MYS-570016-000089,GST,GST-KA-MYS-2019-000066,AUTO_LINK,99,2026-03-22,ENT-00089
KA-MYS-570016-000089,LABOUR,LAB-KA-MYS-2016-000041,AUTO_LINK,99,2026-04-09,ENT-00089
KA-BLRU-560029-000090,FACTORY,KFBIS-FAC-BLRU-2015-000044,AUTO_LINK,99,2026-04-07,ENT-00090
KA-BLRU-560029-000090,GST,GST-KA-BLRU-2017-000067,AUTO_LINK,99,2026-04-21,ENT-00090
KA-BLRU-560029-000090,LABOUR,LAB-KA-BLRU-2020-000042,AUTO_LINK,99,2026-04-28,ENT-00090
KA-BLRU-560029-000090,SHOP,KAR-SHOP-BLRU-2019-000062,AUTO_LINK,99,2026-03-27,ENT-00090
KA-BLRU-560029-000090,UDYAM,UDYAM-KR-BLRU-2023-000045,AUTO_LINK,99,2026-04-26,ENT-00090
KA-BLRU-560058-000091,BBMP,BBMP-TL-DASA-2016-000030,AUTO_LINK,87,2026-03-25,ENT-00091
KA-BLRU-560058-000091,FACTORY,KFBIS-FAC-BLRU-2017-000045,AUTO_LINK,87,2026-03-28,ENT-00091
KA-BLRU-560058-000091,GST,GST-KA-BLRU-2025-000068,AUTO_LINK,87,2026-03-30,ENT-00091
KA-BLRU-560058-000091,SHOP,KAR-SHOP-BLRU-2021-000063,AUTO_LINK,87,2026-04-04,ENT-00091
KA-BLRU-560058-000091,UDYAM,UDYAM-KR-BLRU-2025-000046,AUTO_LINK,87,2026-04-27,ENT-00091
KA-BLRU-560059-000092,BBMP,BBMP-TL-WEST-2019-000031,HUMAN_APPROVED,84,2026-05-02,ENT-00092
KA-BLRU-560059-000092,SHOP,KAR-SHOP-BLRU-2023-000064,HUMAN_APPROVED,84,2026-04-15,ENT-00092
KA-BLRU-560102-000093,BBMP,BBMP-TL-BOMM-2022-000032,AUTO_LINK,99,2026-04-19,ENT-00093
KA-BLRU-560102-000093,FACTORY,KFBIS-FAC-BLRU-2017-000046,AUTO_LINK,99,2026-04-16,ENT-00093
KA-BLRU-560102-000093,GST,GST-KA-BLRU-2024-000069,AUTO_LINK,99,2026-04-11,ENT-00093
KA-BLRU-560102-000093,KSPCB,PCB/BLRU/CTO/2018/00038,AUTO_LINK,99,2026-04-08,ENT-00093
KA-BLRU-560102-000093,LABOUR,LAB-KA-BLRU-2023-000043,AUTO_LINK,99,2026-04-22,ENT-00093
KA-BLRU-560102-000093,UDYAM,UDYAM-KR-BLRU-2020-000047,AUTO_LINK,99,2026-04-21,ENT-00093
KA-BLRU-560068-000094,BBMP,BBMP-TL-SOUT-2019-000033,AUTO_LINK,87,2026-03-24,ENT-00094
KA-BLRU-560068-000094,GST,GST-KA-BLRU-2024-000070,AUTO_LINK,87,2026-03-21,ENT-00094
KA-BLRU-560068-000094,LABOUR,LAB-KA-BLRU-2021-000044,AUTO_LINK,87,2026-03-31,ENT-00094
KA-BLRU-560068-000094,SHOP,KAR-SHOP-BLRU-2015-000065,AUTO_LINK,87,2026-04-21,ENT-00094
KA-BLRU-560068-000094,UDYAM,UDYAM-KR-BLRU-2018-000048,AUTO_LINK,87,2026-03-23,ENT-00094
KA-BLRU-560029-000095,FACTORY,KFBIS-FAC-BLRU-2023-000047,HUMAN_APPROVED,82,2026-04-16,ENT-00095
KA-BLRU-560029-000095,GST,GST-KA-BLRU-2025-000071,HUMAN_APPROVED,82,2026-04-08,ENT-00095
KA-BLRU-560029-000095,KSPCB,PCB/BLRU/CTO/2020/00039,HUMAN_APPROVED,82,2026-04-07,ENT-00095
KA-BLRU-560029-000095,SHOP,KAR-SHOP-BLRU-2016-000066,HUMAN_APPROVED,82,2026-04-04,ENT-00095
KA-MYS-570016-000096,BBMP,BBMP-TL-NORT-2025-000034,AUTO_LINK,94,2026-04-11,ENT-00096
KA-MYS-570016-000096,FACTORY,KFBIS-FAC-MYS-2024-000048,AUTO_LINK,94,2026-04-21,ENT-00096
KA-MYS-570016-000096,GST,GST-KA-MYS-2017-000072,AUTO_LINK,94,2026-03-25,ENT-00096
KA-MYS-570016-000096,SHOP,KAR-SHOP-MYS-2023-000067,AUTO_LINK,94,2026-03-25,ENT-00096
KA-BLRU-560085-000097,BBMP,BBMP-TL-SOUT-2024-000035,AUTO_LINK,99,2026-04-14,ENT-00097
KA-BLRU-560085-000097,FACTORY,KFBIS-FAC-BLRU-2017-000049,AUTO_LINK,99,2026-04-16,ENT-00097
KA-BLRU-560085-000097,KSPCB,PCB/BLRU/CTE/2016/00040,AUTO_LINK,99,2026-04-02,ENT-00097
KA-BLRU-560029-000098,KSPCB,PCB/BLRU/CTE/2019/00041,AUTO_LINK,96,2026-04-03,ENT-00098
KA-BLRU-560029-000098,SHOP,KAR-SHOP-BLRU-2025-000068,AUTO_LINK,96,2026-03-29,ENT-00098
KA-BLRR-562114-000099,BBMP,BBMP-TL-BENG-2020-000036,AUTO_LINK,99,2026-04-15,ENT-00099
KA-BLRR-562114-000099,GST,GST-KA-BLRR-2018-000073,AUTO_LINK,99,2026-04-19,ENT-00099
KA-BLRR-562114-000099,LABOUR,LAB-KA-BLRR-2023-000045,AUTO_LINK,99,2026-04-09,ENT-00099
KA-BLRR-562114-000099,SHOP,KAR-SHOP-BLRR-2019-000069,AUTO_LINK,99,2026-04-21,ENT-00099
KA-BLRR-562114-000099,UDYAM,UDYAM-KR-BLRR-2022-000049,AUTO_LINK,99,2026-05-01,ENT-00099
KA-BLRU-560043-000100,BBMP,BBMP-TL-EAST-2019-000037,HUMAN_APPROVED,77,2026-03-20,ENT-00100
KA-BLRU-560043-000100,GST,GST-KA-BLRU-2024-000074,HUMAN_APPROVED,77,2026-04-28,ENT-00100
KA-BLRU-560043-000100,KSPCB,PCB/BLRU/CTE/2020/00042,HUMAN_APPROVED,77,2026-04-03,ENT-00100
KA-BLRU-560085-000101,FACTORY,KFBIS-FAC-BLRU-2022-000050,AUTO_LINK,87,2026-03-30,ENT-00101
KA-BLRU-560085-000101,GST,GST-KA-BLRU-2019-000075,AUTO_LINK,87,2026-04-21,ENT-00101
KA-BLRU-560085-000101,KSPCB,PCB/BLRU/CTO/2022/00043,AUTO_LINK,87,2026-04-28,ENT-00101
KA-BLRU-560085-000101,LABOUR,LAB-KA-BLRU-2021-000046,AUTO_LINK,87,2026-04-19,ENT-00101
KA-BLRU-560085-000101,SHOP,KAR-SHOP-BLRU-2018-000070,AUTO_LINK,87,2026-04-21,ENT-00101
KA-TUM-572106-000102,GST,GST-KA-TUM-2020-000076,AUTO_LINK,99,2026-04-29,ENT-00102
KA-TUM-572106-000102,KSPCB,PCB/TUM/CTE/2023/00044,AUTO_LINK,99,2026-04-09,ENT-00102
KA-TUM-572106-000102,LABOUR,LAB-KA-TUM-2016-000047,AUTO_LINK,99,2026-03-28,ENT-00102
KA-TUM-572106-000102,SHOP,KAR-SHOP-TUM-2021-000071,AUTO_LINK,99,2026-04-23,ENT-00102
KA-TUM-572106-000102,UDYAM,UDYAM-KR-TUM-2024-000050,AUTO_LINK,99,2026-04-14,ENT-00102
KA-BLRU-560064-000103,BBMP,BBMP-TL-YELA-2017-000038,AUTO_LINK,99,2026-03-23,ENT-00103
KA-BLRU-560064-000103,GST,GST-KA-BLRU-2024-000077,AUTO_LINK,99,2026-04-08,ENT-00103
KA-BLRU-560064-000103,LABOUR,LAB-KA-BLRU-2018-000048,AUTO_LINK,99,2026-04-25,ENT-00103
KA-BLRU-560100-000104,BBMP,BBMP-TL-BOMM-2019-000039,AUTO_LINK,99,2026-03-26,ENT-00104
KA-BLRU-560100-000104,FACTORY,KFBIS-FAC-BLRU-2015-000051,AUTO_LINK,99,2026-05-03,ENT-00104
KA-BLRU-560100-000104,GST,GST-KA-BLRU-2020-000078,AUTO_LINK,99,2026-04-22,ENT-00104
KA-BLRU-560100-000104,KSPCB,PCB/BLRU/CTE/2021/00045,AUTO_LINK,99,2026-05-04,ENT-00104
KA-BLRU-560100-000104,LABOUR,LAB-KA-BLRU-2018-000049,AUTO_LINK,99,2026-04-02,ENT-00104
KA-BLRU-560100-000104,SHOP,KAR-SHOP-BLRU-2019-000072,AUTO_LINK,99,2026-03-20,ENT-00104
KA-BLRU-560029-000105,FACTORY,KFBIS-FAC-BLRU-2022-000052,AUTO_LINK,99,2026-04-04,ENT-00105
KA-BLRU-560029-000105,GST,GST-KA-BLRU-2021-000079,AUTO_LINK,99,2026-04-12,ENT-00105
KA-BLRU-560029-000105,KSPCB,PCB/BLRU/CTO/2022/00046,AUTO_LINK,99,2026-04-20,ENT-00105
KA-BLRU-560029-000105,UDYAM,UDYAM-KR-BLRU-2017-000051,AUTO_LINK,99,2026-04-24,ENT-00105
KA-BLRR-562114-000106,BBMP,BBMP-TL-BENG-2017-000040,HUMAN_APPROVED,84,2026-03-25,ENT-00106
KA-BLRR-562114-000106,LABOUR,LAB-KA-BLRR-2024-000050,HUMAN_APPROVED,84,2026-03-31,ENT-00106
KA-MYS-570001-000107,LABOUR,LAB-KA-MYS-2024-000051,AUTO_LINK,99,2026-04-29,ENT-00107
KA-MYS-570001-000107,SHOP,KAR-SHOP-MYS-2015-000073,AUTO_LINK,99,2026-04-27,ENT-00107
KA-MYS-570001-000107,UDYAM,UDYAM-KR-MYS-2018-000052,AUTO_LINK,99,2026-04-01,ENT-00107
KA-BLRU-560064-000108,FACTORY,KFBIS-FAC-BLRU-2023-000053,AUTO_LINK,94,2026-04-16,ENT-00108
KA-BLRU-560064-000108,GST,GST-KA-BLRU-2019-000080,AUTO_LINK,94,2026-03-20,ENT-00108
KA-BLRU-560064-000108,LABOUR,LAB-KA-BLRU-2025-000052,AUTO_LINK,94,2026-05-01,ENT-00108
KA-BLRU-560064-000108,UDYAM,UDYAM-KR-BLRU-2023-000053,AUTO_LINK,94,2026-04-16,ENT-00108
KA-TUM-572101-000109,FACTORY,KFBIS-FAC-TUM-2019-000054,AUTO_LINK,94,2026-04-24,ENT-00109
KA-TUM-572101-000109,GST,GST-KA-TUM-2023-000081,AUTO_LINK,94,2026-04-08,ENT-00109
KA-TUM-572101-000109,KSPCB,PCB/TUM/CTE/2023/00047,AUTO_LINK,94,2026-05-03,ENT-00109
KA-TUM-572101-000109,LABOUR,LAB-KA-TUM-2019-000053,AUTO_LINK,94,2026-03-27,ENT-00109
KA-BLRU-560085-000110,FACTORY,KFBIS-FAC-BLRU-2018-000055,AUTO_LINK,99,2026-03-25,ENT-00110
KA-BLRU-560085-000110,GST,GST-KA-BLRU-2025-000082,AUTO_LINK,99,2026-03-26,ENT-00110
KA-BLRU-560085-000110,KSPCB,PCB/BLRU/CTE/2021/00048,AUTO_LINK,99,2026-03-27,ENT-00110
KA-BLRU-560085-000110,LABOUR,LAB-KA-BLRU-2022-000054,AUTO_LINK,99,2026-03-28,ENT-00110
KA-BLRU-560085-000110,UDYAM,UDYAM-KR-BLRU-2021-000054,AUTO_LINK,99,2026-03-24,ENT-00110
KA-BLRU-560102-000111,FACTORY,KFBIS-FAC-BLRU-2021-000056,AUTO_LINK,99,2026-04-07,ENT-00111
KA-BLRU-560102-000111,GST,GST-KA-BLRU-2015-000083,AUTO_LINK,99,2026-04-23,ENT-00111
KA-BLRU-560102-000111,KSPCB,PCB/BLRU/CTE/2025/00049,AUTO_LINK,99,2026-05-02,ENT-00111
KA-BLRU-560102-000111,LABOUR,LAB-KA-BLRU-2024-000055,AUTO_LINK,99,2026-03-25,ENT-00111
KA-BLRU-560102-000111,UDYAM,UDYAM-KR-BLRU-2018-000055,AUTO_LINK,99,2026-04-04,ENT-00111
KA-BLRU-560024-000112,FACTORY,KFBIS-FAC-BLRU-2022-000057,AUTO_LINK,99,2026-04-26,ENT-00112
KA-BLRU-560024-000112,KSPCB,PCB/BLRU/CTE/2018/00050,AUTO_LINK,99,2026-04-02,ENT-00112
KA-BLRU-560024-000112,UDYAM,UDYAM-KR-BLRU-2018-000056,AUTO_LINK,99,2026-04-20,ENT-00112
KA-BLRU-560001-000113,FACTORY,KFBIS-FAC-BLRU-2022-000058,AUTO_LINK,94,2026-04-28,ENT-00113
KA-BLRU-560001-000113,KSPCB,PCB/BLRU/CTE/2023/00051,AUTO_LINK,94,2026-04-27,ENT-00113
KA-BLRU-560001-000113,LABOUR,LAB-KA-BLRU-2025-000056,AUTO_LINK,94,2026-04-13,ENT-00113
KA-BLRU-560001-000113,SHOP,KAR-SHOP-BLRU-2024-000074,AUTO_LINK,94,2026-04-28,ENT-00113
KA-BLRU-560058-000114,BBMP,BBMP-TL-DASA-2015-000041,HUMAN_APPROVED,82,2026-04-24,ENT-00114
KA-BLRU-560058-000114,FACTORY,KFBIS-FAC-BLRU-2023-000059,HUMAN_APPROVED,82,2026-04-15,ENT-00114
KA-BLRU-560058-000114,GST,GST-KA-BLRU-2016-000084,HUMAN_APPROVED,82,2026-04-08,ENT-00114
KA-BLRU-560058-000114,SHOP,KAR-SHOP-BLRU-2022-000075,HUMAN_APPROVED,82,2026-04-12,ENT-00114
KA-BLRU-560076-000115,GST,GST-KA-BLRU-2015-000085,HUMAN_APPROVED,72,2026-04-29,ENT-00115
KA-BLRU-560076-000115,SHOP,KAR-SHOP-BLRU-2016-000076,HUMAN_APPROVED,72,2026-04-12,ENT-00115
KA-BLRU-560043-000116,GST,GST-KA-BLRU-2025-000086,AUTO_LINK,99,2026-04-09,ENT-00116
KA-BLRU-560043-000116,KSPCB,PCB/BLRU/CTE/2022/00052,AUTO_LINK,99,2026-03-22,ENT-00116
KA-BLRU-560043-000116,LABOUR,LAB-KA-BLRU-2018-000057,AUTO_LINK,99,2026-03-20,ENT-00116
KA-BLRU-560043-000116,SHOP,KAR-SHOP-BLRU-2025-000077,AUTO_LINK,99,2026-04-25,ENT-00116
KA-BLRU-560043-000116,UDYAM,UDYAM-KR-BLRU-2022-000057,AUTO_LINK,99,2026-05-02,ENT-00116
KA-TUM-572106-000117,FACTORY,KFBIS-FAC-TUM-2015-000060,HUMAN_APPROVED,67,2026-04-02,ENT-00117
KA-BLRU-560076-000118,FACTORY,KFBIS-FAC-BLRU-2025-000061,HUMAN_APPROVED,82,2026-03-24,ENT-00118
KA-BLRU-560076-000118,GST,GST-KA-BLRU-2019-000087,HUMAN_APPROVED,82,2026-04-07,ENT-00118
KA-BLRU-560076-000118,SHOP,KAR-SHOP-BLRU-2015-000078,HUMAN_APPROVED,82,2026-03-21,ENT-00118
KA-BLRU-560076-000118,UDYAM,UDYAM-KR-BLRU-2022-000058,HUMAN_APPROVED,82,2026-04-30,ENT-00118
KA-BLRU-560034-000119,GST,GST-KA-BLRU-2017-000088,HUMAN_APPROVED,72,2026-04-19,ENT-00119
KA-BLRU-560034-000119,KSPCB,PCB/BLRU/CTE/2022/00053,HUMAN_APPROVED,72,2026-04-03,ENT-00119
KA-BLRR-562110-000120,BBMP,BBMP-TL-BENG-2016-000042,AUTO_LINK,94,2026-03-26,ENT-00120
KA-BLRR-562110-000120,FACTORY,KFBIS-FAC-BLRR-2016-000062,AUTO_LINK,94,2026-04-02,ENT-00120
KA-BLRR-562110-000120,GST,GST-KA-BLRR-2022-000089,AUTO_LINK,94,2026-04-05,ENT-00120
KA-BLRR-562110-000120,SHOP,KAR-SHOP-BLRR-2016-000079,AUTO_LINK,94,2026-04-05,ENT-00120
KA-BLRU-560102-000121,BBMP,BBMP-TL-BOMM-2025-000043,AUTO_LINK,99,2026-03-21,ENT-00121
KA-BLRU-560102-000121,FACTORY,KFBIS-FAC-BLRU-2020-000063,AUTO_LINK,99,2026-05-04,ENT-00121
KA-BLRU-560102-000121,GST,GST-KA-BLRU-2020-000090,AUTO_LINK,99,2026-04-09,ENT-00121
KA-BLRU-560102-000121,SHOP,KAR-SHOP-BLRU-2016-000080,AUTO_LINK,99,2026-04-04,ENT-00121
KA-BLRU-560076-000122,FACTORY,KFBIS-FAC-BLRU-2018-000064,AUTO_LINK,99,2026-05-02,ENT-00122
KA-BLRU-560076-000122,LABOUR,LAB-KA-BLRU-2019-000058,AUTO_LINK,99,2026-04-01,ENT-00122
KA-BLRU-560076-000122,SHOP,KAR-SHOP-BLRU-2022-000081,AUTO_LINK,99,2026-04-11,ENT-00122
KA-BLRU-560076-000122,UDYAM,UDYAM-KR-BLRU-2024-000059,AUTO_LINK,99,2026-04-22,ENT-00122
KA-BLRU-560024-000123,BBMP,BBMP-TL-YELA-2020-000044,HUMAN_APPROVED,82,2026-04-07,ENT-00123
KA-BLRU-560024-000123,GST,GST-KA-BLRU-2017-000091,HUMAN_APPROVED,82,2026-04-14,ENT-00123
KA-BLRU-560024-000123,KSPCB,PCB/BLRU/CTE/2022/00054,HUMAN_APPROVED,82,2026-04-06,ENT-00123
KA-BLRU-560024-000123,SHOP,KAR-SHOP-BLRU-2020-000082,HUMAN_APPROVED,82,2026-03-21,ENT-00123
KA-BLRU-560059-000124,FACTORY,KFBIS-FAC-BLRU-2024-000065,AUTO_LINK,87,2026-04-23,ENT-00124
KA-BLRU-560059-000124,KSPCB,PCB/BLRU/CTE/2023/00055,AUTO_LINK,87,2026-04-25,ENT-00124
KA-BLRU-560059-000124,LABOUR,LAB-KA-BLRU-2022-000059,AUTO_LINK,87,2026-04-28,ENT-00124
KA-BLRU-560059-000124,SHOP,KAR-SHOP-BLRU-2023-000083,AUTO_LINK,87,2026-03-26,ENT-00124
KA-BLRU-560059-000124,UDYAM,UDYAM-KR-BLRU-2024-000060,AUTO_LINK,87,2026-04-10,ENT-00124
KA-BLRU-560100-000125,FACTORY,KFBIS-FAC-BLRU-2018-000066,AUTO_LINK,99,2026-03-22,ENT-00125
KA-BLRU-560100-000125,GST,GST-KA-BLRU-2025-000092,AUTO_LINK,99,2026-04-09,ENT-00125
KA-BLRU-560100-000125,LABOUR,LAB-KA-BLRU-2017-000060,AUTO_LINK,99,2026-05-01,ENT-00125
KA-BLRU-560100-000125,SHOP,KAR-SHOP-BLRU-2015-000084,AUTO_LINK,99,2026-04-16,ENT-00125
KA-BLRU-560100-000125,UDYAM,UDYAM-KR-BLRU-2018-000061,AUTO_LINK,99,2026-04-07,ENT-00125
KA-MYS-570018-000126,GST,GST-KA-MYS-2021-000093,HUMAN_APPROVED,77,2026-04-23,ENT-00126
KA-MYS-570018-000126,LABOUR,LAB-KA-MYS-2015-000061,HUMAN_APPROVED,77,2026-04-10,ENT-00126
KA-MYS-570018-000126,SHOP,KAR-SHOP-MYS-2018-000085,HUMAN_APPROVED,77,2026-03-23,ENT-00126
KA-MYS-570016-000127,GST,GST-KA-MYS-2025-000094,AUTO_LINK,89,2026-04-13,ENT-00127
KA-MYS-570016-000127,KSPCB,PCB/MYS/CTO/2020/00056,AUTO_LINK,89,2026-03-25,ENT-00127
KA-MYS-570016-000127,LABOUR,LAB-KA-MYS-2020-000062,AUTO_LINK,89,2026-04-15,ENT-00127
KA-BLRR-562110-000128,BBMP,BBMP-TL-BENG-2022-000045,AUTO_LINK,99,2026-04-27,ENT-00128
KA-BLRR-562110-000128,GST,GST-KA-BLRR-2018-000095,AUTO_LINK,99,2026-03-24,ENT-00128
KA-BLRR-562110-000128,LABOUR,LAB-KA-BLRR-2016-000063,AUTO_LINK,99,2026-04-26,ENT-00128
KA-BLRR-562110-000128,SHOP,KAR-SHOP-BLRR-2021-000086,AUTO_LINK,99,2026-03-31,ENT-00128
KA-BLRU-560043-000129,BBMP,BBMP-TL-EAST-2020-000046,HUMAN_APPROVED,82,2026-03-23,ENT-00129
KA-BLRU-560043-000129,GST,GST-KA-BLRU-2021-000096,HUMAN_APPROVED,82,2026-05-04,ENT-00129
KA-BLRU-560043-000129,KSPCB,PCB/BLRU/CTO/2022/00057,HUMAN_APPROVED,82,2026-03-21,ENT-00129
KA-BLRU-560043-000129,UDYAM,UDYAM-KR-BLRU-2015-000062,HUMAN_APPROVED,82,2026-04-04,ENT-00129
KA-BLRU-560058-000130,GST,GST-KA-BLRU-2021-000097,HUMAN_APPROVED,77,2026-05-03,ENT-00130
KA-BLRU-560058-000130,SHOP,KAR-SHOP-BLRU-2024-000087,HUMAN_APPROVED,77,2026-04-28,ENT-00130
KA-BLRU-560058-000130,UDYAM,UDYAM-KR-BLRU-2024-000063,HUMAN_APPROVED,77,2026-04-14,ENT-00130
KA-MYS-570001-000131,KSPCB,PCB/MYS/CTO/2021/00058,AUTO_LINK,96,2026-04-29,ENT-00131
KA-MYS-570001-000131,UDYAM,UDYAM-KR-MYS-2018-000064,AUTO_LINK,96,2026-03-28,ENT-00131
KA-BLRR-562114-000132,BBMP,BBMP-TL-BENG-2020-000047,HUMAN_APPROVED,77,2026-03-30,ENT-00132
KA-BLRR-562114-000132,GST,GST-KA-BLRR-2022-000098,HUMAN_APPROVED,77,2026-04-09,ENT-00132
KA-BLRR-562114-000132,SHOP,KAR-SHOP-BLRR-2017-000088,HUMAN_APPROVED,77,2026-04-13,ENT-00132
KA-MYS-570001-000133,FACTORY,KFBIS-FAC-MYS-2025-000067,HUMAN_APPROVED,82,2026-04-21,ENT-00133
KA-MYS-570001-000133,GST,GST-KA-MYS-2019-000099,HUMAN_APPROVED,82,2026-04-24,ENT-00133
KA-MYS-570001-000133,KSPCB,PCB/MYS/CTE/2017/00059,HUMAN_APPROVED,82,2026-04-26,ENT-00133
KA-MYS-570001-000133,SHOP,KAR-SHOP-MYS-2021-000089,HUMAN_APPROVED,82,2026-04-22,ENT-00133
KA-BLRU-560043-000134,GST,GST-KA-BLRU-2017-000100,AUTO_LINK,99,2026-04-08,ENT-00134
KA-BLRU-560043-000134,LABOUR,LAB-KA-BLRU-2025-000064,AUTO_LINK,99,2026-05-03,ENT-00134
KA-BLRU-560043-000134,UDYAM,UDYAM-KR-BLRU-2023-000065,AUTO_LINK,99,2026-04-13,ENT-00134
KA-BLRR-562110-000135,FACTORY,KFBIS-FAC-BLRR-2021-000068,AUTO_LINK,94,2026-04-04,ENT-00135
KA-BLRR-562110-000135,GST,GST-KA-BLRR-2017-000101,AUTO_LINK,94,2026-04-14,ENT-00135
KA-BLRR-562110-000135,LABOUR,LAB-KA-BLRR-2018-000065,AUTO_LINK,94,2026-04-15,ENT-00135
KA-BLRR-562110-000135,SHOP,KAR-SHOP-BLRR-2020-000090,AUTO_LINK,94,2026-04-17,ENT-00135
KA-BLRU-560064-000136,BBMP,BBMP-TL-YELA-2019-000048,AUTO_LINK,99,2026-03-24,ENT-00136
KA-BLRU-560064-000136,FACTORY,KFBIS-FAC-BLRU-2017-000069,AUTO_LINK,99,2026-05-01,ENT-00136
KA-BLRU-560064-000136,GST,GST-KA-BLRU-2015-000102,AUTO_LINK,99,2026-04-16,ENT-00136
KA-BLRU-560064-000136,LABOUR,LAB-KA-BLRU-2020-000066,AUTO_LINK,99,2026-03-24,ENT-00136
KA-BLRU-560100-000137,GST,GST-KA-BLRU-2024-000103,AUTO_LINK,99,2026-03-24,ENT-00137
KA-BLRU-560100-000137,KSPCB,PCB/BLRU/CTE/2019/00060,AUTO_LINK,99,2026-03-28,ENT-00137
KA-BLRU-560100-000137,SHOP,KAR-SHOP-BLRU-2021-000091,AUTO_LINK,99,2026-04-09,ENT-00137
KA-BLRU-560100-000137,UDYAM,UDYAM-KR-BLRU-2020-000066,AUTO_LINK,99,2026-04-22,ENT-00137
KA-MYS-570001-000138,BBMP,BBMP-TL-CENT-2023-000049,HUMAN_APPROVED,77,2026-04-30,ENT-00138
KA-MYS-570001-000138,GST,GST-KA-MYS-2017-000104,HUMAN_APPROVED,77,2026-04-19,ENT-00138
KA-MYS-570001-000138,SHOP,KAR-SHOP-MYS-2022-000092,HUMAN_APPROVED,77,2026-04-15,ENT-00138
KA-BLRU-560037-000139,BBMP,BBMP-TL-MAHA-2023-000050,HUMAN_APPROVED,77,2026-03-20,ENT-00139
KA-BLRU-560037-000139,KSPCB,PCB/BLRU/CTO/2020/00061,HUMAN_APPROVED,77,2026-04-05,ENT-00139
KA-BLRU-560037-000139,SHOP,KAR-SHOP-BLRU-2019-000093,HUMAN_APPROVED,77,2026-04-17,ENT-00139
KA-BLRU-560068-000140,FACTORY,KFBIS-FAC-BLRU-2021-000070,HUMAN_APPROVED,82,2026-04-30,ENT-00140
KA-BLRU-560068-000140,KSPCB,PCB/BLRU/CTO/2022/00062,HUMAN_APPROVED,82,2026-04-11,ENT-00140
KA-BLRU-560068-000140,SHOP,KAR-SHOP-BLRU-2017-000094,HUMAN_APPROVED,82,2026-04-22,ENT-00140
KA-BLRU-560068-000140,UDYAM,UDYAM-KR-BLRU-2022-000067,HUMAN_APPROVED,82,2026-05-01,ENT-00140
KA-MYS-570001-000141,FACTORY,KFBIS-FAC-MYS-2025-000071,AUTO_LINK,99,2026-04-21,ENT-00141
KA-MYS-570001-000141,GST,GST-KA-MYS-2018-000105,AUTO_LINK,99,2026-04-02,ENT-00141
KA-MYS-570001-000141,KSPCB,PCB/MYS/CTE/2025/00063,AUTO_LINK,99,2026-04-01,ENT-00141
KA-MYS-570001-000141,LABOUR,LAB-KA-MYS-2022-000067,AUTO_LINK,99,2026-04-28,ENT-00141
KA-MYS-570001-000141,UDYAM,UDYAM-KR-MYS-2016-000068,AUTO_LINK,99,2026-03-27,ENT-00141
KA-BLRR-562157-000142,BBMP,BBMP-TL-BENG-2019-000051,HUMAN_APPROVED,72,2026-04-01,ENT-00142
KA-BLRR-562157-000142,SHOP,KAR-SHOP-BLRR-2024-000095,HUMAN_APPROVED,72,2026-04-04,ENT-00142
KA-BLRU-560078-000143,BBMP,BBMP-TL-SOUT-2024-000052,AUTO_LINK,99,2026-03-25,ENT-00143
KA-BLRU-560078-000143,FACTORY,KFBIS-FAC-BLRU-2024-000072,AUTO_LINK,99,2026-03-30,ENT-00143
KA-BLRU-560078-000143,GST,GST-KA-BLRU-2017-000106,AUTO_LINK,99,2026-04-19,ENT-00143
KA-BLRU-560078-000143,SHOP,KAR-SHOP-BLRU-2022-000096,AUTO_LINK,99,2026-03-30,ENT-00143
KA-BLRU-560064-000144,BBMP,BBMP-TL-YELA-2025-000053,AUTO_LINK,99,2026-03-23,ENT-00144
KA-BLRU-560064-000144,GST,GST-KA-BLRU-2025-000107,AUTO_LINK,99,2026-03-23,ENT-00144
KA-BLRU-560064-000144,SHOP,KAR-SHOP-BLRU-2016-000097,AUTO_LINK,99,2026-04-20,ENT-00144
KA-BLRU-560076-000145,GST,GST-KA-BLRU-2019-000108,AUTO_LINK,94,2026-04-01,ENT-00145
KA-BLRU-560076-000145,KSPCB,PCB/BLRU/CTO/2018/00064,AUTO_LINK,94,2026-03-24,ENT-00145
KA-BLRU-560076-000145,LABOUR,LAB-KA-BLRU-2017-000068,AUTO_LINK,94,2026-04-05,ENT-00145
KA-BLRU-560076-000145,SHOP,KAR-SHOP-BLRU-2022-000098,AUTO_LINK,94,2026-04-10,ENT-00145
KA-BLRU-560043-000146,FACTORY,KFBIS-FAC-BLRU-2018-000073,HUMAN_APPROVED,77,2026-05-02,ENT-00146
KA-BLRU-560043-000146,GST,GST-KA-BLRU-2025-000109,HUMAN_APPROVED,77,2026-04-21,ENT-00146
KA-BLRU-560043-000146,UDYAM,UDYAM-KR-BLRU-2016-000069,HUMAN_APPROVED,77,2026-03-25,ENT-00146
KA-MYS-570016-000147,BBMP,BBMP-TL-NORT-2019-000054,AUTO_LINK,89,2026-04-10,ENT-00147
KA-MYS-570016-000147,GST,GST-KA-MYS-2023-000110,AUTO_LINK,89,2026-04-03,ENT-00147
KA-MYS-570016-000147,LABOUR,LAB-KA-MYS-2024-000069,AUTO_LINK,89,2026-04-08,ENT-00147
KA-BLRU-560085-000148,FACTORY,KFBIS-FAC-BLRU-2022-000074,AUTO_LINK,89,2026-05-02,ENT-00148
KA-BLRU-560085-000148,GST,GST-KA-BLRU-2024-000111,AUTO_LINK,89,2026-04-08,ENT-00148
KA-BLRU-560085-000148,SHOP,KAR-SHOP-BLRU-2020-000099,AUTO_LINK,89,2026-03-29,ENT-00148
KA-BLRU-560066-000149,GST,GST-KA-BLRU-2023-000112,AUTO_LINK,99,2026-05-02,ENT-00149
KA-BLRU-560066-000149,LABOUR,LAB-KA-BLRU-2021-000070,AUTO_LINK,99,2026-04-24,ENT-00149
KA-BLRU-560066-000149,SHOP,KAR-SHOP-BLRU-2022-000100,AUTO_LINK,99,2026-04-18,ENT-00149
KA-MYS-570001-000150,GST,GST-KA-MYS-2021-000113,HUMAN_APPROVED,77,2026-04-17,ENT-00150
KA-MYS-570001-000150,KSPCB,PCB/MYS/CTO/2017/00065,HUMAN_APPROVED,77,2026-03-22,ENT-00150
KA-MYS-570001-000150,UDYAM,UDYAM-KR-MYS-2021-000070,HUMAN_APPROVED,77,2026-04-07,ENT-00150
KA-BLRR-562114-000151,FACTORY,KFBIS-FAC-BLRR-2024-000075,AUTO_LINK,99,2026-04-06,ENT-00151
KA-BLRR-562114-000151,GST,GST-KA-BLRR-2015-000114,AUTO_LINK,99,2026-04-29,ENT-00151
KA-BLRR-562114-000151,KSPCB,PCB/BLRR/CTO/2019/00066,AUTO_LINK,99,2026-04-22,ENT-00151
KA-BLRR-562114-000151,LABOUR,LAB-KA-BLRR-2025-000071,AUTO_LINK,99,2026-04-18,ENT-00151
KA-BLRR-562114-000151,UDYAM,UDYAM-KR-BLRR-2017-000071,AUTO_LINK,99,2026-04-01,ENT-00151
KA-BLRU-560066-000152,GST,GST-KA-BLRU-2016-000115,AUTO_LINK,99,2026-04-19,ENT-00152
KA-BLRU-560066-000152,KSPCB,PCB/BLRU/CTO/2025/00067,AUTO_LINK,99,2026-04-26,ENT-00152
KA-BLRU-560066-000152,LABOUR,LAB-KA-BLRU-2023-000072,AUTO_LINK,99,2026-03-31,ENT-00152
KA-BLRU-560066-000152,SHOP,KAR-SHOP-BLRU-2021-000101,AUTO_LINK,99,2026-03-25,ENT-00152
KA-BLRU-560058-000153,BBMP,BBMP-TL-DASA-2017-000055,AUTO_LINK,99,2026-03-25,ENT-00153
KA-BLRU-560058-000153,GST,GST-KA-BLRU-2016-000116,AUTO_LINK,99,2026-04-05,ENT-00153
KA-BLRU-560058-000153,LABOUR,LAB-KA-BLRU-2018-000073,AUTO_LINK,99,2026-04-24,ENT-00153
KA-BLRU-560058-000153,SHOP,KAR-SHOP-BLRU-2023-000102,AUTO_LINK,99,2026-05-03,ENT-00153
KA-BLRU-560043-000154,GST,GST-KA-BLRU-2015-000117,HUMAN_APPROVED,84,2026-03-20,ENT-00154
KA-BLRU-560043-000154,SHOP,KAR-SHOP-BLRU-2016-000103,HUMAN_APPROVED,84,2026-04-13,ENT-00154
KA-BLRR-561203-000155,FACTORY,KFBIS-FAC-BLRR-2024-000076,AUTO_LINK,99,2026-05-04,ENT-00155
KA-BLRR-561203-000155,GST,GST-KA-BLRR-2025-000118,AUTO_LINK,99,2026-03-23,ENT-00155
KA-BLRR-561203-000155,KSPCB,PCB/BLRR/CTE/2015/00068,AUTO_LINK,99,2026-05-04,ENT-00155
KA-BLRR-561203-000155,LABOUR,LAB-KA-BLRR-2017-000074,AUTO_LINK,99,2026-04-06,ENT-00155
KA-BLRU-560085-000156,GST,GST-KA-BLRU-2015-000119,AUTO_LINK,99,2026-03-30,ENT-00156
KA-BLRU-560085-000156,KSPCB,PCB/BLRU/CTE/2018/00069,AUTO_LINK,99,2026-03-25,ENT-00156
KA-BLRU-560085-000156,LABOUR,LAB-KA-BLRU-2019-000075,AUTO_LINK,99,2026-04-24,ENT-00156
KA-BLRU-560085-000156,SHOP,KAR-SHOP-BLRU-2023-000104,AUTO_LINK,99,2026-05-03,ENT-00156
KA-BLRU-560085-000156,UDYAM,UDYAM-KR-BLRU-2024-000072,AUTO_LINK,99,2026-04-28,ENT-00156
KA-BLRU-560059-000157,FACTORY,KFBIS-FAC-BLRU-2020-000077,AUTO_LINK,99,2026-03-21,ENT-00157
KA-BLRU-560059-000157,GST,GST-KA-BLRU-2018-000120,AUTO_LINK,99,2026-04-01,ENT-00157
KA-BLRU-560059-000157,KSPCB,PCB/BLRU/CTE/2025/00070,AUTO_LINK,99,2026-04-17,ENT-00157
KA-BLRU-560059-000157,SHOP,KAR-SHOP-BLRU-2015-000105,AUTO_LINK,99,2026-04-08,ENT-00157
KA-BLRU-560059-000157,UDYAM,UDYAM-KR-BLRU-2020-000073,AUTO_LINK,99,2026-04-26,ENT-00157
KA-BLRU-560068-000158,BBMP,BBMP-TL-SOUT-2021-000056,AUTO_LINK,99,2026-04-11,ENT-00158
KA-BLRU-560068-000158,FACTORY,KFBIS-FAC-BLRU-2020-000078,AUTO_LINK,99,2026-04-16,ENT-00158
KA-BLRU-560068-000158,GST,GST-KA-BLRU-2023-000121,AUTO_LINK,99,2026-04-15,ENT-00158
KA-BLRU-560068-000158,KSPCB,PCB/BLRU/CTE/2023/00071,AUTO_LINK,99,2026-04-20,ENT-00158
KA-TUM-572106-000159,FACTORY,KFBIS-FAC-TUM-2025-000079,AUTO_LINK,99,2026-03-29,ENT-00159
KA-TUM-572106-000159,GST,GST-KA-TUM-2018-000122,AUTO_LINK,99,2026-03-27,ENT-00159
KA-TUM-572106-000159,KSPCB,PCB/TUM/CTE/2025/00072,AUTO_LINK,99,2026-04-23,ENT-00159
KA-TUM-572106-000159,LABOUR,LAB-KA-TUM-2024-000076,AUTO_LINK,99,2026-03-29,ENT-00159
KA-TUM-572106-000159,UDYAM,UDYAM-KR-TUM-2021-000074,AUTO_LINK,99,2026-03-23,ENT-00159
KA-TUM-572106-000160,BBMP,BBMP-TL-TUMA-2018-000057,AUTO_LINK,87,2026-04-28,ENT-00160
KA-TUM-572106-000160,GST,GST-KA-TUM-2018-000123,AUTO_LINK,87,2026-04-19,ENT-00160
KA-TUM-572106-000160,LABOUR,LAB-KA-TUM-2020-000077,AUTO_LINK,87,2026-04-14,ENT-00160
KA-TUM-572106-000160,SHOP,KAR-SHOP-TUM-2020-000106,AUTO_LINK,87,2026-05-04,ENT-00160
KA-TUM-572106-000160,UDYAM,UDYAM-KR-TUM-2019-000075,AUTO_LINK,87,2026-04-21,ENT-00160
KA-BLRU-560064-000161,BBMP,BBMP-TL-YELA-2020-000058,AUTO_LINK,94,2026-03-23,ENT-00161
KA-BLRU-560064-000161,GST,GST-KA-BLRU-2019-000124,AUTO_LINK,94,2026-04-24,ENT-00161
KA-BLRU-560064-000161,SHOP,KAR-SHOP-BLRU-2017-000107,AUTO_LINK,94,2026-03-29,ENT-00161
KA-BLRU-560064-000161,UDYAM,UDYAM-KR-BLRU-2016-000076,AUTO_LINK,94,2026-04-23,ENT-00161
KA-BLRU-560037-000162,GST,GST-KA-BLRU-2018-000125,AUTO_LINK,99,2026-04-02,ENT-00162
KA-BLRU-560037-000162,KSPCB,PCB/BLRU/CTO/2020/00073,AUTO_LINK,99,2026-03-23,ENT-00162
KA-BLRU-560037-000162,LABOUR,LAB-KA-BLRU-2015-000078,AUTO_LINK,99,2026-04-05,ENT-00162
KA-BLRU-560037-000162,SHOP,KAR-SHOP-BLRU-2025-000108,AUTO_LINK,99,2026-04-29,ENT-00162
KA-BLRU-560037-000162,UDYAM,UDYAM-KR-BLRU-2025-000077,AUTO_LINK,99,2026-05-03,ENT-00162
KA-BLRR-562114-000163,BBMP,BBMP-TL-BENG-2023-000059,AUTO_LINK,99,2026-03-24,ENT-00163
KA-BLRR-562114-000163,GST,GST-KA-BLRR-2020-000126,AUTO_LINK,99,2026-04-17,ENT-00163
KA-BLRR-562114-000163,SHOP,KAR-SHOP-BLRR-2020-000109,AUTO_LINK,99,2026-04-02,ENT-00163
KA-BLRR-562114-000163,UDYAM,UDYAM-KR-BLRR-2017-000078,AUTO_LINK,99,2026-04-19,ENT-00163
KA-BLRU-560058-000164,BBMP,BBMP-TL-DASA-2016-000060,AUTO_LINK,94,2026-03-20,ENT-00164
KA-BLRU-560058-000164,FACTORY,KFBIS-FAC-BLRU-2022-000080,AUTO_LINK,94,2026-04-24,ENT-00164
KA-BLRU-560058-000164,GST,GST-KA-BLRU-2018-000127,AUTO_LINK,94,2026-04-20,ENT-00164
KA-BLRU-560058-000164,SHOP,KAR-SHOP-BLRU-2022-000110,AUTO_LINK,94,2026-04-02,ENT-00164
KA-BLRR-562110-000165,GST,GST-KA-BLRR-2015-000128,AUTO_LINK,89,2026-05-04,ENT-00165
KA-BLRR-562110-000165,SHOP,KAR-SHOP-BLRR-2015-000111,AUTO_LINK,89,2026-03-28,ENT-00165
KA-BLRR-562110-000165,UDYAM,UDYAM-KR-BLRR-2023-000079,AUTO_LINK,89,2026-03-25,ENT-00165
KA-BLRU-560001-000166,BBMP,BBMP-TL-EAST-2019-000061,AUTO_LINK,99,2026-03-31,ENT-00166
KA-BLRU-560001-000166,KSPCB,PCB/BLRU/CTE/2023/00074,AUTO_LINK,99,2026-04-05,ENT-00166
KA-BLRU-560001-000166,LABOUR,LAB-KA-BLRU-2023-000079,AUTO_LINK,99,2026-04-21,ENT-00166
KA-BLRU-560001-000166,SHOP,KAR-SHOP-BLRU-2025-000112,AUTO_LINK,99,2026-04-24,ENT-00166
KA-BLRU-560001-000166,UDYAM,UDYAM-KR-BLRU-2018-000080,AUTO_LINK,99,2026-03-25,ENT-00166
KA-BLRU-560024-000167,GST,GST-KA-BLRU-2021-000129,AUTO_LINK,96,2026-04-14,ENT-00167
KA-BLRU-560024-000167,KSPCB,PCB/BLRU/CTO/2025/00075,AUTO_LINK,96,2026-04-16,ENT-00167
KA-BLRR-562110-000168,BBMP,BBMP-TL-BENG-2021-000062,AUTO_LINK,99,2026-04-28,ENT-00168
KA-BLRR-562110-000168,GST,GST-KA-BLRR-2023-000130,AUTO_LINK,99,2026-03-28,ENT-00168
KA-BLRR-562110-000168,SHOP,KAR-SHOP-BLRR-2020-000113,AUTO_LINK,99,2026-04-17,ENT-00168
KA-MYS-570001-000169,GST,GST-KA-MYS-2025-000131,AUTO_LINK,99,2026-04-05,ENT-00169
KA-MYS-570001-000169,KSPCB,PCB/MYS/CTE/2021/00076,AUTO_LINK,99,2026-03-29,ENT-00169
KA-MYS-570001-000169,UDYAM,UDYAM-KR-MYS-2021-000081,AUTO_LINK,99,2026-03-31,ENT-00169
KA-BLRU-560066-000170,BBMP,BBMP-TL-MAHA-2017-000063,AUTO_LINK,99,2026-03-28,ENT-00170
KA-BLRU-560066-000170,FACTORY,KFBIS-FAC-BLRU-2019-000081,AUTO_LINK,99,2026-04-02,ENT-00170
KA-BLRU-560066-000170,GST,GST-KA-BLRU-2022-000132,AUTO_LINK,99,2026-03-26,ENT-00170
KA-BLRU-560066-000170,KSPCB,PCB/BLRU/CTO/2023/00077,AUTO_LINK,99,2026-04-15,ENT-00170
KA-BLRU-560066-000170,LABOUR,LAB-KA-BLRU-2022-000080,AUTO_LINK,99,2026-04-09,ENT-00170
KA-BLRU-560066-000170,SHOP,KAR-SHOP-BLRU-2018-000114,AUTO_LINK,99,2026-04-15,ENT-00170
KA-TUM-572106-000171,BBMP,BBMP-TL-TUMA-2018-000064,AUTO_LINK,99,2026-04-26,ENT-00171
KA-TUM-572106-000171,FACTORY,KFBIS-FAC-TUM-2021-000082,AUTO_LINK,99,2026-03-21,ENT-00171
KA-TUM-572106-000171,GST,GST-KA-TUM-2018-000133,AUTO_LINK,99,2026-04-04,ENT-00171
KA-TUM-572106-000171,LABOUR,LAB-KA-TUM-2025-000081,AUTO_LINK,99,2026-04-24,ENT-00171
KA-TUM-572106-000171,SHOP,KAR-SHOP-TUM-2017-000115,AUTO_LINK,99,2026-04-23,ENT-00171
KA-TUM-572106-000171,UDYAM,UDYAM-KR-TUM-2021-000082,AUTO_LINK,99,2026-03-22,ENT-00171
KA-BLRU-560024-000172,GST,GST-KA-BLRU-2021-000134,AUTO_LINK,99,2026-04-16,ENT-00172
KA-BLRU-560024-000172,KSPCB,PCB/BLRU/CTE/2018/00078,AUTO_LINK,99,2026-04-20,ENT-00172
KA-BLRU-560024-000172,LABOUR,LAB-KA-BLRU-2025-000082,AUTO_LINK,99,2026-04-04,ENT-00172
KA-BLRU-560024-000172,SHOP,KAR-SHOP-BLRU-2024-000116,AUTO_LINK,99,2026-04-30,ENT-00172
KA-BLRU-560024-000173,BBMP,BBMP-TL-YELA-2015-000065,AUTO_LINK,99,2026-04-25,ENT-00173
KA-BLRU-560024-000173,FACTORY,KFBIS-FAC-BLRU-2016-000083,AUTO_LINK,99,2026-03-27,ENT-00173
KA-BLRU-560024-000173,GST,GST-KA-BLRU-2023-000135,AUTO_LINK,99,2026-03-20,ENT-00173
KA-BLRU-560024-000173,KSPCB,PCB/BLRU/CTO/2015/00079,AUTO_LINK,99,2026-05-02,ENT-00173
KA-BLRU-560024-000173,LABOUR,LAB-KA-BLRU-2017-000083,AUTO_LINK,99,2026-04-07,ENT-00173
KA-BLRU-560068-000174,BBMP,BBMP-TL-SOUT-2019-000066,AUTO_LINK,89,2026-03-27,ENT-00174
KA-BLRU-560068-000174,LABOUR,LAB-KA-BLRU-2019-000084,AUTO_LINK,89,2026-03-20,ENT-00174
KA-BLRU-560068-000174,SHOP,KAR-SHOP-BLRU-2017-000117,AUTO_LINK,89,2026-03-31,ENT-00174
KA-BLRU-560085-000175,GST,GST-KA-BLRU-2023-000136,AUTO_LINK,94,2026-04-08,ENT-00175
KA-BLRU-560085-000175,LABOUR,LAB-KA-BLRU-2025-000085,AUTO_LINK,94,2026-04-17,ENT-00175
KA-BLRU-560085-000175,SHOP,KAR-SHOP-BLRU-2018-000118,AUTO_LINK,94,2026-03-24,ENT-00175
KA-BLRU-560085-000175,UDYAM,UDYAM-KR-BLRU-2016-000083,AUTO_LINK,94,2026-04-01,ENT-00175
KA-BLRU-560102-000176,BBMP,BBMP-TL-BOMM-2024-000067,AUTO_LINK,89,2026-03-30,ENT-00176
KA-BLRU-560102-000176,GST,GST-KA-BLRU-2019-000137,AUTO_LINK,89,2026-04-02,ENT-00176
KA-BLRU-560102-000176,UDYAM,UDYAM-KR-BLRU-2018-000084,AUTO_LINK,89,2026-03-28,ENT-00176
KA-MYS-570001-000177,GST,GST-KA-MYS-2022-000138,AUTO_LINK,96,2026-04-10,ENT-00177
KA-MYS-570001-000177,SHOP,KAR-SHOP-MYS-2017-000119,AUTO_LINK,96,2026-04-24,ENT-00177
KA-MYS-570018-000178,BBMP,BBMP-TL-SOUT-2015-000068,AUTO_LINK,89,2026-04-09,ENT-00178
KA-MYS-570018-000178,GST,GST-KA-MYS-2025-000139,AUTO_LINK,89,2026-04-23,ENT-00178
KA-MYS-570018-000178,SHOP,KAR-SHOP-MYS-2018-000120,AUTO_LINK,89,2026-04-08,ENT-00178
KA-MYS-570018-000179,GST,GST-KA-MYS-2021-000140,AUTO_LINK,99,2026-03-20,ENT-00179
KA-MYS-570018-000179,KSPCB,PCB/MYS/CTO/2020/00080,AUTO_LINK,99,2026-04-17,ENT-00179
KA-MYS-570018-000179,UDYAM,UDYAM-KR-MYS-2023-000085,AUTO_LINK,99,2026-04-26,ENT-00179
KA-MYS-570018-000180,FACTORY,KFBIS-FAC-MYS-2016-000084,AUTO_LINK,99,2026-04-20,ENT-00180
KA-MYS-570018-000180,GST,GST-KA-MYS-2023-000141,AUTO_LINK,99,2026-04-12,ENT-00180
KA-MYS-570018-000180,KSPCB,PCB/MYS/CTO/2020/00081,AUTO_LINK,99,2026-04-06,ENT-00180
KA-BLRU-560076-000181,BBMP,BBMP-TL-SOUT-2022-000069,AUTO_LINK,99,2026-04-15,ENT-00181
KA-BLRU-560076-000181,FACTORY,KFBIS-FAC-BLRU-2021-000085,AUTO_LINK,99,2026-03-21,ENT-00181
KA-BLRU-560076-000181,KSPCB,PCB/BLRU/CTE/2018/00082,AUTO_LINK,99,2026-03-30,ENT-00181
KA-BLRU-560102-000182,FACTORY,KFBIS-FAC-BLRU-2022-000086,AUTO_LINK,99,2026-04-16,ENT-00182
KA-BLRU-560102-000182,GST,GST-KA-BLRU-2024-000142,AUTO_LINK,99,2026-04-26,ENT-00182
KA-BLRU-560102-000182,LABOUR,LAB-KA-BLRU-2015-000086,AUTO_LINK,99,2026-03-28,ENT-00182
KA-BLRU-560102-000182,SHOP,KAR-SHOP-BLRU-2018-000121,AUTO_LINK,99,2026-04-04,ENT-00182
KA-BLRU-560102-000182,UDYAM,UDYAM-KR-BLRU-2025-000086,AUTO_LINK,99,2026-04-16,ENT-00182
KA-BLRR-562114-000183,KSPCB,PCB/BLRR/CTO/2021/00083,AUTO_LINK,96,2026-03-20,ENT-00183
KA-BLRR-562114-000183,SHOP,KAR-SHOP-BLRR-2022-000122,AUTO_LINK,96,2026-03-24,ENT-00183
KA-BLRU-560066-000184,FACTORY,KFBIS-FAC-BLRU-2015-000087,AUTO_LINK,99,2026-04-09,ENT-00184
KA-BLRU-560066-000184,GST,GST-KA-BLRU-2021-000143,AUTO_LINK,99,2026-04-10,ENT-00184
KA-BLRU-560066-000184,LABOUR,LAB-KA-BLRU-2021-000087,AUTO_LINK,99,2026-04-22,ENT-00184
KA-BLRU-560066-000184,SHOP,KAR-SHOP-BLRU-2018-000123,AUTO_LINK,99,2026-04-06,ENT-00184
KA-BLRU-560066-000184,UDYAM,UDYAM-KR-BLRU-2017-000087,AUTO_LINK,99,2026-03-20,ENT-00184
KA-MYS-570018-000185,BBMP,BBMP-TL-SOUT-2019-000070,AUTO_LINK,99,2026-04-15,ENT-00185
KA-MYS-570018-000185,FACTORY,KFBIS-FAC-MYS-2019-000088,AUTO_LINK,99,2026-03-30,ENT-00185
KA-MYS-570018-000185,KSPCB,PCB/MYS/CTE/2016/00084,AUTO_LINK,99,2026-04-27,ENT-00185
KA-MYS-570018-000185,SHOP,KAR-SHOP-MYS-2021-000124,AUTO_LINK,99,2026-04-25,ENT-00185
KA-MYS-570018-000185,UDYAM,UDYAM-KR-MYS-2015-000088,AUTO_LINK,99,2026-04-07,ENT-00185
KA-BLRU-560001-000186,BBMP,BBMP-TL-EAST-2023-000071,AUTO_LINK,99,2026-04-08,ENT-00186
KA-BLRU-560001-000186,FACTORY,KFBIS-FAC-BLRU-2016-000089,AUTO_LINK,99,2026-04-08,ENT-00186
KA-BLRU-560001-000186,LABOUR,LAB-KA-BLRU-2018-000088,AUTO_LINK,99,2026-04-19,ENT-00186
KA-BLRU-560001-000186,SHOP,KAR-SHOP-BLRU-2015-000125,AUTO_LINK,99,2026-04-20,ENT-00186
KA-BLRU-560001-000186,UDYAM,UDYAM-KR-BLRU-2016-000089,AUTO_LINK,99,2026-04-22,ENT-00186
KA-BLRR-561203-000187,LABOUR,LAB-KA-BLRR-2017-000089,HUMAN_APPROVED,72,2026-03-29,ENT-00187
KA-BLRR-561203-000187,SHOP,KAR-SHOP-BLRR-2022-000126,HUMAN_APPROVED,72,2026-04-01,ENT-00187
KA-BLRU-560029-000188,FACTORY,KFBIS-FAC-BLRU-2025-000090,AUTO_LINK,94,2026-04-11,ENT-00188
KA-BLRU-560029-000188,GST,GST-KA-BLRU-2025-000144,AUTO_LINK,94,2026-04-03,ENT-00188
KA-BLRU-560029-000188,LABOUR,LAB-KA-BLRU-2023-000090,AUTO_LINK,94,2026-04-20,ENT-00188
KA-BLRU-560029-000188,UDYAM,UDYAM-KR-BLRU-2017-000090,AUTO_LINK,94,2026-04-23,ENT-00188
KA-BLRU-560037-000189,BBMP,BBMP-TL-MAHA-2022-000072,AUTO_LINK,99,2026-04-09,ENT-00189
KA-BLRU-560037-000189,FACTORY,KFBIS-FAC-BLRU-2020-000091,AUTO_LINK,99,2026-04-30,ENT-00189
KA-BLRU-560037-000189,GST,GST-KA-BLRU-2020-000145,AUTO_LINK,99,2026-03-20,ENT-00189
KA-BLRU-560037-000189,LABOUR,LAB-KA-BLRU-2019-000091,AUTO_LINK,99,2026-03-22,ENT-00189
KA-BLRU-560037-000189,SHOP,KAR-SHOP-BLRU-2016-000127,AUTO_LINK,99,2026-04-18,ENT-00189
KA-BLRU-560037-000189,UDYAM,UDYAM-KR-BLRU-2024-000091,AUTO_LINK,99,2026-04-10,ENT-00189
KA-BLRU-560068-000190,BBMP,BBMP-TL-SOUT-2019-000073,HUMAN_APPROVED,77,2026-04-30,ENT-00190
KA-BLRU-560068-000190,LABOUR,LAB-KA-BLRU-2017-000092,HUMAN_APPROVED,77,2026-04-17,ENT-00190
KA-BLRU-560068-000190,SHOP,KAR-SHOP-BLRU-2025-000128,HUMAN_APPROVED,77,2026-04-19,ENT-00190
KA-BLRR-561203-000191,BBMP,BBMP-TL-BENG-2015-000074,HUMAN_APPROVED,84,2026-04-27,ENT-00191
KA-BLRR-561203-000191,LABOUR,LAB-KA-BLRR-2017-000093,HUMAN_APPROVED,84,2026-03-25,ENT-00191
KA-BLRU-560059-000192,BBMP,BBMP-TL-WEST-2022-000075,AUTO_LINK,99,2026-04-26,ENT-00192
KA-BLRU-560059-000192,FACTORY,KFBIS-FAC-BLRU-2021-000092,AUTO_LINK,99,2026-04-29,ENT-00192
KA-BLRU-560059-000192,GST,GST-KA-BLRU-2020-000146,AUTO_LINK,99,2026-04-14,ENT-00192
KA-BLRU-560059-000192,KSPCB,PCB/BLRU/CTE/2022/00085,AUTO_LINK,99,2026-04-26,ENT-00192
KA-BLRU-560059-000192,LABOUR,LAB-KA-BLRU-2016-000094,AUTO_LINK,99,2026-04-03,ENT-00192
KA-BLRU-560059-000192,SHOP,KAR-SHOP-BLRU-2024-000129,AUTO_LINK,99,2026-04-04,ENT-00192
KA-BLRU-560085-000193,GST,GST-KA-BLRU-2019-000147,HUMAN_APPROVED,77,2026-04-03,ENT-00193
KA-BLRU-560085-000193,LABOUR,LAB-KA-BLRU-2016-000095,HUMAN_APPROVED,77,2026-05-01,ENT-00193
KA-BLRU-560085-000193,UDYAM,UDYAM-KR-BLRU-2017-000092,HUMAN_APPROVED,77,2026-04-11,ENT-00193
KA-BLRU-560066-000194,GST,GST-KA-BLRU-2015-000148,AUTO_LINK,96,2026-04-06,ENT-00194
KA-BLRU-560066-000194,SHOP,KAR-SHOP-BLRU-2015-000130,AUTO_LINK,96,2026-03-27,ENT-00194
KA-BLRU-560058-000195,FACTORY,KFBIS-FAC-BLRU-2015-000093,AUTO_LINK,92,2026-03-21,ENT-00195
KA-BLRU-560058-000195,GST,GST-KA-BLRU-2022-000149,AUTO_LINK,92,2026-03-23,ENT-00195
KA-BLRU-560058-000195,KSPCB,PCB/BLRU/CTO/2020/00086,AUTO_LINK,92,2026-04-11,ENT-00195
KA-BLRU-560058-000195,LABOUR,LAB-KA-BLRU-2024-000096,AUTO_LINK,92,2026-04-29,ENT-00195
KA-BLRU-560058-000195,SHOP,KAR-SHOP-BLRU-2017-000131,AUTO_LINK,92,2026-04-27,ENT-00195
KA-BLRU-560058-000195,UDYAM,UDYAM-KR-BLRU-2017-000093,AUTO_LINK,92,2026-04-18,ENT-00195
KA-BLRU-560100-000196,FACTORY,KFBIS-FAC-BLRU-2024-000094,AUTO_LINK,99,2026-04-03,ENT-00196
KA-BLRU-560100-000196,GST,GST-KA-BLRU-2022-000150,AUTO_LINK,99,2026-04-23,ENT-00196
KA-BLRU-560100-000196,LABOUR,LAB-KA-BLRU-2019-000097,AUTO_LINK,99,2026-04-14,ENT-00196
KA-BLRU-560100-000196,SHOP,KAR-SHOP-BLRU-2016-000132,AUTO_LINK,99,2026-03-23,ENT-00196
KA-BLRU-560068-000197,BBMP,BBMP-TL-SOUT-2016-000076,AUTO_LINK,96,2026-04-10,ENT-00197
KA-BLRU-560068-000197,GST,GST-KA-BLRU-2020-000151,AUTO_LINK,96,2026-03-30,ENT-00197
KA-BLRU-560059-000198,BBMP,BBMP-TL-WEST-2018-000077,AUTO_LINK,99,2026-03-20,ENT-00198
KA-BLRU-560059-000198,GST,GST-KA-BLRU-2020-000152,AUTO_LINK,99,2026-03-22,ENT-00198
KA-BLRU-560059-000198,UDYAM,UDYAM-KR-BLRU-2015-000094,AUTO_LINK,99,2026-03-24,ENT-00198
KA-BLRR-562110-000199,FACTORY,KFBIS-FAC-BLRR-2024-000095,AUTO_LINK,99,2026-04-05,ENT-00199
KA-BLRR-562110-000199,GST,GST-KA-BLRR-2025-000153,AUTO_LINK,99,2026-04-20,ENT-00199
KA-BLRR-562110-000199,KSPCB,PCB/BLRR/CTO/2015/00087,AUTO_LINK,99,2026-05-02,ENT-00199
KA-BLRR-562110-000199,LABOUR,LAB-KA-BLRR-2023-000098,AUTO_LINK,99,2026-03-24,ENT-00199
KA-BLRR-562110-000199,UDYAM,UDYAM-KR-BLRR-2023-000095,AUTO_LINK,99,2026-03-29,ENT-00199
KA-BLRR-562157-000200,FACTORY,KFBIS-FAC-BLRR-2017-000096,AUTO_LINK,99,2026-05-03,ENT-00200
KA-BLRR-562157-000200,GST,GST-KA-BLRR-2022-000154,AUTO_LINK,99,2026-04-02,ENT-00200
KA-BLRR-562157-000200,KSPCB,PCB/BLRR/CTE/2025/00088,AUTO_LINK,99,2026-04-14,ENT-00200
KA-BLRR-562157-000200,SHOP,KAR-SHOP-BLRR-2018-000133,AUTO_LINK,99,2026-04-11,ENT-00200
KA-BLRR-562157-000200,UDYAM,UDYAM-KR-BLRR-2018-000096,AUTO_LINK,99,2026-04-21,ENT-00200
KA-MYS-570018-000201,BBMP,BBMP-TL-SOUT-2019-000078,AUTO_LINK,94,2026-04-03,ENT-00201
KA-MYS-570018-000201,GST,GST-KA-MYS-2018-000155,AUTO_LINK,94,2026-03-25,ENT-00201
KA-MYS-570018-000201,LABOUR,LAB-KA-MYS-2016-000099,AUTO_LINK,94,2026-03-22,ENT-00201
KA-MYS-570018-000201,SHOP,KAR-SHOP-MYS-2022-000134,AUTO_LINK,94,2026-04-15,ENT-00201
KA-BLRU-560059-000202,BBMP,BBMP-TL-WEST-2017-000079,AUTO_LINK,99,2026-03-23,ENT-00202
KA-BLRU-560059-000202,GST,GST-KA-BLRU-2020-000156,AUTO_LINK,99,2026-05-02,ENT-00202
KA-BLRU-560059-000202,SHOP,KAR-SHOP-BLRU-2022-000135,AUTO_LINK,99,2026-04-19,ENT-00202
KA-BLRU-560059-000202,UDYAM,UDYAM-KR-BLRU-2024-000097,AUTO_LINK,99,2026-04-25,ENT-00202
KA-BLRR-562114-000203,BBMP,BBMP-TL-BENG-2018-000080,HUMAN_APPROVED,84,2026-04-07,ENT-00203
KA-BLRR-562114-000203,UDYAM,UDYAM-KR-BLRR-2015-000098,HUMAN_APPROVED,84,2026-04-05,ENT-00203
KA-BLRU-560068-000204,BBMP,BBMP-TL-SOUT-2021-000081,AUTO_LINK,99,2026-05-04,ENT-00204
KA-BLRU-560068-000204,GST,GST-KA-BLRU-2022-000157,AUTO_LINK,99,2026-04-05,ENT-00204
KA-BLRU-560068-000204,SHOP,KAR-SHOP-BLRU-2024-000136,AUTO_LINK,99,2026-03-30,ENT-00204
KA-MYS-570016-000205,BBMP,BBMP-TL-NORT-2017-000082,AUTO_LINK,99,2026-04-20,ENT-00205
KA-MYS-570016-000205,FACTORY,KFBIS-FAC-MYS-2020-000097,AUTO_LINK,99,2026-04-18,ENT-00205
KA-MYS-570016-000205,UDYAM,UDYAM-KR-MYS-2020-000099,AUTO_LINK,99,2026-04-29,ENT-00205
KA-BLRR-562157-000206,FACTORY,KFBIS-FAC-BLRR-2021-000098,AUTO_LINK,87,2026-04-07,ENT-00206
KA-BLRR-562157-000206,GST,GST-KA-BLRR-2022-000158,AUTO_LINK,87,2026-03-23,ENT-00206
KA-BLRR-562157-000206,LABOUR,LAB-KA-BLRR-2025-000100,AUTO_LINK,87,2026-04-21,ENT-00206
KA-BLRR-562157-000206,SHOP,KAR-SHOP-BLRR-2017-000137,AUTO_LINK,87,2026-04-02,ENT-00206
KA-BLRR-562157-000206,UDYAM,UDYAM-KR-BLRR-2022-000100,AUTO_LINK,87,2026-04-09,ENT-00206
KA-BLRU-560102-000207,GST,GST-KA-BLRU-2022-000159,HUMAN_APPROVED,82,2026-03-23,ENT-00207
KA-BLRU-560102-000207,KSPCB,PCB/BLRU/CTE/2020/00089,HUMAN_APPROVED,82,2026-04-06,ENT-00207
KA-BLRU-560102-000207,LABOUR,LAB-KA-BLRU-2016-000101,HUMAN_APPROVED,82,2026-03-29,ENT-00207
KA-BLRU-560102-000207,UDYAM,UDYAM-KR-BLRU-2016-000101,HUMAN_APPROVED,82,2026-03-28,ENT-00207
KA-MYS-570001-000208,GST,GST-KA-MYS-2020-000160,AUTO_LINK,89,2026-04-11,ENT-00208
KA-MYS-570001-000208,SHOP,KAR-SHOP-MYS-2019-000138,AUTO_LINK,89,2026-03-29,ENT-00208
KA-MYS-570001-000208,UDYAM,UDYAM-KR-MYS-2022-000102,AUTO_LINK,89,2026-04-22,ENT-00208
KA-BLRU-560085-000209,LABOUR,LAB-KA-BLRU-2019-000102,AUTO_LINK,99,2026-04-26,ENT-00209
KA-BLRU-560085-000209,SHOP,KAR-SHOP-BLRU-2020-000139,AUTO_LINK,99,2026-04-03,ENT-00209
KA-BLRU-560085-000209,UDYAM,UDYAM-KR-BLRU-2024-000103,AUTO_LINK,99,2026-04-01,ENT-00209
KA-BLRU-560024-000210,GST,GST-KA-BLRU-2020-000161,AUTO_LINK,99,2026-04-27,ENT-00210
KA-BLRU-560024-000210,KSPCB,PCB/BLRU/CTE/2024/00090,AUTO_LINK,99,2026-03-24,ENT-00210
KA-BLRU-560024-000210,SHOP,KAR-SHOP-BLRU-2018-000140,AUTO_LINK,99,2026-04-28,ENT-00210
KA-BLRU-560024-000210,UDYAM,UDYAM-KR-BLRU-2024-000104,AUTO_LINK,99,2026-03-21,ENT-00210
KA-TUM-572101-000211,GST,GST-KA-TUM-2025-000162,AUTO_LINK,99,2026-04-24,ENT-00211
KA-TUM-572101-000211,LABOUR,LAB-KA-TUM-2016-000103,AUTO_LINK,99,2026-04-20,ENT-00211
KA-TUM-572101-000211,UDYAM,UDYAM-KR-TUM-2017-000105,AUTO_LINK,99,2026-03-25,ENT-00211
KA-BLRU-560024-000212,BBMP,BBMP-TL-YELA-2017-000083,AUTO_LINK,89,2026-04-09,ENT-00212
KA-BLRU-560024-000212,GST,GST-KA-BLRU-2017-000163,AUTO_LINK,89,2026-03-23,ENT-00212
KA-BLRU-560024-000212,SHOP,KAR-SHOP-BLRU-2022-000141,AUTO_LINK,89,2026-04-07,ENT-00212
KA-BLRU-560078-000213,GST,GST-KA-BLRU-2019-000164,AUTO_LINK,99,2026-04-22,ENT-00213
KA-BLRU-560078-000213,KSPCB,PCB/BLRU/CTO/2015/00091,AUTO_LINK,99,2026-03-22,ENT-00213
KA-BLRU-560078-000213,LABOUR,LAB-KA-BLRU-2015-000104,AUTO_LINK,99,2026-04-20,ENT-00213
KA-BLRU-560078-000213,UDYAM,UDYAM-KR-BLRU-2015-000106,AUTO_LINK,99,2026-04-22,ENT-00213
KA-BLRU-560043-000214,GST,GST-KA-BLRU-2015-000165,AUTO_LINK,96,2026-04-04,ENT-00214
KA-BLRU-560043-000214,LABOUR,LAB-KA-BLRU-2021-000105,AUTO_LINK,96,2026-03-22,ENT-00214
KA-BLRU-560064-000215,FACTORY,KFBIS-FAC-BLRU-2025-000099,AUTO_LINK,99,2026-04-17,ENT-00215
KA-BLRU-560064-000215,GST,GST-KA-BLRU-2024-000166,AUTO_LINK,99,2026-03-26,ENT-00215
KA-BLRU-560064-000215,KSPCB,PCB/BLRU/CTE/2023/00092,AUTO_LINK,99,2026-04-17,ENT-00215
KA-BLRU-560064-000215,LABOUR,LAB-KA-BLRU-2021-000106,AUTO_LINK,99,2026-04-14,ENT-00215
KA-MYS-570016-000216,BBMP,BBMP-TL-NORT-2024-000084,AUTO_LINK,99,2026-04-02,ENT-00216
KA-MYS-570016-000216,GST,GST-KA-MYS-2024-000167,AUTO_LINK,99,2026-04-21,ENT-00216
KA-MYS-570016-000216,SHOP,KAR-SHOP-MYS-2023-000142,AUTO_LINK,99,2026-04-19,ENT-00216
KA-BLRU-560029-000217,FACTORY,KFBIS-FAC-BLRU-2018-000100,AUTO_LINK,99,2026-04-12,ENT-00217
KA-BLRU-560029-000217,GST,GST-KA-BLRU-2015-000168,AUTO_LINK,99,2026-05-02,ENT-00217
KA-BLRU-560029-000217,KSPCB,PCB/BLRU/CTO/2019/00093,AUTO_LINK,99,2026-04-04,ENT-00217
KA-BLRU-560029-000217,LABOUR,LAB-KA-BLRU-2023-000107,AUTO_LINK,99,2026-04-06,ENT-00217
KA-BLRU-560029-000217,UDYAM,UDYAM-KR-BLRU-2017-000107,AUTO_LINK,99,2026-03-30,ENT-00217
KA-BLRU-560029-000218,GST,GST-KA-BLRU-2016-000169,AUTO_LINK,99,2026-04-05,ENT-00218
KA-BLRU-560029-000218,KSPCB,PCB/BLRU/CTO/2015/00094,AUTO_LINK,99,2026-05-03,ENT-00218
KA-BLRU-560029-000218,LABOUR,LAB-KA-BLRU-2023-000108,AUTO_LINK,99,2026-05-04,ENT-00218
KA-BLRU-560029-000218,SHOP,KAR-SHOP-BLRU-2017-000143,AUTO_LINK,99,2026-04-01,ENT-00218
KA-BLRR-562157-000219,FACTORY,KFBIS-FAC-BLRR-2023-000101,AUTO_LINK,87,2026-04-17,ENT-00219
KA-BLRR-562157-000219,GST,GST-KA-BLRR-2017-000170,AUTO_LINK,87,2026-04-19,ENT-00219
KA-BLRR-562157-000219,KSPCB,PCB/BLRR/CTE/2023/00095,AUTO_LINK,87,2026-04-12,ENT-00219
KA-BLRR-562157-000219,LABOUR,LAB-KA-BLRR-2023-000109,AUTO_LINK,87,2026-04-16,ENT-00219
KA-BLRR-562157-000219,SHOP,KAR-SHOP-BLRR-2019-000144,AUTO_LINK,87,2026-03-28,ENT-00219
KA-BLRU-560024-000220,BBMP,BBMP-TL-YELA-2020-000085,HUMAN_APPROVED,72,2026-03-30,ENT-00220
KA-BLRU-560024-000220,GST,GST-KA-BLRU-2018-000171,HUMAN_APPROVED,72,2026-04-23,ENT-00220
KA-BLRU-560085-000221,BBMP,BBMP-TL-SOUT-2025-000086,AUTO_LINK,99,2026-03-22,ENT-00221
KA-BLRU-560085-000221,FACTORY,KFBIS-FAC-BLRU-2018-000102,AUTO_LINK,99,2026-04-05,ENT-00221
KA-BLRU-560085-000221,GST,GST-KA-BLRU-2024-000172,AUTO_LINK,99,2026-04-30,ENT-00221
KA-BLRU-560085-000221,LABOUR,LAB-KA-BLRU-2016-000110,AUTO_LINK,99,2026-04-14,ENT-00221
KA-BLRU-560085-000221,SHOP,KAR-SHOP-BLRU-2021-000145,AUTO_LINK,99,2026-05-01,ENT-00221
KA-BLRU-560085-000221,UDYAM,UDYAM-KR-BLRU-2020-000108,AUTO_LINK,99,2026-05-01,ENT-00221
KA-BLRU-560024-000222,GST,GST-KA-BLRU-2015-000173,AUTO_LINK,96,2026-04-01,ENT-00222
KA-BLRU-560024-000222,SHOP,KAR-SHOP-BLRU-2023-000146,AUTO_LINK,96,2026-04-28,ENT-00222
KA-MYS-570016-000223,FACTORY,KFBIS-FAC-MYS-2015-000103,AUTO_LINK,87,2026-04-10,ENT-00223
KA-MYS-570016-000223,KSPCB,PCB/MYS/CTE/2023/00096,AUTO_LINK,87,2026-04-07,ENT-00223
KA-MYS-570016-000223,LABOUR,LAB-KA-MYS-2019-000111,AUTO_LINK,87,2026-04-26,ENT-00223
KA-MYS-570016-000223,SHOP,KAR-SHOP-MYS-2018-000147,AUTO_LINK,87,2026-04-25,ENT-00223
KA-MYS-570016-000223,UDYAM,UDYAM-KR-MYS-2015-000109,AUTO_LINK,87,2026-04-29,ENT-00223
KA-BLRU-560076-000224,GST,GST-KA-BLRU-2024-000174,HUMAN_APPROVED,77,2026-04-21,ENT-00224
KA-BLRU-560076-000224,LABOUR,LAB-KA-BLRU-2022-000112,HUMAN_APPROVED,77,2026-04-28,ENT-00224
KA-BLRU-560076-000224,SHOP,KAR-SHOP-BLRU-2025-000148,HUMAN_APPROVED,77,2026-03-27,ENT-00224
KA-BLRU-560037-000225,GST,GST-KA-BLRU-2017-000175,AUTO_LINK,89,2026-03-24,ENT-00225
KA-BLRU-560037-000225,LABOUR,LAB-KA-BLRU-2017-000113,AUTO_LINK,89,2026-04-15,ENT-00225
KA-BLRU-560037-000225,SHOP,KAR-SHOP-BLRU-2018-000149,AUTO_LINK,89,2026-03-20,ENT-00225
KA-BLRU-560066-000226,GST,GST-KA-BLRU-2016-000176,AUTO_LINK,99,2026-04-17,ENT-00226
KA-BLRU-560066-000226,KSPCB,PCB/BLRU/CTE/2016/00097,AUTO_LINK,99,2026-03-29,ENT-00226
KA-BLRU-560066-000226,LABOUR,LAB-KA-BLRU-2019-000114,AUTO_LINK,99,2026-04-20,ENT-00226
KA-BLRU-560066-000226,UDYAM,UDYAM-KR-BLRU-2015-000110,AUTO_LINK,99,2026-04-05,ENT-00226
KA-BLRU-560034-000227,GST,GST-KA-BLRU-2023-000177,AUTO_LINK,89,2026-03-28,ENT-00227
KA-BLRU-560034-000227,KSPCB,PCB/BLRU/CTO/2017/00098,AUTO_LINK,89,2026-05-02,ENT-00227
KA-BLRU-560034-000227,LABOUR,LAB-KA-BLRU-2016-000115,AUTO_LINK,89,2026-05-02,ENT-00227
KA-BLRU-560059-000228,FACTORY,KFBIS-FAC-BLRU-2025-000104,AUTO_LINK,94,2026-03-24,ENT-00228
KA-BLRU-560059-000228,GST,GST-KA-BLRU-2020-000178,AUTO_LINK,94,2026-03-31,ENT-00228
KA-BLRU-560059-000228,SHOP,KAR-SHOP-BLRU-2015-000150,AUTO_LINK,94,2026-05-03,ENT-00228
KA-BLRU-560059-000228,UDYAM,UDYAM-KR-BLRU-2023-000111,AUTO_LINK,94,2026-04-03,ENT-00228
KA-TUM-572101-000229,BBMP,BBMP-TL-TUMA-2023-000087,AUTO_LINK,89,2026-04-21,ENT-00229
KA-TUM-572101-000229,LABOUR,LAB-KA-TUM-2024-000116,AUTO_LINK,89,2026-04-28,ENT-00229
KA-TUM-572101-000229,UDYAM,UDYAM-KR-TUM-2021-000112,AUTO_LINK,89,2026-05-03,ENT-00229
KA-BLRR-562157-000230,BBMP,BBMP-TL-BENG-2019-000088,AUTO_LINK,96,2026-05-02,ENT-00230
KA-BLRR-562157-000230,SHOP,KAR-SHOP-BLRR-2018-000151,AUTO_LINK,96,2026-04-01,ENT-00230
KA-TUM-572101-000231,GST,GST-KA-TUM-2017-000179,AUTO_LINK,99,2026-04-20,ENT-00231
KA-TUM-572101-000231,LABOUR,LAB-KA-TUM-2019-000117,AUTO_LINK,99,2026-04-23,ENT-00231
KA-TUM-572101-000231,SHOP,KAR-SHOP-TUM-2025-000152,AUTO_LINK,99,2026-04-07,ENT-00231
KA-BLRR-562157-000232,FACTORY,KFBIS-FAC-BLRR-2024-000105,HUMAN_APPROVED,82,2026-03-30,ENT-00232
KA-BLRR-562157-000232,GST,GST-KA-BLRR-2021-000180,HUMAN_APPROVED,82,2026-03-30,ENT-00232
KA-BLRR-562157-000232,KSPCB,PCB/BLRR/CTE/2018/00099,HUMAN_APPROVED,82,2026-04-21,ENT-00232
KA-BLRR-562157-000232,LABOUR,LAB-KA-BLRR-2023-000118,HUMAN_APPROVED,82,2026-04-20,ENT-00232
KA-MYS-570016-000233,GST,GST-KA-MYS-2023-000181,AUTO_LINK,99,2026-05-02,ENT-00233
KA-MYS-570016-000233,KSPCB,PCB/MYS/CTE/2020/00100,AUTO_LINK,99,2026-03-27,ENT-00233
KA-MYS-570016-000233,UDYAM,UDYAM-KR-MYS-2020-000113,AUTO_LINK,99,2026-04-29,ENT-00233
KA-BLRU-560064-000234,BBMP,BBMP-TL-YELA-2022-000089,AUTO_LINK,99,2026-04-25,ENT-00234
KA-BLRU-560064-000234,GST,GST-KA-BLRU-2025-000182,AUTO_LINK,99,2026-03-25,ENT-00234
KA-BLRU-560064-000234,SHOP,KAR-SHOP-BLRU-2021-000153,AUTO_LINK,99,2026-04-21,ENT-00234
KA-BLRU-560064-000234,UDYAM,UDYAM-KR-BLRU-2019-000114,AUTO_LINK,99,2026-04-27,ENT-00234
KA-BLRU-560076-000235,GST,GST-KA-BLRU-2024-000183,AUTO_LINK,99,2026-04-14,ENT-00235
KA-BLRU-560076-000235,LABOUR,LAB-KA-BLRU-2024-000119,AUTO_LINK,99,2026-03-21,ENT-00235
KA-BLRU-560076-000235,SHOP,KAR-SHOP-BLRU-2023-000154,AUTO_LINK,99,2026-03-23,ENT-00235
KA-BLRU-560076-000235,UDYAM,UDYAM-KR-BLRU-2024-000115,AUTO_LINK,99,2026-03-29,ENT-00235
KA-BLRU-560034-000236,BBMP,BBMP-TL-SOUT-2017-000090,HUMAN_APPROVED,77,2026-04-21,ENT-00236
KA-BLRU-560034-000236,GST,GST-KA-BLRU-2022-000184,HUMAN_APPROVED,77,2026-04-21,ENT-00236
KA-BLRU-560034-000236,SHOP,KAR-SHOP-BLRU-2023-000155,HUMAN_APPROVED,77,2026-04-20,ENT-00236
KA-BLRU-560085-000237,GST,GST-KA-BLRU-2024-000185,HUMAN_APPROVED,82,2026-03-30,ENT-00237
KA-BLRU-560085-000237,KSPCB,PCB/BLRU/CTE/2016/00101,HUMAN_APPROVED,82,2026-04-09,ENT-00237
KA-BLRU-560085-000237,SHOP,KAR-SHOP-BLRU-2015-000156,HUMAN_APPROVED,82,2026-04-16,ENT-00237
KA-BLRU-560085-000237,UDYAM,UDYAM-KR-BLRU-2018-000116,HUMAN_APPROVED,82,2026-03-31,ENT-00237
KA-BLRU-560078-000238,GST,GST-KA-BLRU-2021-000186,HUMAN_APPROVED,82,2026-04-05,ENT-00238
KA-BLRU-560078-000238,KSPCB,PCB/BLRU/CTO/2017/00102,HUMAN_APPROVED,82,2026-04-28,ENT-00238
KA-BLRU-560078-000238,SHOP,KAR-SHOP-BLRU-2019-000157,HUMAN_APPROVED,82,2026-04-16,ENT-00238
KA-BLRU-560078-000238,UDYAM,UDYAM-KR-BLRU-2024-000117,HUMAN_APPROVED,82,2026-04-18,ENT-00238
KA-TUM-572101-000239,BBMP,BBMP-TL-TUMA-2018-000091,AUTO_LINK,87,2026-04-12,ENT-00239
KA-TUM-572101-000239,FACTORY,KFBIS-FAC-TUM-2018-000106,AUTO_LINK,87,2026-03-22,ENT-00239
KA-TUM-572101-000239,GST,GST-KA-TUM-2022-000187,AUTO_LINK,87,2026-03-30,ENT-00239
KA-TUM-572101-000239,SHOP,KAR-SHOP-TUM-2019-000158,AUTO_LINK,87,2026-03-26,ENT-00239
KA-TUM-572101-000239,UDYAM,UDYAM-KR-TUM-2021-000118,AUTO_LINK,87,2026-03-24,ENT-00239
KA-MYS-570018-000240,BBMP,BBMP-TL-SOUT-2023-000092,AUTO_LINK,99,2026-04-11,ENT-00240
KA-MYS-570018-000240,FACTORY,KFBIS-FAC-MYS-2022-000107,AUTO_LINK,99,2026-04-22,ENT-00240
KA-MYS-570018-000240,GST,GST-KA-MYS-2015-000188,AUTO_LINK,99,2026-03-25,ENT-00240
KA-MYS-570018-000240,KSPCB,PCB/MYS/CTO/2021/00103,AUTO_LINK,99,2026-04-02,ENT-00240
KA-MYS-570018-000240,SHOP,KAR-SHOP-MYS-2021-000159,AUTO_LINK,99,2026-04-16,ENT-00240
KA-BLRU-560066-000241,GST,GST-KA-BLRU-2025-000189,AUTO_LINK,99,2026-04-24,ENT-00241
KA-BLRU-560066-000241,KSPCB,PCB/BLRU/CTO/2021/00104,AUTO_LINK,99,2026-05-04,ENT-00241
KA-BLRU-560066-000241,LABOUR,LAB-KA-BLRU-2021-000120,AUTO_LINK,99,2026-04-16,ENT-00241
KA-BLRU-560066-000241,SHOP,KAR-SHOP-BLRU-2023-000160,AUTO_LINK,99,2026-03-21,ENT-00241
KA-BLRU-560029-000242,BBMP,BBMP-TL-SOUT-2018-000093,HUMAN_APPROVED,72,2026-04-22,ENT-00242
KA-BLRU-560029-000242,GST,GST-KA-BLRU-2020-000190,HUMAN_APPROVED,72,2026-04-19,ENT-00242
KA-BLRU-560001-000243,FACTORY,KFBIS-FAC-BLRU-2024-000108,AUTO_LINK,99,2026-03-30,ENT-00243
KA-BLRU-560001-000243,GST,GST-KA-BLRU-2017-000191,AUTO_LINK,99,2026-04-29,ENT-00243
KA-BLRU-560001-000243,KSPCB,PCB/BLRU/CTE/2025/00105,AUTO_LINK,99,2026-03-28,ENT-00243
KA-BLRU-560001-000243,UDYAM,UDYAM-KR-BLRU-2017-000119,AUTO_LINK,99,2026-04-24,ENT-00243
KA-BLRU-560059-000244,BBMP,BBMP-TL-WEST-2019-000094,HUMAN_APPROVED,77,2026-03-26,ENT-00244
KA-BLRU-560059-000244,GST,GST-KA-BLRU-2020-000192,HUMAN_APPROVED,77,2026-04-17,ENT-00244
KA-BLRU-560059-000244,SHOP,KAR-SHOP-BLRU-2018-000161,HUMAN_APPROVED,77,2026-03-30,ENT-00244
KA-BLRR-562157-000245,FACTORY,KFBIS-FAC-BLRR-2023-000109,HUMAN_APPROVED,82,2026-04-26,ENT-00245
KA-BLRR-562157-000245,GST,GST-KA-BLRR-2022-000193,HUMAN_APPROVED,82,2026-04-07,ENT-00245
KA-BLRR-562157-000245,KSPCB,PCB/BLRR/CTO/2015/00106,HUMAN_APPROVED,82,2026-04-16,ENT-00245
KA-BLRR-562157-000245,UDYAM,UDYAM-KR-BLRR-2021-000120,HUMAN_APPROVED,82,2026-03-21,ENT-00245
KA-BLRU-560085-000246,FACTORY,KFBIS-FAC-BLRU-2021-000110,AUTO_LINK,99,2026-04-23,ENT-00246
KA-BLRU-560085-000246,GST,GST-KA-BLRU-2025-000194,AUTO_LINK,99,2026-04-24,ENT-00246
KA-BLRU-560085-000246,KSPCB,PCB/BLRU/CTE/2025/00107,AUTO_LINK,99,2026-03-21,ENT-00246
KA-BLRR-562110-000247,GST,GST-KA-BLRR-2025-000195,AUTO_LINK,99,2026-04-10,ENT-00247
KA-BLRR-562110-000247,KSPCB,PCB/BLRR/CTE/2019/00108,AUTO_LINK,99,2026-04-08,ENT-00247
KA-BLRR-562110-000247,SHOP,KAR-SHOP-BLRR-2022-000162,AUTO_LINK,99,2026-03-28,ENT-00247
KA-BLRR-562110-000247,UDYAM,UDYAM-KR-BLRR-2017-000121,AUTO_LINK,99,2026-04-01,ENT-00247
KA-BLRU-560058-000248,FACTORY,KFBIS-FAC-BLRU-2017-000111,AUTO_LINK,99,2026-04-21,ENT-00248
KA-BLRU-560058-000248,GST,GST-KA-BLRU-2020-000196,AUTO_LINK,99,2026-04-03,ENT-00248
KA-BLRU-560058-000248,KSPCB,PCB/BLRU/CTE/2020/00109,AUTO_LINK,99,2026-03-27,ENT-00248
KA-BLRU-560058-000248,LABOUR,LAB-KA-BLRU-2019-000121,AUTO_LINK,99,2026-04-07,ENT-00248
KA-BLRU-560058-000248,UDYAM,UDYAM-KR-BLRU-2015-000122,AUTO_LINK,99,2026-05-04,ENT-00248
KA-BLRU-560066-000249,BBMP,BBMP-TL-MAHA-2022-000095,AUTO_LINK,92,2026-03-27,ENT-00249
KA-BLRU-560066-000249,FACTORY,KFBIS-FAC-BLRU-2016-000112,AUTO_LINK,92,2026-04-26,ENT-00249
KA-BLRU-560066-000249,GST,GST-KA-BLRU-2016-000197,AUTO_LINK,92,2026-04-27,ENT-00249
KA-BLRU-560066-000249,KSPCB,PCB/BLRU/CTO/2025/00110,AUTO_LINK,92,2026-04-25,ENT-00249
KA-BLRU-560066-000249,SHOP,KAR-SHOP-BLRU-2022-000163,AUTO_LINK,92,2026-03-25,ENT-00249
KA-BLRU-560066-000249,UDYAM,UDYAM-KR-BLRU-2021-000123,AUTO_LINK,92,2026-04-23,ENT-00249
KA-BLRU-560064-000250,GST,GST-KA-BLRU-2019-000198,AUTO_LINK,99,2026-04-30,ENT-00250
KA-BLRU-560064-000250,LABOUR,LAB-KA-BLRU-2020-000122,AUTO_LINK,99,2026-04-01,ENT-00250
KA-BLRU-560064-000250,SHOP,KAR-SHOP-BLRU-2019-000164,AUTO_LINK,99,2026-04-07,ENT-00250
KA-BLRU-560102-000251,BBMP,BBMP-TL-BOMM-2015-000096,AUTO_LINK,94,2026-03-31,ENT-00251
KA-BLRU-560102-000251,GST,GST-KA-BLRU-2018-000199,AUTO_LINK,94,2026-04-04,ENT-00251
KA-BLRU-560102-000251,LABOUR,LAB-KA-BLRU-2025-000123,AUTO_LINK,94,2026-05-01,ENT-00251
KA-BLRU-560102-000251,SHOP,KAR-SHOP-BLRU-2015-000165,AUTO_LINK,94,2026-04-01,ENT-00251
KA-BLRU-560068-000252,BBMP,BBMP-TL-SOUT-2021-000097,AUTO_LINK,94,2026-03-20,ENT-00252
KA-BLRU-560068-000252,GST,GST-KA-BLRU-2025-000200,AUTO_LINK,94,2026-04-24,ENT-00252
KA-BLRU-560068-000252,SHOP,KAR-SHOP-BLRU-2023-000166,AUTO_LINK,94,2026-04-06,ENT-00252
KA-BLRU-560068-000252,UDYAM,UDYAM-KR-BLRU-2019-000124,AUTO_LINK,94,2026-04-02,ENT-00252
KA-BLRR-561203-000253,BBMP,BBMP-TL-BENG-2021-000098,AUTO_LINK,89,2026-04-07,ENT-00253
KA-BLRR-561203-000253,GST,GST-KA-BLRR-2025-000201,AUTO_LINK,89,2026-04-24,ENT-00253
KA-BLRR-561203-000253,SHOP,KAR-SHOP-BLRR-2020-000167,AUTO_LINK,89,2026-05-01,ENT-00253
KA-MYS-570016-000254,BBMP,BBMP-TL-NORT-2023-000099,HUMAN_APPROVED,82,2026-05-03,ENT-00254
KA-MYS-570016-000254,GST,GST-KA-MYS-2019-000202,HUMAN_APPROVED,82,2026-03-25,ENT-00254
KA-MYS-570016-000254,SHOP,KAR-SHOP-MYS-2021-000168,HUMAN_APPROVED,82,2026-04-10,ENT-00254
KA-MYS-570016-000254,UDYAM,UDYAM-KR-MYS-2019-000125,HUMAN_APPROVED,82,2026-04-14,ENT-00254
KA-BLRU-560058-000255,BBMP,BBMP-TL-DASA-2018-000100,AUTO_LINK,99,2026-03-21,ENT-00255
KA-BLRU-560058-000255,FACTORY,KFBIS-FAC-BLRU-2021-000113,AUTO_LINK,99,2026-04-20,ENT-00255
KA-BLRU-560058-000255,GST,GST-KA-BLRU-2024-000203,AUTO_LINK,99,2026-03-31,ENT-00255
KA-BLRU-560058-000255,KSPCB,PCB/BLRU/CTE/2024/00111,AUTO_LINK,99,2026-04-26,ENT-00255
KA-BLRU-560058-000255,LABOUR,LAB-KA-BLRU-2025-000124,AUTO_LINK,99,2026-04-10,ENT-00255
KA-BLRR-562114-000256,FACTORY,KFBIS-FAC-BLRR-2021-000114,AUTO_LINK,99,2026-04-23,ENT-00256
KA-BLRR-562114-000256,KSPCB,PCB/BLRR/CTO/2021/00112,AUTO_LINK,99,2026-05-03,ENT-00256
KA-BLRR-562114-000256,LABOUR,LAB-KA-BLRR-2024-000125,AUTO_LINK,99,2026-04-01,ENT-00256
KA-BLRR-562114-000256,SHOP,KAR-SHOP-BLRR-2017-000169,AUTO_LINK,99,2026-04-10,ENT-00256
KA-BLRR-562114-000256,UDYAM,UDYAM-KR-BLRR-2020-000126,AUTO_LINK,99,2026-04-29,ENT-00256
KA-BLRU-560064-000257,BBMP,BBMP-TL-YELA-2022-000101,AUTO_LINK,89,2026-03-22,ENT-00257
KA-BLRU-560064-000257,FACTORY,KFBIS-FAC-BLRU-2019-000115,AUTO_LINK,89,2026-04-11,ENT-00257
KA-BLRU-560064-000257,SHOP,KAR-SHOP-BLRU-2020-000170,AUTO_LINK,89,2026-03-30,ENT-00257
KA-BLRU-560078-000258,FACTORY,KFBIS-FAC-BLRU-2020-000116,AUTO_LINK,99,2026-05-02,ENT-00258
KA-BLRU-560078-000258,GST,GST-KA-BLRU-2024-000204,AUTO_LINK,99,2026-04-30,ENT-00258
KA-BLRU-560078-000258,KSPCB,PCB/BLRU/CTE/2025/00113,AUTO_LINK,99,2026-04-30,ENT-00258
KA-BLRU-560078-000258,LABOUR,LAB-KA-BLRU-2015-000126,AUTO_LINK,99,2026-03-25,ENT-00258
KA-BLRU-560078-000258,UDYAM,UDYAM-KR-BLRU-2017-000127,AUTO_LINK,99,2026-04-12,ENT-00258
KA-BLRU-560076-000259,BBMP,BBMP-TL-SOUT-2015-000102,AUTO_LINK,99,2026-04-21,ENT-00259
KA-BLRU-560076-000259,LABOUR,LAB-KA-BLRU-2018-000127,AUTO_LINK,99,2026-03-26,ENT-00259
KA-BLRU-560076-000259,SHOP,KAR-SHOP-BLRU-2016-000171,AUTO_LINK,99,2026-04-30,ENT-00259
KA-BLRU-560066-000260,GST,GST-KA-BLRU-2019-000205,HUMAN_APPROVED,77,2026-03-21,ENT-00260
KA-BLRU-560066-000260,KSPCB,PCB/BLRU/CTE/2025/00114,HUMAN_APPROVED,77,2026-04-18,ENT-00260
KA-BLRU-560066-000260,SHOP,KAR-SHOP-BLRU-2018-000172,HUMAN_APPROVED,77,2026-04-14,ENT-00260
KA-BLRU-560029-000261,FACTORY,KFBIS-FAC-BLRU-2024-000117,AUTO_LINK,99,2026-04-24,ENT-00261
KA-BLRU-560029-000261,GST,GST-KA-BLRU-2018-000206,AUTO_LINK,99,2026-04-23,ENT-00261
KA-BLRU-560029-000261,KSPCB,PCB/BLRU/CTO/2021/00115,AUTO_LINK,99,2026-05-04,ENT-00261
KA-BLRU-560029-000261,SHOP,KAR-SHOP-BLRU-2023-000173,AUTO_LINK,99,2026-04-07,ENT-00261
KA-BLRU-560029-000261,UDYAM,UDYAM-KR-BLRU-2015-000128,AUTO_LINK,99,2026-04-28,ENT-00261
KA-BLRR-562114-000262,BBMP,BBMP-TL-BENG-2020-000103,HUMAN_APPROVED,82,2026-04-19,ENT-00262
KA-BLRR-562114-000262,KSPCB,PCB/BLRR/CTE/2019/00116,HUMAN_APPROVED,82,2026-04-30,ENT-00262
KA-BLRR-562114-000262,SHOP,KAR-SHOP-BLRR-2019-000174,HUMAN_APPROVED,82,2026-03-24,ENT-00262
KA-BLRR-562114-000262,UDYAM,UDYAM-KR-BLRR-2015-000129,HUMAN_APPROVED,82,2026-03-25,ENT-00262
KA-MYS-570001-000263,FACTORY,KFBIS-FAC-MYS-2017-000118,AUTO_LINK,99,2026-04-27,ENT-00263
KA-MYS-570001-000263,GST,GST-KA-MYS-2021-000207,AUTO_LINK,99,2026-04-04,ENT-00263
KA-MYS-570001-000263,KSPCB,PCB/MYS/CTE/2018/00117,AUTO_LINK,99,2026-04-10,ENT-00263
KA-MYS-570001-000263,LABOUR,LAB-KA-MYS-2020-000128,AUTO_LINK,99,2026-04-13,ENT-00263
KA-MYS-570001-000263,SHOP,KAR-SHOP-MYS-2023-000175,AUTO_LINK,99,2026-04-17,ENT-00263
KA-BLRU-560066-000264,FACTORY,KFBIS-FAC-BLRU-2016-000119,AUTO_LINK,94,2026-04-10,ENT-00264
KA-BLRU-560066-000264,GST,GST-KA-BLRU-2017-000208,AUTO_LINK,94,2026-03-31,ENT-00264
KA-BLRU-560066-000264,KSPCB,PCB/BLRU/CTO/2022/00118,AUTO_LINK,94,2026-03-25,ENT-00264
KA-BLRU-560066-000264,UDYAM,UDYAM-KR-BLRU-2018-000130,AUTO_LINK,94,2026-04-17,ENT-00264
KA-BLRR-562114-000265,BBMP,BBMP-TL-BENG-2016-000104,HUMAN_APPROVED,72,2026-03-23,ENT-00265
KA-BLRR-562114-000265,LABOUR,LAB-KA-BLRR-2019-000129,HUMAN_APPROVED,72,2026-04-05,ENT-00265
KA-BLRU-560102-000266,BBMP,BBMP-TL-BOMM-2022-000105,AUTO_LINK,99,2026-04-08,ENT-00266
KA-BLRU-560102-000266,FACTORY,KFBIS-FAC-BLRU-2021-000120,AUTO_LINK,99,2026-04-10,ENT-00266
KA-BLRU-560102-000266,GST,GST-KA-BLRU-2015-000209,AUTO_LINK,99,2026-04-03,ENT-00266
KA-BLRU-560102-000266,KSPCB,PCB/BLRU/CTE/2022/00119,AUTO_LINK,99,2026-03-31,ENT-00266
KA-BLRU-560102-000266,SHOP,KAR-SHOP-BLRU-2016-000176,AUTO_LINK,99,2026-04-21,ENT-00266
KA-BLRU-560102-000266,UDYAM,UDYAM-KR-BLRU-2021-000131,AUTO_LINK,99,2026-03-24,ENT-00266
KA-BLRR-562157-000267,BBMP,BBMP-TL-BENG-2024-000106,AUTO_LINK,99,2026-04-21,ENT-00267
KA-BLRR-562157-000267,GST,GST-KA-BLRR-2025-000210,AUTO_LINK,99,2026-04-19,ENT-00267
KA-BLRR-562157-000267,LABOUR,LAB-KA-BLRR-2025-000130,AUTO_LINK,99,2026-04-20,ENT-00267
KA-BLRU-560066-000268,FACTORY,KFBIS-FAC-BLRU-2015-000121,AUTO_LINK,99,2026-05-03,ENT-00268
KA-BLRU-560066-000268,GST,GST-KA-BLRU-2017-000211,AUTO_LINK,99,2026-04-26,ENT-00268
KA-BLRU-560066-000268,KSPCB,PCB/BLRU/CTE/2022/00120,AUTO_LINK,99,2026-04-17,ENT-00268
KA-BLRU-560066-000268,LABOUR,LAB-KA-BLRU-2020-000131,AUTO_LINK,99,2026-04-26,ENT-00268
KA-BLRU-560066-000268,SHOP,KAR-SHOP-BLRU-2019-000177,AUTO_LINK,99,2026-04-07,ENT-00268
KA-BLRU-560066-000268,UDYAM,UDYAM-KR-BLRU-2023-000132,AUTO_LINK,99,2026-03-30,ENT-00268
KA-BLRU-560066-000269,BBMP,BBMP-TL-MAHA-2018-000107,AUTO_LINK,94,2026-04-23,ENT-00269
KA-BLRU-560066-000269,GST,GST-KA-BLRU-2020-000212,AUTO_LINK,94,2026-03-25,ENT-00269
KA-BLRU-560066-000269,LABOUR,LAB-KA-BLRU-2018-000132,AUTO_LINK,94,2026-05-04,ENT-00269
KA-BLRU-560066-000269,SHOP,KAR-SHOP-BLRU-2018-000178,AUTO_LINK,94,2026-04-23,ENT-00269
KA-BLRU-560058-000270,BBMP,BBMP-TL-DASA-2016-000108,AUTO_LINK,99,2026-03-20,ENT-00270
KA-BLRU-560058-000270,GST,GST-KA-BLRU-2021-000213,AUTO_LINK,99,2026-05-01,ENT-00270
KA-BLRU-560058-000270,LABOUR,LAB-KA-BLRU-2020-000133,AUTO_LINK,99,2026-04-15,ENT-00270
KA-BLRU-560058-000270,SHOP,KAR-SHOP-BLRU-2023-000179,AUTO_LINK,99,2026-04-29,ENT-00270
KA-BLRU-560066-000271,BBMP,BBMP-TL-MAHA-2017-000109,AUTO_LINK,94,2026-04-17,ENT-00271
KA-BLRU-560066-000271,GST,GST-KA-BLRU-2018-000214,AUTO_LINK,94,2026-04-01,ENT-00271
KA-BLRU-560066-000271,SHOP,KAR-SHOP-BLRU-2017-000180,AUTO_LINK,94,2026-04-25,ENT-00271
KA-BLRU-560066-000271,UDYAM,UDYAM-KR-BLRU-2020-000133,AUTO_LINK,94,2026-04-02,ENT-00271
KA-BLRU-560034-000272,BBMP,BBMP-TL-SOUT-2018-000110,AUTO_LINK,99,2026-04-16,ENT-00272
KA-BLRU-560034-000272,GST,GST-KA-BLRU-2019-000215,AUTO_LINK,99,2026-04-23,ENT-00272
KA-BLRU-560034-000272,SHOP,KAR-SHOP-BLRU-2018-000181,AUTO_LINK,99,2026-03-25,ENT-00272
KA-BLRU-560034-000272,UDYAM,UDYAM-KR-BLRU-2017-000134,AUTO_LINK,99,2026-04-05,ENT-00272
KA-BLRU-560043-000273,GST,GST-KA-BLRU-2019-000216,AUTO_LINK,99,2026-04-23,ENT-00273
KA-BLRU-560043-000273,KSPCB,PCB/BLRU/CTE/2015/00121,AUTO_LINK,99,2026-04-08,ENT-00273
KA-BLRU-560043-000273,SHOP,KAR-SHOP-BLRU-2019-000182,AUTO_LINK,99,2026-04-02,ENT-00273
KA-BLRU-560043-000273,UDYAM,UDYAM-KR-BLRU-2020-000135,AUTO_LINK,99,2026-05-04,ENT-00273
KA-BLRR-562114-000274,BBMP,BBMP-TL-BENG-2024-000111,AUTO_LINK,99,2026-04-03,ENT-00274
KA-BLRR-562114-000274,GST,GST-KA-BLRR-2017-000217,AUTO_LINK,99,2026-03-21,ENT-00274
KA-BLRR-562114-000274,SHOP,KAR-SHOP-BLRR-2016-000183,AUTO_LINK,99,2026-04-01,ENT-00274
KA-TUM-572106-000275,FACTORY,KFBIS-FAC-TUM-2017-000122,HUMAN_APPROVED,82,2026-04-30,ENT-00275
KA-TUM-572106-000275,GST,GST-KA-TUM-2018-000218,HUMAN_APPROVED,82,2026-03-24,ENT-00275
KA-TUM-572106-000275,KSPCB,PCB/TUM/CTE/2022/00122,HUMAN_APPROVED,82,2026-04-11,ENT-00275
KA-TUM-572106-000275,SHOP,KAR-SHOP-TUM-2025-000184,HUMAN_APPROVED,82,2026-03-21,ENT-00275
KA-BLRU-560029-000276,FACTORY,KFBIS-FAC-BLRU-2022-000123,AUTO_LINK,99,2026-03-29,ENT-00276
KA-BLRU-560029-000276,GST,GST-KA-BLRU-2017-000219,AUTO_LINK,99,2026-03-25,ENT-00276
KA-BLRU-560029-000276,KSPCB,PCB/BLRU/CTE/2022/00123,AUTO_LINK,99,2026-04-22,ENT-00276
KA-BLRU-560029-000276,LABOUR,LAB-KA-BLRU-2024-000134,AUTO_LINK,99,2026-04-22,ENT-00276
KA-BLRU-560029-000276,SHOP,KAR-SHOP-BLRU-2025-000185,AUTO_LINK,99,2026-03-22,ENT-00276
KA-BLRU-560029-000276,UDYAM,UDYAM-KR-BLRU-2023-000136,AUTO_LINK,99,2026-04-09,ENT-00276
KA-BLRU-560037-000277,BBMP,BBMP-TL-MAHA-2017-000112,HUMAN_APPROVED,84,2026-04-14,ENT-00277
KA-BLRU-560037-000277,SHOP,KAR-SHOP-BLRU-2017-000186,HUMAN_APPROVED,84,2026-04-21,ENT-00277
KA-BLRU-560043-000278,FACTORY,KFBIS-FAC-BLRU-2021-000124,AUTO_LINK,99,2026-03-31,ENT-00278
KA-BLRU-560043-000278,GST,GST-KA-BLRU-2022-000220,AUTO_LINK,99,2026-04-01,ENT-00278
KA-BLRU-560043-000278,KSPCB,PCB/BLRU/CTO/2020/00124,AUTO_LINK,99,2026-04-03,ENT-00278
KA-BLRU-560043-000278,SHOP,KAR-SHOP-BLRU-2023-000187,AUTO_LINK,99,2026-04-02,ENT-00278
KA-BLRU-560043-000278,UDYAM,UDYAM-KR-BLRU-2019-000137,AUTO_LINK,99,2026-04-13,ENT-00278
KA-BLRU-560076-000279,GST,GST-KA-BLRU-2020-000221,HUMAN_APPROVED,84,2026-04-25,ENT-00279
KA-BLRU-560076-000279,SHOP,KAR-SHOP-BLRU-2021-000188,HUMAN_APPROVED,84,2026-03-31,ENT-00279
KA-MYS-570016-000280,BBMP,BBMP-TL-NORT-2024-000113,AUTO_LINK,99,2026-04-09,ENT-00280
KA-MYS-570016-000280,GST,GST-KA-MYS-2022-000222,AUTO_LINK,99,2026-03-20,ENT-00280
KA-MYS-570016-000280,SHOP,KAR-SHOP-MYS-2023-000189,AUTO_LINK,99,2026-03-22,ENT-00280
KA-BLRR-562157-000281,BBMP,BBMP-TL-BENG-2020-000114,AUTO_LINK,89,2026-03-21,ENT-00281
KA-BLRR-562157-000281,GST,GST-KA-BLRR-2025-000223,AUTO_LINK,89,2026-03-30,ENT-00281
KA-BLRR-562157-000281,UDYAM,UDYAM-KR-BLRR-2016-000138,AUTO_LINK,89,2026-05-01,ENT-00281
KA-MYS-570016-000282,GST,GST-KA-MYS-2019-000224,AUTO_LINK,99,2026-03-21,ENT-00282
KA-MYS-570016-000282,KSPCB,PCB/MYS/CTE/2023/00125,AUTO_LINK,99,2026-05-04,ENT-00282
KA-MYS-570016-000282,LABOUR,LAB-KA-MYS-2023-000135,AUTO_LINK,99,2026-04-21,ENT-00282
KA-MYS-570016-000282,UDYAM,UDYAM-KR-MYS-2018-000139,AUTO_LINK,99,2026-05-03,ENT-00282
KA-BLRU-560024-000283,BBMP,BBMP-TL-YELA-2025-000115,AUTO_LINK,94,2026-04-17,ENT-00283
KA-BLRU-560024-000283,GST,GST-KA-BLRU-2025-000225,AUTO_LINK,94,2026-04-04,ENT-00283
KA-BLRU-560024-000283,LABOUR,LAB-KA-BLRU-2022-000136,AUTO_LINK,94,2026-04-21,ENT-00283
KA-BLRU-560024-000283,SHOP,KAR-SHOP-BLRU-2015-000190,AUTO_LINK,94,2026-03-26,ENT-00283
KA-MYS-570001-000284,BBMP,BBMP-TL-CENT-2023-000116,AUTO_LINK,99,2026-04-18,ENT-00284
KA-MYS-570001-000284,FACTORY,KFBIS-FAC-MYS-2018-000125,AUTO_LINK,99,2026-04-05,ENT-00284
KA-MYS-570001-000284,GST,GST-KA-MYS-2020-000226,AUTO_LINK,99,2026-04-02,ENT-00284
KA-MYS-570001-000284,KSPCB,PCB/MYS/CTO/2019/00126,AUTO_LINK,99,2026-03-29,ENT-00284
KA-MYS-570001-000284,LABOUR,LAB-KA-MYS-2021-000137,AUTO_LINK,99,2026-03-20,ENT-00284
KA-MYS-570001-000284,SHOP,KAR-SHOP-MYS-2024-000191,AUTO_LINK,99,2026-05-01,ENT-00284
KA-BLRU-560059-000285,GST,GST-KA-BLRU-2018-000227,AUTO_LINK,99,2026-04-22,ENT-00285
KA-BLRU-560059-000285,KSPCB,PCB/BLRU/CTO/2015/00127,AUTO_LINK,99,2026-03-25,ENT-00285
KA-BLRU-560059-000285,LABOUR,LAB-KA-BLRU-2025-000138,AUTO_LINK,99,2026-03-30,ENT-00285
KA-BLRU-560059-000285,UDYAM,UDYAM-KR-BLRU-2015-000140,AUTO_LINK,99,2026-04-01,ENT-00285
KA-BLRU-560064-000286,FACTORY,KFBIS-FAC-BLRU-2022-000126,AUTO_LINK,99,2026-04-18,ENT-00286
KA-BLRU-560064-000286,GST,GST-KA-BLRU-2023-000228,AUTO_LINK,99,2026-03-30,ENT-00286
KA-BLRU-560064-000286,KSPCB,PCB/BLRU/CTO/2025/00128,AUTO_LINK,99,2026-04-13,ENT-00286
KA-BLRU-560064-000286,LABOUR,LAB-KA-BLRU-2022-000139,AUTO_LINK,99,2026-03-30,ENT-00286
KA-BLRU-560064-000286,SHOP,KAR-SHOP-BLRU-2023-000192,AUTO_LINK,99,2026-04-11,ENT-00286
KA-BLRU-560064-000286,UDYAM,UDYAM-KR-BLRU-2023-000141,AUTO_LINK,99,2026-04-04,ENT-00286
KA-BLRU-560043-000287,BBMP,BBMP-TL-EAST-2024-000117,AUTO_LINK,87,2026-05-03,ENT-00287
KA-BLRU-560043-000287,GST,GST-KA-BLRU-2021-000229,AUTO_LINK,87,2026-04-03,ENT-00287
KA-BLRU-560043-000287,LABOUR,LAB-KA-BLRU-2025-000140,AUTO_LINK,87,2026-03-31,ENT-00287
KA-BLRU-560043-000287,SHOP,KAR-SHOP-BLRU-2016-000193,AUTO_LINK,87,2026-04-11,ENT-00287
KA-BLRU-560043-000287,UDYAM,UDYAM-KR-BLRU-2024-000142,AUTO_LINK,87,2026-03-20,ENT-00287
KA-BLRU-560076-000288,FACTORY,KFBIS-FAC-BLRU-2020-000127,AUTO_LINK,87,2026-04-12,ENT-00288
KA-BLRU-560076-000288,GST,GST-KA-BLRU-2015-000230,AUTO_LINK,87,2026-04-06,ENT-00288
KA-BLRU-560076-000288,KSPCB,PCB/BLRU/CTO/2023/00129,AUTO_LINK,87,2026-04-16,ENT-00288
KA-BLRU-560076-000288,SHOP,KAR-SHOP-BLRU-2024-000194,AUTO_LINK,87,2026-04-16,ENT-00288
KA-BLRU-560076-000288,UDYAM,UDYAM-KR-BLRU-2020-000143,AUTO_LINK,87,2026-03-21,ENT-00288
KA-BLRU-560076-000289,BBMP,BBMP-TL-SOUT-2022-000118,AUTO_LINK,87,2026-04-13,ENT-00289
KA-BLRU-560076-000289,GST,GST-KA-BLRU-2021-000231,AUTO_LINK,87,2026-04-18,ENT-00289
KA-BLRU-560076-000289,LABOUR,LAB-KA-BLRU-2022-000141,AUTO_LINK,87,2026-04-20,ENT-00289
KA-BLRU-560076-000289,SHOP,KAR-SHOP-BLRU-2022-000195,AUTO_LINK,87,2026-04-22,ENT-00289
KA-BLRU-560076-000289,UDYAM,UDYAM-KR-BLRU-2022-000144,AUTO_LINK,87,2026-04-08,ENT-00289
KA-BLRU-560068-000290,FACTORY,KFBIS-FAC-BLRU-2022-000128,AUTO_LINK,87,2026-04-27,ENT-00290
KA-BLRU-560068-000290,GST,GST-KA-BLRU-2023-000232,AUTO_LINK,87,2026-04-06,ENT-00290
KA-BLRU-560068-000290,KSPCB,PCB/BLRU/CTO/2020/00130,AUTO_LINK,87,2026-04-17,ENT-00290
KA-BLRU-560068-000290,SHOP,KAR-SHOP-BLRU-2015-000196,AUTO_LINK,87,2026-04-16,ENT-00290
KA-BLRU-560068-000290,UDYAM,UDYAM-KR-BLRU-2025-000145,AUTO_LINK,87,2026-04-11,ENT-00290
KA-BLRR-562110-000291,GST,GST-KA-BLRR-2019-000233,AUTO_LINK,99,2026-04-16,ENT-00291
KA-BLRR-562110-000291,SHOP,KAR-SHOP-BLRR-2020-000197,AUTO_LINK,99,2026-04-29,ENT-00291
KA-BLRR-562110-000291,UDYAM,UDYAM-KR-BLRR-2020-000146,AUTO_LINK,99,2026-04-11,ENT-00291
KA-BLRU-560100-000292,BBMP,BBMP-TL-BOMM-2019-000119,HUMAN_APPROVED,77,2026-05-03,ENT-00292
KA-BLRU-560100-000292,GST,GST-KA-BLRU-2016-000234,HUMAN_APPROVED,77,2026-03-29,ENT-00292
KA-BLRU-560100-000292,SHOP,KAR-SHOP-BLRU-2020-000198,HUMAN_APPROVED,77,2026-05-02,ENT-00292
KA-BLRU-560076-000293,FACTORY,KFBIS-FAC-BLRU-2021-000129,AUTO_LINK,99,2026-04-02,ENT-00293
KA-BLRU-560076-000293,GST,GST-KA-BLRU-2016-000235,AUTO_LINK,99,2026-04-29,ENT-00293
KA-BLRU-560076-000293,KSPCB,PCB/BLRU/CTO/2020/00131,AUTO_LINK,99,2026-04-19,ENT-00293
KA-BLRU-560076-000293,LABOUR,LAB-KA-BLRU-2018-000142,AUTO_LINK,99,2026-03-24,ENT-00293
KA-BLRU-560076-000293,SHOP,KAR-SHOP-BLRU-2015-000199,AUTO_LINK,99,2026-04-29,ENT-00293
KA-BLRU-560076-000293,UDYAM,UDYAM-KR-BLRU-2024-000147,AUTO_LINK,99,2026-04-23,ENT-00293
KA-BLRR-561203-000294,BBMP,BBMP-TL-BENG-2015-000120,AUTO_LINK,99,2026-04-06,ENT-00294
KA-BLRR-561203-000294,FACTORY,KFBIS-FAC-BLRR-2020-000130,AUTO_LINK,99,2026-04-08,ENT-00294
KA-BLRR-561203-000294,LABOUR,LAB-KA-BLRR-2016-000143,AUTO_LINK,99,2026-05-04,ENT-00294
KA-BLRR-561203-000294,UDYAM,UDYAM-KR-BLRR-2016-000148,AUTO_LINK,99,2026-03-23,ENT-00294
KA-BLRU-560024-000295,BBMP,BBMP-TL-YELA-2022-000121,AUTO_LINK,99,2026-04-13,ENT-00295
KA-BLRU-560024-000295,GST,GST-KA-BLRU-2025-000236,AUTO_LINK,99,2026-04-07,ENT-00295
KA-BLRU-560024-000295,SHOP,KAR-SHOP-BLRU-2015-000200,AUTO_LINK,99,2026-04-13,ENT-00295
KA-BLRU-560024-000295,UDYAM,UDYAM-KR-BLRU-2023-000149,AUTO_LINK,99,2026-04-18,ENT-00295
KA-BLRU-560058-000296,BBMP,BBMP-TL-DASA-2022-000122,HUMAN_APPROVED,77,2026-04-21,ENT-00296
KA-BLRU-560058-000296,KSPCB,PCB/BLRU/CTO/2020/00132,HUMAN_APPROVED,77,2026-04-25,ENT-00296
KA-BLRU-560058-000296,LABOUR,LAB-KA-BLRU-2018-000144,HUMAN_APPROVED,77,2026-04-16,ENT-00296
KA-BLRU-560068-000297,GST,GST-KA-BLRU-2019-000237,AUTO_LINK,99,2026-04-23,ENT-00297
KA-BLRU-560068-000297,LABOUR,LAB-KA-BLRU-2023-000145,AUTO_LINK,99,2026-03-20,ENT-00297
KA-BLRU-560068-000297,SHOP,KAR-SHOP-BLRU-2019-000201,AUTO_LINK,99,2026-04-22,ENT-00297
KA-BLRU-560068-000297,UDYAM,UDYAM-KR-BLRU-2018-000150,AUTO_LINK,99,2026-04-28,ENT-00297
KA-TUM-572106-000298,GST,GST-KA-TUM-2019-000238,HUMAN_APPROVED,72,2026-03-31,ENT-00298
KA-TUM-572106-000298,SHOP,KAR-SHOP-TUM-2020-000202,HUMAN_APPROVED,72,2026-04-02,ENT-00298
KA-BLRU-560078-000299,FACTORY,KFBIS-FAC-BLRU-2016-000131,AUTO_LINK,99,2026-03-31,ENT-00299
KA-BLRU-560078-000299,GST,GST-KA-BLRU-2020-000239,AUTO_LINK,99,2026-04-05,ENT-00299
KA-BLRU-560078-000299,KSPCB,PCB/BLRU/CTE/2015/00133,AUTO_LINK,99,2026-03-24,ENT-00299
KA-BLRU-560078-000299,SHOP,KAR-SHOP-BLRU-2015-000203,AUTO_LINK,99,2026-04-20,ENT-00299
KA-BLRU-560100-000300,FACTORY,KFBIS-FAC-BLRU-2021-000132,AUTO_LINK,87,2026-04-24,ENT-00300
KA-BLRU-560100-000300,GST,GST-KA-BLRU-2025-000240,AUTO_LINK,87,2026-05-01,ENT-00300
KA-BLRU-560100-000300,KSPCB,PCB/BLRU/CTO/2017/00134,AUTO_LINK,87,2026-04-23,ENT-00300
KA-BLRU-560100-000300,SHOP,KAR-SHOP-BLRU-2016-000204,AUTO_LINK,87,2026-04-03,ENT-00300
KA-BLRU-560100-000300,UDYAM,UDYAM-KR-BLRU-2017-000151,AUTO_LINK,87,2026-04-25,ENT-00300
KA-BLRU-560064-000301,BBMP,BBMP-TL-YELA-2022-000123,AUTO_LINK,99,2026-03-30,ENT-00301
KA-BLRU-560064-000301,GST,GST-KA-BLRU-2021-000241,AUTO_LINK,99,2026-04-19,ENT-00301
KA-BLRU-560064-000301,LABOUR,LAB-KA-BLRU-2022-000146,AUTO_LINK,99,2026-04-22,ENT-00301
KA-BLRU-560064-000301,SHOP,KAR-SHOP-BLRU-2020-000205,AUTO_LINK,99,2026-03-28,ENT-00301
KA-BLRU-560059-000302,GST,GST-KA-BLRU-2016-000242,AUTO_LINK,99,2026-05-03,ENT-00302
KA-BLRU-560059-000302,KSPCB,PCB/BLRU/CTO/2020/00135,AUTO_LINK,99,2026-03-21,ENT-00302
KA-BLRU-560059-000302,LABOUR,LAB-KA-BLRU-2019-000147,AUTO_LINK,99,2026-03-25,ENT-00302
KA-BLRU-560059-000302,UDYAM,UDYAM-KR-BLRU-2022-000152,AUTO_LINK,99,2026-04-11,ENT-00302
KA-MYS-570016-000303,LABOUR,LAB-KA-MYS-2022-000148,AUTO_LINK,96,2026-03-20,ENT-00303
KA-MYS-570016-000303,UDYAM,UDYAM-KR-MYS-2022-000153,AUTO_LINK,96,2026-04-16,ENT-00303
KA-BLRU-560078-000304,BBMP,BBMP-TL-SOUT-2019-000124,HUMAN_APPROVED,72,2026-04-14,ENT-00304
KA-BLRU-560078-000304,SHOP,KAR-SHOP-BLRU-2025-000206,HUMAN_APPROVED,72,2026-05-01,ENT-00304
KA-BLRU-560064-000305,BBMP,BBMP-TL-YELA-2015-000125,AUTO_LINK,94,2026-04-12,ENT-00305
KA-BLRU-560064-000305,GST,GST-KA-BLRU-2024-000243,AUTO_LINK,94,2026-03-30,ENT-00305
KA-BLRU-560064-000305,SHOP,KAR-SHOP-BLRU-2021-000207,AUTO_LINK,94,2026-04-14,ENT-00305
KA-BLRU-560064-000305,UDYAM,UDYAM-KR-BLRU-2017-000154,AUTO_LINK,94,2026-04-27,ENT-00305
KA-BLRU-560001-000306,FACTORY,KFBIS-FAC-BLRU-2020-000133,AUTO_LINK,99,2026-05-03,ENT-00306
KA-BLRU-560001-000306,GST,GST-KA-BLRU-2021-000244,AUTO_LINK,99,2026-04-25,ENT-00306
KA-BLRU-560001-000306,KSPCB,PCB/BLRU/CTO/2021/00136,AUTO_LINK,99,2026-04-25,ENT-00306
KA-BLRU-560001-000306,LABOUR,LAB-KA-BLRU-2019-000149,AUTO_LINK,99,2026-04-11,ENT-00306
KA-BLRU-560001-000306,UDYAM,UDYAM-KR-BLRU-2023-000155,AUTO_LINK,99,2026-04-20,ENT-00306
KA-BLRU-560102-000307,GST,GST-KA-BLRU-2025-000245,AUTO_LINK,99,2026-03-28,ENT-00307
KA-BLRU-560102-000307,KSPCB,PCB/BLRU/CTE/2019/00137,AUTO_LINK,99,2026-03-21,ENT-00307
KA-BLRU-560102-000307,LABOUR,LAB-KA-BLRU-2020-000150,AUTO_LINK,99,2026-04-22,ENT-00307
KA-BLRU-560102-000307,SHOP,KAR-SHOP-BLRU-2025-000208,AUTO_LINK,99,2026-04-20,ENT-00307
KA-BLRU-560102-000307,UDYAM,UDYAM-KR-BLRU-2016-000156,AUTO_LINK,99,2026-04-10,ENT-00307
KA-BLRU-560058-000308,GST,GST-KA-BLRU-2020-000246,HUMAN_APPROVED,84,2026-05-03,ENT-00308
KA-BLRU-560058-000308,SHOP,KAR-SHOP-BLRU-2024-000209,HUMAN_APPROVED,84,2026-05-03,ENT-00308
KA-MYS-570016-000309,FACTORY,KFBIS-FAC-MYS-2016-000134,HUMAN_APPROVED,77,2026-04-16,ENT-00309
KA-MYS-570016-000309,GST,GST-KA-MYS-2023-000247,HUMAN_APPROVED,77,2026-04-02,ENT-00309
KA-MYS-570016-000309,KSPCB,PCB/MYS/CTE/2017/00138,HUMAN_APPROVED,77,2026-04-20,ENT-00309
KA-TUM-572106-000310,FACTORY,KFBIS-FAC-TUM-2021-000135,AUTO_LINK,99,2026-03-24,ENT-00310
KA-TUM-572106-000310,GST,GST-KA-TUM-2024-000248,AUTO_LINK,99,2026-04-17,ENT-00310
KA-TUM-572106-000310,KSPCB,PCB/TUM/CTO/2021/00139,AUTO_LINK,99,2026-04-30,ENT-00310
KA-TUM-572106-000310,LABOUR,LAB-KA-TUM-2021-000151,AUTO_LINK,99,2026-04-04,ENT-00310
KA-BLRU-560066-000311,BBMP,BBMP-TL-MAHA-2018-000126,AUTO_LINK,99,2026-03-22,ENT-00311
KA-BLRU-560066-000311,FACTORY,KFBIS-FAC-BLRU-2015-000136,AUTO_LINK,99,2026-04-24,ENT-00311
KA-BLRU-560066-000311,GST,GST-KA-BLRU-2017-000249,AUTO_LINK,99,2026-05-03,ENT-00311
KA-BLRU-560066-000311,KSPCB,PCB/BLRU/CTE/2023/00140,AUTO_LINK,99,2026-04-15,ENT-00311
KA-BLRU-560066-000311,UDYAM,UDYAM-KR-BLRU-2018-000157,AUTO_LINK,99,2026-04-21,ENT-00311
KA-BLRU-560059-000312,BBMP,BBMP-TL-WEST-2017-000127,HUMAN_APPROVED,82,2026-04-30,ENT-00312
KA-BLRU-560059-000312,KSPCB,PCB/BLRU/CTE/2017/00141,HUMAN_APPROVED,82,2026-04-19,ENT-00312
KA-BLRU-560059-000312,LABOUR,LAB-KA-BLRU-2023-000152,HUMAN_APPROVED,82,2026-04-14,ENT-00312
KA-BLRU-560059-000312,SHOP,KAR-SHOP-BLRU-2016-000210,HUMAN_APPROVED,82,2026-04-19,ENT-00312
KA-MYS-570018-000313,BBMP,BBMP-TL-SOUT-2024-000128,HUMAN_APPROVED,72,2026-05-01,ENT-00313
KA-MYS-570018-000313,FACTORY,KFBIS-FAC-MYS-2015-000137,HUMAN_APPROVED,72,2026-03-22,ENT-00313
KA-BLRU-560034-000314,LABOUR,LAB-KA-BLRU-2025-000153,HUMAN_APPROVED,77,2026-04-16,ENT-00314
KA-BLRU-560034-000314,SHOP,KAR-SHOP-BLRU-2023-000211,HUMAN_APPROVED,77,2026-04-10,ENT-00314
KA-BLRU-560034-000314,UDYAM,UDYAM-KR-BLRU-2019-000158,HUMAN_APPROVED,77,2026-04-24,ENT-00314
KA-BLRU-560064-000315,FACTORY,KFBIS-FAC-BLRU-2025-000138,AUTO_LINK,99,2026-03-21,ENT-00315
KA-BLRU-560064-000315,GST,GST-KA-BLRU-2019-000250,AUTO_LINK,99,2026-05-03,ENT-00315
KA-BLRU-560064-000315,KSPCB,PCB/BLRU/CTE/2020/00142,AUTO_LINK,99,2026-04-24,ENT-00315
KA-BLRU-560064-000315,LABOUR,LAB-KA-BLRU-2018-000154,AUTO_LINK,99,2026-04-09,ENT-00315
KA-BLRU-560064-000315,UDYAM,UDYAM-KR-BLRU-2021-000159,AUTO_LINK,99,2026-04-14,ENT-00315
KA-BLRU-560034-000316,FACTORY,KFBIS-FAC-BLRU-2017-000139,AUTO_LINK,89,2026-03-27,ENT-00316
KA-BLRU-560034-000316,KSPCB,PCB/BLRU/CTO/2023/00143,AUTO_LINK,89,2026-04-07,ENT-00316
KA-BLRU-560034-000316,LABOUR,LAB-KA-BLRU-2023-000155,AUTO_LINK,89,2026-03-27,ENT-00316
KA-BLRU-560037-000317,KSPCB,PCB/BLRU/CTO/2016/00144,HUMAN_APPROVED,82,2026-04-05,ENT-00317
KA-BLRU-560037-000317,LABOUR,LAB-KA-BLRU-2021-000156,HUMAN_APPROVED,82,2026-04-15,ENT-00317
KA-BLRU-560037-000317,SHOP,KAR-SHOP-BLRU-2022-000212,HUMAN_APPROVED,82,2026-03-22,ENT-00317
KA-BLRU-560037-000317,UDYAM,UDYAM-KR-BLRU-2020-000160,HUMAN_APPROVED,82,2026-04-08,ENT-00317
KA-MYS-570016-000318,GST,GST-KA-MYS-2024-000251,AUTO_LINK,99,2026-04-12,ENT-00318
KA-MYS-570016-000318,SHOP,KAR-SHOP-MYS-2024-000213,AUTO_LINK,99,2026-04-25,ENT-00318
KA-MYS-570016-000318,UDYAM,UDYAM-KR-MYS-2018-000161,AUTO_LINK,99,2026-04-20,ENT-00318
KA-BLRU-560085-000319,BBMP,BBMP-TL-SOUT-2018-000129,AUTO_LINK,99,2026-05-03,ENT-00319
KA-BLRU-560085-000319,GST,GST-KA-BLRU-2024-000252,AUTO_LINK,99,2026-03-30,ENT-00319
KA-BLRU-560085-000319,LABOUR,LAB-KA-BLRU-2024-000157,AUTO_LINK,99,2026-04-13,ENT-00319
KA-BLRU-560085-000319,SHOP,KAR-SHOP-BLRU-2017-000214,AUTO_LINK,99,2026-03-22,ENT-00319
KA-BLRU-560085-000319,UDYAM,UDYAM-KR-BLRU-2022-000162,AUTO_LINK,99,2026-05-01,ENT-00319
KA-BLRR-562110-000320,FACTORY,KFBIS-FAC-BLRR-2017-000140,HUMAN_APPROVED,82,2026-04-21,ENT-00320
KA-BLRR-562110-000320,GST,GST-KA-BLRR-2018-000253,HUMAN_APPROVED,82,2026-04-28,ENT-00320
KA-BLRR-562110-000320,KSPCB,PCB/BLRR/CTE/2017/00145,HUMAN_APPROVED,82,2026-04-15,ENT-00320
KA-BLRR-562110-000320,LABOUR,LAB-KA-BLRR-2025-000158,HUMAN_APPROVED,82,2026-03-25,ENT-00320
KA-BLRU-560066-000321,FACTORY,KFBIS-FAC-BLRU-2018-000141,AUTO_LINK,99,2026-04-30,ENT-00321
KA-BLRU-560066-000321,GST,GST-KA-BLRU-2025-000254,AUTO_LINK,99,2026-03-20,ENT-00321
KA-BLRU-560066-000321,SHOP,KAR-SHOP-BLRU-2016-000215,AUTO_LINK,99,2026-04-12,ENT-00321
KA-MYS-570018-000322,FACTORY,KFBIS-FAC-MYS-2017-000142,AUTO_LINK,87,2026-04-01,ENT-00322
KA-MYS-570018-000322,GST,GST-KA-MYS-2025-000255,AUTO_LINK,87,2026-04-23,ENT-00322
KA-MYS-570018-000322,KSPCB,PCB/MYS/CTO/2022/00146,AUTO_LINK,87,2026-05-01,ENT-00322
KA-MYS-570018-000322,SHOP,KAR-SHOP-MYS-2018-000216,AUTO_LINK,87,2026-04-21,ENT-00322
KA-MYS-570018-000322,UDYAM,UDYAM-KR-MYS-2024-000163,AUTO_LINK,87,2026-04-24,ENT-00322
KA-BLRU-560100-000323,BBMP,BBMP-TL-BOMM-2020-000130,AUTO_LINK,87,2026-04-28,ENT-00323
KA-BLRU-560100-000323,FACTORY,KFBIS-FAC-BLRU-2024-000143,AUTO_LINK,87,2026-03-20,ENT-00323
KA-BLRU-560100-000323,GST,GST-KA-BLRU-2023-000256,AUTO_LINK,87,2026-04-10,ENT-00323
KA-BLRU-560100-000323,KSPCB,PCB/BLRU/CTE/2023/00147,AUTO_LINK,87,2026-04-16,ENT-00323
KA-BLRU-560100-000323,LABOUR,LAB-KA-BLRU-2018-000159,AUTO_LINK,87,2026-04-16,ENT-00323
KA-BLRU-560078-000324,FACTORY,KFBIS-FAC-BLRU-2023-000144,HUMAN_APPROVED,82,2026-03-31,ENT-00324
KA-BLRU-560078-000324,GST,GST-KA-BLRU-2024-000257,HUMAN_APPROVED,82,2026-05-02,ENT-00324
KA-BLRU-560078-000324,KSPCB,PCB/BLRU/CTE/2021/00148,HUMAN_APPROVED,82,2026-05-03,ENT-00324
KA-BLRU-560078-000324,SHOP,KAR-SHOP-BLRU-2021-000217,HUMAN_APPROVED,82,2026-04-18,ENT-00324
KA-BLRU-560102-000325,BBMP,BBMP-TL-BOMM-2017-000131,AUTO_LINK,87,2026-05-03,ENT-00325
KA-BLRU-560102-000325,GST,GST-KA-BLRU-2019-000258,AUTO_LINK,87,2026-03-24,ENT-00325
KA-BLRU-560102-000325,LABOUR,LAB-KA-BLRU-2018-000160,AUTO_LINK,87,2026-04-03,ENT-00325
KA-BLRU-560102-000325,SHOP,KAR-SHOP-BLRU-2023-000218,AUTO_LINK,87,2026-04-14,ENT-00325
KA-BLRU-560102-000325,UDYAM,UDYAM-KR-BLRU-2017-000164,AUTO_LINK,87,2026-04-04,ENT-00325
