event_id,ubid,source_system,source_record_id,event_type,event_date,event_outcome,event_note
EVT-0000720,KA-BLRU-560076-000145,KSPCB,PCB/BLRU/CTO/2018/00064,TAX_FILING,2026-05-04,PENDING,tax return or filing activity signal - PENDING
EVT-0000930,KA-BLRU-560037-000189,FACTORY,KFBIS-FAC-BLRU-2020-000091,INSPECTION,2026-05-04,OK,department inspection or site verification event - OK
EVT-0000246,KA-BLRU-560043-000049,UDYAM,UDYAM-KR-BLRU-2022-000026,COMPLAINT,2026-05-03,RESOLVED,citizen/department complaint signal - RESOLVED
EVT-0000860,KA-BLRU-560024-000173,LABOUR,LAB-KA-BLRU-2017-000083,INSPECTION,2026-05-03,EXPIRED,department inspection or site verification event - EXPIRED
EVT-0000862,KA-BLRU-560024-000173,BBMP,BBMP-TL-YELA-2015-000065,ADDRESS_UPDATE,2026-05-03,EXPIRED,address correction or amendment signal - EXPIRED
EVT-0001556,KA-MYS-570016-000318,GST,GST-KA-MYS-2024-000251,TAX_FILING,2026-05-03,APPROVED,tax return or filing activity signal - APPROVED
EVT-0000127,KA-BLRU-560059-000025,FACTORY,KFBIS-FAC-BLRU-2025-000012,TAX_FILING,2026-05-02,APPROVED,tax return or filing activity signal - APPROVED
EVT-0000132,KA-BLRU-560068-000026,SHOP,KAR-SHOP-BLRU-2022-000018,COMPLAINT,2026-05-02,RESOLVED,citizen/department complaint signal - RESOLVED
EVT-0000694,KA-BLRU-560037-000139,KSPCB,PCB/BLRU/CTO/2020/00061,ADDRESS_UPDATE,2026-05-02,EXPIRED,address correction or amendment signal - EXPIRED
EVT-0000875,KA-BLRU-560102-000176,BBMP,BBMP-TL-BOMM-2024-000067,COMPLAINT,2026-05-02,OPEN,citizen/department complaint signal - OPEN
EVT-0000879,KA-BLRU-560102-000176,UDYAM,UDYAM-KR-BLRU-2018-000084,RENEWAL,2026-05-02,RESOLVED,licence/registration renewal event captured - RESOLVED
EVT-0001038,KA-BLRU-560024-000212,BBMP,BBMP-TL-YELA-2017-000083,COMPLAINT,2026-05-02,NOTICE,citizen/department complaint signal - NOTICE
EVT-0001175,KA-BLRU-560078-000238,GST,GST-KA-BLRU-2021-000186,INSPECTION,2026-05-02,APPROVED,department inspection or site verification event - APPROVED
EVT-0000130,KA-BLRU-560059-000025,BBMP,BBMP-TL-WEST-2020-000009,RENEWAL,2026-05-01,PENDING,licence/registration renewal event captured - PENDING
EVT-0000612,KA-BLRU-560102-000121,GST,GST-KA-BLRU-2020-000090,INSPECTION,2026-05-01,APPROVED,department inspection or site verification event - APPROVED
EVT-0000719,KA-BLRU-560076-000145,LABOUR,LAB-KA-BLRU-2017-000068,INSPECTION,2026-05-01,OK,department inspection or site verification event - OK
EVT-0000900,KA-BLRU-560076-000181,FACTORY,KFBIS-FAC-BLRU-2021-000085,RENEWAL,2026-04-30,PENDING,licence/registration renewal event captured - PENDING
EVT-0000945,KA-BLRU-560059-000192,SHOP,KAR-SHOP-BLRU-2024-000129,COMPLAINT,2026-04-30,OPEN,citizen/department complaint signal - OPEN
EVT-0001058,KA-MYS-570016-000216,BBMP,BBMP-TL-NORT-2024-000084,COMPLAINT,2026-04-30,RESOLVED,citizen/department complaint signal - RESOLVED
EVT-0001380,KA-MYS-570016-000280,GST,GST-KA-MYS-2022-000222,RENEWAL,2026-04-30,EXPIRED,licence/registration renewal event captured - EXPIRED
EVT-0000091,KA-BLRU-560066-000018,SHOP,KAR-SHOP-BLRU-2015-000012,TAX_FILING,2026-04-29,NOTICE,tax return or filing activity signal - NOTICE
EVT-0000469,KA-BLRU-560058-000091,BBMP,BBMP-TL-DASA-2016-000030,RENEWAL,2026-04-29,PENDING,licence/registration renewal event captured - PENDING
EVT-0000687,KA-BLRU-560064-000136,LABOUR,LAB-KA-BLRU-2020-000066,COMPLAINT,2026-04-29,OPEN,citizen/department complaint signal - OPEN
EVT-0000933,KA-BLRU-560037-000189,UDYAM,UDYAM-KR-BLRU-2024-000091,RENEWAL,2026-04-29,EXPIRED,licence/registration renewal event captured - EXPIRED
EVT-0001004,KA-MYS-570016-000205,UDYAM,UDYAM-KR-MYS-2020-000099,INSPECTION,2026-04-29,APPROVED,department inspection or site verification event - APPROVED
EVT-0001083,KA-BLRU-560085-000221,SHOP,KAR-SHOP-BLRU-2021-000145,COMPLAINT,2026-04-29,NOTICE,citizen/department complaint signal - NOTICE
EVT-0000248,KA-BLRU-560043-000049,GST,GST-KA-BLRU-2017-000038,TAX_FILING,2026-04-28,EXPIRED,tax return or filing activity signal - EXPIRED
EVT-0000482,KA-BLRU-560029-000095,FACTORY,KFBIS-FAC-BLRU-2023-000047,ADDRESS_UPDATE,2026-04-28,OK,address correction or amendment signal - OK
EVT-0000692,KA-BLRU-560037-000139,BBMP,BBMP-TL-MAHA-2023-000050,RENEWAL,2026-04-28,NOTICE,licence/registration renewal event captured - NOTICE
EVT-0000721,KA-BLRU-560076-000145,SHOP,KAR-SHOP-BLRU-2022-000098,INSPECTION,2026-04-28,NOTICE,department inspection or site verification event - NOTICE
EVT-0000240,KA-BLRU-560100-000047,KSPCB,PCB/BLRU/CTE/2016/00017,RENEWAL,2026-04-27,EXPIRED,licence/registration renewal event captured - EXPIRED
EVT-0000600,KA-BLRU-560076-000118,SHOP,KAR-SHOP-BLRU-2015-000078,INSPECTION,2026-04-27,EXPIRED,department inspection or site verification event - EXPIRED
EVT-0000857,KA-BLRU-560024-000173,FACTORY,KFBIS-FAC-BLRU-2016-000083,COMPLAINT,2026-04-27,NOTICE,citizen/department complaint signal - NOTICE
EVT-0000898,KA-BLRU-560076-000181,KSPCB,PCB/BLRU/CTE/2018/00082,CONSENT_APPROVAL,2026-04-27,RESOLVED,pollution consent application/approval signal - RESOLVED
EVT-0001036,KA-BLRU-560024-000212,GST,GST-KA-BLRU-2017-000163,RENEWAL,2026-04-27,PENDING,licence/registration renewal event captured - PENDING
EVT-0001457,KA-BLRU-560068-000297,GST,GST-KA-BLRU-2019-000237,INSPECTION,2026-04-27,NOTICE,department inspection or site verification event - NOTICE
EVT-0001490,KA-BLRU-560078-000304,BBMP,BBMP-TL-SOUT-2019-000124,INSPECTION,2026-04-27,APPROVED,department inspection or site verification event - APPROVED
EVT-0001558,KA-MYS-570016-000318,UDYAM,UDYAM-KR-MYS-2018-000161,ADDRESS_UPDATE,2026-04-27,RESOLVED,address correction or amendment signal - RESOLVED
EVT-0000303,KA-MYS-570018-000059,BBMP,BBMP-TL-SOUT-2020-000018,TAX_FILING,2026-04-26,RESOLVED,tax return or filing activity signal - RESOLVED
EVT-0000500,KA-BLRU-560029-000098,KSPCB,PCB/BLRU/CTE/2019/00041,INSPECTION,2026-04-26,RESOLVED,department inspection or site verification event - RESOLVED
EVT-0000685,KA-BLRU-560064-000136,BBMP,BBMP-TL-YELA-2019-000048,INSPECTION,2026-04-26,PENDING,department inspection or site verification event - PENDING
EVT-0000927,KA-BLRU-560037-000189,GST,GST-KA-BLRU-2020-000145,ADDRESS_UPDATE,2026-04-26,OK,address correction or amendment signal - OK
EVT-0001577,KA-BLRU-560078-000324,KSPCB,PCB/BLRU/CTE/2021/00148,ADDRESS_UPDATE,2026-04-26,PENDING,address correction or amendment signal - PENDING
EVT-0000094,KA-BLRU-560066-000018,SHOP,KAR-SHOP-BLRU-2015-000012,INSPECTION,2026-04-25,NOTICE,department inspection or site verification event - NOTICE
EVT-0000263,KA-BLRU-560043-000052,GST,GST-KA-BLRU-2020-000041,ADDRESS_UPDATE,2026-04-25,NOTICE,address correction or amendment signal - NOTICE
EVT-0000308,KA-BLRR-562114-000061,KSPCB,PCB/BLRR/CTO/2024/00025,ADDRESS_UPDATE,2026-04-25,NOTICE,address correction or amendment signal - NOTICE
EVT-0000983,KA-BLRR-562157-000200,SHOP,KAR-SHOP-BLRR-2018-000133,RENEWAL,2026-04-25,PENDING,licence/registration renewal event captured - PENDING
EVT-0001257,KA-BLRR-561203-000253,GST,GST-KA-BLRR-2025-000201,RENEWAL,2026-04-25,NOTICE,licence/registration renewal event captured - NOTICE
EVT-0000086,KA-BLRR-562110-000017,LABOUR,LAB-KA-BLRR-2019-000008,ADDRESS_UPDATE,2026-04-24,RESOLVED,address correction or amendment signal - RESOLVED
EVT-0000145,KA-MYS-570016-000028,SHOP,KAR-SHOP-MYS-2025-000019,TAX_FILING,2026-04-24,PENDING,tax return or filing activity signal - PENDING
EVT-0000841,KA-MYS-570001-000169,KSPCB,PCB/MYS/CTE/2021/00076,ADDRESS_UPDATE,2026-04-24,PENDING,address correction or amendment signal - PENDING
EVT-0001128,KA-TUM-572101-000229,BBMP,BBMP-TL-TUMA-2023-000087,RENEWAL,2026-04-24,NOTICE,licence/registration renewal event captured - NOTICE
EVT-0001129,KA-TUM-572101-000229,LABOUR,LAB-KA-TUM-2024-000116,RENEWAL,2026-04-24,APPROVED,licence/registration renewal event captured - APPROVED
EVT-0000277,KA-BLRU-560059-000055,SHOP,KAR-SHOP-BLRU-2022-000040,TAX_FILING,2026-04-23,PENDING,tax return or filing activity signal - PENDING
EVT-0000863,KA-BLRU-560024-000173,KSPCB,PCB/BLRU/CTO/2015/00079,TAX_FILING,2026-04-23,OK,tax return or filing activity signal - OK
EVT-0001035,KA-BLRU-560024-000212,BBMP,BBMP-TL-YELA-2017-000083,ADDRESS_UPDATE,2026-04-23,PENDING,address correction or amendment signal - PENDING
EVT-0001268,KA-BLRU-560064-000257,SHOP,KAR-SHOP-BLRU-2020-000170,RENEWAL,2026-04-23,RESOLVED,licence/registration renewal event captured - RESOLVED
EVT-0001492,KA-BLRU-560078-000304,SHOP,KAR-SHOP-BLRU-2025-000206,COMPLAINT,2026-04-23,RESOLVED,citizen/department complaint signal - RESOLVED
EVT-0000078,KA-BLRR-561203-000016,SHOP,KAR-SHOP-BLRR-2016-000011,ADDRESS_UPDATE,2026-04-22,APPROVED,address correction or amendment signal - APPROVED
EVT-0000080,KA-BLRR-561203-000016,GST,GST-KA-BLRR-2017-000011,RENEWAL,2026-04-22,RESOLVED,licence/registration renewal event captured - RESOLVED
EVT-0000264,KA-BLRU-560043-000052,UDYAM,UDYAM-KR-BLRU-2018-000029,COMPLAINT,2026-04-22,NOTICE,citizen/department complaint signal - NOTICE
EVT-0000710,KA-BLRU-560064-000144,GST,GST-KA-BLRU-2025-000107,TAX_FILING,2026-04-22,EXPIRED,tax return or filing activity signal - EXPIRED
EVT-0000046,KA-BLRU-560085-000010,UDYAM,UDYAM-KR-BLRU-2015-000005,INSPECTION,2026-04-21,PENDING,department inspection or site verification event - PENDING
EVT-0000126,KA-BLRU-560059-000025,LABOUR,LAB-KA-BLRU-2016-000013,RENEWAL,2026-04-21,EXPIRED,licence/registration renewal event captured - EXPIRED
EVT-0000133,KA-BLRU-560068-000026,KSPCB,PCB/BLRU/CTO/2024/00012,INSPECTION,2026-04-21,OK,department inspection or site verification event - OK
EVT-0000827,KA-BLRU-560024-000167,KSPCB,PCB/BLRU/CTO/2025/00075,ADDRESS_UPDATE,2026-04-21,PENDING,address correction or amendment signal - PENDING
EVT-0001046,KA-BLRU-560064-000215,KSPCB,PCB/BLRU/CTE/2023/00092,RENEWAL,2026-04-21,PENDING,licence/registration renewal event captured - PENDING
EVT-0000088,KA-BLRR-562110-000017,GST,GST-KA-BLRR-2017-000012,TAX_FILING,2026-04-20,APPROVED,tax return or filing activity signal - APPROVED
EVT-0000244,KA-BLRU-560043-000049,GST,GST-KA-BLRU-2017-000038,RENEWAL,2026-04-20,APPROVED,licence/registration renewal event captured - APPROVED
EVT-0000301,KA-MYS-570018-000059,BBMP,BBMP-TL-SOUT-2020-000018,COMPLAINT,2026-04-20,OPEN,citizen/department complaint signal - OPEN
EVT-0000466,KA-BLRU-560029-000090,LABOUR,LAB-KA-BLRU-2020-000042,ADDRESS_UPDATE,2026-04-20,OK,address correction or amendment signal - OK
EVT-0001039,KA-BLRU-560024-000212,BBMP,BBMP-TL-YELA-2017-000083,RENEWAL,2026-04-20,PENDING,licence/registration renewal event captured - PENDING
EVT-0000483,KA-BLRU-560029-000095,KSPCB,PCB/BLRU/CTO/2020/00039,RENEWAL,2026-04-19,EXPIRED,licence/registration renewal event captured - EXPIRED
EVT-0000198,KA-BLRU-560085-000038,GST,GST-KA-BLRU-2021-000030,RENEWAL,2026-04-18,PENDING,licence/registration renewal event captured - PENDING
EVT-0000222,KA-MYS-570016-000044,GST,GST-KA-MYS-2024-000034,INSPECTION,2026-04-18,NOTICE,department inspection or site verification event - NOTICE
EVT-0000471,KA-BLRU-560058-000091,UDYAM,UDYAM-KR-BLRU-2025-000046,COMPLAINT,2026-04-18,RESOLVED,citizen/department complaint signal - RESOLVED
EVT-0000967,KA-BLRU-560068-000197,GST,GST-KA-BLRU-2020-000151,COMPLAINT,2026-04-18,NOTICE,citizen/department complaint signal - NOTICE
EVT-0001100,KA-BLRU-560076-000224,LABOUR,LAB-KA-BLRU-2022-000112,TAX_FILING,2026-04-18,NOTICE,tax return or filing activity signal - NOTICE
EVT-0001277,KA-BLRU-560076-000259,SHOP,KAR-SHOP-BLRU-2016-000171,COMPLAINT,2026-04-18,OPEN,citizen/department complaint signal - OPEN
EVT-0001374,KA-BLRU-560043-000278,SHOP,KAR-SHOP-BLRU-2023-000187,RENEWAL,2026-04-18,EXPIRED,licence/registration renewal event captured - EXPIRED
EVT-0000278,KA-BLRU-560059-000055,LABOUR,LAB-KA-BLRU-2025-000028,TAX_FILING,2026-04-17,EXPIRED,tax return or filing activity signal - EXPIRED
EVT-0000302,KA-MYS-570018-000059,GST,GST-KA-MYS-2024-000047,ADDRESS_UPDATE,2026-04-17,NOTICE,address correction or amendment signal - NOTICE
EVT-0000463,KA-BLRU-560029-000090,GST,GST-KA-BLRU-2017-000067,INSPECTION,2026-04-17,NOTICE,department inspection or site verification event - NOTICE
EVT-0000311,KA-BLRR-562114-000061,GST,GST-KA-BLRR-2018-000049,INSPECTION,2026-04-16,RESOLVED,department inspection or site verification event - RESOLVED
EVT-0000621,KA-BLRU-560024-000123,BBMP,BBMP-TL-YELA-2020-000044,TAX_FILING,2026-04-16,OK,tax return or filing activity signal - OK
EVT-0000901,KA-BLRU-560076-000181,FACTORY,KFBIS-FAC-BLRU-2021-000085,RENEWAL,2026-04-16,NOTICE,licence/registration renewal event captured - NOTICE
EVT-0000944,KA-BLRU-560059-000192,FACTORY,KFBIS-FAC-BLRU-2021-000092,ADDRESS_UPDATE,2026-04-16,EXPIRED,address correction or amendment signal - EXPIRED
EVT-0000960,KA-BLRU-560068-000197,BBMP,BBMP-TL-SOUT-2016-000076,COMPLAINT,2026-04-16,RESOLVED,citizen/department complaint signal - RESOLVED
EVT-0001130,KA-TUM-572101-000229,BBMP,BBMP-TL-TUMA-2023-000087,RENEWAL,2026-04-16,OK,licence/registration renewal event captured - OK
EVT-0001131,KA-TUM-572101-000229,LABOUR,LAB-KA-TUM-2024-000116,INSPECTION,2026-04-16,NOTICE,department inspection or site verification event - NOTICE
EVT-0001279,KA-BLRU-560076-000259,BBMP,BBMP-TL-SOUT-2015-000102,ADDRESS_UPDATE,2026-04-16,RESOLVED,address correction or amendment signal - RESOLVED
EVT-0001096,KA-BLRU-560076-000224,LABOUR,LAB-KA-BLRU-2022-000112,RENEWAL,2026-04-15,RESOLVED,licence/registration renewal event captured - RESOLVED
EVT-0001176,KA-BLRU-560078-000238,UDYAM,UDYAM-KR-BLRU-2024-000117,COMPLAINT,2026-04-15,RESOLVED,citizen/department complaint signal - RESOLVED
EVT-0000092,KA-BLRU-560066-000018,UDYAM,UDYAM-KR-BLRU-2018-000010,ADDRESS_UPDATE,2026-04-14,NOTICE,address correction or amendment signal - NOTICE
EVT-0000603,KA-BLRU-560076-000118,SHOP,KAR-SHOP-BLRU-2015-000078,COMPLAINT,2026-04-14,RESOLVED,citizen/department complaint signal - RESOLVED
EVT-0000995,KA-BLRU-560068-000204,SHOP,KAR-SHOP-BLRU-2024-000136,TAX_FILING,2026-04-14,EXPIRED,tax return or filing activity signal - EXPIRED
EVT-0000236,KA-BLRU-560100-000047,FACTORY,KFBIS-FAC-BLRU-2024-000021,TAX_FILING,2026-04-13,NOTICE,tax return or filing activity signal - NOTICE
EVT-0000697,KA-BLRU-560037-000139,KSPCB,PCB/BLRU/CTO/2020/00061,COMPLAINT,2026-04-13,NOTICE,citizen/department complaint signal - NOTICE
EVT-0000749,KA-BLRU-560066-000152,KSPCB,PCB/BLRU/CTO/2025/00067,COMPLAINT,2026-04-13,NOTICE,citizen/department complaint signal - NOTICE
EVT-0001127,KA-TUM-572101-000229,BBMP,BBMP-TL-TUMA-2023-000087,TAX_FILING,2026-04-13,PENDING,tax return or filing activity signal - PENDING
EVT-0001361,KA-BLRR-562114-000274,GST,GST-KA-BLRR-2017-000217,TAX_FILING,2026-04-13,OK,tax return or filing activity signal - OK
EVT-0000168,KA-MYS-570018-000033,LABOUR,LAB-KA-MYS-2021-000018,TAX_FILING,2026-04-12,OK,tax return or filing activity signal - OK
EVT-0000325,KA-TUM-572101-000063,FACTORY,KFBIS-FAC-TUM-2023-000029,INSPECTION,2026-04-12,NOTICE,department inspection or site verification event - NOTICE
EVT-0000310,KA-BLRR-562114-000061,LABOUR,LAB-KA-BLRR-2021-000031,TAX_FILING,2026-04-11,APPROVED,tax return or filing activity signal - APPROVED
EVT-0000611,KA-BLRU-560102-000121,SHOP,KAR-SHOP-BLRU-2016-000080,COMPLAINT,2026-04-11,NOTICE,citizen/department complaint signal - NOTICE
EVT-0001231,KA-BLRU-560058-000248,KSPCB,PCB/BLRU/CTE/2020/00109,TAX_FILING,2026-04-11,OK,tax return or filing activity signal - OK
EVT-0001456,KA-BLRU-560068-000297,LABOUR,LAB-KA-BLRU-2023-000145,RENEWAL,2026-04-11,EXPIRED,licence/registration renewal event captured - EXPIRED
EVT-0000076,KA-BLRR-561203-000016,GST,GST-KA-BLRR-2017-000011,ADDRESS_UPDATE,2026-04-10,EXPIRED,address correction or amendment signal - EXPIRED
EVT-0000693,KA-BLRU-560037-000139,SHOP,KAR-SHOP-BLRU-2019-000093,RENEWAL,2026-04-10,PENDING,licence/registration renewal event captured - PENDING
EVT-0000713,KA-BLRU-560064-000144,GST,GST-KA-BLRU-2025-000107,RENEWAL,2026-04-10,PENDING,licence/registration renewal event captured - PENDING
EVT-0000896,KA-BLRU-560076-000181,FACTORY,KFBIS-FAC-BLRU-2021-000085,COMPLAINT,2026-04-10,NOTICE,citizen/department complaint signal - NOTICE
EVT-0000902,KA-BLRU-560076-000181,KSPCB,PCB/BLRU/CTE/2018/00082,COMPLAINT,2026-04-10,RESOLVED,citizen/department complaint signal - RESOLVED
EVT-0000146,KA-MYS-570016-000028,BBMP,BBMP-TL-NORT-2025-000010,INSPECTION,2026-04-09,PENDING,department inspection or site verification event - PENDING
EVT-0000261,KA-BLRU-560043-000052,LABOUR,LAB-KA-BLRU-2023-000026,TAX_FILING,2026-04-09,RESOLVED,tax return or filing activity signal - RESOLVED
EVT-0000712,KA-BLRU-560064-000144,SHOP,KAR-SHOP-BLRU-2016-000097,ADDRESS_UPDATE,2026-04-09,OK,address correction or amendment signal - OK
EVT-0001002,KA-MYS-570016-000205,FACTORY,KFBIS-FAC-MYS-2020-000097,TAX_FILING,2026-04-09,APPROVED,tax return or filing activity signal - APPROVED
EVT-0001186,KA-MYS-570018-000240,BBMP,BBMP-TL-SOUT-2023-000092,TAX_FILING,2026-04-09,EXPIRED,tax return or filing activity signal - EXPIRED
EVT-0000166,KA-MYS-570018-000033,GST,GST-KA-MYS-2015-000025,INSPECTION,2026-04-08,PENDING,department inspection or site verification event - PENDING
EVT-0000620,KA-BLRU-560024-000123,BBMP,BBMP-TL-YELA-2020-000044,COMPLAINT,2026-04-08,NOTICE,citizen/department complaint signal - NOTICE
EVT-0001079,KA-BLRU-560085-000221,BBMP,BBMP-TL-SOUT-2025-000086,TAX_FILING,2026-04-08,PENDING,tax return or filing activity signal - PENDING
EVT-0001215,KA-BLRR-562157-000245,KSPCB,PCB/BLRR/CTO/2015/00106,INSPECTION,2026-04-08,RESOLVED,department inspection or site verification event - RESOLVED
EVT-0001420,KA-BLRU-560076-000289,UDYAM,UDYAM-KR-BLRU-2022-000144,COMPLAINT,2026-04-08,RESOLVED,citizen/department complaint signal - RESOLVED
EVT-0000096,KA-BLRU-560066-000018,GST,GST-KA-BLRU-2022-000013,INSPECTION,2026-04-07,APPROVED,department inspection or site verification event - APPROVED
EVT-0001362,KA-BLRR-562114-000274,BBMP,BBMP-TL-BENG-2024-000111,RENEWAL,2026-04-07,NOTICE,licence/registration renewal event captured - NOTICE
EVT-0000601,KA-BLRU-560076-000118,SHOP,KAR-SHOP-BLRU-2015-000078,COMPLAINT,2026-04-06,RESOLVED,citizen/department complaint signal - RESOLVED
EVT-0000751,KA-BLRU-560066-000152,LABOUR,LAB-KA-BLRU-2023-000072,ADDRESS_UPDATE,2026-04-06,OK,address correction or amendment signal - OK
EVT-0000876,KA-BLRU-560102-000176,UDYAM,UDYAM-KR-BLRU-2018-000084,INSPECTION,2026-04-06,PENDING,department inspection or site verification event - PENDING
EVT-0001447,KA-BLRR-561203-000294,LABOUR,LAB-KA-BLRR-2016-000143,INSPECTION,2026-04-06,OK,department inspection or site verification event - OK
EVT-0001491,KA-BLRU-560078-000304,SHOP,KAR-SHOP-BLRU-2025-000206,COMPLAINT,2026-04-06,NOTICE,citizen/department complaint signal - NOTICE
EVT-0000093,KA-BLRU-560066-000018,SHOP,KAR-SHOP-BLRU-2015-000012,ADDRESS_UPDATE,2026-04-05,EXPIRED,address correction or amendment signal - EXPIRED
EVT-0000169,KA-MYS-570018-000033,LABOUR,LAB-KA-MYS-2021-000018,ADDRESS_UPDATE,2026-04-05,OK,address correction or amendment signal - OK
EVT-0000006,KA-BLRU-560068-000002,GST,GST-KA-BLRU-2015-000001,TAX_FILING,2026-04-04,PENDING,tax return or filing activity signal - PENDING
EVT-0000148,KA-MYS-570016-000028,SHOP,KAR-SHOP-MYS-2025-000019,ADDRESS_UPDATE,2026-04-04,RESOLVED,address correction or amendment signal - RESOLVED
EVT-0000171,KA-MYS-570018-000033,LABOUR,LAB-KA-MYS-2021-000018,INSPECTION,2026-04-04,RESOLVED,department inspection or site verification event - RESOLVED
EVT-0000172,KA-MYS-570018-000033,LABOUR,LAB-KA-MYS-2021-000018,COMPLAINT,2026-04-04,RESOLVED,citizen/department complaint signal - RESOLVED
EVT-0000269,KA-BLRU-560059-000053,KSPCB,PCB/BLRU/CTO/2017/00020,CONSENT_APPROVAL,2026-04-04,EXPIRED,pollution consent application/approval signal - EXPIRED
EVT-0000298,KA-BLRU-560043-000058,KSPCB,PCB/BLRU/CTO/2017/00023,CONSENT_APPROVAL,2026-04-04,PENDING,pollution consent application/approval signal - PENDING
EVT-0000465,KA-BLRU-560029-000090,SHOP,KAR-SHOP-BLRU-2019-000062,RENEWAL,2026-04-04,OK,licence/registration renewal event captured - OK
EVT-0000619,KA-BLRU-560024-000123,BBMP,BBMP-TL-YELA-2020-000044,TAX_FILING,2026-04-04,OK,tax return or filing activity signal - OK
EVT-0000718,KA-BLRU-560076-000145,GST,GST-KA-BLRU-2019-000108,TAX_FILING,2026-04-04,NOTICE,tax return or filing activity signal - NOTICE
EVT-0000892,KA-MYS-570018-000179,GST,GST-KA-MYS-2021-000140,TAX_FILING,2026-04-04,APPROVED,tax return or filing activity signal - APPROVED
EVT-0001080,KA-BLRU-560085-000221,LABOUR,LAB-KA-BLRU-2016-000110,ADDRESS_UPDATE,2026-04-04,EXPIRED,address correction or amendment signal - EXPIRED
EVT-0000931,KA-BLRU-560037-000189,FACTORY,KFBIS-FAC-BLRU-2020-000091,INSPECTION,2026-04-03,OK,department inspection or site verification event - OK
EVT-0000964,KA-BLRU-560068-000197,BBMP,BBMP-TL-SOUT-2016-000076,RENEWAL,2026-04-03,EXPIRED,licence/registration renewal event captured - EXPIRED
EVT-0000477,KA-BLRU-560102-000093,GST,GST-KA-BLRU-2024-000069,TAX_FILING,2026-04-02,PENDING,tax return or filing activity signal - PENDING
EVT-0001356,KA-BLRR-562114-000274,BBMP,BBMP-TL-BENG-2024-000111,COMPLAINT,2026-04-02,OPEN,citizen/department complaint signal - OPEN
EVT-0001174,KA-BLRU-560078-000238,GST,GST-KA-BLRU-2021-000186,INSPECTION,2026-04-01,PENDING,department inspection or site verification event - PENDING
EVT-0000129,KA-BLRU-560059-000025,FACTORY,KFBIS-FAC-BLRU-2025-000012,TAX_FILING,2026-03-31,PENDING,tax return or filing activity signal - PENDING
EVT-0000578,KA-BLRU-560058-000114,BBMP,BBMP-TL-DASA-2015-000041,TAX_FILING,2026-03-31,RESOLVED,tax return or filing activity signal - RESOLVED
EVT-0000874,KA-BLRU-560102-000176,GST,GST-KA-BLRU-2019-000137,ADDRESS_UPDATE,2026-03-31,EXPIRED,address correction or amendment signal - EXPIRED
EVT-0000414,KA-BLRU-560058-000081,LABOUR,LAB-KA-BLRU-2023-000038,TAX_FILING,2026-03-30,PENDING,tax return or filing activity signal - PENDING
EVT-0000470,KA-BLRU-560058-000091,GST,GST-KA-BLRU-2025-000068,ADDRESS_UPDATE,2026-03-30,PENDING,address correction or amendment signal - PENDING
EVT-0001027,KA-BLRU-560024-000210,GST,GST-KA-BLRU-2020-000161,COMPLAINT,2026-03-30,NOTICE,citizen/department complaint signal - NOTICE
EVT-0001211,KA-BLRR-562157-000245,UDYAM,UDYAM-KR-BLRR-2021-000120,INSPECTION,2026-03-30,PENDING,department inspection or site verification event - PENDING
EVT-0001280,KA-BLRU-560076-000259,SHOP,KAR-SHOP-BLRU-2016-000171,ADDRESS_UPDATE,2026-03-30,OK,address correction or amendment signal - OK
EVT-0001422,KA-BLRU-560076-000289,LABOUR,LAB-KA-BLRU-2022-000141,TAX_FILING,2026-03-30,NOTICE,tax return or filing activity signal - NOTICE
EVT-0000102,KA-BLRR-562110-000019,GST,GST-KA-BLRR-2017-000014,TAX_FILING,2026-03-29,NOTICE,tax return or filing activity signal - NOTICE
EVT-0001450,KA-BLRU-560024-000295,SHOP,KAR-SHOP-BLRU-2015-000200,INSPECTION,2026-03-29,RESOLVED,department inspection or site verification event - RESOLVED
EVT-0000089,KA-BLRR-562110-000017,GST,GST-KA-BLRR-2017-000012,RENEWAL,2026-03-27,NOTICE,licence/registration renewal event captured - NOTICE
EVT-0000330,KA-BLRU-560034-000064,LABOUR,LAB-KA-BLRU-2020-000032,ADDRESS_UPDATE,2026-03-27,EXPIRED,address correction or amendment signal - EXPIRED
EVT-0001375,KA-BLRU-560043-000278,KSPCB,PCB/BLRU/CTO/2020/00124,INSPECTION,2026-03-27,APPROVED,department inspection or site verification event - APPROVED
EVT-0000365,KA-TUM-572106-000071,FACTORY,KFBIS-FAC-TUM-2018-000031,INSPECTION,2026-03-26,PENDING,department inspection or site verification event - PENDING
EVT-0000932,KA-BLRU-560037-000189,UDYAM,UDYAM-KR-BLRU-2024-000091,COMPLAINT,2026-03-26,NOTICE,citizen/department complaint signal - NOTICE
EVT-0001446,KA-BLRR-561203-000294,FACTORY,KFBIS-FAC-BLRR-2020-000130,INSPECTION,2026-03-26,PENDING,department inspection or site verification event - PENDING
EVT-0000321,KA-TUM-572101-000063,KSPCB,PCB/TUM/CTO/2015/00026,INSPECTION,2026-03-25,NOTICE,department inspection or site verification event - NOTICE
EVT-0001359,KA-BLRR-562114-000274,BBMP,BBMP-TL-BENG-2024-000111,ADDRESS_UPDATE,2026-03-25,RESOLVED,address correction or amendment signal - RESOLVED
EVT-0000147,KA-MYS-570016-000028,BBMP,BBMP-TL-NORT-2025-000010,COMPLAINT,2026-03-24,OPEN,citizen/department complaint signal - OPEN
EVT-0000366,KA-TUM-572106-000071,SHOP,KAR-SHOP-TUM-2015-000051,INSPECTION,2026-03-24,NOTICE,department inspection or site verification event - NOTICE
EVT-0001266,KA-BLRU-560064-000257,FACTORY,KFBIS-FAC-BLRU-2019-000115,RENEWAL,2026-03-24,OK,licence/registration renewal event captured - OK
EVT-0001099,KA-BLRU-560076-000224,GST,GST-KA-BLRU-2024-000174,RENEWAL,2026-03-23,PENDING,licence/registration renewal event captured - PENDING
EVT-0001444,KA-BLRR-561203-000294,BBMP,BBMP-TL-BENG-2015-000120,ADDRESS_UPDATE,2026-03-23,APPROVED,address correction or amendment signal - APPROVED
EVT-0000499,KA-BLRU-560029-000098,KSPCB,PCB/BLRU/CTE/2019/00041,CONSENT_APPROVAL,2026-03-22,EXPIRED,pollution consent application/approval signal - EXPIRED
EVT-0000265,KA-BLRU-560043-000052,GST,GST-KA-BLRU-2020-000041,INSPECTION,2026-03-21,NOTICE,department inspection or site verification event - NOTICE
EVT-0000324,KA-TUM-572101-000063,FACTORY,KFBIS-FAC-TUM-2023-000029,TAX_FILING,2026-03-21,EXPIRED,tax return or filing activity signal - EXPIRED
EVT-0001381,KA-MYS-570016-000280,BBMP,BBMP-TL-NORT-2024-000113,RENEWAL,2026-03-21,NOTICE,licence/registration renewal event captured - NOTICE
EVT-0001424,KA-BLRU-560076-000289,BBMP,BBMP-TL-SOUT-2022-000118,RENEWAL,2026-03-21,APPROVED,licence/registration renewal event captured - APPROVED
EVT-0000128,KA-BLRU-560059-000025,FACTORY,KFBIS-FAC-BLRU-2025-000012,COMPLAINT,2026-03-20,OPEN,citizen/department complaint signal - OPEN
EVT-0001089,KA-MYS-570016-000223,LABOUR,LAB-KA-MYS-2019-000111,ADDRESS_UPDATE,2026-03-19,OK,address correction or amendment signal - OK
EVT-0001368,KA-BLRU-560029-000276,FACTORY,KFBIS-FAC-BLRU-2022-000123,INSPECTION,2026-03-19,APPROVED,department inspection or site verification event - APPROVED
EVT-0001320,KA-BLRR-562157-000267,LABOUR,LAB-KA-BLRR-2025-000130,INSPECTION,2026-03-18,APPROVED,department inspection or site verification event - APPROVED
EVT-0001400,KA-MYS-570001-000284,SHOP,KAR-SHOP-MYS-2024-000191,ADDRESS_UPDATE,2026-03-18,OK,address correction or amendment signal - OK
EVT-0000893,KA-MYS-570018-000179,GST,GST-KA-MYS-2021-000140,COMPLAINT,2026-03-17,RESOLVED,citizen/department complaint signal - RESOLVED
EVT-0001146,KA-BLRR-562157-000232,KSPCB,PCB/BLRR/CTE/2018/00099,ADDRESS_UPDATE,2026-03-17,RESOLVED,address correction or amendment signal - RESOLVED
EVT-0000268,KA-BLRU-560059-000053,KSPCB,PCB/BLRU/CTO/2017/00020,INSPECTION,2026-03-15,NOTICE,department inspection or site verification event - NOTICE
EVT-0000616,KA-BLRU-560024-000123,KSPCB,PCB/BLRU/CTE/2022/00054,ADDRESS_UPDATE,2026-03-15,PENDING,address correction or amendment signal - PENDING
EVT-0001440,KA-BLRR-561203-000294,FACTORY,KFBIS-FAC-BLRR-2020-000130,INSPECTION,2026-03-15,EXPIRED,department inspection or site verification event - EXPIRED
EVT-0000415,KA-BLRU-560058-000081,FACTORY,KFBIS-FAC-BLRU-2022-000038,ADDRESS_UPDATE,2026-03-14,PENDING,address correction or amendment signal - PENDING
EVT-0000953,KA-BLRU-560058-000195,FACTORY,KFBIS-FAC-BLRU-2015-000093,COMPLAINT,2026-03-14,OPEN,citizen/department complaint signal - OPEN
EVT-0000326,KA-BLRU-560034-000064,UDYAM,UDYAM-KR-BLRU-2017-000036,TAX_FILING,2026-03-13,APPROVED,tax return or filing activity signal - APPROVED
EVT-0001323,KA-BLRR-562157-000267,BBMP,BBMP-TL-BENG-2024-000106,TAX_FILING,2026-03-13,APPROVED,tax return or filing activity signal - APPROVED
EVT-0000484,KA-BLRU-560029-000095,GST,GST-KA-BLRU-2025-000071,COMPLAINT,2026-03-12,OPEN,citizen/department complaint signal - OPEN
EVT-0000996,KA-BLRU-560068-000204,BBMP,BBMP-TL-SOUT-2021-000081,TAX_FILING,2026-03-12,NOTICE,tax return or filing activity signal - NOTICE
EVT-0001054,KA-MYS-570016-000216,SHOP,KAR-SHOP-MYS-2023-000142,RENEWAL,2026-03-12,RESOLVED,licence/registration renewal event captured - RESOLVED
EVT-0000904,KA-BLRU-560102-000182,UDYAM,UDYAM-KR-BLRU-2025-000086,COMPLAINT,2026-03-11,OPEN,citizen/department complaint signal - OPEN
EVT-0000309,KA-BLRR-562114-000061,LABOUR,LAB-KA-BLRR-2021-000031,TAX_FILING,2026-03-10,NOTICE,tax return or filing activity signal - NOTICE
EVT-0000323,KA-TUM-572101-000063,GST,GST-KA-TUM-2020-000050,TAX_FILING,2026-03-10,PENDING,tax return or filing activity signal - PENDING
EVT-0000994,KA-BLRU-560068-000204,BBMP,BBMP-TL-SOUT-2021-000081,TAX_FILING,2026-03-10,PENDING,tax return or filing activity signal - PENDING
EVT-0001212,KA-BLRR-562157-000245,UDYAM,UDYAM-KR-BLRR-2021-000120,TAX_FILING,2026-03-10,EXPIRED,tax return or filing activity signal - EXPIRED
EVT-0000003,KA-BLRU-560068-000002,FACTORY,KFBIS-FAC-BLRU-2025-000001,INSPECTION,2026-03-09,EXPIRED,department inspection or site verification event - EXPIRED
EVT-0001050,KA-BLRU-560064-000215,LABOUR,LAB-KA-BLRU-2021-000106,RENEWAL,2026-03-09,APPROVED,licence/registration renewal event captured - APPROVED
EVT-0001177,KA-BLRU-560078-000238,UDYAM,UDYAM-KR-BLRU-2024-000117,INSPECTION,2026-03-09,OK,department inspection or site verification event - OK
EVT-0000267,KA-BLRU-560059-000053,LABOUR,LAB-KA-BLRU-2024-000027,ADDRESS_UPDATE,2026-03-08,RESOLVED,address correction or amendment signal - RESOLVED
EVT-0000476,KA-BLRU-560102-000093,LABOUR,LAB-KA-BLRU-2023-000043,TAX_FILING,2026-03-08,PENDING,tax return or filing activity signal - PENDING
EVT-0000235,KA-BLRU-560100-000047,LABOUR,LAB-KA-BLRU-2022-000023,RENEWAL,2026-03-07,PENDING,licence/registration renewal event captured - PENDING
EVT-0000890,KA-MYS-570018-000179,KSPCB,PCB/MYS/CTO/2020/00080,COMPLAINT,2026-03-07,NOTICE,citizen/department complaint signal - NOTICE
EVT-0001421,KA-BLRU-560076-000289,LABOUR,LAB-KA-BLRU-2022-000141,INSPECTION,2026-03-07,APPROVED,department inspection or site verification event - APPROVED
EVT-0000955,KA-BLRU-560058-000195,FACTORY,KFBIS-FAC-BLRU-2015-000093,INSPECTION,2026-03-06,APPROVED,department inspection or site verification event - APPROVED
EVT-0001549,KA-BLRU-560034-000316,KSPCB,PCB/BLRU/CTO/2023/00143,INSPECTION,2026-03-06,APPROVED,department inspection or site verification event - APPROVED
EVT-0000680,KA-BLRR-562110-000135,SHOP,KAR-SHOP-BLRR-2020-000090,TAX_FILING,2026-03-05,RESOLVED,tax return or filing activity signal - RESOLVED
EVT-0001057,KA-MYS-570016-000216,BBMP,BBMP-TL-NORT-2024-000084,RENEWAL,2026-03-05,EXPIRED,licence/registration renewal event captured - EXPIRED
EVT-0001290,KA-BLRR-562114-000262,UDYAM,UDYAM-KR-BLRR-2015-000129,RENEWAL,2026-03-05,NOTICE,licence/registration renewal event captured - NOTICE
EVT-0000318,KA-TUM-572101-000063,KSPCB,PCB/TUM/CTO/2015/00026,INSPECTION,2026-03-04,OK,department inspection or site verification event - OK
EVT-0000640,KA-MYS-570016-000127,GST,GST-KA-MYS-2025-000094,RENEWAL,2026-03-04,PENDING,licence/registration renewal event captured - PENDING
EVT-0000997,KA-BLRU-560068-000204,GST,GST-KA-BLRU-2022-000157,INSPECTION,2026-03-04,PENDING,department inspection or site verification event - PENDING
EVT-0000966,KA-BLRU-560068-000197,GST,GST-KA-BLRU-2020-000151,TAX_FILING,2026-03-02,PENDING,tax return or filing activity signal - PENDING
EVT-0001288,KA-BLRR-562114-000262,KSPCB,PCB/BLRR/CTE/2019/00116,TAX_FILING,2026-03-02,OK,tax return or filing activity signal - OK
EVT-0001445,KA-BLRR-561203-000294,LABOUR,LAB-KA-BLRR-2016-000143,INSPECTION,2026-03-02,NOTICE,department inspection or site verification event - NOTICE
EVT-0000157,KA-BLRU-560102-000031,LABOUR,LAB-KA-BLRU-2025-000016,RENEWAL,2026-03-01,APPROVED,licence/registration renewal event captured - APPROVED
EVT-0001024,KA-BLRU-560024-000210,SHOP,KAR-SHOP-BLRU-2018-000140,RENEWAL,2026-03-01,EXPIRED,licence/registration renewal event captured - EXPIRED
EVT-0000884,KA-MYS-570018-000178,SHOP,KAR-SHOP-MYS-2018-000120,INSPECTION,2026-02-28,NOTICE,department inspection or site verification event - NOTICE
EVT-0001385,KA-BLRR-562157-000281,UDYAM,UDYAM-KR-BLRR-2016-000138,TAX_FILING,2026-02-27,EXPIRED,tax return or filing activity signal - EXPIRED
EVT-0000212,KA-MYS-570016-000042,LABOUR,LAB-KA-MYS-2015-000021,INSPECTION,2026-02-26,RESOLVED,department inspection or site verification event - RESOLVED
EVT-0000883,KA-MYS-570018-000178,GST,GST-KA-MYS-2025-000139,RENEWAL,2026-02-26,NOTICE,licence/registration renewal event captured - NOTICE
EVT-0000965,KA-BLRU-560068-000197,GST,GST-KA-BLRU-2020-000151,TAX_FILING,2026-02-26,EXPIRED,tax return or filing activity signal - EXPIRED
EVT-0000214,KA-MYS-570016-000042,GST,GST-KA-MYS-2023-000032,INSPECTION,2026-02-23,RESOLVED,department inspection or site verification event - RESOLVED
EVT-0001048,KA-BLRU-560064-000215,FACTORY,KFBIS-FAC-BLRU-2025-000099,TAX_FILING,2026-02-23,APPROVED,tax return or filing activity signal - APPROVED
EVT-0001097,KA-BLRU-560076-000224,GST,GST-KA-BLRU-2024-000174,INSPECTION,2026-02-23,PENDING,department inspection or site verification event - PENDING
EVT-0001384,KA-BLRR-562157-000281,UDYAM,UDYAM-KR-BLRR-2016-000138,ADDRESS_UPDATE,2026-02-22,NOTICE,address correction or amendment signal - NOTICE
EVT-0000237,KA-BLRU-560100-000047,KSPCB,PCB/BLRU/CTE/2016/00017,INSPECTION,2026-02-21,EXPIRED,department inspection or site verification event - EXPIRED
EVT-0000702,KA-MYS-570001-000141,KSPCB,PCB/MYS/CTE/2025/00063,COMPLAINT,2026-02-21,NOTICE,citizen/department complaint signal - NOTICE
EVT-0000954,KA-BLRU-560058-000195,UDYAM,UDYAM-KR-BLRU-2017-000093,INSPECTION,2026-02-21,OK,department inspection or site verification event - OK
EVT-0000154,KA-BLRR-562110-000030,LABOUR,LAB-KA-BLRR-2018-000015,INSPECTION,2026-02-20,EXPIRED,department inspection or site verification event - EXPIRED
EVT-0000837,KA-MYS-570001-000169,GST,GST-KA-MYS-2025-000131,COMPLAINT,2026-02-20,RESOLVED,citizen/department complaint signal - RESOLVED
EVT-0001262,KA-BLRU-560058-000255,LABOUR,LAB-KA-BLRU-2025-000124,ADDRESS_UPDATE,2026-02-20,RESOLVED,address correction or amendment signal - RESOLVED
EVT-0000322,KA-TUM-572101-000063,GST,GST-KA-TUM-2020-000050,COMPLAINT,2026-02-19,OPEN,citizen/department complaint signal - OPEN
EVT-0001040,KA-BLRU-560024-000212,BBMP,BBMP-TL-YELA-2017-000083,TAX_FILING,2026-02-19,PENDING,tax return or filing activity signal - PENDING
EVT-0000451,KA-TUM-572106-000087,BBMP,BBMP-TL-TUMA-2016-000028,COMPLAINT,2026-02-18,RESOLVED,citizen/department complaint signal - RESOLVED
EVT-0000505,KA-BLRR-562114-000099,LABOUR,LAB-KA-BLRR-2023-000045,RENEWAL,2026-02-18,EXPIRED,licence/registration renewal event captured - EXPIRED
EVT-0001547,KA-BLRU-560034-000316,KSPCB,PCB/BLRU/CTO/2023/00143,ADDRESS_UPDATE,2026-02-18,PENDING,address correction or amendment signal - PENDING
EVT-0000097,KA-BLRR-562110-000019,GST,GST-KA-BLRR-2017-000014,INSPECTION,2026-02-17,PENDING,department inspection or site verification event - PENDING
EVT-0000197,KA-BLRU-560085-000038,SHOP,KAR-SHOP-BLRU-2018-000026,RENEWAL,2026-02-17,OK,licence/registration renewal event captured - OK
EVT-0000327,KA-BLRU-560034-000064,UDYAM,UDYAM-KR-BLRU-2017-000036,RENEWAL,2026-02-16,APPROVED,licence/registration renewal event captured - APPROVED
EVT-0000838,KA-MYS-570001-000169,KSPCB,PCB/MYS/CTE/2021/00076,ADDRESS_UPDATE,2026-02-16,RESOLVED,address correction or amendment signal - RESOLVED
EVT-0001125,KA-BLRU-560059-000228,SHOP,KAR-SHOP-BLRU-2015-000150,RENEWAL,2026-02-16,EXPIRED,licence/registration renewal event captured - EXPIRED
EVT-0001213,KA-BLRR-562157-000245,UDYAM,UDYAM-KR-BLRR-2021-000120,ADDRESS_UPDATE,2026-02-16,APPROVED,address correction or amendment signal - APPROVED
EVT-0001123,KA-BLRU-560059-000228,GST,GST-KA-BLRU-2020-000178,ADDRESS_UPDATE,2026-02-15,NOTICE,address correction or amendment signal - NOTICE
EVT-0000247,KA-BLRU-560043-000049,GST,GST-KA-BLRU-2017-000038,INSPECTION,2026-02-14,PENDING,department inspection or site verification event - PENDING
EVT-0000279,KA-BLRU-560059-000055,KSPCB,PCB/BLRU/CTO/2018/00022,INSPECTION,2026-02-14,RESOLVED,department inspection or site verification event - RESOLVED
EVT-0000421,KA-BLRU-560058-000081,GST,GST-KA-BLRU-2015-000062,INSPECTION,2026-02-14,NOTICE,department inspection or site verification event - NOTICE
EVT-0000678,KA-BLRR-562110-000135,LABOUR,LAB-KA-BLRR-2018-000065,COMPLAINT,2026-02-14,OPEN,citizen/department complaint signal - OPEN
EVT-0001092,KA-MYS-570016-000223,UDYAM,UDYAM-KR-MYS-2015-000109,TAX_FILING,2026-02-14,NOTICE,tax return or filing activity signal - NOTICE
EVT-0001287,KA-BLRR-562114-000262,UDYAM,UDYAM-KR-BLRR-2015-000129,TAX_FILING,2026-02-14,RESOLVED,tax return or filing activity signal - RESOLVED
EVT-0000022,KA-BLRU-560059-000005,UDYAM,UDYAM-KR-BLRU-2024-000002,COMPLAINT,2026-02-13,RESOLVED,citizen/department complaint signal - RESOLVED
EVT-0000077,KA-BLRR-561203-000016,SHOP,KAR-SHOP-BLRR-2016-000011,COMPLAINT,2026-02-13,OPEN,citizen/department complaint signal - OPEN
EVT-0000889,KA-MYS-570018-000179,UDYAM,UDYAM-KR-MYS-2023-000085,COMPLAINT,2026-02-11,NOTICE,citizen/department complaint signal - NOTICE
EVT-0001485,KA-BLRU-560059-000302,LABOUR,LAB-KA-BLRU-2019-000147,TAX_FILING,2026-02-11,APPROVED,tax return or filing activity signal - APPROVED
EVT-0000886,KA-MYS-570018-000179,UDYAM,UDYAM-KR-MYS-2023-000085,TAX_FILING,2026-02-10,NOTICE,tax return or filing activity signal - NOTICE
EVT-0001209,KA-BLRR-562157-000245,FACTORY,KFBIS-FAC-BLRR-2023-000109,TAX_FILING,2026-02-10,PENDING,tax return or filing activity signal - PENDING
EVT-0001093,KA-MYS-570016-000223,KSPCB,PCB/MYS/CTE/2023/00096,ADDRESS_UPDATE,2026-02-09,NOTICE,address correction or amendment signal - NOTICE
EVT-0001291,KA-BLRR-562114-000262,KSPCB,PCB/BLRR/CTE/2019/00116,TAX_FILING,2026-02-09,OK,tax return or filing activity signal - OK
EVT-0001319,KA-BLRR-562157-000267,GST,GST-KA-BLRR-2025-000210,TAX_FILING,2026-02-09,APPROVED,tax return or filing activity signal - APPROVED
EVT-0000523,KA-BLRU-560064-000103,BBMP,BBMP-TL-YELA-2017-000038,INSPECTION,2026-02-08,NOTICE,department inspection or site verification event - NOTICE
EVT-0001345,KA-BLRU-560034-000272,UDYAM,UDYAM-KR-BLRU-2017-000134,COMPLAINT,2026-02-08,NOTICE,citizen/department complaint signal - NOTICE
EVT-0000467,KA-BLRU-560029-000090,GST,GST-KA-BLRU-2017-000067,ADDRESS_UPDATE,2026-02-05,APPROVED,address correction or amendment signal - APPROVED
EVT-0000627,KA-BLRU-560059-000124,SHOP,KAR-SHOP-BLRU-2023-000083,ADDRESS_UPDATE,2026-02-05,OK,address correction or amendment signal - OK
EVT-0001372,KA-BLRU-560037-000277,BBMP,BBMP-TL-MAHA-2017-000112,ADDRESS_UPDATE,2026-02-05,RESOLVED,address correction or amendment signal - RESOLVED
EVT-0001513,KA-MYS-570016-000309,KSPCB,PCB/MYS/CTE/2017/00138,COMPLAINT,2026-02-05,RESOLVED,citizen/department complaint signal - RESOLVED
EVT-0000581,KA-BLRU-560058-000114,BBMP,BBMP-TL-DASA-2015-000041,INSPECTION,2026-02-03,PENDING,department inspection or site verification event - PENDING
EVT-0000729,KA-MYS-570016-000147,BBMP,BBMP-TL-NORT-2019-000054,RENEWAL,2026-02-03,PENDING,licence/registration renewal event captured - PENDING
EVT-0000885,KA-MYS-570018-000178,SHOP,KAR-SHOP-MYS-2018-000120,INSPECTION,2026-02-03,PENDING,department inspection or site verification event - PENDING
EVT-0001289,KA-BLRR-562114-000262,SHOP,KAR-SHOP-BLRR-2019-000174,COMPLAINT,2026-02-03,RESOLVED,citizen/department complaint signal - RESOLVED
EVT-0001419,KA-BLRU-560076-000289,GST,GST-KA-BLRU-2021-000231,TAX_FILING,2026-02-03,NOTICE,tax return or filing activity signal - NOTICE
EVT-0000211,KA-MYS-570016-000042,SHOP,KAR-SHOP-MYS-2025-000029,ADDRESS_UPDATE,2026-02-02,APPROVED,address correction or amendment signal - APPROVED
EVT-0000155,KA-BLRR-562110-000030,GST,GST-KA-BLRR-2020-000022,ADDRESS_UPDATE,2026-02-01,OK,address correction or amendment signal - OK
EVT-0000826,KA-BLRU-560024-000167,KSPCB,PCB/BLRU/CTO/2025/00075,INSPECTION,2026-02-01,PENDING,department inspection or site verification event - PENDING
EVT-0000615,KA-BLRU-560076-000122,UDYAM,UDYAM-KR-BLRU-2024-000059,TAX_FILING,2026-01-31,APPROVED,tax return or filing activity signal - APPROVED
EVT-0000083,KA-BLRR-562110-000017,GST,GST-KA-BLRR-2017-000012,INSPECTION,2026-01-29,PENDING,department inspection or site verification event - PENDING
EVT-0001282,KA-BLRU-560066-000260,SHOP,KAR-SHOP-BLRU-2018-000172,RENEWAL,2026-01-29,APPROVED,licence/registration renewal event captured - APPROVED
EVT-0001396,KA-MYS-570001-000284,GST,GST-KA-MYS-2020-000226,INSPECTION,2026-01-27,APPROVED,department inspection or site verification event - APPROVED
EVT-0000708,KA-BLRU-560078-000143,GST,GST-KA-BLRU-2017-000106,ADDRESS_UPDATE,2026-01-26,RESOLVED,address correction or amendment signal - RESOLVED
EVT-0000703,KA-MYS-570001-000141,LABOUR,LAB-KA-MYS-2022-000067,RENEWAL,2026-01-25,PENDING,licence/registration renewal event captured - PENDING
EVT-0001398,KA-MYS-570001-000284,BBMP,BBMP-TL-CENT-2023-000116,INSPECTION,2026-01-25,RESOLVED,department inspection or site verification event - RESOLVED
EVT-0001343,KA-BLRU-560034-000272,BBMP,BBMP-TL-SOUT-2018-000110,ADDRESS_UPDATE,2026-01-24,NOTICE,address correction or amendment signal - NOTICE
EVT-0001530,KA-BLRU-560034-000314,LABOUR,LAB-KA-BLRU-2025-000153,ADDRESS_UPDATE,2026-01-24,EXPIRED,address correction or amendment signal - EXPIRED
EVT-0001236,KA-BLRU-560066-000249,FACTORY,KFBIS-FAC-BLRU-2016-000112,RENEWAL,2026-01-23,OK,licence/registration renewal event captured - OK
EVT-0001389,KA-MYS-570016-000282,KSPCB,PCB/MYS/CTE/2023/00125,INSPECTION,2026-01-23,PENDING,department inspection or site verification event - PENDING
EVT-0001484,KA-BLRU-560059-000302,UDYAM,UDYAM-KR-BLRU-2022-000152,TAX_FILING,2026-01-23,RESOLVED,tax return or filing activity signal - RESOLVED
EVT-0000579,KA-BLRU-560058-000114,BBMP,BBMP-TL-DASA-2015-000041,COMPLAINT,2026-01-22,RESOLVED,citizen/department complaint signal - RESOLVED
EVT-0001109,KA-BLRU-560066-000226,UDYAM,UDYAM-KR-BLRU-2015-000110,COMPLAINT,2026-01-22,OPEN,citizen/department complaint signal - OPEN
EVT-0000506,KA-BLRR-562114-000099,LABOUR,LAB-KA-BLRR-2023-000045,TAX_FILING,2026-01-21,RESOLVED,tax return or filing activity signal - RESOLVED
EVT-0001126,KA-BLRU-560059-000228,UDYAM,UDYAM-KR-BLRU-2023-000111,TAX_FILING,2026-01-20,OK,tax return or filing activity signal - OK
EVT-0001573,KA-MYS-570018-000322,KSPCB,PCB/MYS/CTO/2022/00146,RENEWAL,2026-01-20,NOTICE,licence/registration renewal event captured - NOTICE
EVT-0000067,KA-BLRU-560100-000014,SHOP,KAR-SHOP-BLRU-2017-000010,COMPLAINT,2026-01-19,NOTICE,citizen/department complaint signal - NOTICE
EVT-0000079,KA-BLRR-561203-000016,GST,GST-KA-BLRR-2017-000011,COMPLAINT,2026-01-18,RESOLVED,citizen/department complaint signal - RESOLVED
EVT-0000625,KA-BLRU-560059-000124,SHOP,KAR-SHOP-BLRU-2023-000083,TAX_FILING,2026-01-17,EXPIRED,tax return or filing activity signal - EXPIRED
EVT-0001184,KA-MYS-570018-000240,KSPCB,PCB/MYS/CTO/2021/00103,TAX_FILING,2026-01-17,OK,tax return or filing activity signal - OK
EVT-0001246,KA-BLRU-560102-000251,LABOUR,LAB-KA-BLRU-2025-000123,INSPECTION,2026-01-17,NOTICE,department inspection or site verification event - NOTICE
EVT-0001369,KA-BLRU-560029-000276,LABOUR,LAB-KA-BLRU-2024-000134,INSPECTION,2026-01-15,APPROVED,department inspection or site verification event - APPROVED
EVT-0001572,KA-MYS-570018-000322,GST,GST-KA-MYS-2025-000255,INSPECTION,2026-01-13,APPROVED,department inspection or site verification event - APPROVED
EVT-0000238,KA-BLRU-560100-000047,KSPCB,PCB/BLRU/CTE/2016/00017,CONSENT_APPROVAL,2026-01-12,PENDING,pollution consent application/approval signal - PENDING
EVT-0000266,KA-BLRU-560059-000053,FACTORY,KFBIS-FAC-BLRU-2015-000023,RENEWAL,2026-01-11,PENDING,licence/registration renewal event captured - PENDING
EVT-0000797,KA-TUM-572106-000160,BBMP,BBMP-TL-TUMA-2018-000057,ADDRESS_UPDATE,2026-01-11,OK,address correction or amendment signal - OK
EVT-0001373,KA-BLRU-560037-000277,BBMP,BBMP-TL-MAHA-2017-000112,INSPECTION,2026-01-11,EXPIRED,department inspection or site verification event - EXPIRED
EVT-0000038,KA-BLRU-560100-000008,UDYAM,UDYAM-KR-BLRU-2018-000004,RENEWAL,2026-01-10,EXPIRED,licence/registration renewal event captured - EXPIRED
EVT-0000740,KA-BLRU-560066-000149,LABOUR,LAB-KA-BLRU-2021-000070,RENEWAL,2026-01-10,NOTICE,licence/registration renewal event captured - NOTICE
EVT-0000098,KA-BLRR-562110-000019,SHOP,KAR-SHOP-BLRR-2016-000013,ADDRESS_UPDATE,2026-01-09,APPROVED,address correction or amendment signal - APPROVED
EVT-0001344,KA-BLRU-560034-000272,GST,GST-KA-BLRU-2019-000215,COMPLAINT,2026-01-09,NOTICE,citizen/department complaint signal - NOTICE
EVT-0001388,KA-MYS-570016-000282,KSPCB,PCB/MYS/CTE/2023/00125,INSPECTION,2026-01-08,OK,department inspection or site verification event - OK
EVT-0000502,KA-BLRR-562114-000099,UDYAM,UDYAM-KR-BLRR-2022-000049,COMPLAINT,2026-01-07,OPEN,citizen/department complaint signal - OPEN
EVT-0000707,KA-BLRU-560078-000143,FACTORY,KFBIS-FAC-BLRU-2024-000072,COMPLAINT,2026-01-07,RESOLVED,citizen/department complaint signal - RESOLVED
EVT-0000887,KA-MYS-570018-000179,UDYAM,UDYAM-KR-MYS-2023-000085,INSPECTION,2026-01-07,NOTICE,department inspection or site verification event - NOTICE
EVT-0001244,KA-BLRU-560102-000251,LABOUR,LAB-KA-BLRU-2025-000123,INSPECTION,2026-01-07,OK,department inspection or site verification event - OK
EVT-0000504,KA-BLRR-562114-000099,SHOP,KAR-SHOP-BLRR-2019-000069,TAX_FILING,2026-01-04,PENDING,tax return or filing activity signal - PENDING
EVT-0000143,KA-MYS-570016-000028,SHOP,KAR-SHOP-MYS-2025-000019,COMPLAINT,2026-01-03,OPEN,citizen/department complaint signal - OPEN
EVT-0000794,KA-TUM-572106-000160,UDYAM,UDYAM-KR-TUM-2019-000075,ADDRESS_UPDATE,2026-01-02,NOTICE,address correction or amendment signal - NOTICE
EVT-0001234,KA-BLRU-560066-000249,GST,GST-KA-BLRU-2016-000197,INSPECTION,2026-01-02,APPROVED,department inspection or site verification event - APPROVED
EVT-0000527,KA-BLRU-560064-000103,LABOUR,LAB-KA-BLRU-2018-000048,INSPECTION,2025-12-31,PENDING,department inspection or site verification event - PENDING
EVT-0001314,KA-BLRU-560102-000266,BBMP,BBMP-TL-BOMM-2022-000105,COMPLAINT,2025-12-31,OPEN,citizen/department complaint signal - OPEN
EVT-0001124,KA-BLRU-560059-000228,UDYAM,UDYAM-KR-BLRU-2023-000111,TAX_FILING,2025-12-30,PENDING,tax return or filing activity signal - PENDING
EVT-0001261,KA-BLRU-560058-000255,KSPCB,PCB/BLRU/CTE/2024/00111,CONSENT_APPROVAL,2025-12-30,RESOLVED,pollution consent application/approval signal - RESOLVED
EVT-0000226,KA-TUM-572106-000045,SHOP,KAR-SHOP-TUM-2017-000031,COMPLAINT,2025-12-28,RESOLVED,citizen/department complaint signal - RESOLVED
EVT-0000709,KA-BLRU-560078-000143,FACTORY,KFBIS-FAC-BLRU-2024-000072,COMPLAINT,2025-12-28,OPEN,citizen/department complaint signal - OPEN
EVT-0000725,KA-BLRU-560043-000146,UDYAM,UDYAM-KR-BLRU-2016-000069,COMPLAINT,2025-12-28,NOTICE,citizen/department complaint signal - NOTICE
EVT-0000450,KA-TUM-572106-000087,GST,GST-KA-TUM-2022-000065,TAX_FILING,2025-12-27,APPROVED,tax return or filing activity signal - APPROVED
EVT-0000522,KA-BLRU-560064-000103,BBMP,BBMP-TL-YELA-2017-000038,INSPECTION,2025-12-27,NOTICE,department inspection or site verification event - NOTICE
EVT-0001370,KA-BLRU-560029-000276,UDYAM,UDYAM-KR-BLRU-2023-000136,RENEWAL,2025-12-27,NOTICE,licence/registration renewal event captured - NOTICE
EVT-0001503,KA-BLRU-560102-000307,UDYAM,UDYAM-KR-BLRU-2016-000156,TAX_FILING,2025-12-24,OK,tax return or filing activity signal - OK
EVT-0000454,KA-BLRU-560076-000088,BBMP,BBMP-TL-SOUT-2018-000029,TAX_FILING,2025-12-23,PENDING,tax return or filing activity signal - PENDING
EVT-0000700,KA-BLRU-560068-000140,FACTORY,KFBIS-FAC-BLRU-2021-000070,ADDRESS_UPDATE,2025-12-23,EXPIRED,address correction or amendment signal - EXPIRED
EVT-0001532,KA-BLRU-560034-000314,LABOUR,LAB-KA-BLRU-2025-000153,ADDRESS_UPDATE,2025-12-22,NOTICE,address correction or amendment signal - NOTICE
EVT-0000742,KA-BLRU-560066-000149,SHOP,KAR-SHOP-BLRU-2022-000100,ADDRESS_UPDATE,2025-12-21,EXPIRED,address correction or amendment signal - EXPIRED
EVT-0000861,KA-BLRU-560024-000173,GST,GST-KA-BLRU-2023-000135,ADDRESS_UPDATE,2025-12-21,EXPIRED,address correction or amendment signal - EXPIRED
EVT-0000924,KA-BLRU-560029-000188,GST,GST-KA-BLRU-2025-000144,TAX_FILING,2025-12-20,APPROVED,tax return or filing activity signal - APPROVED
EVT-0001313,KA-BLRU-560102-000266,UDYAM,UDYAM-KR-BLRU-2021-000131,ADDRESS_UPDATE,2025-12-20,RESOLVED,address correction or amendment signal - RESOLVED
EVT-0001451,KA-BLRU-560024-000295,GST,GST-KA-BLRU-2025-000236,COMPLAINT,2025-12-20,RESOLVED,citizen/department complaint signal - RESOLVED
EVT-0001237,KA-BLRU-560066-000249,SHOP,KAR-SHOP-BLRU-2022-000163,TAX_FILING,2025-12-19,EXPIRED,tax return or filing activity signal - EXPIRED
EVT-0000526,KA-BLRU-560064-000103,GST,GST-KA-BLRU-2024-000077,RENEWAL,2025-12-18,RESOLVED,licence/registration renewal event captured - RESOLVED
EVT-0000225,KA-TUM-572106-000045,UDYAM,UDYAM-KR-TUM-2025-000024,TAX_FILING,2025-12-17,OK,tax return or filing activity signal - OK
EVT-0000448,KA-TUM-572106-000087,GST,GST-KA-TUM-2022-000065,ADDRESS_UPDATE,2025-12-16,OK,address correction or amendment signal - OK
EVT-0000178,KA-BLRU-560102-000035,GST,GST-KA-BLRU-2024-000027,ADDRESS_UPDATE,2025-12-15,EXPIRED,address correction or amendment signal - EXPIRED
EVT-0000732,KA-MYS-570016-000147,LABOUR,LAB-KA-MYS-2024-000069,TAX_FILING,2025-12-15,NOTICE,tax return or filing activity signal - NOTICE
EVT-0000796,KA-TUM-572106-000160,GST,GST-KA-TUM-2018-000123,COMPLAINT,2025-12-15,RESOLVED,citizen/department complaint signal - RESOLVED
EVT-0001250,KA-BLRU-560102-000251,GST,GST-KA-BLRU-2018-000199,COMPLAINT,2025-12-14,RESOLVED,citizen/department complaint signal - RESOLVED
EVT-0000100,KA-BLRR-562110-000019,FACTORY,KFBIS-FAC-BLRR-2016-000008,TAX_FILING,2025-12-13,APPROVED,tax return or filing activity signal - APPROVED
EVT-0001580,KA-BLRU-560102-000325,GST,GST-KA-BLRU-2019-000258,COMPLAINT,2025-12-12,OPEN,citizen/department complaint signal - OPEN
EVT-0001471,KA-BLRU-560100-000300,KSPCB,PCB/BLRU/CTO/2017/00134,COMPLAINT,2025-12-11,OPEN,citizen/department complaint signal - OPEN
EVT-0000250,KA-BLRU-560043-000049,GST,GST-KA-BLRU-2017-000038,COMPLAINT,2025-12-10,OPEN,citizen/department complaint signal - OPEN
EVT-0000255,KA-BLRU-560076-000051,SHOP,KAR-SHOP-BLRU-2025-000036,TAX_FILING,2025-12-10,EXPIRED,tax return or filing activity signal - EXPIRED
EVT-0000731,KA-MYS-570016-000147,BBMP,BBMP-TL-NORT-2019-000054,ADDRESS_UPDATE,2025-12-10,RESOLVED,address correction or amendment signal - RESOLVED
EVT-0001090,KA-MYS-570016-000223,KSPCB,PCB/MYS/CTE/2023/00096,COMPLAINT,2025-12-10,NOTICE,citizen/department complaint signal - NOTICE
EVT-0001312,KA-BLRU-560102-000266,FACTORY,KFBIS-FAC-BLRU-2021-000120,RENEWAL,2025-12-10,NOTICE,licence/registration renewal event captured - NOTICE
EVT-0000039,KA-BLRR-562114-000009,GST,GST-KA-BLRR-2025-000006,TAX_FILING,2025-12-07,APPROVED,tax return or filing activity signal - APPROVED
EVT-0000624,KA-BLRU-560059-000124,SHOP,KAR-SHOP-BLRU-2023-000083,ADDRESS_UPDATE,2025-12-07,OK,address correction or amendment signal - OK
EVT-0001163,KA-BLRU-560064-000234,BBMP,BBMP-TL-YELA-2022-000089,TAX_FILING,2025-12-07,EXPIRED,tax return or filing activity signal - EXPIRED
EVT-0000028,KA-BLRU-560102-000007,SHOP,KAR-SHOP-BLRU-2022-000004,RENEWAL,2025-12-06,NOTICE,licence/registration renewal event captured - NOTICE
EVT-0001113,KA-BLRU-560034-000227,KSPCB,PCB/BLRU/CTO/2017/00098,RENEWAL,2025-12-06,APPROVED,licence/registration renewal event captured - APPROVED
EVT-0001473,KA-BLRU-560100-000300,GST,GST-KA-BLRU-2025-000240,COMPLAINT,2025-12-06,OPEN,citizen/department complaint signal - OPEN
EVT-0000180,KA-BLRU-560102-000035,SHOP,KAR-SHOP-BLRU-2022-000024,COMPLAINT,2025-12-05,RESOLVED,citizen/department complaint signal - RESOLVED
EVT-0001281,KA-BLRU-560066-000260,GST,GST-KA-BLRU-2019-000205,INSPECTION,2025-12-05,RESOLVED,department inspection or site verification event - RESOLVED
EVT-0001583,KA-BLRU-560102-000325,GST,GST-KA-BLRU-2019-000258,TAX_FILING,2025-12-05,RESOLVED,tax return or filing activity signal - RESOLVED
EVT-0000524,KA-BLRU-560064-000103,GST,GST-KA-BLRU-2024-000077,RENEWAL,2025-12-04,APPROVED,licence/registration renewal event captured - APPROVED
EVT-0000677,KA-BLRU-560043-000134,LABOUR,LAB-KA-BLRU-2025-000064,RENEWAL,2025-12-04,NOTICE,licence/registration renewal event captured - NOTICE
EVT-0001327,KA-BLRU-560066-000268,UDYAM,UDYAM-KR-BLRU-2023-000132,RENEWAL,2025-12-04,PENDING,licence/registration renewal event captured - PENDING
EVT-0001119,KA-BLRU-560034-000227,LABOUR,LAB-KA-BLRU-2016-000115,ADDRESS_UPDATE,2025-12-02,RESOLVED,address correction or amendment signal - RESOLVED
EVT-0000449,KA-TUM-572106-000087,GST,GST-KA-TUM-2022-000065,RENEWAL,2025-12-01,APPROVED,licence/registration renewal event captured - APPROVED
EVT-0001520,KA-BLRU-560066-000311,GST,GST-KA-BLRU-2017-000249,RENEWAL,2025-12-01,RESOLVED,licence/registration renewal event captured - RESOLVED
EVT-0001581,KA-BLRU-560102-000325,BBMP,BBMP-TL-BOMM-2017-000131,INSPECTION,2025-12-01,RESOLVED,department inspection or site verification event - RESOLVED
EVT-0000030,KA-BLRU-560102-000007,SHOP,KAR-SHOP-BLRU-2022-000004,TAX_FILING,2025-11-30,NOTICE,tax return or filing activity signal - NOTICE
EVT-0001560,KA-BLRU-560085-000319,UDYAM,UDYAM-KR-BLRU-2022-000162,COMPLAINT,2025-11-30,OPEN,citizen/department complaint signal - OPEN
EVT-0001115,KA-BLRU-560034-000227,LABOUR,LAB-KA-BLRU-2016-000115,INSPECTION,2025-11-29,APPROVED,department inspection or site verification event - APPROVED
EVT-0001278,KA-BLRU-560076-000259,LABOUR,LAB-KA-BLRU-2018-000127,ADDRESS_UPDATE,2025-11-29,RESOLVED,address correction or amendment signal - RESOLVED
EVT-0001390,KA-MYS-570016-000282,KSPCB,PCB/MYS/CTE/2023/00125,COMPLAINT,2025-11-29,OPEN,citizen/department complaint signal - OPEN
EVT-0001413,KA-BLRU-560043-000287,GST,GST-KA-BLRU-2021-000229,TAX_FILING,2025-11-29,OK,tax return or filing activity signal - OK
EVT-0001561,KA-BLRU-560085-000319,GST,GST-KA-BLRU-2024-000252,ADDRESS_UPDATE,2025-11-29,NOTICE,address correction or amendment signal - NOTICE
EVT-0000037,KA-BLRU-560100-000008,UDYAM,UDYAM-KR-BLRU-2018-000004,TAX_FILING,2025-11-28,OK,tax return or filing activity signal - OK
EVT-0000858,KA-BLRU-560024-000173,GST,GST-KA-BLRU-2023-000135,INSPECTION,2025-11-27,EXPIRED,department inspection or site verification event - EXPIRED
EVT-0000179,KA-BLRU-560102-000035,GST,GST-KA-BLRU-2024-000027,TAX_FILING,2025-11-26,OK,tax return or filing activity signal - OK
EVT-0000525,KA-BLRU-560064-000103,LABOUR,LAB-KA-BLRU-2018-000048,ADDRESS_UPDATE,2025-11-26,APPROVED,address correction or amendment signal - APPROVED
EVT-0001506,KA-BLRU-560102-000307,LABOUR,LAB-KA-BLRU-2020-000150,TAX_FILING,2025-11-25,NOTICE,tax return or filing activity signal - NOTICE
EVT-0000917,KA-BLRU-560001-000186,UDYAM,UDYAM-KR-BLRU-2016-000089,INSPECTION,2025-11-24,NOTICE,department inspection or site verification event - NOTICE
EVT-0001541,KA-BLRU-560064-000315,FACTORY,KFBIS-FAC-BLRU-2025-000138,ADDRESS_UPDATE,2025-11-24,OK,address correction or amendment signal - OK
EVT-0000050,KA-BLRU-560076-000011,UDYAM,UDYAM-KR-BLRU-2016-000006,TAX_FILING,2025-11-23,EXPIRED,tax return or filing activity signal - EXPIRED
EVT-0000698,KA-BLRU-560068-000140,KSPCB,PCB/BLRU/CTO/2022/00062,ADDRESS_UPDATE,2025-11-23,PENDING,address correction or amendment signal - PENDING
EVT-0001276,KA-BLRU-560078-000258,UDYAM,UDYAM-KR-BLRU-2017-000127,INSPECTION,2025-11-23,PENDING,department inspection or site verification event - PENDING
EVT-0000047,KA-BLRU-560076-000011,GST,GST-KA-BLRU-2019-000008,RENEWAL,2025-11-22,APPROVED,licence/registration renewal event captured - APPROVED
EVT-0000688,KA-BLRU-560100-000137,UDYAM,UDYAM-KR-BLRU-2020-000066,ADDRESS_UPDATE,2025-11-22,OK,address correction or amendment signal - OK
EVT-0000699,KA-BLRU-560068-000140,KSPCB,PCB/BLRU/CTO/2022/00062,COMPLAINT,2025-11-21,RESOLVED,citizen/department complaint signal - RESOLVED
EVT-0001032,KA-TUM-572101-000211,GST,GST-KA-TUM-2025-000162,TAX_FILING,2025-11-21,RESOLVED,tax return or filing activity signal - RESOLVED
EVT-0001504,KA-BLRU-560102-000307,LABOUR,LAB-KA-BLRU-2020-000150,RENEWAL,2025-11-21,PENDING,licence/registration renewal event captured - PENDING
EVT-0000280,KA-BLRU-560059-000055,SHOP,KAR-SHOP-BLRU-2022-000040,RENEWAL,2025-11-20,OK,licence/registration renewal event captured - OK
EVT-0000982,KA-BLRR-562157-000200,KSPCB,PCB/BLRR/CTE/2025/00088,CONSENT_APPROVAL,2025-11-20,OK,pollution consent application/approval signal - OK
EVT-0001173,KA-BLRU-560085-000237,KSPCB,PCB/BLRU/CTE/2016/00101,TAX_FILING,2025-11-20,APPROVED,tax return or filing activity signal - APPROVED
EVT-0000173,KA-MYS-570018-000033,GST,GST-KA-MYS-2015-000025,INSPECTION,2025-11-19,OK,department inspection or site verification event - OK
EVT-0000645,KA-BLRR-562110-000128,SHOP,KAR-SHOP-BLRR-2021-000086,INSPECTION,2025-11-19,OK,department inspection or site verification event - OK
EVT-0000981,KA-BLRR-562157-000200,KSPCB,PCB/BLRR/CTE/2025/00088,INSPECTION,2025-11-19,RESOLVED,department inspection or site verification event - RESOLVED
EVT-0000035,KA-BLRU-560100-000008,UDYAM,UDYAM-KR-BLRU-2018-000004,RENEWAL,2025-11-18,EXPIRED,licence/registration renewal event captured - EXPIRED
EVT-0001318,KA-BLRU-560102-000266,BBMP,BBMP-TL-BOMM-2022-000105,RENEWAL,2025-11-18,OK,licence/registration renewal event captured - OK
EVT-0000925,KA-BLRU-560029-000188,LABOUR,LAB-KA-BLRU-2023-000090,INSPECTION,2025-11-17,EXPIRED,department inspection or site verification event - EXPIRED
EVT-0001475,KA-BLRU-560100-000300,KSPCB,PCB/BLRU/CTO/2017/00134,COMPLAINT,2025-11-17,OPEN,citizen/department complaint signal - OPEN
EVT-0000025,KA-MYS-570001-000006,FACTORY,KFBIS-FAC-MYS-2018-000003,RENEWAL,2025-11-16,OK,licence/registration renewal event captured - OK
EVT-0000183,KA-BLRU-560102-000035,UDYAM,UDYAM-KR-BLRU-2025-000019,COMPLAINT,2025-11-16,RESOLVED,citizen/department complaint signal - RESOLVED
EVT-0000300,KA-BLRU-560043-000058,KSPCB,PCB/BLRU/CTO/2017/00023,COMPLAINT,2025-11-16,OPEN,citizen/department complaint signal - OPEN
EVT-0000227,KA-TUM-572106-000045,UDYAM,UDYAM-KR-TUM-2025-000024,ADDRESS_UPDATE,2025-11-15,RESOLVED,address correction or amendment signal - RESOLVED
EVT-0000734,KA-MYS-570016-000147,LABOUR,LAB-KA-MYS-2024-000069,ADDRESS_UPDATE,2025-11-15,OK,address correction or amendment signal - OK
EVT-0000161,KA-BLRR-561203-000032,LABOUR,LAB-KA-BLRR-2021-000017,ADDRESS_UPDATE,2025-11-14,EXPIRED,address correction or amendment signal - EXPIRED
EVT-0000509,KA-BLRU-560043-000100,BBMP,BBMP-TL-EAST-2019-000037,COMPLAINT,2025-11-14,OPEN,citizen/department complaint signal - OPEN
EVT-0001094,KA-MYS-570016-000223,FACTORY,KFBIS-FAC-MYS-2015-000103,INSPECTION,2025-11-12,PENDING,department inspection or site verification event - PENDING
EVT-0000036,KA-BLRU-560100-000008,SHOP,KAR-SHOP-BLRU-2024-000005,COMPLAINT,2025-11-11,NOTICE,citizen/department complaint signal - NOTICE
EVT-0000095,KA-BLRU-560066-000018,SHOP,KAR-SHOP-BLRU-2015-000012,TAX_FILING,2025-11-11,PENDING,tax return or filing activity signal - PENDING
EVT-0000676,KA-BLRU-560043-000134,UDYAM,UDYAM-KR-BLRU-2023-000065,TAX_FILING,2025-11-11,NOTICE,tax return or filing activity signal - NOTICE
EVT-0001414,KA-BLRU-560043-000287,LABOUR,LAB-KA-BLRU-2025-000140,COMPLAINT,2025-11-11,NOTICE,citizen/department complaint signal - NOTICE
EVT-0000162,KA-BLRR-561203-000032,SHOP,KAR-SHOP-BLRR-2022-000022,RENEWAL,2025-11-10,OK,licence/registration renewal event captured - OK
EVT-0000873,KA-BLRU-560085-000175,GST,GST-KA-BLRU-2023-000136,COMPLAINT,2025-11-10,NOTICE,citizen/department complaint signal - NOTICE
EVT-0000912,KA-BLRU-560066-000184,GST,GST-KA-BLRU-2021-000143,TAX_FILING,2025-11-10,RESOLVED,tax return or filing activity signal - RESOLVED
EVT-0001269,KA-BLRU-560078-000258,FACTORY,KFBIS-FAC-BLRU-2020-000116,TAX_FILING,2025-11-10,NOTICE,tax return or filing activity signal - NOTICE
EVT-0000733,KA-MYS-570016-000147,BBMP,BBMP-TL-NORT-2019-000054,TAX_FILING,2025-11-09,PENDING,tax return or filing activity signal - PENDING
EVT-0001161,KA-BLRU-560064-000234,UDYAM,UDYAM-KR-BLRU-2019-000114,ADDRESS_UPDATE,2025-11-07,NOTICE,address correction or amendment signal - NOTICE
EVT-0000158,KA-BLRR-561203-000032,LABOUR,LAB-KA-BLRR-2021-000017,TAX_FILING,2025-11-06,NOTICE,tax return or filing activity signal - NOTICE
EVT-0001188,KA-BLRU-560066-000241,SHOP,KAR-SHOP-BLRU-2023-000160,COMPLAINT,2025-11-06,OPEN,citizen/department complaint signal - OPEN
EVT-0001453,KA-BLRU-560058-000296,KSPCB,PCB/BLRU/CTO/2020/00132,ADDRESS_UPDATE,2025-11-06,RESOLVED,address correction or amendment signal - RESOLVED
EVT-0001481,KA-BLRU-560059-000302,GST,GST-KA-BLRU-2016-000242,RENEWAL,2025-11-06,PENDING,licence/registration renewal event captured - PENDING
EVT-0001509,KA-BLRU-560058-000308,SHOP,KAR-SHOP-BLRU-2024-000209,INSPECTION,2025-11-06,NOTICE,department inspection or site verification event - NOTICE
EVT-0000191,KA-BLRR-562114-000037,SHOP,KAR-SHOP-BLRR-2024-000025,COMPLAINT,2025-11-05,NOTICE,citizen/department complaint signal - NOTICE
EVT-0000032,KA-BLRU-560100-000008,SHOP,KAR-SHOP-BLRU-2024-000005,RENEWAL,2025-11-03,NOTICE,licence/registration renewal event captured - NOTICE
EVT-0000041,KA-BLRR-562114-000009,KSPCB,PCB/BLRR/CTE/2019/00005,ADDRESS_UPDATE,2025-11-03,PENDING,address correction or amendment signal - PENDING
EVT-0000048,KA-BLRU-560076-000011,LABOUR,LAB-KA-BLRU-2020-000004,INSPECTION,2025-11-03,EXPIRED,department inspection or site verification event - EXPIRED
EVT-0000921,KA-BLRU-560001-000186,SHOP,KAR-SHOP-BLRU-2015-000125,INSPECTION,2025-11-03,RESOLVED,department inspection or site verification event - RESOLVED
EVT-0001034,KA-TUM-572101-000211,GST,GST-KA-TUM-2025-000162,INSPECTION,2025-11-03,NOTICE,department inspection or site verification event - NOTICE
EVT-0001110,KA-BLRU-560066-000226,LABOUR,LAB-KA-BLRU-2019-000114,RENEWAL,2025-11-03,RESOLVED,licence/registration renewal event captured - RESOLVED
EVT-0000101,KA-BLRR-562110-000019,FACTORY,KFBIS-FAC-BLRR-2016-000008,INSPECTION,2025-11-02,EXPIRED,department inspection or site verification event - EXPIRED
EVT-0000160,KA-BLRR-561203-000032,LABOUR,LAB-KA-BLRR-2021-000017,TAX_FILING,2025-11-02,NOTICE,tax return or filing activity signal - NOTICE
EVT-0000846,KA-BLRU-560066-000170,KSPCB,PCB/BLRU/CTO/2023/00077,INSPECTION,2025-11-02,EXPIRED,department inspection or site verification event - EXPIRED
EVT-0001159,KA-BLRU-560064-000234,SHOP,KAR-SHOP-BLRU-2021-000153,RENEWAL,2025-11-02,NOTICE,licence/registration renewal event captured - NOTICE
EVT-0001521,KA-BLRU-560066-000311,UDYAM,UDYAM-KR-BLRU-2018-000157,TAX_FILING,2025-11-02,EXPIRED,tax return or filing activity signal - EXPIRED
EVT-0000149,KA-BLRU-560064-000029,GST,GST-KA-BLRU-2025-000021,COMPLAINT,2025-11-01,OPEN,citizen/department complaint signal - OPEN
EVT-0000695,KA-BLRU-560037-000139,SHOP,KAR-SHOP-BLRU-2019-000093,TAX_FILING,2025-11-01,RESOLVED,tax return or filing activity signal - RESOLVED
EVT-0001252,KA-BLRU-560068-000252,BBMP,BBMP-TL-SOUT-2021-000097,COMPLAINT,2025-11-01,OPEN,citizen/department complaint signal - OPEN
EVT-0000170,KA-MYS-570018-000033,SHOP,KAR-SHOP-MYS-2021-000023,COMPLAINT,2025-10-31,OPEN,citizen/department complaint signal - OPEN
EVT-0000216,KA-TUM-572101-000043,GST,GST-KA-TUM-2018-000033,TAX_FILING,2025-10-31,NOTICE,tax return or filing activity signal - NOTICE
EVT-0001147,KA-BLRR-562157-000232,KSPCB,PCB/BLRR/CTE/2018/00099,RENEWAL,2025-10-30,APPROVED,licence/registration renewal event captured - APPROVED
EVT-0001507,KA-BLRU-560102-000307,KSPCB,PCB/BLRU/CTE/2019/00137,INSPECTION,2025-10-30,EXPIRED,department inspection or site verification event - EXPIRED
EVT-0001112,KA-BLRU-560066-000226,GST,GST-KA-BLRU-2016-000176,INSPECTION,2025-10-29,NOTICE,department inspection or site verification event - NOTICE
EVT-0001148,KA-BLRR-562157-000232,LABOUR,LAB-KA-BLRR-2023-000118,RENEWAL,2025-10-29,RESOLVED,licence/registration renewal event captured - RESOLVED
EVT-0001508,KA-BLRU-560058-000308,GST,GST-KA-BLRU-2020-000246,RENEWAL,2025-10-28,RESOLVED,licence/registration renewal event captured - RESOLVED
EVT-0000142,KA-MYS-570016-000028,BBMP,BBMP-TL-NORT-2025-000010,INSPECTION,2025-10-27,EXPIRED,department inspection or site verification event - EXPIRED
EVT-0001271,KA-BLRU-560078-000258,LABOUR,LAB-KA-BLRU-2015-000126,RENEWAL,2025-10-27,OK,licence/registration renewal event captured - OK
EVT-0000257,KA-BLRU-560076-000051,UDYAM,UDYAM-KR-BLRU-2025-000028,RENEWAL,2025-10-26,OK,licence/registration renewal event captured - OK
EVT-0000776,KA-BLRU-560085-000156,LABOUR,LAB-KA-BLRU-2019-000075,TAX_FILING,2025-10-26,PENDING,tax return or filing activity signal - PENDING
EVT-0000641,KA-BLRR-562110-000128,SHOP,KAR-SHOP-BLRR-2021-000086,ADDRESS_UPDATE,2025-10-25,NOTICE,address correction or amendment signal - NOTICE
EVT-0000844,KA-BLRU-560066-000170,FACTORY,KFBIS-FAC-BLRU-2019-000081,INSPECTION,2025-10-25,EXPIRED,department inspection or site verification event - EXPIRED
EVT-0001111,KA-BLRU-560066-000226,GST,GST-KA-BLRU-2016-000176,INSPECTION,2025-10-24,PENDING,department inspection or site verification event - PENDING
EVT-0001505,KA-BLRU-560102-000307,KSPCB,PCB/BLRU/CTE/2019/00137,INSPECTION,2025-10-23,PENDING,department inspection or site verification event - PENDING
EVT-0000167,KA-MYS-570018-000033,GST,GST-KA-MYS-2015-000025,COMPLAINT,2025-10-22,RESOLVED,citizen/department complaint signal - RESOLVED
EVT-0000543,KA-BLRU-560064-000108,UDYAM,UDYAM-KR-BLRU-2023-000053,ADDRESS_UPDATE,2025-10-22,NOTICE,address correction or amendment signal - NOTICE
EVT-0000855,KA-BLRU-560024-000172,SHOP,KAR-SHOP-BLRU-2024-000116,INSPECTION,2025-10-22,NOTICE,department inspection or site verification event - NOTICE
EVT-0000027,KA-BLRU-560102-000007,SHOP,KAR-SHOP-BLRU-2022-000004,TAX_FILING,2025-10-21,OK,tax return or filing activity signal - OK
EVT-0000545,KA-BLRU-560064-000108,FACTORY,KFBIS-FAC-BLRU-2023-000053,INSPECTION,2025-10-21,PENDING,department inspection or site verification event - PENDING
EVT-0001098,KA-BLRU-560076-000224,GST,GST-KA-BLRU-2024-000174,RENEWAL,2025-10-20,APPROVED,licence/registration renewal event captured - APPROVED
EVT-0001114,KA-BLRU-560034-000227,LABOUR,LAB-KA-BLRU-2016-000115,TAX_FILING,2025-10-20,OK,tax return or filing activity signal - OK
EVT-0000084,KA-BLRR-562110-000017,LABOUR,LAB-KA-BLRR-2019-000008,RENEWAL,2025-10-19,EXPIRED,licence/registration renewal event captured - EXPIRED
EVT-0000217,KA-TUM-572101-000043,GST,GST-KA-TUM-2018-000033,ADDRESS_UPDATE,2025-10-19,PENDING,address correction or amendment signal - PENDING
EVT-0000854,KA-BLRU-560024-000172,LABOUR,LAB-KA-BLRU-2025-000082,INSPECTION,2025-10-19,PENDING,department inspection or site verification event - PENDING
EVT-0000805,KA-BLRU-560037-000162,SHOP,KAR-SHOP-BLRU-2025-000108,COMPLAINT,2025-10-18,OPEN,citizen/department complaint signal - OPEN
EVT-0001120,KA-BLRU-560034-000227,GST,GST-KA-BLRU-2023-000177,INSPECTION,2025-10-17,APPROVED,department inspection or site verification event - APPROVED
EVT-0001160,KA-BLRU-560064-000234,GST,GST-KA-BLRU-2025-000182,INSPECTION,2025-10-17,PENDING,department inspection or site verification event - PENDING
EVT-0000031,KA-BLRU-560102-000007,SHOP,KAR-SHOP-BLRU-2022-000004,ADDRESS_UPDATE,2025-10-16,PENDING,address correction or amendment signal - PENDING
EVT-0000064,KA-MYS-570001-000013,BBMP,BBMP-TL-CENT-2021-000003,ADDRESS_UPDATE,2025-10-16,OK,address correction or amendment signal - OK
EVT-0001156,KA-BLRU-560064-000234,UDYAM,UDYAM-KR-BLRU-2019-000114,INSPECTION,2025-10-15,RESOLVED,department inspection or site verification event - RESOLVED
EVT-0000282,KA-BLRU-560078-000056,SHOP,KAR-SHOP-BLRU-2015-000041,TAX_FILING,2025-10-14,APPROVED,tax return or filing activity signal - APPROVED
EVT-0001224,KA-BLRR-562110-000247,KSPCB,PCB/BLRR/CTE/2019/00108,INSPECTION,2025-10-14,APPROVED,department inspection or site verification event - APPROVED
EVT-0001267,KA-BLRU-560064-000257,FACTORY,KFBIS-FAC-BLRU-2019-000115,TAX_FILING,2025-10-14,RESOLVED,tax return or filing activity signal - RESOLVED
EVT-0001325,KA-BLRU-560066-000268,KSPCB,PCB/BLRU/CTE/2022/00120,RENEWAL,2025-10-14,NOTICE,licence/registration renewal event captured - NOTICE
EVT-0000121,KA-BLRU-560085-000024,SHOP,KAR-SHOP-BLRU-2018-000016,ADDRESS_UPDATE,2025-10-13,PENDING,address correction or amendment signal - PENDING
EVT-0001567,KA-BLRU-560066-000321,SHOP,KAR-SHOP-BLRU-2016-000215,RENEWAL,2025-10-12,RESOLVED,licence/registration renewal event captured - RESOLVED
EVT-0000258,KA-BLRU-560076-000051,KSPCB,PCB/BLRU/CTO/2021/00019,COMPLAINT,2025-10-11,RESOLVED,citizen/department complaint signal - RESOLVED
EVT-0000575,KA-BLRU-560001-000113,LABOUR,LAB-KA-BLRU-2025-000056,ADDRESS_UPDATE,2025-10-11,PENDING,address correction or amendment signal - PENDING
EVT-0001201,KA-BLRU-560001-000243,GST,GST-KA-BLRU-2017-000191,TAX_FILING,2025-10-11,NOTICE,tax return or filing activity signal - NOTICE
EVT-0000059,KA-MYS-570001-000013,SHOP,KAR-SHOP-MYS-2015-000009,COMPLAINT,2025-10-10,RESOLVED,citizen/department complaint signal - RESOLVED
EVT-0000432,KA-BLRU-560100-000083,UDYAM,UDYAM-KR-BLRU-2025-000043,TAX_FILING,2025-10-10,OK,tax return or filing activity signal - OK
EVT-0000781,KA-BLRU-560059-000157,FACTORY,KFBIS-FAC-BLRU-2020-000077,COMPLAINT,2025-10-09,NOTICE,citizen/department complaint signal - NOTICE
EVT-0001171,KA-BLRU-560085-000237,SHOP,KAR-SHOP-BLRU-2015-000156,COMPLAINT,2025-10-09,NOTICE,citizen/department complaint signal - NOTICE
EVT-0001383,KA-MYS-570016-000280,GST,GST-KA-MYS-2022-000222,ADDRESS_UPDATE,2025-10-09,EXPIRED,address correction or amendment signal - EXPIRED
EVT-0000705,KA-BLRR-562157-000142,BBMP,BBMP-TL-BENG-2019-000051,INSPECTION,2025-10-08,OK,department inspection or site verification event - OK
EVT-0000849,KA-BLRU-560066-000170,SHOP,KAR-SHOP-BLRU-2018-000114,TAX_FILING,2025-10-08,RESOLVED,tax return or filing activity signal - RESOLVED
EVT-0001470,KA-BLRU-560100-000300,FACTORY,KFBIS-FAC-BLRU-2021-000132,RENEWAL,2025-10-08,RESOLVED,licence/registration renewal event captured - RESOLVED
EVT-0001476,KA-BLRU-560100-000300,FACTORY,KFBIS-FAC-BLRU-2021-000132,ADDRESS_UPDATE,2025-10-08,RESOLVED,address correction or amendment signal - RESOLVED
EVT-0001538,KA-BLRU-560064-000315,LABOUR,LAB-KA-BLRU-2018-000154,COMPLAINT,2025-10-08,RESOLVED,citizen/department complaint signal - RESOLVED
EVT-0001570,KA-BLRU-560066-000321,SHOP,KAR-SHOP-BLRU-2016-000215,ADDRESS_UPDATE,2025-10-08,EXPIRED,address correction or amendment signal - EXPIRED
EVT-0000271,KA-BLRU-560037-000054,GST,GST-KA-BLRU-2020-000042,RENEWAL,2025-10-07,RESOLVED,licence/registration renewal event captured - RESOLVED
EVT-0001227,KA-BLRR-562110-000247,SHOP,KAR-SHOP-BLRR-2022-000162,TAX_FILING,2025-10-07,NOTICE,tax return or filing activity signal - NOTICE
EVT-0000192,KA-BLRR-562114-000037,GST,GST-KA-BLRR-2024-000029,COMPLAINT,2025-10-06,RESOLVED,citizen/department complaint signal - RESOLVED
EVT-0000706,KA-BLRR-562157-000142,SHOP,KAR-SHOP-BLRR-2024-000095,TAX_FILING,2025-10-05,EXPIRED,tax return or filing activity signal - EXPIRED
EVT-0000573,KA-BLRU-560001-000113,KSPCB,PCB/BLRU/CTE/2023/00051,COMPLAINT,2025-10-04,OPEN,citizen/department complaint signal - OPEN
EVT-0000193,KA-BLRR-562114-000037,GST,GST-KA-BLRR-2024-000029,INSPECTION,2025-10-03,EXPIRED,department inspection or site verification event - EXPIRED
EVT-0000511,KA-BLRU-560043-000100,KSPCB,PCB/BLRU/CTE/2020/00042,ADDRESS_UPDATE,2025-10-03,EXPIRED,address correction or amendment signal - EXPIRED
EVT-0001253,KA-BLRU-560068-000252,SHOP,KAR-SHOP-BLRU-2023-000166,COMPLAINT,2025-10-02,RESOLVED,citizen/department complaint signal - RESOLVED
EVT-0000790,KA-BLRU-560068-000158,GST,GST-KA-BLRU-2023-000121,ADDRESS_UPDATE,2025-10-01,APPROVED,address correction or amendment signal - APPROVED
EVT-0000060,KA-MYS-570001-000013,BBMP,BBMP-TL-CENT-2021-000003,RENEWAL,2025-09-30,OK,licence/registration renewal event captured - OK
EVT-0000194,KA-BLRU-560085-000038,UDYAM,UDYAM-KR-BLRU-2025-000020,COMPLAINT,2025-09-30,OPEN,citizen/department complaint signal - OPEN
EVT-0000512,KA-BLRU-560043-000100,BBMP,BBMP-TL-EAST-2019-000037,COMPLAINT,2025-09-30,RESOLVED,citizen/department complaint signal - RESOLVED
EVT-0000597,KA-BLRU-560076-000118,FACTORY,KFBIS-FAC-BLRU-2025-000061,TAX_FILING,2025-09-30,OK,tax return or filing activity signal - OK
EVT-0000724,KA-BLRU-560043-000146,FACTORY,KFBIS-FAC-BLRU-2018-000073,ADDRESS_UPDATE,2025-09-30,EXPIRED,address correction or amendment signal - EXPIRED
EVT-0000926,KA-BLRU-560037-000189,BBMP,BBMP-TL-MAHA-2022-000072,INSPECTION,2025-09-30,NOTICE,department inspection or site verification event - NOTICE
EVT-0000165,KA-BLRR-561203-000032,GST,GST-KA-BLRR-2019-000024,RENEWAL,2025-09-29,EXPIRED,licence/registration renewal event captured - EXPIRED
EVT-0000378,KA-BLRU-560085-000074,FACTORY,KFBIS-FAC-BLRU-2018-000034,RENEWAL,2025-09-29,OK,licence/registration renewal event captured - OK
EVT-0000530,KA-BLRU-560100-000104,BBMP,BBMP-TL-BOMM-2019-000039,INSPECTION,2025-09-29,NOTICE,department inspection or site verification event - NOTICE
EVT-0000658,KA-MYS-570001-000131,UDYAM,UDYAM-KR-MYS-2018-000064,INSPECTION,2025-09-29,NOTICE,department inspection or site verification event - NOTICE
EVT-0000722,KA-BLRU-560043-000146,UDYAM,UDYAM-KR-BLRU-2016-000069,COMPLAINT,2025-09-29,OPEN,citizen/department complaint signal - OPEN
EVT-0001568,KA-BLRU-560066-000321,FACTORY,KFBIS-FAC-BLRU-2018-000141,RENEWAL,2025-09-27,EXPIRED,licence/registration renewal event captured - EXPIRED
EVT-0000124,KA-BLRU-560085-000024,SHOP,KAR-SHOP-BLRU-2018-000016,INSPECTION,2025-09-26,EXPIRED,department inspection or site verification event - EXPIRED
EVT-0000274,KA-BLRU-560059-000055,FACTORY,KFBIS-FAC-BLRU-2019-000024,RENEWAL,2025-09-26,NOTICE,licence/registration renewal event captured - NOTICE
EVT-0001434,KA-BLRU-560076-000293,UDYAM,UDYAM-KR-BLRU-2024-000147,ADDRESS_UPDATE,2025-09-26,APPROVED,address correction or amendment signal - APPROVED
EVT-0000430,KA-BLRU-560100-000083,SHOP,KAR-SHOP-BLRU-2022-000058,RENEWAL,2025-09-25,NOTICE,licence/registration renewal event captured - NOTICE
EVT-0000798,KA-TUM-572106-000160,GST,GST-KA-TUM-2018-000123,INSPECTION,2025-09-25,EXPIRED,department inspection or site verification event - EXPIRED
EVT-0001117,KA-BLRU-560034-000227,KSPCB,PCB/BLRU/CTO/2017/00098,INSPECTION,2025-09-25,PENDING,department inspection or site verification event - PENDING
EVT-0001328,KA-BLRU-560066-000268,SHOP,KAR-SHOP-BLRU-2019-000177,ADDRESS_UPDATE,2025-09-25,APPROVED,address correction or amendment signal - APPROVED
EVT-0000602,KA-BLRU-560076-000118,SHOP,KAR-SHOP-BLRU-2015-000078,COMPLAINT,2025-09-24,RESOLVED,citizen/department complaint signal - RESOLVED
EVT-0001000,KA-MYS-570016-000205,UDYAM,UDYAM-KR-MYS-2020-000099,INSPECTION,2025-09-24,RESOLVED,department inspection or site verification event - RESOLVED
EVT-0001273,KA-BLRU-560078-000258,GST,GST-KA-BLRU-2024-000204,INSPECTION,2025-09-24,NOTICE,department inspection or site verification event - NOTICE
EVT-0000673,KA-MYS-570001-000133,KSPCB,PCB/MYS/CTE/2017/00059,TAX_FILING,2025-09-23,RESOLVED,tax return or filing activity signal - RESOLVED
EVT-0001296,KA-MYS-570001-000263,FACTORY,KFBIS-FAC-MYS-2017-000118,ADDRESS_UPDATE,2025-09-23,APPROVED,address correction or amendment signal - APPROVED
EVT-0000049,KA-BLRU-560076-000011,SHOP,KAR-SHOP-BLRU-2025-000008,ADDRESS_UPDATE,2025-09-22,RESOLVED,address correction or amendment signal - RESOLVED
EVT-0000836,KA-MYS-570001-000169,UDYAM,UDYAM-KR-MYS-2021-000081,ADDRESS_UPDATE,2025-09-22,PENDING,address correction or amendment signal - PENDING
EVT-0000918,KA-BLRU-560001-000186,UDYAM,UDYAM-KR-BLRU-2016-000089,ADDRESS_UPDATE,2025-09-22,RESOLVED,address correction or amendment signal - RESOLVED
EVT-0001145,KA-TUM-572101-000231,GST,GST-KA-TUM-2017-000179,TAX_FILING,2025-09-22,APPROVED,tax return or filing activity signal - APPROVED
EVT-0000778,KA-BLRU-560085-000156,UDYAM,UDYAM-KR-BLRU-2024-000072,ADDRESS_UPDATE,2025-09-21,PENDING,address correction or amendment signal - PENDING
EVT-0001071,KA-BLRR-562157-000219,FACTORY,KFBIS-FAC-BLRR-2023-000101,INSPECTION,2025-09-21,OK,department inspection or site verification event - OK
EVT-0001189,KA-BLRU-560066-000241,KSPCB,PCB/BLRU/CTO/2021/00104,COMPLAINT,2025-09-21,NOTICE,citizen/department complaint signal - NOTICE
EVT-0001579,KA-BLRU-560102-000325,UDYAM,UDYAM-KR-BLRU-2017-000164,COMPLAINT,2025-09-21,OPEN,citizen/department complaint signal - OPEN
EVT-0000287,KA-BLRU-560078-000056,BBMP,BBMP-TL-SOUT-2019-000017,RENEWAL,2025-09-20,OK,licence/registration renewal event captured - OK
EVT-0001200,KA-BLRU-560001-000243,FACTORY,KFBIS-FAC-BLRU-2024-000108,INSPECTION,2025-09-20,OK,department inspection or site verification event - OK
EVT-0001391,KA-BLRU-560024-000283,GST,GST-KA-BLRU-2025-000225,RENEWAL,2025-09-20,PENDING,licence/registration renewal event captured - PENDING
EVT-0000456,KA-MYS-570016-000089,FACTORY,KFBIS-FAC-MYS-2023-000043,INSPECTION,2025-09-19,OK,department inspection or site verification event - OK
EVT-0000544,KA-BLRU-560064-000108,FACTORY,KFBIS-FAC-BLRU-2023-000053,COMPLAINT,2025-09-19,OPEN,citizen/department complaint signal - OPEN
EVT-0000815,KA-BLRU-560058-000164,GST,GST-KA-BLRU-2018-000127,ADDRESS_UPDATE,2025-09-19,EXPIRED,address correction or amendment signal - EXPIRED
EVT-0000845,KA-BLRU-560066-000170,GST,GST-KA-BLRU-2022-000132,COMPLAINT,2025-09-19,NOTICE,citizen/department complaint signal - NOTICE
EVT-0000782,KA-BLRU-560059-000157,UDYAM,UDYAM-KR-BLRU-2020-000073,TAX_FILING,2025-09-18,OK,tax return or filing activity signal - OK
EVT-0001055,KA-MYS-570016-000216,SHOP,KAR-SHOP-MYS-2023-000142,INSPECTION,2025-09-18,OK,department inspection or site verification event - OK
EVT-0001072,KA-BLRR-562157-000219,KSPCB,PCB/BLRR/CTE/2023/00095,RENEWAL,2025-09-18,NOTICE,licence/registration renewal event captured - NOTICE
EVT-0001454,KA-BLRU-560058-000296,BBMP,BBMP-TL-DASA-2022-000122,ADDRESS_UPDATE,2025-09-18,OK,address correction or amendment signal - OK
EVT-0001562,KA-BLRR-562110-000320,FACTORY,KFBIS-FAC-BLRR-2017-000140,TAX_FILING,2025-09-17,PENDING,tax return or filing activity signal - PENDING
EVT-0000649,KA-BLRU-560043-000129,BBMP,BBMP-TL-EAST-2020-000046,TAX_FILING,2025-09-16,EXPIRED,tax return or filing activity signal - EXPIRED
EVT-0000787,KA-BLRU-560068-000158,GST,GST-KA-BLRU-2023-000121,ADDRESS_UPDATE,2025-09-16,NOTICE,address correction or amendment signal - NOTICE
EVT-0001537,KA-BLRU-560064-000315,UDYAM,UDYAM-KR-BLRU-2021-000159,RENEWAL,2025-09-16,NOTICE,licence/registration renewal event captured - NOTICE
EVT-0000215,KA-MYS-570016-000042,GST,GST-KA-MYS-2023-000032,TAX_FILING,2025-09-15,NOTICE,tax return or filing activity signal - NOTICE
EVT-0000630,KA-BLRU-560100-000125,SHOP,KAR-SHOP-BLRU-2015-000084,ADDRESS_UPDATE,2025-09-15,NOTICE,address correction or amendment signal - NOTICE
EVT-0000507,KA-BLRU-560043-000100,KSPCB,PCB/BLRU/CTE/2020/00042,INSPECTION,2025-09-14,EXPIRED,department inspection or site verification event - EXPIRED
EVT-0000288,KA-MYS-570016-000057,SHOP,KAR-SHOP-MYS-2016-000042,INSPECTION,2025-09-13,RESOLVED,department inspection or site verification event - RESOLVED
EVT-0000455,KA-MYS-570016-000089,LABOUR,LAB-KA-MYS-2016-000041,RENEWAL,2025-09-13,NOTICE,licence/registration renewal event captured - NOTICE
EVT-0000817,KA-BLRU-560058-000164,FACTORY,KFBIS-FAC-BLRU-2022-000080,ADDRESS_UPDATE,2025-09-13,EXPIRED,address correction or amendment signal - EXPIRED
EVT-0000992,KA-BLRU-560068-000204,GST,GST-KA-BLRU-2022-000157,INSPECTION,2025-09-13,PENDING,department inspection or site verification event - PENDING
EVT-0001295,KA-MYS-570001-000263,LABOUR,LAB-KA-MYS-2020-000128,INSPECTION,2025-09-13,PENDING,department inspection or site verification event - PENDING
EVT-0000201,KA-BLRU-560024-000039,KSPCB,PCB/BLRU/CTO/2020/00015,ADDRESS_UPDATE,2025-09-12,APPROVED,address correction or amendment signal - APPROVED
EVT-0001033,KA-TUM-572101-000211,GST,GST-KA-TUM-2025-000162,TAX_FILING,2025-09-12,OK,tax return or filing activity signal - OK
EVT-0001270,KA-BLRU-560078-000258,GST,GST-KA-BLRU-2024-000204,RENEWAL,2025-09-12,PENDING,licence/registration renewal event captured - PENDING
EVT-0001321,KA-BLRR-562157-000267,BBMP,BBMP-TL-BENG-2024-000106,RENEWAL,2025-09-12,PENDING,licence/registration renewal event captured - PENDING
EVT-0000283,KA-BLRU-560078-000056,BBMP,BBMP-TL-SOUT-2019-000017,TAX_FILING,2025-09-10,APPROVED,tax return or filing activity signal - APPROVED
EVT-0001417,KA-BLRU-560076-000288,SHOP,KAR-SHOP-BLRU-2024-000194,ADDRESS_UPDATE,2025-09-10,APPROVED,address correction or amendment signal - APPROVED
EVT-0000671,KA-MYS-570001-000133,FACTORY,KFBIS-FAC-MYS-2025-000067,ADDRESS_UPDATE,2025-09-09,NOTICE,address correction or amendment signal - NOTICE
EVT-0000674,KA-MYS-570001-000133,GST,GST-KA-MYS-2019-000099,COMPLAINT,2025-09-09,RESOLVED,citizen/department complaint signal - RESOLVED
EVT-0001510,KA-MYS-570016-000309,FACTORY,KFBIS-FAC-MYS-2016-000134,TAX_FILING,2025-09-09,EXPIRED,tax return or filing activity signal - EXPIRED
EVT-0001226,KA-BLRR-562110-000247,UDYAM,UDYAM-KR-BLRR-2017-000121,INSPECTION,2025-09-08,EXPIRED,department inspection or site verification event - EXPIRED
EVT-0001402,KA-BLRU-560059-000285,GST,GST-KA-BLRU-2018-000227,RENEWAL,2025-09-08,OK,licence/registration renewal event captured - OK
EVT-0000821,KA-BLRU-560001-000166,UDYAM,UDYAM-KR-BLRU-2018-000080,COMPLAINT,2025-09-07,NOTICE,citizen/department complaint signal - NOTICE
EVT-0000828,KA-BLRU-560024-000167,KSPCB,PCB/BLRU/CTO/2025/00075,TAX_FILING,2025-09-07,APPROVED,tax return or filing activity signal - APPROVED
EVT-0001416,KA-BLRU-560076-000288,GST,GST-KA-BLRU-2015-000230,TAX_FILING,2025-09-07,EXPIRED,tax return or filing activity signal - EXPIRED
EVT-0000306,KA-BLRR-562114-000060,KSPCB,PCB/BLRR/CTE/2019/00024,RENEWAL,2025-09-06,EXPIRED,licence/registration renewal event captured - EXPIRED
EVT-0001222,KA-BLRU-560085-000246,GST,GST-KA-BLRU-2025-000194,COMPLAINT,2025-09-06,NOTICE,citizen/department complaint signal - NOTICE
EVT-0000159,KA-BLRR-561203-000032,GST,GST-KA-BLRR-2019-000024,INSPECTION,2025-09-05,NOTICE,department inspection or site verification event - NOTICE
EVT-0000294,KA-MYS-570016-000057,GST,GST-KA-MYS-2023-000045,COMPLAINT,2025-09-05,OPEN,citizen/department complaint signal - OPEN
EVT-0000670,KA-MYS-570001-000133,KSPCB,PCB/MYS/CTE/2017/00059,TAX_FILING,2025-09-04,APPROVED,tax return or filing activity signal - APPROVED
EVT-0000547,KA-BLRU-560064-000108,FACTORY,KFBIS-FAC-BLRU-2023-000053,TAX_FILING,2025-09-03,OK,tax return or filing activity signal - OK
EVT-0000775,KA-BLRU-560085-000156,KSPCB,PCB/BLRU/CTE/2018/00069,ADDRESS_UPDATE,2025-09-03,NOTICE,address correction or amendment signal - NOTICE
EVT-0001395,KA-BLRU-560024-000283,LABOUR,LAB-KA-BLRU-2022-000136,ADDRESS_UPDATE,2025-09-03,EXPIRED,address correction or amendment signal - EXPIRED
EVT-0001408,KA-BLRU-560064-000286,KSPCB,PCB/BLRU/CTO/2025/00128,INSPECTION,2025-09-03,RESOLVED,department inspection or site verification event - RESOLVED
EVT-0000285,KA-BLRU-560078-000056,SHOP,KAR-SHOP-BLRU-2015-000041,TAX_FILING,2025-09-02,NOTICE,tax return or filing activity signal - NOTICE
EVT-0001543,KA-BLRU-560064-000315,KSPCB,PCB/BLRU/CTE/2020/00142,COMPLAINT,2025-09-02,NOTICE,citizen/department complaint signal - NOTICE
EVT-0000152,KA-BLRU-560064-000029,GST,GST-KA-BLRU-2025-000021,TAX_FILING,2025-09-01,PENDING,tax return or filing activity signal - PENDING
EVT-0001007,KA-BLRR-562157-000206,GST,GST-KA-BLRR-2022-000158,COMPLAINT,2025-09-01,RESOLVED,citizen/department complaint signal - RESOLVED
EVT-0000704,KA-MYS-570001-000141,LABOUR,LAB-KA-MYS-2022-000067,COMPLAINT,2025-08-31,NOTICE,citizen/department complaint signal - NOTICE
EVT-0000353,KA-BLRU-560059-000069,BBMP,BBMP-TL-WEST-2020-000023,ADDRESS_UPDATE,2025-08-30,APPROVED,address correction or amendment signal - APPROVED
EVT-0000789,KA-BLRU-560068-000158,KSPCB,PCB/BLRU/CTE/2023/00071,TAX_FILING,2025-08-30,EXPIRED,tax return or filing activity signal - EXPIRED
EVT-0001005,KA-BLRR-562157-000206,UDYAM,UDYAM-KR-BLRR-2022-000100,COMPLAINT,2025-08-30,RESOLVED,citizen/department complaint signal - RESOLVED
EVT-0001298,KA-MYS-570001-000263,FACTORY,KFBIS-FAC-MYS-2017-000118,COMPLAINT,2025-08-30,OPEN,citizen/department complaint signal - OPEN
EVT-0000650,KA-BLRU-560043-000129,BBMP,BBMP-TL-EAST-2020-000046,RENEWAL,2025-08-29,EXPIRED,licence/registration renewal event captured - EXPIRED
EVT-0000977,KA-BLRR-562110-000199,GST,GST-KA-BLRR-2025-000153,INSPECTION,2025-08-29,PENDING,department inspection or site verification event - PENDING
EVT-0001518,KA-TUM-572106-000310,GST,GST-KA-TUM-2024-000248,INSPECTION,2025-08-29,PENDING,department inspection or site verification event - PENDING
EVT-0000058,KA-MYS-570001-000013,SHOP,KAR-SHOP-MYS-2015-000009,RENEWAL,2025-08-28,PENDING,licence/registration renewal event captured - PENDING
EVT-0000588,KA-BLRU-560043-000116,KSPCB,PCB/BLRU/CTE/2022/00052,COMPLAINT,2025-08-28,RESOLVED,citizen/department complaint signal - RESOLVED
EVT-0001404,KA-BLRU-560059-000285,UDYAM,UDYAM-KR-BLRU-2015-000140,ADDRESS_UPDATE,2025-08-28,OK,address correction or amendment signal - OK
EVT-0001535,KA-BLRU-560034-000314,UDYAM,UDYAM-KR-BLRU-2019-000158,ADDRESS_UPDATE,2025-08-28,RESOLVED,address correction or amendment signal - RESOLVED
EVT-0000979,KA-BLRR-562110-000199,LABOUR,LAB-KA-BLRR-2023-000098,INSPECTION,2025-08-27,NOTICE,department inspection or site verification event - NOTICE
EVT-0001150,KA-BLRR-562157-000232,FACTORY,KFBIS-FAC-BLRR-2024-000105,RENEWAL,2025-08-27,APPROVED,licence/registration renewal event captured - APPROVED
EVT-0000189,KA-BLRR-562114-000037,GST,GST-KA-BLRR-2024-000029,COMPLAINT,2025-08-26,OPEN,citizen/department complaint signal - OPEN
EVT-0001365,KA-TUM-572106-000275,KSPCB,PCB/TUM/CTE/2022/00122,TAX_FILING,2025-08-26,OK,tax return or filing activity signal - OK
EVT-0000190,KA-BLRR-562114-000037,GST,GST-KA-BLRR-2024-000029,INSPECTION,2025-08-25,EXPIRED,department inspection or site verification event - EXPIRED
EVT-0000005,KA-BLRU-560068-000002,UDYAM,UDYAM-KR-BLRU-2017-000001,TAX_FILING,2025-08-24,OK,tax return or filing activity signal - OK
EVT-0000355,KA-BLRU-560059-000069,BBMP,BBMP-TL-WEST-2020-000023,INSPECTION,2025-08-24,APPROVED,department inspection or site verification event - APPROVED
EVT-0000548,KA-BLRU-560064-000108,FACTORY,KFBIS-FAC-BLRU-2023-000053,COMPLAINT,2025-08-24,OPEN,citizen/department complaint signal - OPEN
EVT-0001415,KA-BLRU-560076-000288,SHOP,KAR-SHOP-BLRU-2024-000194,RENEWAL,2025-08-24,OK,licence/registration renewal event captured - OK
EVT-0000780,KA-BLRU-560059-000157,FACTORY,KFBIS-FAC-BLRU-2020-000077,RENEWAL,2025-08-23,APPROVED,licence/registration renewal event captured - APPROVED
EVT-0000910,KA-BLRR-562114-000183,KSPCB,PCB/BLRR/CTO/2021/00083,ADDRESS_UPDATE,2025-08-23,OK,address correction or amendment signal - OK
EVT-0000122,KA-BLRU-560085-000024,SHOP,KAR-SHOP-BLRU-2018-000016,RENEWAL,2025-08-21,NOTICE,licence/registration renewal event captured - NOTICE
EVT-0000200,KA-BLRU-560024-000039,KSPCB,PCB/BLRU/CTO/2020/00015,CONSENT_APPROVAL,2025-08-21,EXPIRED,pollution consent application/approval signal - EXPIRED
EVT-0001069,KA-BLRR-562157-000219,SHOP,KAR-SHOP-BLRR-2019-000144,COMPLAINT,2025-08-21,RESOLVED,citizen/department complaint signal - RESOLVED
EVT-0001221,KA-BLRU-560085-000246,FACTORY,KFBIS-FAC-BLRU-2021-000110,INSPECTION,2025-08-21,OK,department inspection or site verification event - OK
EVT-0001435,KA-BLRU-560076-000293,UDYAM,UDYAM-KR-BLRU-2024-000147,RENEWAL,2025-08-21,EXPIRED,licence/registration renewal event captured - EXPIRED
EVT-0001405,KA-BLRU-560064-000286,SHOP,KAR-SHOP-BLRU-2023-000192,COMPLAINT,2025-08-20,RESOLVED,citizen/department complaint signal - RESOLVED
EVT-0000563,KA-BLRU-560102-000111,UDYAM,UDYAM-KR-BLRU-2018-000055,TAX_FILING,2025-08-19,NOTICE,tax return or filing activity signal - NOTICE
EVT-0001245,KA-BLRU-560102-000251,LABOUR,LAB-KA-BLRU-2025-000123,RENEWAL,2025-08-19,NOTICE,licence/registration renewal event captured - NOTICE
EVT-0000120,KA-BLRU-560102-000023,UDYAM,UDYAM-KR-BLRU-2025-000012,ADDRESS_UPDATE,2025-08-18,EXPIRED,address correction or amendment signal - EXPIRED
EVT-0000468,KA-BLRU-560029-000090,FACTORY,KFBIS-FAC-BLRU-2015-000044,ADDRESS_UPDATE,2025-08-18,PENDING,address correction or amendment signal - PENDING
EVT-0000487,KA-MYS-570016-000096,FACTORY,KFBIS-FAC-MYS-2024-000048,INSPECTION,2025-08-18,APPROVED,department inspection or site verification event - APPROVED
EVT-0001216,KA-BLRU-560085-000246,GST,GST-KA-BLRU-2025-000194,INSPECTION,2025-08-18,PENDING,department inspection or site verification event - PENDING
EVT-0001436,KA-BLRU-560076-000293,FACTORY,KFBIS-FAC-BLRU-2021-000129,COMPLAINT,2025-08-18,NOTICE,citizen/department complaint signal - NOTICE
EVT-0000662,KA-MYS-570001-000131,KSPCB,PCB/MYS/CTO/2021/00058,COMPLAINT,2025-08-16,RESOLVED,citizen/department complaint signal - RESOLVED
EVT-0000252,KA-BLRU-560102-000050,SHOP,KAR-SHOP-BLRU-2025-000035,ADDRESS_UPDATE,2025-08-15,NOTICE,address correction or amendment signal - NOTICE
EVT-0000307,KA-BLRR-562114-000060,BBMP,BBMP-TL-BENG-2016-000019,COMPLAINT,2025-08-15,OPEN,citizen/department complaint signal - OPEN
EVT-0001425,KA-BLRU-560068-000290,FACTORY,KFBIS-FAC-BLRU-2022-000128,TAX_FILING,2025-08-15,RESOLVED,tax return or filing activity signal - RESOLVED
EVT-0000384,KA-TUM-572106-000076,KSPCB,PCB/TUM/CTE/2023/00033,RENEWAL,2025-08-14,PENDING,licence/registration renewal event captured - PENDING
EVT-0000669,KA-MYS-570001-000133,FACTORY,KFBIS-FAC-MYS-2025-000067,INSPECTION,2025-08-14,RESOLVED,department inspection or site verification event - RESOLVED
EVT-0001393,KA-BLRU-560024-000283,LABOUR,LAB-KA-BLRU-2022-000136,RENEWAL,2025-08-14,OK,licence/registration renewal event captured - OK
EVT-0000643,KA-BLRR-562110-000128,LABOUR,LAB-KA-BLRR-2016-000063,ADDRESS_UPDATE,2025-08-13,RESOLVED,address correction or amendment signal - RESOLVED
EVT-0000061,KA-MYS-570001-000013,SHOP,KAR-SHOP-MYS-2015-000009,RENEWAL,2025-08-11,EXPIRED,licence/registration renewal event captured - EXPIRED
EVT-0000404,KA-MYS-570016-000079,SHOP,KAR-SHOP-MYS-2023-000056,TAX_FILING,2025-08-11,RESOLVED,tax return or filing activity signal - RESOLVED
EVT-0000633,KA-BLRU-560100-000125,SHOP,KAR-SHOP-BLRU-2015-000084,ADDRESS_UPDATE,2025-08-11,PENDING,address correction or amendment signal - PENDING
EVT-0000824,KA-BLRU-560001-000166,UDYAM,UDYAM-KR-BLRU-2018-000080,RENEWAL,2025-08-11,APPROVED,licence/registration renewal event captured - APPROVED
EVT-0000850,KA-TUM-572106-000171,FACTORY,KFBIS-FAC-TUM-2021-000082,RENEWAL,2025-08-11,EXPIRED,licence/registration renewal event captured - EXPIRED
EVT-0000249,KA-BLRU-560043-000049,GST,GST-KA-BLRU-2017-000038,ADDRESS_UPDATE,2025-08-09,PENDING,address correction or amendment signal - PENDING
EVT-0000747,KA-BLRR-562114-000151,LABOUR,LAB-KA-BLRR-2025-000071,ADDRESS_UPDATE,2025-08-08,NOTICE,address correction or amendment signal - NOTICE
EVT-0001143,KA-TUM-572101-000231,GST,GST-KA-TUM-2017-000179,RENEWAL,2025-08-08,PENDING,licence/registration renewal event captured - PENDING
EVT-0000785,KA-BLRU-560059-000157,KSPCB,PCB/BLRU/CTE/2025/00070,RENEWAL,2025-08-07,OK,licence/registration renewal event captured - OK
EVT-0001575,KA-BLRU-560100-000323,LABOUR,LAB-KA-BLRU-2018-000159,INSPECTION,2025-08-07,EXPIRED,department inspection or site verification event - EXPIRED
EVT-0000962,KA-BLRU-560068-000197,GST,GST-KA-BLRU-2020-000151,TAX_FILING,2025-08-06,OK,tax return or filing activity signal - OK
EVT-0000218,KA-MYS-570016-000044,UDYAM,UDYAM-KR-MYS-2017-000023,ADDRESS_UPDATE,2025-08-04,APPROVED,address correction or amendment signal - APPROVED
EVT-0000358,KA-BLRU-560059-000069,BBMP,BBMP-TL-WEST-2020-000023,COMPLAINT,2025-08-04,RESOLVED,citizen/department complaint signal - RESOLVED
EVT-0000786,KA-BLRU-560068-000158,BBMP,BBMP-TL-SOUT-2021-000056,COMPLAINT,2025-08-04,NOTICE,citizen/department complaint signal - NOTICE
EVT-0001297,KA-MYS-570001-000263,GST,GST-KA-MYS-2021-000207,TAX_FILING,2025-08-04,EXPIRED,tax return or filing activity signal - EXPIRED
EVT-0000461,KA-MYS-570016-000089,FACTORY,KFBIS-FAC-MYS-2023-000043,COMPLAINT,2025-08-03,RESOLVED,citizen/department complaint signal - RESOLVED
EVT-0000295,KA-MYS-570016-000057,GST,GST-KA-MYS-2023-000045,ADDRESS_UPDATE,2025-08-02,NOTICE,address correction or amendment signal - NOTICE
EVT-0000753,KA-BLRU-560066-000152,GST,GST-KA-BLRU-2016-000115,RENEWAL,2025-08-01,PENDING,licence/registration renewal event captured - PENDING
EVT-0001407,KA-BLRU-560064-000286,LABOUR,LAB-KA-BLRU-2022-000139,ADDRESS_UPDATE,2025-08-01,RESOLVED,address correction or amendment signal - RESOLVED
EVT-0001449,KA-BLRU-560024-000295,SHOP,KAR-SHOP-BLRU-2015-000200,TAX_FILING,2025-08-01,PENDING,tax return or filing activity signal - PENDING
EVT-0001412,KA-BLRU-560064-000286,KSPCB,PCB/BLRU/CTO/2025/00128,CONSENT_APPROVAL,2025-07-31,EXPIRED,pollution consent application/approval signal - EXPIRED
EVT-0000464,KA-BLRU-560029-000090,LABOUR,LAB-KA-BLRU-2020-000042,RENEWAL,2025-07-30,RESOLVED,licence/registration renewal event captured - RESOLVED
EVT-0000290,KA-MYS-570016-000057,SHOP,KAR-SHOP-MYS-2016-000042,TAX_FILING,2025-07-28,EXPIRED,tax return or filing activity signal - EXPIRED
EVT-0001426,KA-BLRU-560068-000290,GST,GST-KA-BLRU-2023-000232,TAX_FILING,2025-07-28,RESOLVED,tax return or filing activity signal - RESOLVED
EVT-0000572,KA-BLRU-560001-000113,LABOUR,LAB-KA-BLRU-2025-000056,INSPECTION,2025-07-27,APPROVED,department inspection or site verification event - APPROVED
EVT-0000655,KA-BLRU-560058-000130,GST,GST-KA-BLRU-2021-000097,COMPLAINT,2025-07-27,RESOLVED,citizen/department complaint signal - RESOLVED
EVT-0001306,KA-BLRU-560066-000264,FACTORY,KFBIS-FAC-BLRU-2016-000119,COMPLAINT,2025-07-27,NOTICE,citizen/department complaint signal - NOTICE
EVT-0000587,KA-BLRU-560043-000116,SHOP,KAR-SHOP-BLRU-2025-000077,RENEWAL,2025-07-25,APPROVED,licence/registration renewal event captured - APPROVED
EVT-0000978,KA-BLRR-562110-000199,GST,GST-KA-BLRR-2025-000153,TAX_FILING,2025-07-24,OK,tax return or filing activity signal - OK
EVT-0000839,KA-MYS-570001-000169,UDYAM,UDYAM-KR-MYS-2021-000081,INSPECTION,2025-07-23,OK,department inspection or site verification event - OK
EVT-0000907,KA-BLRR-562114-000183,KSPCB,PCB/BLRR/CTO/2021/00083,RENEWAL,2025-07-23,PENDING,licence/registration renewal event captured - PENDING
EVT-0001081,KA-BLRU-560085-000221,LABOUR,LAB-KA-BLRU-2016-000110,INSPECTION,2025-07-23,APPROVED,department inspection or site verification event - APPROVED
EVT-0001409,KA-BLRU-560064-000286,GST,GST-KA-BLRU-2023-000228,TAX_FILING,2025-07-22,EXPIRED,tax return or filing activity signal - EXPIRED
EVT-0001152,KA-BLRR-562157-000232,LABOUR,LAB-KA-BLRR-2023-000118,RENEWAL,2025-07-20,RESOLVED,licence/registration renewal event captured - RESOLVED
EVT-0000401,KA-MYS-570016-000079,LABOUR,LAB-KA-MYS-2017-000036,RENEWAL,2025-07-18,PENDING,licence/registration renewal event captured - PENDING
EVT-0000769,KA-BLRR-561203-000155,GST,GST-KA-BLRR-2025-000118,TAX_FILING,2025-07-17,OK,tax return or filing activity signal - OK
EVT-0000771,KA-BLRR-561203-000155,GST,GST-KA-BLRR-2025-000118,ADDRESS_UPDATE,2025-07-17,APPROVED,address correction or amendment signal - APPROVED
EVT-0001403,KA-BLRU-560059-000285,LABOUR,LAB-KA-BLRU-2025-000138,ADDRESS_UPDATE,2025-07-17,OK,address correction or amendment signal - OK
EVT-0000832,KA-BLRR-562110-000168,GST,GST-KA-BLRR-2023-000130,TAX_FILING,2025-07-16,EXPIRED,tax return or filing activity signal - EXPIRED
EVT-0000833,KA-BLRR-562110-000168,SHOP,KAR-SHOP-BLRR-2020-000113,ADDRESS_UPDATE,2025-07-15,APPROVED,address correction or amendment signal - APPROVED
EVT-0000434,KA-BLRU-560064-000084,SHOP,KAR-SHOP-BLRU-2023-000059,COMPLAINT,2025-07-14,NOTICE,citizen/department complaint signal - NOTICE
EVT-0000435,KA-BLRU-560064-000084,SHOP,KAR-SHOP-BLRU-2023-000059,INSPECTION,2025-07-14,EXPIRED,department inspection or site verification event - EXPIRED
EVT-0000652,KA-BLRU-560043-000129,KSPCB,PCB/BLRU/CTO/2022/00057,ADDRESS_UPDATE,2025-07-14,APPROVED,address correction or amendment signal - APPROVED
EVT-0000963,KA-BLRU-560068-000197,BBMP,BBMP-TL-SOUT-2016-000076,COMPLAINT,2025-07-14,NOTICE,citizen/department complaint signal - NOTICE
EVT-0001303,KA-BLRU-560066-000264,KSPCB,PCB/BLRU/CTO/2022/00118,CONSENT_APPROVAL,2025-07-14,APPROVED,pollution consent application/approval signal - APPROVED
EVT-0001418,KA-BLRU-560076-000288,KSPCB,PCB/BLRU/CTO/2023/00129,CONSENT_APPROVAL,2025-07-14,PENDING,pollution consent application/approval signal - PENDING
EVT-0000629,KA-BLRU-560100-000125,GST,GST-KA-BLRU-2025-000092,TAX_FILING,2025-07-13,NOTICE,tax return or filing activity signal - NOTICE
EVT-0000024,KA-MYS-570001-000006,LABOUR,LAB-KA-MYS-2016-000002,INSPECTION,2025-07-12,OK,department inspection or site verification event - OK
EVT-0000686,KA-BLRU-560064-000136,LABOUR,LAB-KA-BLRU-2020-000066,COMPLAINT,2025-07-12,NOTICE,citizen/department complaint signal - NOTICE
EVT-0000626,KA-BLRU-560059-000124,LABOUR,LAB-KA-BLRU-2022-000059,ADDRESS_UPDATE,2025-07-11,PENDING,address correction or amendment signal - PENDING
EVT-0001394,KA-BLRU-560024-000283,GST,GST-KA-BLRU-2025-000225,TAX_FILING,2025-07-11,APPROVED,tax return or filing activity signal - APPROVED
EVT-0001433,KA-BLRU-560076-000293,KSPCB,PCB/BLRU/CTO/2020/00131,COMPLAINT,2025-07-11,NOTICE,citizen/department complaint signal - NOTICE
EVT-0000814,KA-BLRU-560058-000164,FACTORY,KFBIS-FAC-BLRU-2022-000080,INSPECTION,2025-07-10,PENDING,department inspection or site verification event - PENDING
EVT-0000847,KA-BLRU-560066-000170,FACTORY,KFBIS-FAC-BLRU-2019-000081,COMPLAINT,2025-07-10,RESOLVED,citizen/department complaint signal - RESOLVED
EVT-0001264,KA-BLRR-562114-000256,UDYAM,UDYAM-KR-BLRR-2020-000126,COMPLAINT,2025-07-09,NOTICE,citizen/department complaint signal - NOTICE
EVT-0001074,KA-BLRR-562157-000219,KSPCB,PCB/BLRR/CTE/2023/00095,INSPECTION,2025-07-08,RESOLVED,department inspection or site verification event - RESOLVED
EVT-0000772,KA-BLRU-560085-000156,GST,GST-KA-BLRU-2015-000119,RENEWAL,2025-07-07,RESOLVED,licence/registration renewal event captured - RESOLVED
EVT-0000897,KA-BLRU-560076-000181,FACTORY,KFBIS-FAC-BLRU-2021-000085,COMPLAINT,2025-07-06,OPEN,citizen/department complaint signal - OPEN
EVT-0001218,KA-BLRU-560085-000246,KSPCB,PCB/BLRU/CTE/2025/00107,INSPECTION,2025-07-06,APPROVED,department inspection or site verification event - APPROVED
EVT-0000561,KA-BLRU-560102-000111,GST,GST-KA-BLRU-2015-000083,INSPECTION,2025-07-05,APPROVED,department inspection or site verification event - APPROVED
EVT-0000151,KA-BLRU-560064-000029,UDYAM,UDYAM-KR-BLRU-2019-000014,RENEWAL,2025-07-04,PENDING,licence/registration renewal event captured - PENDING
EVT-0000562,KA-BLRU-560102-000111,GST,GST-KA-BLRU-2015-000083,COMPLAINT,2025-07-04,NOTICE,citizen/department complaint signal - NOTICE
EVT-0001025,KA-BLRU-560024-000210,SHOP,KAR-SHOP-BLRU-2018-000140,TAX_FILING,2025-07-03,EXPIRED,tax return or filing activity signal - EXPIRED
EVT-0000820,KA-BLRU-560001-000166,SHOP,KAR-SHOP-BLRU-2025-000112,INSPECTION,2025-07-02,PENDING,department inspection or site verification event - PENDING
EVT-0000935,KA-BLRU-560068-000190,BBMP,BBMP-TL-SOUT-2019-000073,INSPECTION,2025-07-02,APPROVED,department inspection or site verification event - APPROVED
EVT-0000356,KA-BLRU-560059-000069,BBMP,BBMP-TL-WEST-2020-000023,COMPLAINT,2025-07-01,OPEN,citizen/department complaint signal - OPEN
EVT-0001382,KA-MYS-570016-000280,BBMP,BBMP-TL-NORT-2024-000113,TAX_FILING,2025-06-30,PENDING,tax return or filing activity signal - PENDING
EVT-0001067,KA-BLRR-562157-000219,FACTORY,KFBIS-FAC-BLRR-2023-000101,TAX_FILING,2025-06-29,RESOLVED,tax return or filing activity signal - RESOLVED
EVT-0000488,KA-MYS-570016-000096,GST,GST-KA-MYS-2017-000072,COMPLAINT,2025-06-28,NOTICE,citizen/department complaint signal - NOTICE
EVT-0000402,KA-MYS-570016-000079,SHOP,KAR-SHOP-MYS-2023-000056,RENEWAL,2025-06-27,OK,licence/registration renewal event captured - OK
EVT-0001030,KA-TUM-572101-000211,UDYAM,UDYAM-KR-TUM-2017-000105,ADDRESS_UPDATE,2025-06-25,PENDING,address correction or amendment signal - PENDING
EVT-0001302,KA-BLRU-560066-000264,GST,GST-KA-BLRU-2017-000208,INSPECTION,2025-06-25,PENDING,department inspection or site verification event - PENDING
EVT-0000389,KA-TUM-572106-000076,KSPCB,PCB/TUM/CTE/2023/00033,COMPLAINT,2025-06-24,OPEN,citizen/department complaint signal - OPEN
EVT-0000831,KA-BLRR-562110-000168,BBMP,BBMP-TL-BENG-2021-000062,TAX_FILING,2025-06-23,PENDING,tax return or filing activity signal - PENDING
EVT-0000909,KA-BLRR-562114-000183,SHOP,KAR-SHOP-BLRR-2022-000122,ADDRESS_UPDATE,2025-06-23,APPROVED,address correction or amendment signal - APPROVED
EVT-0001122,KA-BLRU-560059-000228,SHOP,KAR-SHOP-BLRU-2015-000150,INSPECTION,2025-06-23,PENDING,department inspection or site verification event - PENDING
EVT-0000632,KA-BLRU-560100-000125,LABOUR,LAB-KA-BLRU-2017-000060,COMPLAINT,2025-06-21,NOTICE,citizen/department complaint signal - NOTICE
EVT-0001515,KA-TUM-572106-000310,FACTORY,KFBIS-FAC-TUM-2021-000135,TAX_FILING,2025-06-21,OK,tax return or filing activity signal - OK
EVT-0001238,KA-BLRU-560066-000249,SHOP,KAR-SHOP-BLRU-2022-000163,RENEWAL,2025-06-19,OK,licence/registration renewal event captured - OK
EVT-0001304,KA-BLRU-560066-000264,FACTORY,KFBIS-FAC-BLRU-2016-000119,COMPLAINT,2025-06-19,RESOLVED,citizen/department complaint signal - RESOLVED
EVT-0000559,KA-BLRU-560102-000111,UDYAM,UDYAM-KR-BLRU-2018-000055,RENEWAL,2025-06-18,NOTICE,licence/registration renewal event captured - NOTICE
EVT-0001574,KA-BLRU-560100-000323,LABOUR,LAB-KA-BLRU-2018-000159,INSPECTION,2025-06-18,PENDING,department inspection or site verification event - PENDING
EVT-0000683,KA-BLRU-560064-000136,BBMP,BBMP-TL-YELA-2019-000048,COMPLAINT,2025-06-15,NOTICE,citizen/department complaint signal - NOTICE
EVT-0001220,KA-BLRU-560085-000246,FACTORY,KFBIS-FAC-BLRU-2021-000110,RENEWAL,2025-06-13,PENDING,licence/registration renewal event captured - PENDING
EVT-0001315,KA-BLRU-560102-000266,KSPCB,PCB/BLRU/CTE/2022/00119,ADDRESS_UPDATE,2025-06-13,PENDING,address correction or amendment signal - PENDING
EVT-0000766,KA-BLRR-561203-000155,FACTORY,KFBIS-FAC-BLRR-2024-000076,TAX_FILING,2025-06-12,APPROVED,tax return or filing activity signal - APPROVED
EVT-0001060,KA-BLRU-560029-000217,UDYAM,UDYAM-KR-BLRU-2017-000107,ADDRESS_UPDATE,2025-06-11,RESOLVED,address correction or amendment signal - RESOLVED
EVT-0000276,KA-BLRU-560059-000055,GST,GST-KA-BLRU-2016-000043,INSPECTION,2025-06-10,EXPIRED,department inspection or site verification event - EXPIRED
EVT-0001514,KA-TUM-572106-000310,LABOUR,LAB-KA-TUM-2021-000151,INSPECTION,2025-06-10,OK,department inspection or site verification event - OK
EVT-0000867,KA-BLRU-560068-000174,BBMP,BBMP-TL-SOUT-2019-000066,INSPECTION,2025-06-07,APPROVED,department inspection or site verification event - APPROVED
EVT-0000895,KA-MYS-570018-000180,FACTORY,KFBIS-FAC-MYS-2016-000084,RENEWAL,2025-06-07,RESOLVED,licence/registration renewal event captured - RESOLVED
EVT-0001037,KA-BLRU-560024-000212,BBMP,BBMP-TL-YELA-2017-000083,TAX_FILING,2025-06-07,APPROVED,tax return or filing activity signal - APPROVED
EVT-0000894,KA-MYS-570018-000180,FACTORY,KFBIS-FAC-MYS-2016-000084,RENEWAL,2025-06-06,APPROVED,licence/registration renewal event captured - APPROVED
EVT-0001305,KA-BLRU-560066-000264,GST,GST-KA-BLRU-2017-000208,COMPLAINT,2025-06-05,OPEN,citizen/department complaint signal - OPEN
EVT-0000131,KA-BLRU-560059-000025,SHOP,KAR-SHOP-BLRU-2022-000017,RENEWAL,2025-06-04,EXPIRED,licence/registration renewal event captured - EXPIRED
EVT-0001059,KA-BLRU-560029-000217,LABOUR,LAB-KA-BLRU-2023-000107,TAX_FILING,2025-06-04,PENDING,tax return or filing activity signal - PENDING
EVT-0000928,KA-BLRU-560037-000189,UDYAM,UDYAM-KR-BLRU-2024-000091,ADDRESS_UPDATE,2025-05-29,EXPIRED,address correction or amendment signal - EXPIRED
EVT-0001474,KA-BLRU-560100-000300,KSPCB,PCB/BLRU/CTO/2017/00134,CONSENT_APPROVAL,2025-05-28,APPROVED,pollution consent application/approval signal - APPROVED
EVT-0001358,KA-BLRR-562114-000274,SHOP,KAR-SHOP-BLRR-2016-000183,INSPECTION,2025-05-27,EXPIRED,department inspection or site verification event - EXPIRED
EVT-0000668,KA-MYS-570001-000133,FACTORY,KFBIS-FAC-MYS-2025-000067,INSPECTION,2025-05-26,NOTICE,department inspection or site verification event - NOTICE
EVT-0000871,KA-BLRU-560068-000174,BBMP,BBMP-TL-SOUT-2019-000066,ADDRESS_UPDATE,2025-05-26,APPROVED,address correction or amendment signal - APPROVED
EVT-0001548,KA-BLRU-560034-000316,KSPCB,PCB/BLRU/CTO/2023/00143,RENEWAL,2025-05-25,PENDING,licence/registration renewal event captured - PENDING
EVT-0000903,KA-BLRU-560102-000182,LABOUR,LAB-KA-BLRU-2015-000086,INSPECTION,2025-05-21,PENDING,department inspection or site verification event - PENDING
EVT-0000701,KA-MYS-570001-000141,KSPCB,PCB/MYS/CTE/2025/00063,INSPECTION,2025-05-16,PENDING,department inspection or site verification event - PENDING
EVT-0001082,KA-BLRU-560085-000221,LABOUR,LAB-KA-BLRU-2016-000110,COMPLAINT,2025-05-15,OPEN,citizen/department complaint signal - OPEN
EVT-0000023,KA-BLRU-560059-000005,SHOP,KAR-SHOP-BLRU-2016-000002,ADDRESS_UPDATE,2025-05-14,PENDING,address correction or amendment signal - PENDING
EVT-0000576,KA-BLRU-560001-000113,KSPCB,PCB/BLRU/CTE/2023/00051,INSPECTION,2025-05-14,PENDING,department inspection or site verification event - PENDING
EVT-0000407,KA-BLRU-560068-000080,LABOUR,LAB-KA-BLRU-2018-000037,RENEWAL,2025-05-13,OK,licence/registration renewal event captured - OK
EVT-0000411,KA-BLRU-560068-000080,KSPCB,PCB/BLRU/CTO/2016/00034,COMPLAINT,2025-05-13,RESOLVED,citizen/department complaint signal - RESOLVED
EVT-0000457,KA-MYS-570016-000089,FACTORY,KFBIS-FAC-MYS-2023-000043,RENEWAL,2025-05-10,EXPIRED,licence/registration renewal event captured - EXPIRED
EVT-0001423,KA-BLRU-560076-000289,GST,GST-KA-BLRU-2021-000231,TAX_FILING,2025-05-10,OK,tax return or filing activity signal - OK
EVT-0000144,KA-MYS-570016-000028,BBMP,BBMP-TL-NORT-2025-000010,TAX_FILING,2025-05-08,APPROVED,tax return or filing activity signal - APPROVED
EVT-0000784,KA-BLRU-560059-000157,UDYAM,UDYAM-KR-BLRU-2020-000073,COMPLAINT,2025-05-05,OPEN,citizen/department complaint signal - OPEN
EVT-0001569,KA-BLRU-560066-000321,GST,GST-KA-BLRU-2025-000254,ADDRESS_UPDATE,2025-05-04,RESOLVED,address correction or amendment signal - RESOLVED
EVT-0000546,KA-BLRU-560064-000108,LABOUR,LAB-KA-BLRU-2025-000052,RENEWAL,2025-05-02,APPROVED,licence/registration renewal event captured - APPROVED
EVT-0000991,KA-BLRU-560068-000204,SHOP,KAR-SHOP-BLRU-2024-000136,INSPECTION,2025-05-02,PENDING,department inspection or site verification event - PENDING
EVT-0001489,KA-MYS-570016-000303,LABOUR,LAB-KA-MYS-2022-000148,COMPLAINT,2025-05-02,NOTICE,citizen/department complaint signal - NOTICE
EVT-0000631,KA-BLRU-560100-000125,GST,GST-KA-BLRU-2025-000092,RENEWAL,2025-05-01,PENDING,licence/registration renewal event captured - PENDING
EVT-0000762,KA-BLRU-560043-000154,SHOP,KAR-SHOP-BLRU-2016-000103,ADDRESS_UPDATE,2025-04-30,PENDING,address correction or amendment signal - PENDING
EVT-0000866,KA-BLRU-560068-000174,LABOUR,LAB-KA-BLRU-2019-000084,RENEWAL,2025-04-27,PENDING,licence/registration renewal event captured - PENDING
EVT-0000763,KA-BLRU-560043-000154,SHOP,KAR-SHOP-BLRU-2016-000103,COMPLAINT,2025-04-26,NOTICE,citizen/department complaint signal - NOTICE
EVT-0000623,KA-BLRU-560059-000124,SHOP,KAR-SHOP-BLRU-2023-000083,INSPECTION,2025-04-24,PENDING,department inspection or site verification event - PENDING
EVT-0000259,KA-BLRU-560076-000051,UDYAM,UDYAM-KR-BLRU-2025-000028,TAX_FILING,2025-04-23,EXPIRED,tax return or filing activity signal - EXPIRED
EVT-0001546,KA-BLRU-560034-000316,KSPCB,PCB/BLRU/CTO/2023/00143,INSPECTION,2025-04-23,PENDING,department inspection or site verification event - PENDING
EVT-0000075,KA-BLRR-562110-000015,GST,GST-KA-BLRR-2023-000010,TAX_FILING,2025-04-22,NOTICE,tax return or filing activity signal - NOTICE
EVT-0000711,KA-BLRU-560064-000144,BBMP,BBMP-TL-YELA-2025-000053,TAX_FILING,2025-04-20,APPROVED,tax return or filing activity signal - APPROVED
EVT-0000570,KA-BLRU-560001-000113,KSPCB,PCB/BLRU/CTE/2023/00051,INSPECTION,2025-04-19,EXPIRED,department inspection or site verification event - EXPIRED
EVT-0000748,KA-BLRR-562114-000151,GST,GST-KA-BLRR-2015-000114,RENEWAL,2025-04-16,NOTICE,licence/registration renewal event captured - NOTICE
EVT-0000859,KA-BLRU-560024-000173,GST,GST-KA-BLRU-2023-000135,INSPECTION,2025-04-15,EXPIRED,department inspection or site verification event - EXPIRED
EVT-0000357,KA-BLRU-560059-000069,BBMP,BBMP-TL-WEST-2020-000023,RENEWAL,2025-04-14,OK,licence/registration renewal event captured - OK
EVT-0000761,KA-BLRU-560043-000154,GST,GST-KA-BLRU-2015-000117,RENEWAL,2025-04-14,RESOLVED,licence/registration renewal event captured - RESOLVED
EVT-0000976,KA-BLRR-562110-000199,KSPCB,PCB/BLRR/CTO/2015/00087,CONSENT_APPROVAL,2025-04-14,EXPIRED,pollution consent application/approval signal - EXPIRED
EVT-0000716,KA-BLRU-560076-000145,KSPCB,PCB/BLRU/CTO/2018/00064,INSPECTION,2025-04-13,RESOLVED,department inspection or site verification event - RESOLVED
EVT-0001437,KA-BLRU-560076-000293,LABOUR,LAB-KA-BLRU-2018-000142,INSPECTION,2025-04-12,EXPIRED,department inspection or site verification event - EXPIRED
EVT-0000042,KA-BLRR-562114-000009,GST,GST-KA-BLRR-2025-000006,TAX_FILING,2025-04-11,APPROVED,tax return or filing activity signal - APPROVED
EVT-0000529,KA-BLRU-560100-000104,SHOP,KAR-SHOP-BLRU-2019-000072,RENEWAL,2025-04-11,RESOLVED,licence/registration renewal event captured - RESOLVED
EVT-0000783,KA-BLRU-560059-000157,SHOP,KAR-SHOP-BLRU-2015-000105,INSPECTION,2025-04-10,RESOLVED,department inspection or site verification event - RESOLVED
EVT-0000181,KA-BLRU-560102-000035,KSPCB,PCB/BLRU/CTO/2020/00014,RENEWAL,2025-04-09,EXPIRED,licence/registration renewal event captured - EXPIRED
EVT-0001259,KA-MYS-570016-000254,GST,GST-KA-MYS-2019-000202,COMPLAINT,2025-04-08,RESOLVED,citizen/department complaint signal - RESOLVED
EVT-0000066,KA-BLRU-560100-000014,LABOUR,LAB-KA-BLRU-2025-000005,TAX_FILING,2025-04-06,OK,tax return or filing activity signal - OK
EVT-0000420,KA-BLRU-560058-000081,GST,GST-KA-BLRU-2015-000062,RENEWAL,2025-04-06,PENDING,licence/registration renewal event captured - PENDING
EVT-0000869,KA-BLRU-560068-000174,SHOP,KAR-SHOP-BLRU-2017-000117,TAX_FILING,2025-04-04,RESOLVED,tax return or filing activity signal - RESOLVED
EVT-0001172,KA-BLRU-560085-000237,GST,GST-KA-BLRU-2024-000185,TAX_FILING,2025-04-04,NOTICE,tax return or filing activity signal - NOTICE
EVT-0001517,KA-TUM-572106-000310,KSPCB,PCB/TUM/CTO/2021/00139,COMPLAINT,2025-04-02,NOTICE,citizen/department complaint signal - NOTICE
EVT-0000793,KA-TUM-572106-000159,FACTORY,KFBIS-FAC-TUM-2025-000079,RENEWAL,2025-04-01,PENDING,licence/registration renewal event captured - PENDING
EVT-0000865,KA-BLRU-560068-000174,SHOP,KAR-SHOP-BLRU-2017-000117,INSPECTION,2025-03-31,EXPIRED,department inspection or site verification event - EXPIRED
EVT-0001482,KA-BLRU-560059-000302,LABOUR,LAB-KA-BLRU-2019-000147,COMPLAINT,2025-03-30,OPEN,citizen/department complaint signal - OPEN
EVT-0000296,KA-BLRU-560043-000058,GST,GST-KA-BLRU-2015-000046,ADDRESS_UPDATE,2025-03-28,PENDING,address correction or amendment signal - PENDING
EVT-0000599,KA-BLRU-560076-000118,FACTORY,KFBIS-FAC-BLRU-2025-000061,ADDRESS_UPDATE,2025-03-28,RESOLVED,address correction or amendment signal - RESOLVED
EVT-0001367,KA-BLRU-560029-000276,UDYAM,UDYAM-KR-BLRU-2023-000136,TAX_FILING,2025-03-24,EXPIRED,tax return or filing activity signal - EXPIRED
EVT-0000245,KA-BLRU-560043-000049,UDYAM,UDYAM-KR-BLRU-2022-000026,COMPLAINT,2025-03-23,OPEN,citizen/department complaint signal - OPEN
EVT-0000480,KA-BLRU-560068-000094,BBMP,BBMP-TL-SOUT-2019-000033,ADDRESS_UPDATE,2025-03-21,NOTICE,address correction or amendment signal - NOTICE
EVT-0000406,KA-BLRU-560068-000080,GST,GST-KA-BLRU-2020-000061,INSPECTION,2025-03-20,RESOLVED,department inspection or site verification event - RESOLVED
EVT-0001258,KA-MYS-570016-000254,UDYAM,UDYAM-KR-MYS-2019-000125,RENEWAL,2025-03-20,OK,licence/registration renewal event captured - OK
EVT-0000765,KA-BLRR-561203-000155,LABOUR,LAB-KA-BLRR-2017-000074,ADDRESS_UPDATE,2025-03-18,OK,address correction or amendment signal - OK
EVT-0000684,KA-BLRU-560064-000136,BBMP,BBMP-TL-YELA-2019-000048,COMPLAINT,2025-03-17,NOTICE,citizen/department complaint signal - NOTICE
EVT-0001347,KA-BLRU-560034-000272,SHOP,KAR-SHOP-BLRU-2018-000181,RENEWAL,2025-03-14,PENDING,licence/registration renewal event captured - PENDING
EVT-0000297,KA-BLRU-560043-000058,KSPCB,PCB/BLRU/CTO/2017/00023,COMPLAINT,2025-03-11,RESOLVED,citizen/department complaint signal - RESOLVED
EVT-0000412,KA-BLRU-560068-000080,LABOUR,LAB-KA-BLRU-2018-000037,ADDRESS_UPDATE,2025-03-10,PENDING,address correction or amendment signal - PENDING
EVT-0000644,KA-BLRR-562110-000128,GST,GST-KA-BLRR-2018-000095,COMPLAINT,2025-03-09,RESOLVED,citizen/department complaint signal - RESOLVED
EVT-0000472,KA-BLRU-560059-000092,SHOP,KAR-SHOP-BLRU-2023-000064,TAX_FILING,2025-03-08,OK,tax return or filing activity signal - OK
EVT-0000840,KA-MYS-570001-000169,KSPCB,PCB/MYS/CTE/2021/00076,RENEWAL,2025-03-08,OK,licence/registration renewal event captured - OK
EVT-0001387,KA-BLRR-562157-000281,UDYAM,UDYAM-KR-BLRR-2016-000138,COMPLAINT,2025-03-08,NOTICE,citizen/department complaint signal - NOTICE
EVT-0001001,KA-MYS-570016-000205,BBMP,BBMP-TL-NORT-2017-000082,RENEWAL,2025-03-07,OK,licence/registration renewal event captured - OK
EVT-0001443,KA-BLRR-561203-000294,FACTORY,KFBIS-FAC-BLRR-2020-000130,TAX_FILING,2025-03-07,OK,tax return or filing activity signal - OK
EVT-0001185,KA-MYS-570018-000240,FACTORY,KFBIS-FAC-MYS-2022-000107,INSPECTION,2025-02-28,OK,department inspection or site verification event - OK
EVT-0000494,KA-BLRU-560085-000097,FACTORY,KFBIS-FAC-BLRU-2017-000049,ADDRESS_UPDATE,2025-02-27,PENDING,address correction or amendment signal - PENDING
EVT-0001031,KA-TUM-572101-000211,UDYAM,UDYAM-KR-TUM-2017-000105,TAX_FILING,2025-02-27,PENDING,tax return or filing activity signal - PENDING
EVT-0000491,KA-BLRU-560085-000097,KSPCB,PCB/BLRU/CTE/2016/00040,INSPECTION,2025-02-26,PENDING,department inspection or site verification event - PENDING
EVT-0000936,KA-BLRU-560068-000190,BBMP,BBMP-TL-SOUT-2019-000073,COMPLAINT,2025-02-26,NOTICE,citizen/department complaint signal - NOTICE
EVT-0001336,KA-BLRU-560058-000270,BBMP,BBMP-TL-DASA-2016-000108,INSPECTION,2025-02-25,NOTICE,department inspection or site verification event - NOTICE
EVT-0000868,KA-BLRU-560068-000174,BBMP,BBMP-TL-SOUT-2019-000066,COMPLAINT,2025-02-20,RESOLVED,citizen/department complaint signal - RESOLVED
EVT-0000829,KA-BLRR-562110-000168,GST,GST-KA-BLRR-2023-000130,ADDRESS_UPDATE,2025-02-19,NOTICE,address correction or amendment signal - NOTICE
EVT-0000074,KA-BLRR-562110-000015,GST,GST-KA-BLRR-2023-000010,RENEWAL,2025-02-17,APPROVED,licence/registration renewal event captured - APPROVED
EVT-0000489,KA-BLRU-560085-000097,KSPCB,PCB/BLRU/CTE/2016/00040,CONSENT_APPROVAL,2025-02-17,EXPIRED,pollution consent application/approval signal - EXPIRED
EVT-0000891,KA-MYS-570018-000179,UDYAM,UDYAM-KR-MYS-2023-000085,RENEWAL,2025-02-17,RESOLVED,licence/registration renewal event captured - RESOLVED
EVT-0000071,KA-BLRR-562110-000015,UDYAM,UDYAM-KR-BLRR-2023-000009,COMPLAINT,2025-02-14,NOTICE,citizen/department complaint signal - NOTICE
EVT-0000736,KA-BLRU-560085-000148,GST,GST-KA-BLRU-2024-000111,RENEWAL,2025-02-09,EXPIRED,licence/registration renewal event captured - EXPIRED
EVT-0000004,KA-BLRU-560068-000002,UDYAM,UDYAM-KR-BLRU-2017-000001,ADDRESS_UPDATE,2025-02-08,PENDING,address correction or amendment signal - PENDING
EVT-0000062,KA-MYS-570001-000013,SHOP,KAR-SHOP-MYS-2015-000009,INSPECTION,2025-02-07,EXPIRED,department inspection or site verification event - EXPIRED
EVT-0001164,KA-BLRU-560076-000235,GST,GST-KA-BLRU-2024-000183,RENEWAL,2025-02-06,EXPIRED,licence/registration renewal event captured - EXPIRED
EVT-0000474,KA-BLRU-560059-000092,SHOP,KAR-SHOP-BLRU-2023-000064,COMPLAINT,2025-02-04,NOTICE,citizen/department complaint signal - NOTICE
EVT-0000241,KA-BLRU-560100-000047,FACTORY,KFBIS-FAC-BLRU-2024-000021,COMPLAINT,2025-02-03,NOTICE,citizen/department complaint signal - NOTICE
EVT-0001511,KA-MYS-570016-000309,FACTORY,KFBIS-FAC-MYS-2016-000134,RENEWAL,2025-02-03,NOTICE,licence/registration renewal event captured - NOTICE
EVT-0000260,KA-BLRU-560076-000051,GST,GST-KA-BLRU-2021-000040,COMPLAINT,2025-02-02,OPEN,citizen/department complaint signal - OPEN
EVT-0000475,KA-BLRU-560102-000093,GST,GST-KA-BLRU-2024-000069,RENEWAL,2025-02-02,OK,licence/registration renewal event captured - OK
EVT-0000501,KA-BLRU-560029-000098,KSPCB,PCB/BLRU/CTE/2019/00041,RENEWAL,2025-02-01,OK,licence/registration renewal event captured - OK
EVT-0000388,KA-TUM-572106-000076,FACTORY,KFBIS-FAC-TUM-2016-000036,ADDRESS_UPDATE,2025-01-28,EXPIRED,address correction or amendment signal - EXPIRED
EVT-0000134,KA-BLRU-560068-000026,SHOP,KAR-SHOP-BLRU-2022-000018,RENEWAL,2025-01-26,OK,licence/registration renewal event captured - OK
EVT-0000852,KA-TUM-572106-000171,BBMP,BBMP-TL-TUMA-2018-000064,ADDRESS_UPDATE,2025-01-26,APPROVED,address correction or amendment signal - APPROVED
EVT-0001497,KA-BLRU-560064-000305,GST,GST-KA-BLRU-2024-000243,RENEWAL,2025-01-26,NOTICE,licence/registration renewal event captured - NOTICE
EVT-0000116,KA-MYS-570016-000022,LABOUR,LAB-KA-MYS-2024-000010,COMPLAINT,2025-01-25,RESOLVED,citizen/department complaint signal - RESOLVED
EVT-0000473,KA-BLRU-560059-000092,BBMP,BBMP-TL-WEST-2019-000031,TAX_FILING,2025-01-25,NOTICE,tax return or filing activity signal - NOTICE
EVT-0000952,KA-BLRU-560066-000194,SHOP,KAR-SHOP-BLRU-2015-000130,INSPECTION,2025-01-23,EXPIRED,department inspection or site verification event - EXPIRED
EVT-0000251,KA-BLRU-560043-000049,SHOP,KAR-SHOP-BLRU-2021-000034,TAX_FILING,2025-01-21,RESOLVED,tax return or filing activity signal - RESOLVED
EVT-0000985,KA-MYS-570018-000201,LABOUR,LAB-KA-MYS-2016-000099,INSPECTION,2025-01-21,OK,department inspection or site verification event - OK
EVT-0001053,KA-BLRU-560064-000215,GST,GST-KA-BLRU-2024-000166,INSPECTION,2025-01-20,EXPIRED,department inspection or site verification event - EXPIRED
EVT-0000405,KA-MYS-570016-000079,LABOUR,LAB-KA-MYS-2017-000036,COMPLAINT,2025-01-19,RESOLVED,citizen/department complaint signal - RESOLVED
EVT-0000427,KA-MYS-570016-000082,KSPCB,PCB/MYS/CTE/2023/00035,ADDRESS_UPDATE,2025-01-19,APPROVED,address correction or amendment signal - APPROVED
EVT-0001483,KA-BLRU-560059-000302,GST,GST-KA-BLRU-2016-000242,COMPLAINT,2025-01-19,OPEN,citizen/department complaint signal - OPEN
EVT-0000537,KA-BLRR-562114-000106,BBMP,BBMP-TL-BENG-2017-000040,RENEWAL,2025-01-18,RESOLVED,licence/registration renewal event captured - RESOLVED
EVT-0000496,KA-BLRU-560085-000097,KSPCB,PCB/BLRU/CTE/2016/00040,INSPECTION,2025-01-17,OK,department inspection or site verification event - OK
EVT-0000051,KA-BLRU-560076-000011,SHOP,KAR-SHOP-BLRU-2025-000008,TAX_FILING,2025-01-15,APPROVED,tax return or filing activity signal - APPROVED
EVT-0000574,KA-BLRU-560001-000113,SHOP,KAR-SHOP-BLRU-2024-000074,RENEWAL,2025-01-15,PENDING,licence/registration renewal event captured - PENDING
EVT-0001132,KA-TUM-572101-000229,BBMP,BBMP-TL-TUMA-2023-000087,RENEWAL,2025-01-13,EXPIRED,licence/registration renewal event captured - EXPIRED
EVT-0001292,KA-BLRR-562114-000262,BBMP,BBMP-TL-BENG-2020-000103,ADDRESS_UPDATE,2025-01-13,PENDING,address correction or amendment signal - PENDING
EVT-0000305,KA-MYS-570018-000059,GST,GST-KA-MYS-2024-000047,COMPLAINT,2025-01-12,NOTICE,citizen/department complaint signal - NOTICE
EVT-0000490,KA-BLRU-560085-000097,KSPCB,PCB/BLRU/CTE/2016/00040,COMPLAINT,2025-01-11,NOTICE,citizen/department complaint signal - NOTICE
EVT-0000951,KA-BLRU-560066-000194,GST,GST-KA-BLRU-2015-000148,ADDRESS_UPDATE,2025-01-10,RESOLVED,address correction or amendment signal - RESOLVED
EVT-0000426,KA-MYS-570016-000082,LABOUR,LAB-KA-MYS-2024-000039,ADDRESS_UPDATE,2025-01-09,EXPIRED,address correction or amendment signal - EXPIRED
EVT-0000552,KA-TUM-572101-000109,FACTORY,KFBIS-FAC-TUM-2019-000054,COMPLAINT,2025-01-09,NOTICE,citizen/department complaint signal - NOTICE
EVT-0001441,KA-BLRR-561203-000294,BBMP,BBMP-TL-BENG-2015-000120,ADDRESS_UPDATE,2025-01-09,RESOLVED,address correction or amendment signal - RESOLVED
EVT-0000462,KA-BLRU-560029-000090,SHOP,KAR-SHOP-BLRU-2019-000062,COMPLAINT,2025-01-08,NOTICE,citizen/department complaint signal - NOTICE
EVT-0000503,KA-BLRR-562114-000099,LABOUR,LAB-KA-BLRR-2023-000045,RENEWAL,2025-01-07,OK,licence/registration renewal event captured - OK
EVT-0000607,KA-BLRU-560034-000119,KSPCB,PCB/BLRU/CTE/2022/00053,ADDRESS_UPDATE,2025-01-07,RESOLVED,address correction or amendment signal - RESOLVED
EVT-0000117,KA-MYS-570016-000022,FACTORY,KFBIS-FAC-MYS-2023-000010,INSPECTION,2025-01-06,EXPIRED,department inspection or site verification event - EXPIRED
EVT-0001539,KA-BLRU-560064-000315,LABOUR,LAB-KA-BLRU-2018-000154,COMPLAINT,2025-01-06,OPEN,citizen/department complaint signal - OPEN
EVT-0001235,KA-BLRU-560066-000249,KSPCB,PCB/BLRU/CTO/2025/00110,CONSENT_APPROVAL,2025-01-05,PENDING,pollution consent application/approval signal - PENDING
EVT-0001337,KA-BLRU-560058-000270,LABOUR,LAB-KA-BLRU-2020-000133,INSPECTION,2025-01-04,NOTICE,department inspection or site verification event - NOTICE
EVT-0001576,KA-BLRU-560078-000324,SHOP,KAR-SHOP-BLRU-2021-000217,COMPLAINT,2025-01-04,RESOLVED,citizen/department complaint signal - RESOLVED
EVT-0001493,KA-BLRU-560064-000305,BBMP,BBMP-TL-YELA-2015-000125,COMPLAINT,2025-01-03,OPEN,citizen/department complaint signal - OPEN
EVT-0000113,KA-MYS-570016-000022,LABOUR,LAB-KA-MYS-2024-000010,COMPLAINT,2025-01-01,NOTICE,citizen/department complaint signal - NOTICE
EVT-0000423,KA-MYS-570016-000082,FACTORY,KFBIS-FAC-MYS-2021-000039,COMPLAINT,2024-12-31,NOTICE,citizen/department complaint signal - NOTICE
EVT-0000114,KA-MYS-570016-000022,LABOUR,LAB-KA-MYS-2024-000010,RENEWAL,2024-12-30,NOTICE,licence/registration renewal event captured - NOTICE
EVT-0000984,KA-MYS-570018-000201,SHOP,KAR-SHOP-MYS-2022-000134,ADDRESS_UPDATE,2024-12-30,NOTICE,address correction or amendment signal - NOTICE
EVT-0001578,KA-BLRU-560102-000325,GST,GST-KA-BLRU-2019-000258,TAX_FILING,2024-12-30,EXPIRED,tax return or filing activity signal - EXPIRED
EVT-0000919,KA-BLRU-560001-000186,SHOP,KAR-SHOP-BLRU-2015-000125,TAX_FILING,2024-12-29,NOTICE,tax return or filing activity signal - NOTICE
EVT-0001455,KA-BLRU-560058-000296,LABOUR,LAB-KA-BLRU-2018-000144,RENEWAL,2024-12-29,EXPIRED,licence/registration renewal event captured - EXPIRED
EVT-0001360,KA-BLRR-562114-000274,GST,GST-KA-BLRR-2017-000217,COMPLAINT,2024-12-28,NOTICE,citizen/department complaint signal - NOTICE
EVT-0001551,KA-BLRU-560037-000317,SHOP,KAR-SHOP-BLRU-2022-000212,TAX_FILING,2024-12-28,RESOLVED,tax return or filing activity signal - RESOLVED
EVT-0001275,KA-BLRU-560078-000258,UDYAM,UDYAM-KR-BLRU-2017-000127,ADDRESS_UPDATE,2024-12-26,APPROVED,address correction or amendment signal - APPROVED
EVT-0000492,KA-BLRU-560085-000097,FACTORY,KFBIS-FAC-BLRU-2017-000049,INSPECTION,2024-12-25,RESOLVED,department inspection or site verification event - RESOLVED
EVT-0001317,KA-BLRU-560102-000266,KSPCB,PCB/BLRU/CTE/2022/00119,RENEWAL,2024-12-25,OK,licence/registration renewal event captured - OK
EVT-0000253,KA-BLRU-560102-000050,UDYAM,UDYAM-KR-BLRU-2019-000027,ADDRESS_UPDATE,2024-12-24,APPROVED,address correction or amendment signal - APPROVED
EVT-0001157,KA-BLRU-560064-000234,BBMP,BBMP-TL-YELA-2022-000089,ADDRESS_UPDATE,2024-12-24,PENDING,address correction or amendment signal - PENDING
EVT-0000425,KA-MYS-570016-000082,KSPCB,PCB/MYS/CTE/2023/00035,TAX_FILING,2024-12-23,OK,tax return or filing activity signal - OK
EVT-0001554,KA-BLRU-560037-000317,LABOUR,LAB-KA-BLRU-2021-000156,ADDRESS_UPDATE,2024-12-23,APPROVED,address correction or amendment signal - APPROVED
EVT-0000063,KA-MYS-570001-000013,SHOP,KAR-SHOP-MYS-2015-000009,COMPLAINT,2024-12-22,RESOLVED,citizen/department complaint signal - RESOLVED
EVT-0000613,KA-BLRU-560076-000122,FACTORY,KFBIS-FAC-BLRU-2018-000064,COMPLAINT,2024-12-22,RESOLVED,citizen/department complaint signal - RESOLVED
EVT-0000682,KA-BLRU-560064-000136,BBMP,BBMP-TL-YELA-2019-000048,INSPECTION,2024-12-22,NOTICE,department inspection or site verification event - NOTICE
EVT-0001495,KA-BLRU-560064-000305,GST,GST-KA-BLRU-2024-000243,TAX_FILING,2024-12-22,APPROVED,tax return or filing activity signal - APPROVED
EVT-0000739,KA-BLRU-560085-000148,FACTORY,KFBIS-FAC-BLRU-2022-000074,TAX_FILING,2024-12-21,APPROVED,tax return or filing activity signal - APPROVED
EVT-0001228,KA-BLRR-562110-000247,KSPCB,PCB/BLRR/CTE/2019/00108,ADDRESS_UPDATE,2024-12-21,APPROVED,address correction or amendment signal - APPROVED
EVT-0001233,KA-BLRU-560066-000249,KSPCB,PCB/BLRU/CTO/2025/00110,TAX_FILING,2024-12-19,OK,tax return or filing activity signal - OK
EVT-0000272,KA-BLRU-560037-000054,GST,GST-KA-BLRU-2020-000042,INSPECTION,2024-12-18,NOTICE,department inspection or site verification event - NOTICE
EVT-0001442,KA-BLRR-561203-000294,BBMP,BBMP-TL-BENG-2015-000120,INSPECTION,2024-12-18,EXPIRED,department inspection or site verification event - EXPIRED
EVT-0000550,KA-TUM-572101-000109,KSPCB,PCB/TUM/CTE/2023/00047,ADDRESS_UPDATE,2024-12-17,PENDING,address correction or amendment signal - PENDING
EVT-0001210,KA-BLRR-562157-000245,FACTORY,KFBIS-FAC-BLRR-2023-000109,TAX_FILING,2024-12-17,APPROVED,tax return or filing activity signal - APPROVED
EVT-0000998,KA-MYS-570016-000205,BBMP,BBMP-TL-NORT-2017-000082,INSPECTION,2024-12-15,NOTICE,department inspection or site verification event - NOTICE
EVT-0000638,KA-MYS-570016-000127,LABOUR,LAB-KA-MYS-2020-000062,TAX_FILING,2024-12-14,OK,tax return or filing activity signal - OK
EVT-0001088,KA-MYS-570016-000223,KSPCB,PCB/MYS/CTE/2023/00096,COMPLAINT,2024-12-14,OPEN,citizen/department complaint signal - OPEN
EVT-0000691,KA-MYS-570001-000138,BBMP,BBMP-TL-CENT-2023-000049,TAX_FILING,2024-12-13,OK,tax return or filing activity signal - OK
EVT-0000606,KA-BLRU-560034-000119,KSPCB,PCB/BLRU/CTE/2022/00053,INSPECTION,2024-12-12,RESOLVED,department inspection or site verification event - RESOLVED
EVT-0000999,KA-MYS-570016-000205,BBMP,BBMP-TL-NORT-2017-000082,TAX_FILING,2024-12-12,RESOLVED,tax return or filing activity signal - RESOLVED
EVT-0001486,KA-BLRU-560059-000302,LABOUR,LAB-KA-BLRU-2019-000147,COMPLAINT,2024-12-12,OPEN,citizen/department complaint signal - OPEN
EVT-0000735,KA-BLRU-560085-000148,GST,GST-KA-BLRU-2024-000111,ADDRESS_UPDATE,2024-12-11,NOTICE,address correction or amendment signal - NOTICE
EVT-0001230,KA-BLRU-560058-000248,GST,GST-KA-BLRU-2020-000196,RENEWAL,2024-12-10,EXPIRED,licence/registration renewal event captured - EXPIRED
EVT-0000556,KA-TUM-572101-000109,FACTORY,KFBIS-FAC-TUM-2019-000054,COMPLAINT,2024-12-09,OPEN,citizen/department complaint signal - OPEN
EVT-0000842,KA-MYS-570001-000169,KSPCB,PCB/MYS/CTE/2021/00076,INSPECTION,2024-12-07,OK,department inspection or site verification event - OK
EVT-0000320,KA-TUM-572101-000063,GST,GST-KA-TUM-2020-000050,RENEWAL,2024-12-05,APPROVED,licence/registration renewal event captured - APPROVED
EVT-0000877,KA-BLRU-560102-000176,UDYAM,UDYAM-KR-BLRU-2018-000084,ADDRESS_UPDATE,2024-12-02,APPROVED,address correction or amendment signal - APPROVED
EVT-0000770,KA-BLRR-561203-000155,LABOUR,LAB-KA-BLRR-2017-000074,TAX_FILING,2024-12-01,NOTICE,tax return or filing activity signal - NOTICE
EVT-0000738,KA-BLRU-560085-000148,SHOP,KAR-SHOP-BLRU-2020-000099,RENEWAL,2024-11-29,EXPIRED,licence/registration renewal event captured - EXPIRED
EVT-0001494,KA-BLRU-560064-000305,BBMP,BBMP-TL-YELA-2015-000125,ADDRESS_UPDATE,2024-11-29,PENDING,address correction or amendment signal - PENDING
EVT-0001512,KA-MYS-570016-000309,GST,GST-KA-MYS-2023-000247,TAX_FILING,2024-11-28,EXPIRED,tax return or filing activity signal - EXPIRED
EVT-0000560,KA-BLRU-560102-000111,LABOUR,LAB-KA-BLRU-2024-000055,TAX_FILING,2024-11-27,APPROVED,tax return or filing activity signal - APPROVED
EVT-0000681,KA-BLRU-560064-000136,FACTORY,KFBIS-FAC-BLRU-2017-000069,COMPLAINT,2024-11-26,RESOLVED,citizen/department complaint signal - RESOLVED
EVT-0001254,KA-BLRU-560068-000252,SHOP,KAR-SHOP-BLRU-2023-000166,TAX_FILING,2024-11-26,NOTICE,tax return or filing activity signal - NOTICE
EVT-0001015,KA-MYS-570001-000208,UDYAM,UDYAM-KR-MYS-2022-000102,RENEWAL,2024-11-23,NOTICE,licence/registration renewal event captured - NOTICE
EVT-0001149,KA-BLRR-562157-000232,KSPCB,PCB/BLRR/CTE/2018/00099,COMPLAINT,2024-11-23,OPEN,citizen/department complaint signal - OPEN
EVT-0000514,KA-BLRU-560085-000101,LABOUR,LAB-KA-BLRU-2021-000046,TAX_FILING,2024-11-22,NOTICE,tax return or filing activity signal - NOTICE
EVT-0000737,KA-BLRU-560085-000148,GST,GST-KA-BLRU-2024-000111,INSPECTION,2024-11-22,EXPIRED,department inspection or site verification event - EXPIRED
EVT-0001550,KA-BLRU-560037-000317,SHOP,KAR-SHOP-BLRU-2022-000212,COMPLAINT,2024-11-22,OPEN,citizen/department complaint signal - OPEN
EVT-0000099,KA-BLRR-562110-000019,SHOP,KAR-SHOP-BLRR-2016-000013,INSPECTION,2024-11-21,NOTICE,department inspection or site verification event - NOTICE
EVT-0000422,KA-MYS-570016-000082,FACTORY,KFBIS-FAC-MYS-2021-000039,TAX_FILING,2024-11-21,PENDING,tax return or filing activity signal - PENDING
EVT-0001545,KA-BLRU-560034-000316,KSPCB,PCB/BLRU/CTO/2023/00143,INSPECTION,2024-11-21,OK,department inspection or site verification event - OK
EVT-0001064,KA-BLRU-560029-000218,KSPCB,PCB/BLRU/CTO/2015/00094,INSPECTION,2024-11-19,EXPIRED,department inspection or site verification event - EXPIRED
EVT-0000764,KA-BLRU-560043-000154,GST,GST-KA-BLRU-2015-000117,TAX_FILING,2024-11-18,PENDING,tax return or filing activity signal - PENDING
EVT-0001564,KA-BLRR-562110-000320,GST,GST-KA-BLRR-2018-000253,ADDRESS_UPDATE,2024-11-16,EXPIRED,address correction or amendment signal - EXPIRED
EVT-0000115,KA-MYS-570016-000022,KSPCB,PCB/MYS/CTE/2021/00011,COMPLAINT,2024-11-14,RESOLVED,citizen/department complaint signal - RESOLVED
EVT-0001527,KA-MYS-570018-000313,FACTORY,KFBIS-FAC-MYS-2015-000137,TAX_FILING,2024-11-14,NOTICE,tax return or filing activity signal - NOTICE
EVT-0000497,KA-BLRU-560029-000098,KSPCB,PCB/BLRU/CTE/2019/00041,INSPECTION,2024-11-11,APPROVED,department inspection or site verification event - APPROVED
EVT-0000696,KA-BLRU-560037-000139,BBMP,BBMP-TL-MAHA-2023-000050,ADDRESS_UPDATE,2024-11-10,EXPIRED,address correction or amendment signal - EXPIRED
EVT-0000975,KA-BLRR-562110-000199,UDYAM,UDYAM-KR-BLRR-2023-000095,RENEWAL,2024-11-06,RESOLVED,licence/registration renewal event captured - RESOLVED
EVT-0001582,KA-BLRU-560102-000325,GST,GST-KA-BLRU-2019-000258,INSPECTION,2024-11-06,OK,department inspection or site verification event - OK
EVT-0000557,KA-BLRU-560085-000110,UDYAM,UDYAM-KR-BLRU-2021-000054,ADDRESS_UPDATE,2024-11-05,APPROVED,address correction or amendment signal - APPROVED
EVT-0000424,KA-MYS-570016-000082,FACTORY,KFBIS-FAC-MYS-2021-000039,COMPLAINT,2024-11-03,OPEN,citizen/department complaint signal - OPEN
EVT-0001091,KA-MYS-570016-000223,SHOP,KAR-SHOP-MYS-2018-000147,RENEWAL,2024-11-01,NOTICE,licence/registration renewal event captured - NOTICE
EVT-0000690,KA-MYS-570001-000138,SHOP,KAR-SHOP-MYS-2022-000092,ADDRESS_UPDATE,2024-10-31,PENDING,address correction or amendment signal - PENDING
EVT-0000068,KA-BLRU-560100-000014,FACTORY,KFBIS-FAC-BLRU-2019-000006,TAX_FILING,2024-10-30,OK,tax return or filing activity signal - OK
EVT-0000948,KA-BLRU-560085-000193,GST,GST-KA-BLRU-2019-000147,TAX_FILING,2024-10-21,PENDING,tax return or filing activity signal - PENDING
EVT-0000639,KA-MYS-570016-000127,GST,GST-KA-MYS-2025-000094,TAX_FILING,2024-10-20,EXPIRED,tax return or filing activity signal - EXPIRED
EVT-0000675,KA-BLRU-560043-000134,GST,GST-KA-BLRU-2017-000100,RENEWAL,2024-10-20,NOTICE,licence/registration renewal event captured - NOTICE
EVT-0001469,KA-BLRU-560078-000299,GST,GST-KA-BLRU-2020-000239,INSPECTION,2024-10-20,PENDING,department inspection or site verification event - PENDING
EVT-0000549,KA-BLRU-560064-000108,GST,GST-KA-BLRU-2019-000080,RENEWAL,2024-10-19,PENDING,licence/registration renewal event captured - PENDING
EVT-0001248,KA-BLRU-560102-000251,GST,GST-KA-BLRU-2018-000199,TAX_FILING,2024-10-16,OK,tax return or filing activity signal - OK
EVT-0000002,KA-BLRU-560037-000001,SHOP,KAR-SHOP-BLRU-2016-000001,RENEWAL,2024-10-12,RESOLVED,licence/registration renewal event captured - RESOLVED
EVT-0000085,KA-BLRR-562110-000017,BBMP,BBMP-TL-BENG-2020-000006,RENEWAL,2024-10-09,NOTICE,licence/registration renewal event captured - NOTICE
EVT-0000299,KA-BLRU-560043-000058,SHOP,KAR-SHOP-BLRU-2019-000043,INSPECTION,2024-10-08,EXPIRED,department inspection or site verification event - EXPIRED
EVT-0000304,KA-MYS-570018-000059,GST,GST-KA-MYS-2024-000047,ADDRESS_UPDATE,2024-10-08,OK,address correction or amendment signal - OK
EVT-0001165,KA-BLRU-560076-000235,SHOP,KAR-SHOP-BLRU-2023-000154,ADDRESS_UPDATE,2024-10-08,OK,address correction or amendment signal - OK
EVT-0000958,KA-BLRU-560100-000196,LABOUR,LAB-KA-BLRU-2019-000097,TAX_FILING,2024-10-07,RESOLVED,tax return or filing activity signal - RESOLVED
EVT-0001263,KA-BLRU-560058-000255,GST,GST-KA-BLRU-2024-000203,COMPLAINT,2024-10-07,OPEN,citizen/department complaint signal - OPEN
EVT-0000825,KA-BLRU-560024-000167,KSPCB,PCB/BLRU/CTO/2025/00075,CONSENT_APPROVAL,2024-10-05,RESOLVED,pollution consent application/approval signal - RESOLVED
EVT-0001256,KA-BLRR-561203-000253,GST,GST-KA-BLRR-2025-000201,ADDRESS_UPDATE,2024-10-05,EXPIRED,address correction or amendment signal - EXPIRED
EVT-0001542,KA-BLRU-560064-000315,LABOUR,LAB-KA-BLRU-2018-000154,TAX_FILING,2024-10-04,RESOLVED,tax return or filing activity signal - RESOLVED
EVT-0001340,KA-BLRU-560058-000270,GST,GST-KA-BLRU-2021-000213,COMPLAINT,2024-10-03,RESOLVED,citizen/department complaint signal - RESOLVED
EVT-0000118,KA-BLRU-560102-000023,BBMP,BBMP-TL-BOMM-2019-000008,COMPLAINT,2024-10-02,NOTICE,citizen/department complaint signal - NOTICE
EVT-0000642,KA-BLRR-562110-000128,BBMP,BBMP-TL-BENG-2022-000045,RENEWAL,2024-10-02,NOTICE,licence/registration renewal event captured - NOTICE
EVT-0000853,KA-BLRU-560024-000172,LABOUR,LAB-KA-BLRU-2025-000082,TAX_FILING,2024-10-02,APPROVED,tax return or filing activity signal - APPROVED
EVT-0001346,KA-BLRU-560034-000272,UDYAM,UDYAM-KR-BLRU-2017-000134,COMPLAINT,2024-10-02,NOTICE,citizen/department complaint signal - NOTICE
EVT-0000125,KA-BLRU-560085-000024,LABOUR,LAB-KA-BLRU-2015-000012,RENEWAL,2024-10-01,NOTICE,licence/registration renewal event captured - NOTICE
EVT-0000905,KA-BLRU-560102-000182,GST,GST-KA-BLRU-2024-000142,TAX_FILING,2024-10-01,APPROVED,tax return or filing activity signal - APPROVED
EVT-0000959,KA-BLRU-560100-000196,GST,GST-KA-BLRU-2022-000150,ADDRESS_UPDATE,2024-10-01,EXPIRED,address correction or amendment signal - EXPIRED
EVT-0001066,KA-BLRU-560029-000218,KSPCB,PCB/BLRU/CTO/2015/00094,INSPECTION,2024-10-01,PENDING,department inspection or site verification event - PENDING
EVT-0001183,KA-MYS-570018-000240,GST,GST-KA-MYS-2015-000188,ADDRESS_UPDATE,2024-10-01,OK,address correction or amendment signal - OK
EVT-0000604,KA-BLRU-560034-000119,KSPCB,PCB/BLRU/CTE/2022/00053,INSPECTION,2024-09-28,RESOLVED,department inspection or site verification event - RESOLVED
EVT-0000773,KA-BLRU-560085-000156,SHOP,KAR-SHOP-BLRU-2023-000104,TAX_FILING,2024-09-28,EXPIRED,tax return or filing activity signal - EXPIRED
EVT-0000150,KA-BLRU-560064-000029,UDYAM,UDYAM-KR-BLRU-2019-000014,COMPLAINT,2024-09-27,NOTICE,citizen/department complaint signal - NOTICE
EVT-0001557,KA-MYS-570016-000318,UDYAM,UDYAM-KR-MYS-2018-000161,TAX_FILING,2024-09-27,RESOLVED,tax return or filing activity signal - RESOLVED
EVT-0000947,KA-BLRU-560085-000193,GST,GST-KA-BLRU-2019-000147,TAX_FILING,2024-09-25,OK,tax return or filing activity signal - OK
EVT-0001084,KA-BLRU-560024-000222,SHOP,KAR-SHOP-BLRU-2023-000146,TAX_FILING,2024-09-25,APPROVED,tax return or filing activity signal - APPROVED
EVT-0001219,KA-BLRU-560085-000246,KSPCB,PCB/BLRU/CTE/2025/00107,INSPECTION,2024-09-25,APPROVED,department inspection or site verification event - APPROVED
EVT-0000057,KA-MYS-570001-000013,BBMP,BBMP-TL-CENT-2021-000003,INSPECTION,2024-09-24,NOTICE,department inspection or site verification event - NOTICE
EVT-0000888,KA-MYS-570018-000179,GST,GST-KA-MYS-2021-000140,ADDRESS_UPDATE,2024-09-23,RESOLVED,address correction or amendment signal - RESOLVED
EVT-0001371,KA-BLRU-560029-000276,SHOP,KAR-SHOP-BLRU-2025-000185,ADDRESS_UPDATE,2024-09-23,EXPIRED,address correction or amendment signal - EXPIRED
EVT-0000755,KA-BLRU-560058-000153,LABOUR,LAB-KA-BLRU-2018-000073,INSPECTION,2024-09-22,PENDING,department inspection or site verification event - PENDING
EVT-0001223,KA-BLRR-562110-000247,UDYAM,UDYAM-KR-BLRR-2017-000121,RENEWAL,2024-09-22,EXPIRED,licence/registration renewal event captured - EXPIRED
EVT-0001062,KA-BLRU-560029-000218,SHOP,KAR-SHOP-BLRU-2017-000143,RENEWAL,2024-09-20,EXPIRED,licence/registration renewal event captured - EXPIRED
EVT-0001063,KA-BLRU-560029-000218,KSPCB,PCB/BLRU/CTO/2015/00094,COMPLAINT,2024-09-18,NOTICE,citizen/department complaint signal - NOTICE
EVT-0000657,KA-BLRU-560058-000130,GST,GST-KA-BLRU-2021-000097,INSPECTION,2024-09-17,EXPIRED,department inspection or site verification event - EXPIRED
EVT-0000792,KA-TUM-572106-000159,LABOUR,LAB-KA-TUM-2024-000076,COMPLAINT,2024-09-17,OPEN,citizen/department complaint signal - OPEN
EVT-0001141,KA-TUM-572101-000231,SHOP,KAR-SHOP-TUM-2025-000152,COMPLAINT,2024-09-16,OPEN,citizen/department complaint signal - OPEN
EVT-0001379,KA-BLRU-560076-000279,GST,GST-KA-BLRU-2020-000221,ADDRESS_UPDATE,2024-09-15,OK,address correction or amendment signal - OK
EVT-0001524,KA-BLRU-560059-000312,KSPCB,PCB/BLRU/CTE/2017/00141,INSPECTION,2024-09-15,EXPIRED,department inspection or site verification event - EXPIRED
EVT-0000653,KA-BLRU-560043-000129,UDYAM,UDYAM-KR-BLRU-2015-000062,RENEWAL,2024-09-14,NOTICE,licence/registration renewal event captured - NOTICE
EVT-0000750,KA-BLRU-560066-000152,LABOUR,LAB-KA-BLRU-2023-000072,RENEWAL,2024-09-14,APPROVED,licence/registration renewal event captured - APPROVED
EVT-0000377,KA-BLRU-560037-000073,GST,GST-KA-BLRU-2023-000057,TAX_FILING,2024-09-12,OK,tax return or filing activity signal - OK
EVT-0000679,KA-BLRR-562110-000135,FACTORY,KFBIS-FAC-BLRR-2021-000068,RENEWAL,2024-09-12,EXPIRED,licence/registration renewal event captured - EXPIRED
EVT-0000207,KA-BLRU-560085-000041,SHOP,KAR-SHOP-BLRU-2018-000028,RENEWAL,2024-09-11,OK,licence/registration renewal event captured - OK
EVT-0000949,KA-BLRU-560085-000193,GST,GST-KA-BLRU-2019-000147,RENEWAL,2024-09-11,EXPIRED,licence/registration renewal event captured - EXPIRED
EVT-0000756,KA-BLRU-560058-000153,GST,GST-KA-BLRU-2016-000116,INSPECTION,2024-09-10,OK,department inspection or site verification event - OK
EVT-0000254,KA-BLRU-560076-000051,LABOUR,LAB-KA-BLRU-2023-000025,COMPLAINT,2024-09-09,NOTICE,citizen/department complaint signal - NOTICE
EVT-0000196,KA-BLRU-560085-000038,SHOP,KAR-SHOP-BLRU-2018-000026,INSPECTION,2024-09-07,PENDING,department inspection or site verification event - PENDING
EVT-0000758,KA-BLRU-560058-000153,LABOUR,LAB-KA-BLRU-2018-000073,ADDRESS_UPDATE,2024-09-07,APPROVED,address correction or amendment signal - APPROVED
EVT-0000759,KA-BLRU-560058-000153,BBMP,BBMP-TL-DASA-2017-000055,COMPLAINT,2024-09-06,NOTICE,citizen/department complaint signal - NOTICE
EVT-0001013,KA-MYS-570001-000208,GST,GST-KA-MYS-2020-000160,ADDRESS_UPDATE,2024-09-05,OK,address correction or amendment signal - OK
EVT-0001452,KA-BLRU-560058-000296,LABOUR,LAB-KA-BLRU-2018-000144,COMPLAINT,2024-09-05,OPEN,citizen/department complaint signal - OPEN
EVT-0000899,KA-BLRU-560076-000181,KSPCB,PCB/BLRU/CTE/2018/00082,INSPECTION,2024-09-04,RESOLVED,department inspection or site verification event - RESOLVED
EVT-0000946,KA-BLRU-560085-000193,GST,GST-KA-BLRU-2019-000147,ADDRESS_UPDATE,2024-09-03,RESOLVED,address correction or amendment signal - RESOLVED
EVT-0000987,KA-BLRU-560059-000202,BBMP,BBMP-TL-WEST-2017-000079,RENEWAL,2024-08-31,APPROVED,licence/registration renewal event captured - APPROVED
EVT-0000409,KA-BLRU-560068-000080,KSPCB,PCB/BLRU/CTO/2016/00034,RENEWAL,2024-08-29,EXPIRED,licence/registration renewal event captured - EXPIRED
EVT-0001260,KA-BLRU-560058-000255,LABOUR,LAB-KA-BLRU-2025-000124,INSPECTION,2024-08-29,PENDING,department inspection or site verification event - PENDING
EVT-0001366,KA-BLRU-560029-000276,SHOP,KAR-SHOP-BLRU-2025-000185,ADDRESS_UPDATE,2024-08-28,NOTICE,address correction or amendment signal - NOTICE
EVT-0000195,KA-BLRU-560085-000038,SHOP,KAR-SHOP-BLRU-2018-000026,RENEWAL,2024-08-27,RESOLVED,licence/registration renewal event captured - RESOLVED
EVT-0000856,KA-BLRU-560024-000173,LABOUR,LAB-KA-BLRU-2017-000083,TAX_FILING,2024-08-27,PENDING,tax return or filing activity signal - PENDING
EVT-0000957,KA-BLRU-560100-000196,GST,GST-KA-BLRU-2022-000150,RENEWAL,2024-08-27,APPROVED,licence/registration renewal event captured - APPROVED
EVT-0001339,KA-BLRU-560058-000270,LABOUR,LAB-KA-BLRU-2020-000133,RENEWAL,2024-08-27,RESOLVED,licence/registration renewal event captured - RESOLVED
EVT-0000275,KA-BLRU-560059-000055,SHOP,KAR-SHOP-BLRU-2022-000040,RENEWAL,2024-08-26,NOTICE,licence/registration renewal event captured - NOTICE
EVT-0000220,KA-MYS-570016-000044,UDYAM,UDYAM-KR-MYS-2017-000023,ADDRESS_UPDATE,2024-08-24,PENDING,address correction or amendment signal - PENDING
EVT-0001326,KA-BLRU-560066-000268,LABOUR,LAB-KA-BLRU-2020-000131,COMPLAINT,2024-08-24,RESOLVED,citizen/department complaint signal - RESOLVED
EVT-0000331,KA-BLRU-560034-000064,GST,GST-KA-BLRU-2021-000051,ADDRESS_UPDATE,2024-08-21,PENDING,address correction or amendment signal - PENDING
EVT-0000757,KA-BLRU-560058-000153,BBMP,BBMP-TL-DASA-2017-000055,TAX_FILING,2024-08-20,PENDING,tax return or filing activity signal - PENDING
EVT-0001229,KA-BLRR-562110-000247,KSPCB,PCB/BLRR/CTE/2019/00108,CONSENT_APPROVAL,2024-08-20,PENDING,pollution consent application/approval signal - PENDING
EVT-0000328,KA-BLRU-560034-000064,FACTORY,KFBIS-FAC-BLRU-2023-000030,COMPLAINT,2024-08-17,RESOLVED,citizen/department complaint signal - RESOLVED
EVT-0001065,KA-BLRU-560029-000218,SHOP,KAR-SHOP-BLRU-2017-000143,TAX_FILING,2024-08-17,NOTICE,tax return or filing activity signal - NOTICE
EVT-0001085,KA-BLRU-560024-000222,SHOP,KAR-SHOP-BLRU-2023-000146,INSPECTION,2024-08-17,RESOLVED,department inspection or site verification event - RESOLVED
EVT-0000021,KA-BLRU-560059-000005,SHOP,KAR-SHOP-BLRU-2016-000002,INSPECTION,2024-08-16,RESOLVED,department inspection or site verification event - RESOLVED
EVT-0000911,KA-BLRU-560066-000184,SHOP,KAR-SHOP-BLRU-2018-000123,TAX_FILING,2024-08-16,OK,tax return or filing activity signal - OK
EVT-0001286,KA-BLRU-560029-000261,SHOP,KAR-SHOP-BLRU-2023-000173,COMPLAINT,2024-08-16,OPEN,citizen/department complaint signal - OPEN
EVT-0001377,KA-BLRU-560076-000279,GST,GST-KA-BLRU-2020-000221,RENEWAL,2024-08-15,APPROVED,licence/registration renewal event captured - APPROVED
EVT-0000754,KA-BLRU-560058-000153,GST,GST-KA-BLRU-2016-000116,TAX_FILING,2024-08-14,RESOLVED,tax return or filing activity signal - RESOLVED
EVT-0000020,KA-BLRU-560059-000005,KSPCB,PCB/BLRU/CTO/2017/00002,ADDRESS_UPDATE,2024-08-13,RESOLVED,address correction or amendment signal - RESOLVED
EVT-0000219,KA-MYS-570016-000044,GST,GST-KA-MYS-2024-000034,INSPECTION,2024-08-12,APPROVED,department inspection or site verification event - APPROVED
EVT-0001075,KA-BLRU-560024-000220,BBMP,BBMP-TL-YELA-2020-000085,COMPLAINT,2024-08-11,NOTICE,citizen/department complaint signal - NOTICE
EVT-0001487,KA-BLRU-560059-000302,GST,GST-KA-BLRU-2016-000242,INSPECTION,2024-08-11,PENDING,department inspection or site verification event - PENDING
EVT-0000822,KA-BLRU-560001-000166,UDYAM,UDYAM-KR-BLRU-2018-000080,RENEWAL,2024-08-09,RESOLVED,licence/registration renewal event captured - RESOLVED
EVT-0001051,KA-BLRU-560064-000215,KSPCB,PCB/BLRU/CTE/2023/00092,INSPECTION,2024-08-09,RESOLVED,department inspection or site verification event - RESOLVED
EVT-0000052,KA-MYS-570001-000012,KSPCB,PCB/MYS/CTO/2023/00006,INSPECTION,2024-08-07,EXPIRED,department inspection or site verification event - EXPIRED
EVT-0000339,KA-BLRU-560076-000065,SHOP,KAR-SHOP-BLRU-2018-000046,ADDRESS_UPDATE,2024-08-06,OK,address correction or amendment signal - OK
EVT-0000001,KA-BLRU-560037-000001,SHOP,KAR-SHOP-BLRU-2016-000001,ADDRESS_UPDATE,2024-08-05,APPROVED,address correction or amendment signal - APPROVED
EVT-0000029,KA-BLRU-560102-000007,SHOP,KAR-SHOP-BLRU-2022-000004,RENEWAL,2024-08-05,APPROVED,licence/registration renewal event captured - APPROVED
EVT-0000428,KA-MYS-570016-000082,KSPCB,PCB/MYS/CTE/2023/00035,INSPECTION,2024-08-02,EXPIRED,department inspection or site verification event - EXPIRED
EVT-0001056,KA-MYS-570016-000216,GST,GST-KA-MYS-2024-000167,TAX_FILING,2024-08-02,APPROVED,tax return or filing activity signal - APPROVED
EVT-0001480,KA-BLRU-560059-000302,KSPCB,PCB/BLRU/CTO/2020/00135,TAX_FILING,2024-08-02,OK,tax return or filing activity signal - OK
EVT-0000333,KA-BLRU-560076-000065,GST,GST-KA-BLRU-2020-000052,INSPECTION,2024-08-01,RESOLVED,department inspection or site verification event - RESOLVED
EVT-0000741,KA-BLRU-560066-000149,SHOP,KAR-SHOP-BLRU-2022-000100,ADDRESS_UPDATE,2024-08-01,PENDING,address correction or amendment signal - PENDING
EVT-0000053,KA-MYS-570001-000012,KSPCB,PCB/MYS/CTO/2023/00006,TAX_FILING,2024-07-31,NOTICE,tax return or filing activity signal - NOTICE
EVT-0000361,KA-BLRU-560001-000070,KSPCB,PCB/BLRU/CTE/2020/00028,RENEWAL,2024-07-28,RESOLVED,licence/registration renewal event captured - RESOLVED
EVT-0001376,KA-BLRU-560076-000279,GST,GST-KA-BLRU-2020-000221,COMPLAINT,2024-07-28,OPEN,citizen/department complaint signal - OPEN
EVT-0001086,KA-BLRU-560024-000222,GST,GST-KA-BLRU-2015-000173,COMPLAINT,2024-07-27,OPEN,citizen/department complaint signal - OPEN
EVT-0000433,KA-BLRU-560100-000083,SHOP,KAR-SHOP-BLRU-2022-000058,ADDRESS_UPDATE,2024-07-26,PENDING,address correction or amendment signal - PENDING
EVT-0000878,KA-BLRU-560102-000176,UDYAM,UDYAM-KR-BLRU-2018-000084,RENEWAL,2024-07-26,OK,licence/registration renewal event captured - OK
EVT-0001142,KA-TUM-572101-000231,SHOP,KAR-SHOP-TUM-2025-000152,INSPECTION,2024-07-26,APPROVED,department inspection or site verification event - APPROVED
EVT-0000213,KA-MYS-570016-000042,SHOP,KAR-SHOP-MYS-2025-000029,ADDRESS_UPDATE,2024-07-22,APPROVED,address correction or amendment signal - APPROVED
EVT-0000208,KA-BLRU-560085-000041,BBMP,BBMP-TL-SOUT-2019-000012,RENEWAL,2024-07-21,PENDING,licence/registration renewal event captured - PENDING
EVT-0000335,KA-BLRU-560076-000065,UDYAM,UDYAM-KR-BLRU-2016-000037,INSPECTION,2024-07-21,NOTICE,department inspection or site verification event - NOTICE
EVT-0000352,KA-MYS-570001-000068,BBMP,BBMP-TL-CENT-2019-000022,INSPECTION,2024-07-20,RESOLVED,department inspection or site verification event - RESOLVED
EVT-0000843,KA-MYS-570001-000169,KSPCB,PCB/MYS/CTE/2021/00076,CONSENT_APPROVAL,2024-07-19,APPROVED,pollution consent application/approval signal - APPROVED
EVT-0000835,KA-BLRR-562110-000168,BBMP,BBMP-TL-BENG-2021-000062,TAX_FILING,2024-07-18,NOTICE,tax return or filing activity signal - NOTICE
EVT-0000689,KA-BLRU-560100-000137,GST,GST-KA-BLRU-2024-000103,INSPECTION,2024-07-16,EXPIRED,department inspection or site verification event - EXPIRED
EVT-0000485,KA-MYS-570016-000096,SHOP,KAR-SHOP-MYS-2023-000067,INSPECTION,2024-07-13,OK,department inspection or site verification event - OK
EVT-0000554,KA-TUM-572101-000109,GST,GST-KA-TUM-2023-000081,COMPLAINT,2024-07-12,RESOLVED,citizen/department complaint signal - RESOLVED
EVT-0000617,KA-BLRU-560024-000123,BBMP,BBMP-TL-YELA-2020-000044,INSPECTION,2024-07-12,PENDING,department inspection or site verification event - PENDING
EVT-0000034,KA-BLRU-560100-000008,KSPCB,PCB/BLRU/CTO/2020/00004,INSPECTION,2024-07-10,PENDING,department inspection or site verification event - PENDING
EVT-0000558,KA-BLRU-560085-000110,GST,GST-KA-BLRU-2025-000082,INSPECTION,2024-07-08,APPROVED,department inspection or site verification event - APPROVED
EVT-0000760,KA-BLRU-560058-000153,SHOP,KAR-SHOP-BLRU-2023-000102,TAX_FILING,2024-07-08,EXPIRED,tax return or filing activity signal - EXPIRED
EVT-0001531,KA-BLRU-560034-000314,SHOP,KAR-SHOP-BLRU-2023-000211,TAX_FILING,2024-07-04,OK,tax return or filing activity signal - OK
EVT-0001536,KA-BLRU-560064-000315,LABOUR,LAB-KA-BLRU-2018-000154,INSPECTION,2024-07-04,EXPIRED,department inspection or site verification event - EXPIRED
EVT-0000648,KA-BLRR-562110-000128,LABOUR,LAB-KA-BLRR-2016-000063,INSPECTION,2024-06-29,OK,department inspection or site verification event - OK
EVT-0000800,KA-TUM-572106-000160,BBMP,BBMP-TL-TUMA-2018-000057,TAX_FILING,2024-06-29,PENDING,tax return or filing activity signal - PENDING
EVT-0001225,KA-BLRR-562110-000247,GST,GST-KA-BLRR-2025-000195,RENEWAL,2024-06-29,RESOLVED,licence/registration renewal event captured - RESOLVED
EVT-0001522,KA-BLRU-560059-000312,SHOP,KAR-SHOP-BLRU-2016-000210,COMPLAINT,2024-06-27,RESOLVED,citizen/department complaint signal - RESOLVED
EVT-0000363,KA-BLRU-560001-000070,GST,GST-KA-BLRU-2016-000054,COMPLAINT,2024-06-26,NOTICE,citizen/department complaint signal - NOTICE
EVT-0000806,KA-BLRU-560037-000162,LABOUR,LAB-KA-BLRU-2015-000078,COMPLAINT,2024-06-26,OPEN,citizen/department complaint signal - OPEN
EVT-0000312,KA-BLRR-562114-000061,LABOUR,LAB-KA-BLRR-2021-000031,ADDRESS_UPDATE,2024-06-25,EXPIRED,address correction or amendment signal - EXPIRED
EVT-0001070,KA-BLRR-562157-000219,LABOUR,LAB-KA-BLRR-2023-000109,INSPECTION,2024-06-25,NOTICE,department inspection or site verification event - NOTICE
EVT-0000291,KA-MYS-570016-000057,FACTORY,KFBIS-FAC-MYS-2018-000025,COMPLAINT,2024-06-24,OPEN,citizen/department complaint signal - OPEN
EVT-0000937,KA-BLRU-560068-000190,LABOUR,LAB-KA-BLRU-2017-000092,INSPECTION,2024-06-24,PENDING,department inspection or site verification event - PENDING
EVT-0000375,KA-BLRU-560037-000073,GST,GST-KA-BLRU-2023-000057,TAX_FILING,2024-06-23,PENDING,tax return or filing activity signal - PENDING
EVT-0000969,KA-BLRU-560059-000198,BBMP,BBMP-TL-WEST-2018-000077,INSPECTION,2024-06-23,RESOLVED,department inspection or site verification event - RESOLVED
EVT-0000970,KA-BLRU-560059-000198,UDYAM,UDYAM-KR-BLRU-2015-000094,COMPLAINT,2024-06-23,NOTICE,citizen/department complaint signal - NOTICE
EVT-0000961,KA-BLRU-560068-000197,BBMP,BBMP-TL-SOUT-2016-000076,COMPLAINT,2024-06-22,OPEN,citizen/department complaint signal - OPEN
EVT-0000397,KA-BLRR-562114-000078,LABOUR,LAB-KA-BLRR-2022-000035,TAX_FILING,2024-06-21,OK,tax return or filing activity signal - OK
EVT-0000364,KA-BLRU-560001-000070,SHOP,KAR-SHOP-BLRU-2017-000050,ADDRESS_UPDATE,2024-06-19,RESOLVED,address correction or amendment signal - RESOLVED
EVT-0000717,KA-BLRU-560076-000145,LABOUR,LAB-KA-BLRU-2017-000068,ADDRESS_UPDATE,2024-06-18,RESOLVED,address correction or amendment signal - RESOLVED
EVT-0001077,KA-BLRU-560024-000220,BBMP,BBMP-TL-YELA-2020-000085,COMPLAINT,2024-06-17,OPEN,citizen/department complaint signal - OPEN
EVT-0001357,KA-BLRR-562114-000274,GST,GST-KA-BLRR-2017-000217,RENEWAL,2024-06-17,OK,licence/registration renewal event captured - OK
EVT-0001151,KA-BLRR-562157-000232,LABOUR,LAB-KA-BLRR-2023-000118,INSPECTION,2024-06-16,OK,department inspection or site verification event - OK
EVT-0000834,KA-BLRR-562110-000168,GST,GST-KA-BLRR-2023-000130,RENEWAL,2024-06-15,NOTICE,licence/registration renewal event captured - NOTICE
EVT-0001061,KA-BLRU-560029-000217,LABOUR,LAB-KA-BLRU-2023-000107,COMPLAINT,2024-06-14,OPEN,citizen/department complaint signal - OPEN
EVT-0000519,KA-TUM-572106-000102,UDYAM,UDYAM-KR-TUM-2024-000050,ADDRESS_UPDATE,2024-06-11,NOTICE,address correction or amendment signal - NOTICE
EVT-0000123,KA-BLRU-560085-000024,LABOUR,LAB-KA-BLRU-2015-000012,TAX_FILING,2024-06-10,PENDING,tax return or filing activity signal - PENDING
EVT-0001242,KA-BLRU-560064-000250,LABOUR,LAB-KA-BLRU-2020-000122,TAX_FILING,2024-06-10,RESOLVED,tax return or filing activity signal - RESOLVED
EVT-0001540,KA-BLRU-560064-000315,LABOUR,LAB-KA-BLRU-2018-000154,COMPLAINT,2024-06-09,RESOLVED,citizen/department complaint signal - RESOLVED
EVT-0001241,KA-BLRU-560064-000250,SHOP,KAR-SHOP-BLRU-2019-000164,TAX_FILING,2024-06-08,NOTICE,tax return or filing activity signal - NOTICE
EVT-0000788,KA-BLRU-560068-000158,FACTORY,KFBIS-FAC-BLRU-2020-000078,COMPLAINT,2024-06-07,RESOLVED,citizen/department complaint signal - RESOLVED
EVT-0000256,KA-BLRU-560076-000051,KSPCB,PCB/BLRU/CTO/2021/00019,CONSENT_APPROVAL,2024-06-06,APPROVED,pollution consent application/approval signal - APPROVED
EVT-0000993,KA-BLRU-560068-000204,GST,GST-KA-BLRU-2022-000157,INSPECTION,2024-06-06,NOTICE,department inspection or site verification event - NOTICE
EVT-0000338,KA-BLRU-560076-000065,GST,GST-KA-BLRU-2020-000052,ADDRESS_UPDATE,2024-06-04,APPROVED,address correction or amendment signal - APPROVED
EVT-0000413,KA-BLRU-560068-000080,LABOUR,LAB-KA-BLRU-2018-000037,TAX_FILING,2024-06-04,EXPIRED,tax return or filing activity signal - EXPIRED
EVT-0000416,KA-BLRU-560058-000081,UDYAM,UDYAM-KR-BLRU-2023-000041,INSPECTION,2024-06-04,APPROVED,department inspection or site verification event - APPROVED
EVT-0000044,KA-BLRU-560085-000010,SHOP,KAR-SHOP-BLRU-2022-000007,TAX_FILING,2024-06-03,RESOLVED,tax return or filing activity signal - RESOLVED
EVT-0000391,KA-MYS-570001-000077,SHOP,KAR-SHOP-MYS-2020-000054,INSPECTION,2024-06-01,PENDING,department inspection or site verification event - PENDING
EVT-0000520,KA-TUM-572106-000102,GST,GST-KA-TUM-2020-000076,RENEWAL,2024-05-31,PENDING,licence/registration renewal event captured - PENDING
EVT-0001477,KA-BLRU-560100-000300,KSPCB,PCB/BLRU/CTO/2017/00134,TAX_FILING,2024-05-31,APPROVED,tax return or filing activity signal - APPROVED
EVT-0000609,KA-BLRR-562110-000120,SHOP,KAR-SHOP-BLRR-2016-000079,COMPLAINT,2024-05-30,NOTICE,citizen/department complaint signal - NOTICE
EVT-0001478,KA-BLRU-560064-000301,GST,GST-KA-BLRU-2021-000241,TAX_FILING,2024-05-30,APPROVED,tax return or filing activity signal - APPROVED
EVT-0001528,KA-MYS-570018-000313,FACTORY,KFBIS-FAC-MYS-2015-000137,ADDRESS_UPDATE,2024-05-27,EXPIRED,address correction or amendment signal - EXPIRED
EVT-0001121,KA-BLRU-560059-000228,FACTORY,KFBIS-FAC-BLRU-2025-000104,INSPECTION,2024-05-26,RESOLVED,department inspection or site verification event - RESOLVED
EVT-0000518,KA-TUM-572106-000102,GST,GST-KA-TUM-2020-000076,TAX_FILING,2024-05-25,RESOLVED,tax return or filing activity signal - RESOLVED
EVT-0000779,KA-BLRU-560059-000157,KSPCB,PCB/BLRU/CTE/2025/00070,ADDRESS_UPDATE,2024-05-25,OK,address correction or amendment signal - OK
EVT-0001068,KA-BLRR-562157-000219,FACTORY,KFBIS-FAC-BLRR-2023-000101,TAX_FILING,2024-05-24,APPROVED,tax return or filing activity signal - APPROVED
EVT-0001331,KA-BLRU-560066-000269,GST,GST-KA-BLRU-2020-000212,RENEWAL,2024-05-24,APPROVED,licence/registration renewal event captured - APPROVED
EVT-0000481,KA-BLRU-560029-000095,KSPCB,PCB/BLRU/CTO/2020/00039,ADDRESS_UPDATE,2024-05-23,PENDING,address correction or amendment signal - PENDING
EVT-0000336,KA-BLRU-560076-000065,GST,GST-KA-BLRU-2020-000052,RENEWAL,2024-05-22,PENDING,licence/registration renewal event captured - PENDING
EVT-0001010,KA-BLRU-560102-000207,GST,GST-KA-BLRU-2022-000159,RENEWAL,2024-05-21,APPROVED,licence/registration renewal event captured - APPROVED
EVT-0000813,KA-BLRU-560058-000164,GST,GST-KA-BLRU-2018-000127,ADDRESS_UPDATE,2024-05-20,RESOLVED,address correction or amendment signal - RESOLVED
EVT-0000971,KA-BLRU-560059-000198,GST,GST-KA-BLRU-2020-000152,RENEWAL,2024-05-20,OK,licence/registration renewal event captured - OK
EVT-0000008,KA-BLRR-561203-000003,FACTORY,KFBIS-FAC-BLRR-2020-000002,RENEWAL,2024-05-19,RESOLVED,licence/registration renewal event captured - RESOLVED
EVT-0000517,KA-TUM-572106-000102,LABOUR,LAB-KA-TUM-2016-000047,RENEWAL,2024-05-19,APPROVED,licence/registration renewal event captured - APPROVED
EVT-0000081,KA-BLRR-561203-000016,GST,GST-KA-BLRR-2017-000011,INSPECTION,2024-05-17,RESOLVED,department inspection or site verification event - RESOLVED
EVT-0000393,KA-BLRR-562114-000078,LABOUR,LAB-KA-BLRR-2022-000035,RENEWAL,2024-05-15,RESOLVED,licence/registration renewal event captured - RESOLVED
EVT-0001332,KA-BLRU-560066-000269,LABOUR,LAB-KA-BLRU-2018-000132,TAX_FILING,2024-05-14,PENDING,tax return or filing activity signal - PENDING
EVT-0000622,KA-BLRU-560024-000123,BBMP,BBMP-TL-YELA-2020-000044,ADDRESS_UPDATE,2024-05-13,APPROVED,address correction or amendment signal - APPROVED
EVT-0000870,KA-BLRU-560068-000174,SHOP,KAR-SHOP-BLRU-2017-000117,INSPECTION,2024-05-13,EXPIRED,department inspection or site verification event - EXPIRED
EVT-0000153,KA-BLRU-560064-000029,FACTORY,KFBIS-FAC-BLRU-2019-000015,RENEWAL,2024-05-12,APPROVED,licence/registration renewal event captured - APPROVED
EVT-0000399,KA-BLRR-562114-000078,BBMP,BBMP-TL-BENG-2023-000025,INSPECTION,2024-05-11,PENDING,department inspection or site verification event - PENDING
EVT-0001011,KA-BLRU-560102-000207,GST,GST-KA-BLRU-2022-000159,COMPLAINT,2024-05-11,RESOLVED,citizen/department complaint signal - RESOLVED
EVT-0000726,KA-BLRU-560043-000146,UDYAM,UDYAM-KR-BLRU-2016-000069,ADDRESS_UPDATE,2024-05-09,EXPIRED,address correction or amendment signal - EXPIRED
EVT-0000956,KA-BLRU-560100-000196,FACTORY,KFBIS-FAC-BLRU-2024-000094,ADDRESS_UPDATE,2024-05-09,PENDING,address correction or amendment signal - PENDING
EVT-0001322,KA-BLRR-562157-000267,GST,GST-KA-BLRR-2025-000210,RENEWAL,2024-05-09,EXPIRED,licence/registration renewal event captured - EXPIRED
EVT-0000012,KA-BLRR-561203-000003,FACTORY,KFBIS-FAC-BLRR-2020-000002,COMPLAINT,2024-05-08,RESOLVED,citizen/department complaint signal - RESOLVED
EVT-0001265,KA-BLRR-562114-000256,FACTORY,KFBIS-FAC-BLRR-2021-000114,COMPLAINT,2024-05-08,RESOLVED,citizen/department complaint signal - RESOLVED
EVT-0001285,KA-BLRU-560029-000261,KSPCB,PCB/BLRU/CTO/2021/00115,INSPECTION,2024-05-07,RESOLVED,department inspection or site verification event - RESOLVED
EVT-0001467,KA-BLRU-560078-000299,FACTORY,KFBIS-FAC-BLRU-2016-000131,TAX_FILING,2024-05-07,OK,tax return or filing activity signal - OK
EVT-0000723,KA-BLRU-560043-000146,UDYAM,UDYAM-KR-BLRU-2016-000069,INSPECTION,2024-05-06,NOTICE,department inspection or site verification event - NOTICE
EVT-0000727,KA-BLRU-560043-000146,FACTORY,KFBIS-FAC-BLRU-2018-000073,INSPECTION,2024-05-06,EXPIRED,department inspection or site verification event - EXPIRED
EVT-0000585,KA-BLRU-560076-000115,SHOP,KAR-SHOP-BLRU-2016-000076,COMPLAINT,2024-05-05,NOTICE,citizen/department complaint signal - NOTICE
EVT-0000980,KA-BLRR-562110-000199,FACTORY,KFBIS-FAC-BLRR-2024-000095,ADDRESS_UPDATE,2024-05-05,APPROVED,address correction or amendment signal - APPROVED
EVT-0001008,KA-BLRU-560102-000207,GST,GST-KA-BLRU-2022-000159,ADDRESS_UPDATE,2024-05-05,OK,address correction or amendment signal - OK
EVT-0001406,KA-BLRU-560064-000286,UDYAM,UDYAM-KR-BLRU-2023-000141,COMPLAINT,2024-05-04,RESOLVED,citizen/department complaint signal - RESOLVED
EVT-0000224,KA-TUM-572106-000045,KSPCB,PCB/TUM/CTE/2016/00016,ADDRESS_UPDATE,2024-05-03,PENDING,address correction or amendment signal - PENDING
EVT-0001519,KA-BLRU-560066-000311,FACTORY,KFBIS-FAC-BLRU-2015-000136,RENEWAL,2024-05-01,OK,licence/registration renewal event captured - OK
EVT-0000069,KA-BLRU-560100-000014,UDYAM,UDYAM-KR-BLRU-2016-000008,COMPLAINT,2024-04-30,RESOLVED,citizen/department complaint signal - RESOLVED
EVT-0000659,KA-MYS-570001-000131,KSPCB,PCB/MYS/CTO/2021/00058,INSPECTION,2024-04-30,OK,department inspection or site verification event - OK
EVT-0000986,KA-MYS-570018-000201,SHOP,KAR-SHOP-MYS-2022-000134,INSPECTION,2024-04-30,PENDING,department inspection or site verification event - PENDING
EVT-0001283,KA-BLRU-560066-000260,SHOP,KAR-SHOP-BLRU-2018-000172,INSPECTION,2024-04-30,RESOLVED,department inspection or site verification event - RESOLVED
EVT-0000767,KA-BLRR-561203-000155,FACTORY,KFBIS-FAC-BLRR-2024-000076,ADDRESS_UPDATE,2024-04-29,PENDING,address correction or amendment signal - PENDING
EVT-0001239,KA-BLRU-560064-000250,LABOUR,LAB-KA-BLRU-2020-000122,INSPECTION,2024-04-29,APPROVED,department inspection or site verification event - APPROVED
EVT-0000319,KA-TUM-572101-000063,FACTORY,KFBIS-FAC-TUM-2023-000029,TAX_FILING,2024-04-28,EXPIRED,tax return or filing activity signal - EXPIRED
EVT-0000618,KA-BLRU-560024-000123,KSPCB,PCB/BLRU/CTE/2022/00054,INSPECTION,2024-04-28,RESOLVED,department inspection or site verification event - RESOLVED
EVT-0001500,KA-BLRU-560001-000306,UDYAM,UDYAM-KR-BLRU-2023-000155,COMPLAINT,2024-04-28,NOTICE,citizen/department complaint signal - NOTICE
EVT-0000479,KA-BLRU-560068-000094,UDYAM,UDYAM-KR-BLRU-2018-000048,COMPLAINT,2024-04-26,RESOLVED,citizen/department complaint signal - RESOLVED
EVT-0001006,KA-BLRR-562157-000206,GST,GST-KA-BLRR-2022-000158,RENEWAL,2024-04-26,RESOLVED,licence/registration renewal event captured - RESOLVED
EVT-0001330,KA-BLRU-560066-000269,GST,GST-KA-BLRU-2020-000212,ADDRESS_UPDATE,2024-04-26,OK,address correction or amendment signal - OK
EVT-0000009,KA-BLRR-561203-000003,KSPCB,PCB/BLRR/CTE/2021/00001,COMPLAINT,2024-04-25,NOTICE,citizen/department complaint signal - NOTICE
EVT-0000228,KA-BLRU-560043-000046,UDYAM,UDYAM-KR-BLRU-2018-000025,INSPECTION,2024-04-24,EXPIRED,department inspection or site verification event - EXPIRED
EVT-0000281,KA-BLRU-560059-000055,LABOUR,LAB-KA-BLRU-2025-000028,TAX_FILING,2024-04-24,NOTICE,tax return or filing activity signal - NOTICE
EVT-0000395,KA-BLRR-562114-000078,GST,GST-KA-BLRR-2017-000059,TAX_FILING,2024-04-24,RESOLVED,tax return or filing activity signal - RESOLVED
EVT-0000498,KA-BLRU-560029-000098,KSPCB,PCB/BLRU/CTE/2019/00041,INSPECTION,2024-04-23,PENDING,department inspection or site verification event - PENDING
EVT-0000234,KA-BLRU-560043-000046,UDYAM,UDYAM-KR-BLRU-2018-000025,COMPLAINT,2024-04-21,NOTICE,citizen/department complaint signal - NOTICE
EVT-0001566,KA-BLRU-560066-000321,GST,GST-KA-BLRU-2025-000254,INSPECTION,2024-04-21,PENDING,department inspection or site verification event - PENDING
EVT-0000270,KA-BLRU-560059-000053,LABOUR,LAB-KA-BLRU-2024-000027,INSPECTION,2024-04-20,APPROVED,department inspection or site verification event - APPROVED
EVT-0000452,KA-TUM-572106-000087,GST,GST-KA-TUM-2022-000065,TAX_FILING,2024-04-19,RESOLVED,tax return or filing activity signal - RESOLVED
EVT-0001316,KA-BLRU-560102-000266,UDYAM,UDYAM-KR-BLRU-2021-000131,COMPLAINT,2024-04-14,NOTICE,citizen/department complaint signal - NOTICE
EVT-0001363,KA-TUM-572106-000275,KSPCB,PCB/TUM/CTE/2022/00122,COMPLAINT,2024-04-14,RESOLVED,citizen/department complaint signal - RESOLVED
EVT-0000045,KA-BLRU-560085-000010,SHOP,KAR-SHOP-BLRU-2022-000007,INSPECTION,2024-04-12,OK,department inspection or site verification event - OK
EVT-0000239,KA-BLRU-560100-000047,GST,GST-KA-BLRU-2024-000037,COMPLAINT,2024-04-12,OPEN,citizen/department complaint signal - OPEN
EVT-0001499,KA-BLRU-560001-000306,GST,GST-KA-BLRU-2021-000244,INSPECTION,2024-04-12,EXPIRED,department inspection or site verification event - EXPIRED
EVT-0000453,KA-BLRU-560076-000088,SHOP,KAR-SHOP-BLRU-2015-000061,ADDRESS_UPDATE,2024-04-11,PENDING,address correction or amendment signal - PENDING
EVT-0000221,KA-MYS-570016-000044,UDYAM,UDYAM-KR-MYS-2017-000023,INSPECTION,2024-04-10,APPROVED,department inspection or site verification event - APPROVED
EVT-0000580,KA-BLRU-560058-000114,SHOP,KAR-SHOP-BLRU-2022-000075,ADDRESS_UPDATE,2024-04-10,EXPIRED,address correction or amendment signal - EXPIRED
EVT-0000446,KA-TUM-572106-000087,GST,GST-KA-TUM-2022-000065,RENEWAL,2024-04-08,APPROVED,licence/registration renewal event captured - APPROVED
EVT-0000286,KA-BLRU-560078-000056,SHOP,KAR-SHOP-BLRU-2015-000041,INSPECTION,2024-04-07,PENDING,department inspection or site verification event - PENDING
EVT-0001133,KA-TUM-572101-000229,UDYAM,UDYAM-KR-TUM-2021-000112,INSPECTION,2024-04-07,NOTICE,department inspection or site verification event - NOTICE
EVT-0001334,KA-BLRU-560066-000269,SHOP,KAR-SHOP-BLRU-2018-000178,COMPLAINT,2024-04-07,OPEN,citizen/department complaint signal - OPEN
EVT-0000715,KA-BLRU-560076-000145,LABOUR,LAB-KA-BLRU-2017-000068,INSPECTION,2024-04-06,RESOLVED,department inspection or site verification event - RESOLVED
EVT-0001397,KA-MYS-570001-000284,GST,GST-KA-MYS-2020-000226,TAX_FILING,2024-04-05,RESOLVED,tax return or filing activity signal - RESOLVED
EVT-0000436,KA-BLRU-560064-000084,SHOP,KAR-SHOP-BLRU-2023-000059,RENEWAL,2024-04-04,APPROVED,licence/registration renewal event captured - APPROVED
EVT-0000915,KA-MYS-570018-000185,BBMP,BBMP-TL-SOUT-2019-000070,TAX_FILING,2024-04-01,PENDING,tax return or filing activity signal - PENDING
EVT-0001232,KA-BLRU-560066-000249,BBMP,BBMP-TL-MAHA-2022-000095,RENEWAL,2024-03-30,PENDING,licence/registration renewal event captured - PENDING
EVT-0001293,KA-BLRR-562114-000262,UDYAM,UDYAM-KR-BLRR-2015-000129,COMPLAINT,2024-03-30,RESOLVED,citizen/department complaint signal - RESOLVED
EVT-0000610,KA-BLRR-562110-000120,GST,GST-KA-BLRR-2022-000089,ADDRESS_UPDATE,2024-03-29,RESOLVED,address correction or amendment signal - RESOLVED
EVT-0000582,KA-BLRU-560076-000115,GST,GST-KA-BLRU-2015-000085,INSPECTION,2024-03-28,OK,department inspection or site verification event - OK
EVT-0001448,KA-BLRU-560024-000295,BBMP,BBMP-TL-YELA-2022-000121,COMPLAINT,2024-03-28,OPEN,citizen/department complaint signal - OPEN
EVT-0000087,KA-BLRR-562110-000017,BBMP,BBMP-TL-BENG-2020-000006,RENEWAL,2024-03-27,EXPIRED,licence/registration renewal event captured - EXPIRED
EVT-0000528,KA-BLRU-560100-000104,GST,GST-KA-BLRU-2020-000078,INSPECTION,2024-03-27,APPROVED,department inspection or site verification event - APPROVED
EVT-0001559,KA-MYS-570016-000318,GST,GST-KA-MYS-2024-000251,RENEWAL,2024-03-24,PENDING,licence/registration renewal event captured - PENDING
EVT-0001166,KA-BLRU-560076-000235,LABOUR,LAB-KA-BLRU-2024-000119,INSPECTION,2024-03-23,OK,department inspection or site verification event - OK
EVT-0001243,KA-BLRU-560064-000250,LABOUR,LAB-KA-BLRU-2020-000122,COMPLAINT,2024-03-22,RESOLVED,citizen/department complaint signal - RESOLVED
EVT-0001333,KA-BLRU-560066-000269,GST,GST-KA-BLRU-2020-000212,COMPLAINT,2024-03-22,RESOLVED,citizen/department complaint signal - RESOLVED
EVT-0000043,KA-BLRU-560085-000010,SHOP,KAR-SHOP-BLRU-2022-000007,TAX_FILING,2024-03-21,NOTICE,tax return or filing activity signal - NOTICE
EVT-0001012,KA-BLRU-560102-000207,LABOUR,LAB-KA-BLRU-2016-000101,TAX_FILING,2024-03-20,APPROVED,tax return or filing activity signal - APPROVED
EVT-0001553,KA-BLRU-560037-000317,LABOUR,LAB-KA-BLRU-2021-000156,TAX_FILING,2024-03-20,PENDING,tax return or filing activity signal - PENDING
EVT-0000156,KA-BLRU-560102-000031,SHOP,KAR-SHOP-BLRU-2016-000021,COMPLAINT,2024-03-19,NOTICE,citizen/department complaint signal - NOTICE
EVT-0000289,KA-MYS-570016-000057,SHOP,KAR-SHOP-MYS-2016-000042,TAX_FILING,2024-03-17,OK,tax return or filing activity signal - OK
EVT-0000661,KA-MYS-570001-000131,KSPCB,PCB/MYS/CTO/2021/00058,CONSENT_APPROVAL,2024-03-12,EXPIRED,pollution consent application/approval signal - EXPIRED
EVT-0001324,KA-BLRU-560066-000268,FACTORY,KFBIS-FAC-BLRU-2015-000121,ADDRESS_UPDATE,2024-03-12,NOTICE,address correction or amendment signal - NOTICE
EVT-0001502,KA-BLRU-560001-000306,KSPCB,PCB/BLRU/CTO/2021/00136,INSPECTION,2024-03-12,EXPIRED,department inspection or site verification event - EXPIRED
EVT-0000419,KA-BLRU-560058-000081,GST,GST-KA-BLRU-2015-000062,TAX_FILING,2024-03-10,OK,tax return or filing activity signal - OK
EVT-0000823,KA-BLRU-560001-000166,UDYAM,UDYAM-KR-BLRU-2018-000080,RENEWAL,2024-03-10,OK,licence/registration renewal event captured - OK
EVT-0000811,KA-BLRR-562114-000163,BBMP,BBMP-TL-BENG-2023-000059,INSPECTION,2024-03-09,RESOLVED,department inspection or site verification event - RESOLVED
EVT-0001095,KA-BLRU-560076-000224,LABOUR,LAB-KA-BLRU-2022-000112,COMPLAINT,2024-03-09,NOTICE,citizen/department complaint signal - NOTICE
EVT-0001301,KA-BLRU-560066-000264,UDYAM,UDYAM-KR-BLRU-2018-000130,INSPECTION,2024-03-09,PENDING,department inspection or site verification event - PENDING
EVT-0001378,KA-BLRU-560076-000279,GST,GST-KA-BLRU-2020-000221,INSPECTION,2024-03-06,NOTICE,department inspection or site verification event - NOTICE
EVT-0000799,KA-TUM-572106-000160,LABOUR,LAB-KA-TUM-2020-000077,INSPECTION,2024-03-05,EXPIRED,department inspection or site verification event - EXPIRED
EVT-0000807,KA-BLRR-562114-000163,GST,GST-KA-BLRR-2020-000126,RENEWAL,2024-03-04,APPROVED,licence/registration renewal event captured - APPROVED
EVT-0000447,KA-TUM-572106-000087,GST,GST-KA-TUM-2022-000065,RENEWAL,2024-03-03,EXPIRED,licence/registration renewal event captured - EXPIRED
EVT-0001118,KA-BLRU-560034-000227,GST,GST-KA-BLRU-2023-000177,RENEWAL,2024-03-03,NOTICE,licence/registration renewal event captured - NOTICE
EVT-0001338,KA-BLRU-560058-000270,GST,GST-KA-BLRU-2021-000213,INSPECTION,2024-03-03,OK,department inspection or site verification event - OK
EVT-0000882,KA-MYS-570018-000178,SHOP,KAR-SHOP-MYS-2018-000120,COMPLAINT,2024-03-02,NOTICE,citizen/department complaint signal - NOTICE
EVT-0000329,KA-BLRU-560034-000064,LABOUR,LAB-KA-BLRU-2020-000032,COMPLAINT,2024-03-01,NOTICE,citizen/department complaint signal - NOTICE
EVT-0001073,KA-BLRR-562157-000219,LABOUR,LAB-KA-BLRR-2023-000109,RENEWAL,2024-03-01,NOTICE,licence/registration renewal event captured - NOTICE
EVT-0000431,KA-BLRU-560100-000083,SHOP,KAR-SHOP-BLRU-2022-000058,ADDRESS_UPDATE,2024-02-27,OK,address correction or amendment signal - OK
EVT-0000495,KA-BLRU-560085-000097,FACTORY,KFBIS-FAC-BLRU-2017-000049,TAX_FILING,2024-02-24,OK,tax return or filing activity signal - OK
EVT-0000791,KA-TUM-572106-000159,GST,GST-KA-TUM-2018-000122,ADDRESS_UPDATE,2024-02-24,NOTICE,address correction or amendment signal - NOTICE
EVT-0001168,KA-BLRU-560034-000236,GST,GST-KA-BLRU-2022-000184,ADDRESS_UPDATE,2024-02-24,RESOLVED,address correction or amendment signal - RESOLVED
EVT-0001214,KA-BLRR-562157-000245,GST,GST-KA-BLRR-2022-000193,ADDRESS_UPDATE,2024-02-23,PENDING,address correction or amendment signal - PENDING
EVT-0000934,KA-BLRU-560068-000190,SHOP,KAR-SHOP-BLRU-2025-000128,RENEWAL,2024-02-20,NOTICE,licence/registration renewal event captured - NOTICE
EVT-0001003,KA-MYS-570016-000205,FACTORY,KFBIS-FAC-MYS-2020-000097,INSPECTION,2024-02-20,EXPIRED,department inspection or site verification event - EXPIRED
EVT-0000229,KA-BLRU-560043-000046,UDYAM,UDYAM-KR-BLRU-2018-000025,INSPECTION,2024-02-18,APPROVED,department inspection or site verification event - APPROVED
EVT-0000614,KA-BLRU-560076-000122,SHOP,KAR-SHOP-BLRU-2022-000081,COMPLAINT,2024-02-18,RESOLVED,citizen/department complaint signal - RESOLVED
EVT-0000513,KA-BLRU-560043-000100,GST,GST-KA-BLRU-2024-000074,ADDRESS_UPDATE,2024-02-13,OK,address correction or amendment signal - OK
EVT-0000812,KA-BLRU-560058-000164,SHOP,KAR-SHOP-BLRU-2022-000110,COMPLAINT,2024-02-09,OPEN,citizen/department complaint signal - OPEN
EVT-0001026,KA-BLRU-560024-000210,KSPCB,PCB/BLRU/CTE/2024/00090,COMPLAINT,2024-02-08,RESOLVED,citizen/department complaint signal - RESOLVED
EVT-0000082,KA-BLRR-561203-000016,GST,GST-KA-BLRR-2017-000011,ADDRESS_UPDATE,2024-02-06,APPROVED,address correction or amendment signal - APPROVED
EVT-0001335,KA-BLRU-560058-000270,LABOUR,LAB-KA-BLRU-2020-000133,RENEWAL,2024-02-06,EXPIRED,licence/registration renewal event captured - EXPIRED
EVT-0000605,KA-BLRU-560034-000119,GST,GST-KA-BLRU-2017-000088,RENEWAL,2024-02-05,RESOLVED,licence/registration renewal event captured - RESOLVED
EVT-0000273,KA-BLRU-560037-000054,UDYAM,UDYAM-KR-BLRU-2021-000031,COMPLAINT,2024-02-04,NOTICE,citizen/department complaint signal - NOTICE
EVT-0000418,KA-BLRU-560058-000081,FACTORY,KFBIS-FAC-BLRU-2022-000038,TAX_FILING,2024-02-04,APPROVED,tax return or filing activity signal - APPROVED
EVT-0001049,KA-BLRU-560064-000215,KSPCB,PCB/BLRU/CTE/2023/00092,CONSENT_APPROVAL,2024-02-04,APPROVED,pollution consent application/approval signal - APPROVED
EVT-0001153,KA-MYS-570016-000233,GST,GST-KA-MYS-2023-000181,COMPLAINT,2024-02-04,OPEN,citizen/department complaint signal - OPEN
EVT-0000651,KA-BLRU-560043-000129,UDYAM,UDYAM-KR-BLRU-2015-000062,COMPLAINT,2024-02-01,OPEN,citizen/department complaint signal - OPEN
EVT-0000929,KA-BLRU-560037-000189,LABOUR,LAB-KA-BLRU-2019-000091,COMPLAINT,2024-02-01,OPEN,citizen/department complaint signal - OPEN
EVT-0000508,KA-BLRU-560043-000100,KSPCB,PCB/BLRU/CTE/2020/00042,RENEWAL,2024-01-30,APPROVED,licence/registration renewal event captured - APPROVED
EVT-0000906,KA-BLRU-560102-000182,GST,GST-KA-BLRU-2024-000142,INSPECTION,2024-01-30,OK,department inspection or site verification event - OK
EVT-0000090,KA-BLRU-560066-000018,SHOP,KAR-SHOP-BLRU-2015-000012,COMPLAINT,2024-01-27,NOTICE,citizen/department complaint signal - NOTICE
EVT-0001203,KA-BLRU-560059-000244,SHOP,KAR-SHOP-BLRU-2018-000161,ADDRESS_UPDATE,2024-01-26,PENDING,address correction or amendment signal - PENDING
EVT-0000390,KA-MYS-570001-000077,SHOP,KAR-SHOP-MYS-2020-000054,INSPECTION,2024-01-25,OK,department inspection or site verification event - OK
EVT-0001300,KA-BLRU-560066-000264,GST,GST-KA-BLRU-2017-000208,RENEWAL,2024-01-25,NOTICE,licence/registration renewal event captured - NOTICE
EVT-0000635,KA-MYS-570018-000126,SHOP,KAR-SHOP-MYS-2018-000085,COMPLAINT,2024-01-24,OPEN,citizen/department complaint signal - OPEN
EVT-0000033,KA-BLRU-560100-000008,UDYAM,UDYAM-KR-BLRU-2018-000004,COMPLAINT,2024-01-21,NOTICE,citizen/department complaint signal - NOTICE
EVT-0000417,KA-BLRU-560058-000081,SHOP,KAR-SHOP-BLRU-2024-000057,ADDRESS_UPDATE,2024-01-21,APPROVED,address correction or amendment signal - APPROVED
EVT-0000055,KA-MYS-570001-000012,UDYAM,UDYAM-KR-MYS-2020-000007,RENEWAL,2024-01-20,APPROVED,licence/registration renewal event captured - APPROVED
EVT-0001342,KA-BLRU-560066-000271,GST,GST-KA-BLRU-2018-000214,COMPLAINT,2024-01-20,NOTICE,citizen/department complaint signal - NOTICE
EVT-0000292,KA-MYS-570016-000057,UDYAM,UDYAM-KR-MYS-2024-000032,INSPECTION,2024-01-19,PENDING,department inspection or site verification event - PENDING
EVT-0001167,KA-BLRU-560034-000236,SHOP,KAR-SHOP-BLRU-2023-000155,TAX_FILING,2024-01-18,EXPIRED,tax return or filing activity signal - EXPIRED
EVT-0001158,KA-BLRU-560064-000234,SHOP,KAR-SHOP-BLRU-2021-000153,TAX_FILING,2024-01-17,OK,tax return or filing activity signal - OK
EVT-0001170,KA-BLRU-560085-000237,UDYAM,UDYAM-KR-BLRU-2018-000116,ADDRESS_UPDATE,2024-01-16,NOTICE,address correction or amendment signal - NOTICE
EVT-0000065,KA-BLRU-560100-000014,FACTORY,KFBIS-FAC-BLRU-2019-000006,COMPLAINT,2024-01-12,OPEN,citizen/department complaint signal - OPEN
EVT-0000184,KA-BLRU-560102-000035,SHOP,KAR-SHOP-BLRU-2022-000024,ADDRESS_UPDATE,2024-01-12,OK,address correction or amendment signal - OK
EVT-0000916,KA-MYS-570018-000185,BBMP,BBMP-TL-SOUT-2019-000070,INSPECTION,2024-01-12,NOTICE,department inspection or site verification event - NOTICE
EVT-0001087,KA-MYS-570016-000223,SHOP,KAR-SHOP-MYS-2018-000147,RENEWAL,2024-01-10,RESOLVED,licence/registration renewal event captured - RESOLVED
EVT-0000810,KA-BLRR-562114-000163,GST,GST-KA-BLRR-2020-000126,RENEWAL,2024-01-09,RESOLVED,licence/registration renewal event captured - RESOLVED
EVT-0000872,KA-BLRU-560085-000175,LABOUR,LAB-KA-BLRU-2025-000085,ADDRESS_UPDATE,2024-01-09,APPROVED,address correction or amendment signal - APPROVED
EVT-0001154,KA-MYS-570016-000233,KSPCB,PCB/MYS/CTE/2020/00100,CONSENT_APPROVAL,2024-01-07,RESOLVED,pollution consent application/approval signal - RESOLVED
EVT-0001274,KA-BLRU-560078-000258,KSPCB,PCB/BLRU/CTE/2025/00113,TAX_FILING,2024-01-07,OK,tax return or filing activity signal - OK
EVT-0001438,KA-BLRU-560076-000293,GST,GST-KA-BLRU-2016-000235,RENEWAL,2024-01-06,OK,licence/registration renewal event captured - OK
EVT-0000262,KA-BLRU-560043-000052,LABOUR,LAB-KA-BLRU-2023-000026,COMPLAINT,2024-01-05,OPEN,citizen/department complaint signal - OPEN
EVT-0000459,KA-MYS-570016-000089,GST,GST-KA-MYS-2019-000066,COMPLAINT,2024-01-05,RESOLVED,citizen/department complaint signal - RESOLVED
EVT-0000730,KA-MYS-570016-000147,LABOUR,LAB-KA-MYS-2024-000069,COMPLAINT,2024-01-04,OPEN,citizen/department complaint signal - OPEN
EVT-0001076,KA-BLRU-560024-000220,GST,GST-KA-BLRU-2018-000171,COMPLAINT,2024-01-04,OPEN,citizen/department complaint signal - OPEN
EVT-0000745,KA-MYS-570001-000150,UDYAM,UDYAM-KR-MYS-2021-000070,ADDRESS_UPDATE,2024-01-03,PENDING,address correction or amendment signal - PENDING
EVT-0000752,KA-BLRU-560066-000152,GST,GST-KA-BLRU-2016-000115,COMPLAINT,2024-01-02,OPEN,citizen/department complaint signal - OPEN
EVT-0000744,KA-MYS-570001-000150,GST,GST-KA-MYS-2021-000113,COMPLAINT,2024-01-01,RESOLVED,citizen/department complaint signal - RESOLVED
EVT-0000637,KA-MYS-570018-000126,LABOUR,LAB-KA-MYS-2015-000061,INSPECTION,2023-12-29,RESOLVED,department inspection or site verification event - RESOLVED
EVT-0001311,KA-BLRU-560102-000266,UDYAM,UDYAM-KR-BLRU-2021-000131,TAX_FILING,2023-12-28,PENDING,tax return or filing activity signal - PENDING
EVT-0000667,KA-BLRR-562114-000132,SHOP,KAR-SHOP-BLRR-2017-000088,ADDRESS_UPDATE,2023-12-26,NOTICE,address correction or amendment signal - NOTICE
EVT-0000974,KA-BLRU-560059-000198,BBMP,BBMP-TL-WEST-2018-000077,TAX_FILING,2023-12-25,NOTICE,tax return or filing activity signal - NOTICE
EVT-0000532,KA-BLRU-560029-000105,UDYAM,UDYAM-KR-BLRU-2017-000051,INSPECTION,2023-12-24,RESOLVED,department inspection or site verification event - RESOLVED
EVT-0001341,KA-BLRU-560066-000271,BBMP,BBMP-TL-MAHA-2017-000109,INSPECTION,2023-12-22,NOTICE,department inspection or site verification event - NOTICE
EVT-0000714,KA-BLRU-560064-000144,BBMP,BBMP-TL-YELA-2025-000053,COMPLAINT,2023-12-21,NOTICE,citizen/department complaint signal - NOTICE
EVT-0000163,KA-BLRR-561203-000032,LABOUR,LAB-KA-BLRR-2021-000017,INSPECTION,2023-12-20,EXPIRED,department inspection or site verification event - EXPIRED
EVT-0000795,KA-TUM-572106-000160,BBMP,BBMP-TL-TUMA-2018-000057,ADDRESS_UPDATE,2023-12-18,OK,address correction or amendment signal - OK
EVT-0000199,KA-BLRU-560024-000039,KSPCB,PCB/BLRU/CTO/2020/00015,INSPECTION,2023-12-17,RESOLVED,department inspection or site verification event - RESOLVED
EVT-0000665,KA-BLRR-562114-000132,BBMP,BBMP-TL-BENG-2020-000047,COMPLAINT,2023-12-17,OPEN,citizen/department complaint signal - OPEN
EVT-0001020,KA-BLRU-560085-000209,SHOP,KAR-SHOP-BLRU-2020-000139,INSPECTION,2023-12-17,EXPIRED,department inspection or site verification event - EXPIRED
EVT-0000531,KA-BLRU-560029-000105,GST,GST-KA-BLRU-2021-000079,TAX_FILING,2023-12-15,RESOLVED,tax return or filing activity signal - RESOLVED
EVT-0000830,KA-BLRR-562110-000168,SHOP,KAR-SHOP-BLRR-2020-000113,ADDRESS_UPDATE,2023-12-10,APPROVED,address correction or amendment signal - APPROVED
EVT-0001052,KA-BLRU-560064-000215,GST,GST-KA-BLRU-2024-000166,INSPECTION,2023-12-10,RESOLVED,department inspection or site verification event - RESOLVED
EVT-0001523,KA-BLRU-560059-000312,LABOUR,LAB-KA-BLRU-2023-000152,TAX_FILING,2023-12-10,OK,tax return or filing activity signal - OK
EVT-0001355,KA-BLRU-560043-000273,GST,GST-KA-BLRU-2019-000216,RENEWAL,2023-12-09,APPROVED,licence/registration renewal event captured - APPROVED
EVT-0001023,KA-BLRU-560085-000209,LABOUR,LAB-KA-BLRU-2019-000102,COMPLAINT,2023-12-08,NOTICE,citizen/department complaint signal - NOTICE
EVT-0001047,KA-BLRU-560064-000215,KSPCB,PCB/BLRU/CTE/2023/00092,INSPECTION,2023-12-08,NOTICE,department inspection or site verification event - NOTICE
EVT-0000777,KA-BLRU-560085-000156,LABOUR,LAB-KA-BLRU-2019-000075,COMPLAINT,2023-12-07,RESOLVED,citizen/department complaint signal - RESOLVED
EVT-0001155,KA-MYS-570016-000233,UDYAM,UDYAM-KR-MYS-2020-000113,INSPECTION,2023-12-07,APPROVED,department inspection or site verification event - APPROVED
EVT-0001247,KA-BLRU-560102-000251,SHOP,KAR-SHOP-BLRU-2015-000165,COMPLAINT,2023-12-03,RESOLVED,citizen/department complaint signal - RESOLVED
EVT-0000073,KA-BLRR-562110-000015,BBMP,BBMP-TL-BENG-2020-000005,RENEWAL,2023-12-02,RESOLVED,licence/registration renewal event captured - RESOLVED
EVT-0000586,KA-BLRU-560076-000115,GST,GST-KA-BLRU-2015-000085,RENEWAL,2023-11-29,APPROVED,licence/registration renewal event captured - APPROVED
EVT-0000848,KA-BLRU-560066-000170,LABOUR,LAB-KA-BLRU-2022-000080,ADDRESS_UPDATE,2023-11-29,RESOLVED,address correction or amendment signal - RESOLVED
EVT-0000908,KA-BLRR-562114-000183,KSPCB,PCB/BLRR/CTO/2021/00083,CONSENT_APPROVAL,2023-11-28,RESOLVED,pollution consent application/approval signal - RESOLVED
EVT-0001205,KA-BLRU-560059-000244,SHOP,KAR-SHOP-BLRU-2018-000161,RENEWAL,2023-11-28,PENDING,licence/registration renewal event captured - PENDING
EVT-0001272,KA-BLRU-560078-000258,GST,GST-KA-BLRU-2024-000204,TAX_FILING,2023-11-26,NOTICE,tax return or filing activity signal - NOTICE
EVT-0000376,KA-BLRU-560037-000073,UDYAM,UDYAM-KR-BLRU-2024-000040,COMPLAINT,2023-11-25,RESOLVED,citizen/department complaint signal - RESOLVED
EVT-0000598,KA-BLRU-560076-000118,FACTORY,KFBIS-FAC-BLRU-2025-000061,COMPLAINT,2023-11-25,OPEN,citizen/department complaint signal - OPEN
EVT-0000493,KA-BLRU-560085-000097,KSPCB,PCB/BLRU/CTE/2016/00040,TAX_FILING,2023-11-21,NOTICE,tax return or filing activity signal - NOTICE
EVT-0000589,KA-BLRU-560043-000116,SHOP,KAR-SHOP-BLRU-2025-000077,TAX_FILING,2023-11-20,EXPIRED,tax return or filing activity signal - EXPIRED
EVT-0001028,KA-TUM-572101-000211,GST,GST-KA-TUM-2025-000162,TAX_FILING,2023-11-20,OK,tax return or filing activity signal - OK
EVT-0000164,KA-BLRR-561203-000032,LABOUR,LAB-KA-BLRR-2021-000017,COMPLAINT,2023-11-19,OPEN,citizen/department complaint signal - OPEN
EVT-0000656,KA-BLRU-560058-000130,SHOP,KAR-SHOP-BLRU-2024-000087,RENEWAL,2023-11-19,EXPIRED,licence/registration renewal event captured - EXPIRED
EVT-0000809,KA-BLRR-562114-000163,GST,GST-KA-BLRR-2020-000126,COMPLAINT,2023-11-19,OPEN,citizen/department complaint signal - OPEN
EVT-0001249,KA-BLRU-560102-000251,SHOP,KAR-SHOP-BLRU-2015-000165,RENEWAL,2023-11-18,APPROVED,licence/registration renewal event captured - APPROVED
EVT-0000636,KA-MYS-570018-000126,GST,GST-KA-MYS-2021-000093,INSPECTION,2023-11-16,EXPIRED,department inspection or site verification event - EXPIRED
EVT-0001364,KA-TUM-572106-000275,SHOP,KAR-SHOP-TUM-2025-000184,COMPLAINT,2023-11-15,OPEN,citizen/department complaint signal - OPEN
EVT-0001349,KA-BLRU-560043-000273,GST,GST-KA-BLRU-2019-000216,ADDRESS_UPDATE,2023-11-13,RESOLVED,address correction or amendment signal - RESOLVED
EVT-0001571,KA-BLRU-560066-000321,SHOP,KAR-SHOP-BLRU-2016-000215,TAX_FILING,2023-11-12,RESOLVED,tax return or filing activity signal - RESOLVED
EVT-0000521,KA-BLRU-560064-000103,GST,GST-KA-BLRU-2024-000077,RENEWAL,2023-11-10,EXPIRED,licence/registration renewal event captured - EXPIRED
EVT-0000728,KA-MYS-570016-000147,LABOUR,LAB-KA-MYS-2024-000069,COMPLAINT,2023-11-10,OPEN,citizen/department complaint signal - OPEN
EVT-0001544,KA-BLRU-560034-000316,FACTORY,KFBIS-FAC-BLRU-2017-000139,COMPLAINT,2023-11-10,NOTICE,citizen/department complaint signal - NOTICE
EVT-0001299,KA-MYS-570001-000263,LABOUR,LAB-KA-MYS-2020-000128,COMPLAINT,2023-11-09,OPEN,citizen/department complaint signal - OPEN
EVT-0000743,KA-MYS-570001-000150,KSPCB,PCB/MYS/CTO/2017/00065,CONSENT_APPROVAL,2023-11-08,RESOLVED,pollution consent application/approval signal - RESOLVED
EVT-0000410,KA-BLRU-560068-000080,GST,GST-KA-BLRU-2020-000061,ADDRESS_UPDATE,2023-11-07,APPROVED,address correction or amendment signal - APPROVED
EVT-0001182,KA-TUM-572101-000239,GST,GST-KA-TUM-2022-000187,COMPLAINT,2023-11-07,NOTICE,citizen/department complaint signal - NOTICE
EVT-0001386,KA-BLRR-562157-000281,BBMP,BBMP-TL-BENG-2020-000114,ADDRESS_UPDATE,2023-11-07,NOTICE,address correction or amendment signal - NOTICE
EVT-0001401,KA-BLRU-560059-000285,LABOUR,LAB-KA-BLRU-2025-000138,COMPLAINT,2023-11-07,RESOLVED,citizen/department complaint signal - RESOLVED
EVT-0000202,KA-BLRU-560024-000039,KSPCB,PCB/BLRU/CTO/2020/00015,COMPLAINT,2023-11-06,NOTICE,citizen/department complaint signal - NOTICE
EVT-0001563,KA-BLRR-562110-000320,GST,GST-KA-BLRR-2018-000253,COMPLAINT,2023-11-06,NOTICE,citizen/department complaint signal - NOTICE
EVT-0000106,KA-MYS-570016-000021,KSPCB,PCB/MYS/CTO/2016/00010,INSPECTION,2023-11-02,RESOLVED,department inspection or site verification event - RESOLVED
EVT-0000746,KA-MYS-570001-000150,UDYAM,UDYAM-KR-MYS-2021-000070,INSPECTION,2023-11-02,NOTICE,department inspection or site verification event - NOTICE
EVT-0001022,KA-BLRU-560085-000209,SHOP,KAR-SHOP-BLRU-2020-000139,ADDRESS_UPDATE,2023-10-31,APPROVED,address correction or amendment signal - APPROVED
EVT-0000111,KA-MYS-570016-000021,KSPCB,PCB/MYS/CTO/2016/00010,COMPLAINT,2023-10-29,RESOLVED,citizen/department complaint signal - RESOLVED
EVT-0001018,KA-BLRU-560085-000209,LABOUR,LAB-KA-BLRU-2019-000102,COMPLAINT,2023-10-25,OPEN,citizen/department complaint signal - OPEN
EVT-0000110,KA-MYS-570016-000021,GST,GST-KA-MYS-2022-000016,RENEWAL,2023-10-24,EXPIRED,licence/registration renewal event captured - EXPIRED
EVT-0001565,KA-BLRR-562110-000320,KSPCB,PCB/BLRR/CTE/2017/00145,INSPECTION,2023-10-24,RESOLVED,department inspection or site verification event - RESOLVED
EVT-0001534,KA-BLRU-560034-000314,SHOP,KAR-SHOP-BLRU-2023-000211,ADDRESS_UPDATE,2023-10-23,OK,address correction or amendment signal - OK
EVT-0001016,KA-BLRU-560085-000209,SHOP,KAR-SHOP-BLRU-2020-000139,INSPECTION,2023-10-22,PENDING,department inspection or site verification event - PENDING
EVT-0001021,KA-BLRU-560085-000209,SHOP,KAR-SHOP-BLRU-2020-000139,ADDRESS_UPDATE,2023-10-19,PENDING,address correction or amendment signal - PENDING
EVT-0001431,KA-BLRU-560100-000292,SHOP,KAR-SHOP-BLRU-2020-000198,ADDRESS_UPDATE,2023-10-19,RESOLVED,address correction or amendment signal - RESOLVED
EVT-0000816,KA-BLRU-560058-000164,SHOP,KAR-SHOP-BLRU-2022-000110,RENEWAL,2023-10-17,PENDING,licence/registration renewal event captured - PENDING
EVT-0001498,KA-BLRU-560064-000305,BBMP,BBMP-TL-YELA-2015-000125,ADDRESS_UPDATE,2023-10-15,OK,address correction or amendment signal - OK
EVT-0000540,KA-MYS-570001-000107,SHOP,KAR-SHOP-MYS-2015-000073,COMPLAINT,2023-10-14,NOTICE,citizen/department complaint signal - NOTICE
EVT-0001399,KA-MYS-570001-000284,FACTORY,KFBIS-FAC-MYS-2018-000125,RENEWAL,2023-10-12,OK,licence/registration renewal event captured - OK
EVT-0001428,KA-BLRR-562110-000291,SHOP,KAR-SHOP-BLRR-2020-000197,COMPLAINT,2023-10-12,RESOLVED,citizen/department complaint signal - RESOLVED
EVT-0000040,KA-BLRR-562114-000009,SHOP,KAR-SHOP-BLRR-2021-000006,INSPECTION,2023-10-11,APPROVED,department inspection or site verification event - APPROVED
EVT-0001284,KA-BLRU-560066-000260,SHOP,KAR-SHOP-BLRU-2018-000172,ADDRESS_UPDATE,2023-10-10,PENDING,address correction or amendment signal - PENDING
EVT-0000973,KA-BLRU-560059-000198,UDYAM,UDYAM-KR-BLRU-2015-000094,ADDRESS_UPDATE,2023-10-06,APPROVED,address correction or amendment signal - APPROVED
EVT-0001017,KA-BLRU-560085-000209,UDYAM,UDYAM-KR-BLRU-2024-000103,ADDRESS_UPDATE,2023-10-06,NOTICE,address correction or amendment signal - NOTICE
EVT-0000851,KA-TUM-572106-000171,FACTORY,KFBIS-FAC-TUM-2021-000082,INSPECTION,2023-10-05,RESOLVED,department inspection or site verification event - RESOLVED
EVT-0000103,KA-BLRU-560068-000020,UDYAM,UDYAM-KR-BLRU-2016-000011,COMPLAINT,2023-10-04,RESOLVED,citizen/department complaint signal - RESOLVED
EVT-0000112,KA-MYS-570016-000021,GST,GST-KA-MYS-2022-000016,ADDRESS_UPDATE,2023-10-02,EXPIRED,address correction or amendment signal - EXPIRED
EVT-0000660,KA-MYS-570001-000131,KSPCB,PCB/MYS/CTO/2021/00058,RENEWAL,2023-09-30,NOTICE,licence/registration renewal event captured - NOTICE
EVT-0001496,KA-BLRU-560064-000305,UDYAM,UDYAM-KR-BLRU-2017-000154,TAX_FILING,2023-09-28,NOTICE,tax return or filing activity signal - NOTICE
EVT-0000403,KA-MYS-570016-000079,GST,GST-KA-MYS-2015-000060,INSPECTION,2023-09-24,NOTICE,department inspection or site verification event - NOTICE
EVT-0000646,KA-BLRR-562110-000128,LABOUR,LAB-KA-BLRR-2016-000063,INSPECTION,2023-09-23,PENDING,department inspection or site verification event - PENDING
EVT-0000242,KA-TUM-572106-000048,BBMP,BBMP-TL-TUMA-2021-000016,INSPECTION,2023-09-21,OK,department inspection or site verification event - OK
EVT-0001294,KA-BLRR-562114-000262,UDYAM,UDYAM-KR-BLRR-2015-000129,INSPECTION,2023-09-19,PENDING,department inspection or site verification event - PENDING
EVT-0001526,KA-MYS-570018-000313,BBMP,BBMP-TL-SOUT-2024-000128,COMPLAINT,2023-09-19,NOTICE,citizen/department complaint signal - NOTICE
EVT-0001191,KA-BLRU-560066-000241,LABOUR,LAB-KA-BLRU-2021-000120,INSPECTION,2023-09-14,NOTICE,department inspection or site verification event - NOTICE
EVT-0001432,KA-BLRU-560076-000293,LABOUR,LAB-KA-BLRU-2018-000142,RENEWAL,2023-09-14,OK,licence/registration renewal event captured - OK
EVT-0000387,KA-TUM-572106-000076,KSPCB,PCB/TUM/CTE/2023/00033,INSPECTION,2023-09-13,EXPIRED,department inspection or site verification event - EXPIRED
EVT-0000119,KA-BLRU-560102-000023,SHOP,KAR-SHOP-BLRU-2025-000015,TAX_FILING,2023-09-10,OK,tax return or filing activity signal - OK
EVT-0000108,KA-MYS-570016-000021,GST,GST-KA-MYS-2022-000016,COMPLAINT,2023-09-09,NOTICE,citizen/department complaint signal - NOTICE
EVT-0001529,KA-MYS-570018-000313,BBMP,BBMP-TL-SOUT-2024-000128,RENEWAL,2023-09-09,APPROVED,licence/registration renewal event captured - APPROVED
EVT-0001533,KA-BLRU-560034-000314,SHOP,KAR-SHOP-BLRU-2023-000211,INSPECTION,2023-09-09,RESOLVED,department inspection or site verification event - RESOLVED
EVT-0000663,KA-BLRR-562114-000132,SHOP,KAR-SHOP-BLRR-2017-000088,ADDRESS_UPDATE,2023-09-08,NOTICE,address correction or amendment signal - NOTICE
EVT-0000109,KA-MYS-570016-000021,GST,GST-KA-MYS-2022-000016,COMPLAINT,2023-09-06,RESOLVED,citizen/department complaint signal - RESOLVED
EVT-0000104,KA-BLRU-560068-000020,FACTORY,KFBIS-FAC-BLRU-2019-000009,TAX_FILING,2023-09-04,RESOLVED,tax return or filing activity signal - RESOLVED
EVT-0001488,KA-MYS-570016-000303,UDYAM,UDYAM-KR-MYS-2022-000153,INSPECTION,2023-09-04,APPROVED,department inspection or site verification event - APPROVED
EVT-0000010,KA-BLRR-561203-000003,FACTORY,KFBIS-FAC-BLRR-2020-000002,RENEWAL,2023-09-01,EXPIRED,licence/registration renewal event captured - EXPIRED
EVT-0000920,KA-BLRU-560001-000186,SHOP,KAR-SHOP-BLRU-2015-000125,RENEWAL,2023-08-30,OK,licence/registration renewal event captured - OK
EVT-0001116,KA-BLRU-560034-000227,LABOUR,LAB-KA-BLRU-2016-000115,ADDRESS_UPDATE,2023-08-29,PENDING,address correction or amendment signal - PENDING
EVT-0001392,KA-BLRU-560024-000283,LABOUR,LAB-KA-BLRU-2022-000136,TAX_FILING,2023-08-24,NOTICE,tax return or filing activity signal - NOTICE
EVT-0001430,KA-BLRU-560100-000292,GST,GST-KA-BLRU-2016-000234,COMPLAINT,2023-08-23,OPEN,citizen/department complaint signal - OPEN
EVT-0000571,KA-BLRU-560001-000113,SHOP,KAR-SHOP-BLRU-2024-000074,ADDRESS_UPDATE,2023-08-21,APPROVED,address correction or amendment signal - APPROVED
EVT-0000654,KA-BLRU-560043-000129,GST,GST-KA-BLRU-2021-000096,COMPLAINT,2023-08-17,OPEN,citizen/department complaint signal - OPEN
EVT-0001525,KA-MYS-570018-000313,FACTORY,KFBIS-FAC-MYS-2015-000137,INSPECTION,2023-08-15,APPROVED,department inspection or site verification event - APPROVED
EVT-0000026,KA-BLRU-560102-000007,SHOP,KAR-SHOP-BLRU-2022-000004,TAX_FILING,2023-08-13,PENDING,tax return or filing activity signal - PENDING
EVT-0001439,KA-BLRU-560076-000293,SHOP,KAR-SHOP-BLRU-2015-000199,COMPLAINT,2023-08-12,NOTICE,citizen/department complaint signal - NOTICE
EVT-0000206,KA-BLRU-560085-000041,BBMP,BBMP-TL-SOUT-2019-000012,TAX_FILING,2023-08-11,PENDING,tax return or filing activity signal - PENDING
EVT-0000768,KA-BLRR-561203-000155,FACTORY,KFBIS-FAC-BLRR-2024-000076,INSPECTION,2023-08-11,EXPIRED,department inspection or site verification event - EXPIRED
EVT-0000774,KA-BLRU-560085-000156,SHOP,KAR-SHOP-BLRU-2023-000104,TAX_FILING,2023-08-07,PENDING,tax return or filing activity signal - PENDING
EVT-0000539,KA-BLRR-562114-000106,BBMP,BBMP-TL-BENG-2017-000040,INSPECTION,2023-08-05,OK,department inspection or site verification event - OK
EVT-0001516,KA-TUM-572106-000310,KSPCB,PCB/TUM/CTO/2021/00139,INSPECTION,2023-08-05,OK,department inspection or site verification event - OK
EVT-0001190,KA-BLRU-560066-000241,GST,GST-KA-BLRU-2025-000189,COMPLAINT,2023-08-02,OPEN,citizen/department complaint signal - OPEN
EVT-0000394,KA-BLRR-562114-000078,BBMP,BBMP-TL-BENG-2023-000025,INSPECTION,2023-07-25,APPROVED,department inspection or site verification event - APPROVED
EVT-0000510,KA-BLRU-560043-000100,KSPCB,PCB/BLRU/CTE/2020/00042,ADDRESS_UPDATE,2023-07-24,NOTICE,address correction or amendment signal - NOTICE
EVT-0000182,KA-BLRU-560102-000035,SHOP,KAR-SHOP-BLRU-2022-000024,INSPECTION,2023-07-22,RESOLVED,department inspection or site verification event - RESOLVED
EVT-0000400,KA-MYS-570016-000079,LABOUR,LAB-KA-MYS-2017-000036,TAX_FILING,2023-07-20,RESOLVED,tax return or filing activity signal - RESOLVED
EVT-0000577,KA-BLRU-560001-000113,KSPCB,PCB/BLRU/CTE/2023/00051,ADDRESS_UPDATE,2023-07-15,EXPIRED,address correction or amendment signal - EXPIRED
EVT-0000534,KA-BLRU-560029-000105,UDYAM,UDYAM-KR-BLRU-2017-000051,COMPLAINT,2023-07-10,OPEN,citizen/department complaint signal - OPEN
EVT-0001463,KA-TUM-572106-000298,GST,GST-KA-TUM-2019-000238,TAX_FILING,2023-07-08,NOTICE,tax return or filing activity signal - NOTICE
EVT-0001552,KA-BLRU-560037-000317,SHOP,KAR-SHOP-BLRU-2022-000212,COMPLAINT,2023-07-04,RESOLVED,citizen/department complaint signal - RESOLVED
EVT-0001187,KA-BLRU-560066-000241,SHOP,KAR-SHOP-BLRU-2023-000160,COMPLAINT,2023-07-03,RESOLVED,citizen/department complaint signal - RESOLVED
EVT-0000223,KA-TUM-572106-000045,KSPCB,PCB/TUM/CTE/2016/00016,INSPECTION,2023-07-01,OK,department inspection or site verification event - OK
EVT-0001410,KA-BLRU-560064-000286,KSPCB,PCB/BLRU/CTO/2025/00128,INSPECTION,2023-06-24,APPROVED,department inspection or site verification event - APPROVED
EVT-0000386,KA-TUM-572106-000076,KSPCB,PCB/TUM/CTE/2023/00033,TAX_FILING,2023-06-22,APPROVED,tax return or filing activity signal - APPROVED
EVT-0001472,KA-BLRU-560100-000300,SHOP,KAR-SHOP-BLRU-2016-000204,TAX_FILING,2023-06-22,OK,tax return or filing activity signal - OK
EVT-0000647,KA-BLRR-562110-000128,SHOP,KAR-SHOP-BLRR-2021-000086,INSPECTION,2023-06-20,OK,department inspection or site verification event - OK
EVT-0001043,KA-BLRU-560078-000213,UDYAM,UDYAM-KR-BLRU-2015-000106,ADDRESS_UPDATE,2023-06-18,RESOLVED,address correction or amendment signal - RESOLVED
EVT-0001465,KA-TUM-572106-000298,SHOP,KAR-SHOP-TUM-2020-000202,RENEWAL,2023-06-16,RESOLVED,licence/registration renewal event captured - RESOLVED
EVT-0001029,KA-TUM-572101-000211,LABOUR,LAB-KA-TUM-2016-000103,TAX_FILING,2023-06-14,EXPIRED,tax return or filing activity signal - EXPIRED
EVT-0001162,KA-BLRU-560064-000234,BBMP,BBMP-TL-YELA-2022-000089,ADDRESS_UPDATE,2023-06-11,APPROVED,address correction or amendment signal - APPROVED
EVT-0001464,KA-TUM-572106-000298,GST,GST-KA-TUM-2019-000238,RENEWAL,2023-06-09,EXPIRED,licence/registration renewal event captured - EXPIRED
EVT-0001202,KA-BLRU-560001-000243,GST,GST-KA-BLRU-2017-000191,ADDRESS_UPDATE,2023-06-08,EXPIRED,address correction or amendment signal - EXPIRED
EVT-0001204,KA-BLRU-560059-000244,BBMP,BBMP-TL-WEST-2019-000094,ADDRESS_UPDATE,2023-05-30,NOTICE,address correction or amendment signal - NOTICE
EVT-0000553,KA-TUM-572101-000109,GST,GST-KA-TUM-2023-000081,ADDRESS_UPDATE,2023-05-29,PENDING,address correction or amendment signal - PENDING
EVT-0001106,KA-BLRU-560037-000225,LABOUR,LAB-KA-BLRU-2017-000113,INSPECTION,2023-05-29,RESOLVED,department inspection or site verification event - RESOLVED
EVT-0000243,KA-TUM-572106-000048,BBMP,BBMP-TL-TUMA-2021-000016,COMPLAINT,2023-05-28,RESOLVED,citizen/department complaint signal - RESOLVED
EVT-0001102,KA-BLRU-560037-000225,GST,GST-KA-BLRU-2017-000175,RENEWAL,2023-05-28,EXPIRED,licence/registration renewal event captured - EXPIRED
EVT-0000379,KA-BLRU-560085-000074,BBMP,BBMP-TL-SOUT-2022-000024,COMPLAINT,2023-05-27,OPEN,citizen/department complaint signal - OPEN
EVT-0000516,KA-BLRU-560085-000101,FACTORY,KFBIS-FAC-BLRU-2022-000050,INSPECTION,2023-05-24,APPROVED,department inspection or site verification event - APPROVED
EVT-0000458,KA-MYS-570016-000089,LABOUR,LAB-KA-MYS-2016-000041,TAX_FILING,2023-05-23,NOTICE,tax return or filing activity signal - NOTICE
EVT-0000672,KA-MYS-570001-000133,GST,GST-KA-MYS-2019-000099,TAX_FILING,2023-05-22,OK,tax return or filing activity signal - OK
EVT-0000968,KA-BLRU-560059-000198,GST,GST-KA-BLRU-2020-000152,TAX_FILING,2023-05-22,EXPIRED,tax return or filing activity signal - EXPIRED
EVT-0000628,KA-BLRU-560100-000125,LABOUR,LAB-KA-BLRU-2017-000060,COMPLAINT,2023-05-21,NOTICE,citizen/department complaint signal - NOTICE
EVT-0001461,KA-TUM-572106-000298,SHOP,KAR-SHOP-TUM-2020-000202,COMPLAINT,2023-05-20,NOTICE,citizen/department complaint signal - NOTICE
EVT-0000536,KA-BLRR-562114-000106,BBMP,BBMP-TL-BENG-2017-000040,TAX_FILING,2023-05-19,EXPIRED,tax return or filing activity signal - EXPIRED
EVT-0000990,KA-BLRR-562114-000203,BBMP,BBMP-TL-BENG-2018-000080,ADDRESS_UPDATE,2023-05-19,RESOLVED,address correction or amendment signal - RESOLVED
EVT-0001207,KA-BLRU-560059-000244,SHOP,KAR-SHOP-BLRU-2018-000161,ADDRESS_UPDATE,2023-05-19,APPROVED,address correction or amendment signal - APPROVED
EVT-0000284,KA-BLRU-560078-000056,SHOP,KAR-SHOP-BLRU-2015-000041,TAX_FILING,2023-05-14,NOTICE,tax return or filing activity signal - NOTICE
EVT-0000515,KA-BLRU-560085-000101,GST,GST-KA-BLRU-2019-000075,TAX_FILING,2023-05-14,NOTICE,tax return or filing activity signal - NOTICE
EVT-0001101,KA-BLRU-560037-000225,SHOP,KAR-SHOP-BLRU-2018-000149,INSPECTION,2023-05-13,RESOLVED,department inspection or site verification event - RESOLVED
EVT-0001411,KA-BLRU-560064-000286,GST,GST-KA-BLRU-2023-000228,COMPLAINT,2023-05-13,NOTICE,citizen/department complaint signal - NOTICE
EVT-0001458,KA-TUM-572106-000298,GST,GST-KA-TUM-2019-000238,RENEWAL,2023-05-13,EXPIRED,licence/registration renewal event captured - EXPIRED
EVT-0000354,KA-BLRU-560059-000069,BBMP,BBMP-TL-WEST-2020-000023,COMPLAINT,2023-05-09,RESOLVED,citizen/department complaint signal - RESOLVED
EVT-0000486,KA-MYS-570016-000096,SHOP,KAR-SHOP-MYS-2023-000067,COMPLAINT,2023-05-07,NOTICE,citizen/department complaint signal - NOTICE
EVT-0000460,KA-MYS-570016-000089,GST,GST-KA-MYS-2019-000066,RENEWAL,2023-05-05,EXPIRED,licence/registration renewal event captured - EXPIRED
EVT-0001462,KA-TUM-572106-000298,SHOP,KAR-SHOP-TUM-2020-000202,INSPECTION,2023-05-03,EXPIRED,department inspection or site verification event - EXPIRED
EVT-0001217,KA-BLRU-560085-000246,FACTORY,KFBIS-FAC-BLRU-2021-000110,ADDRESS_UPDATE,2023-04-30,EXPIRED,address correction or amendment signal - EXPIRED
EVT-0000233,KA-BLRU-560043-000046,SHOP,KAR-SHOP-BLRU-2023-000032,COMPLAINT,2023-04-29,OPEN,citizen/department complaint signal - OPEN
EVT-0000478,KA-BLRU-560068-000094,BBMP,BBMP-TL-SOUT-2019-000033,COMPLAINT,2023-04-24,OPEN,citizen/department complaint signal - OPEN
EVT-0001103,KA-BLRU-560037-000225,SHOP,KAR-SHOP-BLRU-2018-000149,RENEWAL,2023-04-23,APPROVED,licence/registration renewal event captured - APPROVED
EVT-0000230,KA-BLRU-560043-000046,SHOP,KAR-SHOP-BLRU-2023-000032,INSPECTION,2023-04-20,RESOLVED,department inspection or site verification event - RESOLVED
EVT-0001255,KA-BLRU-560068-000252,BBMP,BBMP-TL-SOUT-2021-000097,TAX_FILING,2023-04-19,EXPIRED,tax return or filing activity signal - EXPIRED
EVT-0000385,KA-TUM-572106-000076,KSPCB,PCB/TUM/CTE/2023/00033,ADDRESS_UPDATE,2023-04-18,EXPIRED,address correction or amendment signal - EXPIRED
EVT-0001078,KA-BLRU-560024-000220,GST,GST-KA-BLRU-2018-000171,INSPECTION,2023-04-17,EXPIRED,department inspection or site verification event - EXPIRED
EVT-0001251,KA-BLRU-560068-000252,SHOP,KAR-SHOP-BLRU-2023-000166,ADDRESS_UPDATE,2023-04-15,RESOLVED,address correction or amendment signal - RESOLVED
EVT-0000864,KA-BLRU-560068-000174,LABOUR,LAB-KA-BLRU-2019-000084,TAX_FILING,2023-04-11,EXPIRED,tax return or filing activity signal - EXPIRED
EVT-0001240,KA-BLRU-560064-000250,SHOP,KAR-SHOP-BLRU-2019-000164,TAX_FILING,2023-04-05,RESOLVED,tax return or filing activity signal - RESOLVED
EVT-0001108,KA-BLRU-560037-000225,GST,GST-KA-BLRU-2017-000175,COMPLAINT,2023-03-31,OPEN,citizen/department complaint signal - OPEN
EVT-0001179,KA-TUM-572101-000239,SHOP,KAR-SHOP-TUM-2019-000158,ADDRESS_UPDATE,2023-03-25,OK,address correction or amendment signal - OK
EVT-0000293,KA-MYS-570016-000057,UDYAM,UDYAM-KR-MYS-2024-000032,ADDRESS_UPDATE,2023-03-23,NOTICE,address correction or amendment signal - NOTICE
EVT-0000056,KA-MYS-570001-000012,UDYAM,UDYAM-KR-MYS-2020-000007,ADDRESS_UPDATE,2023-03-20,NOTICE,address correction or amendment signal - NOTICE
EVT-0000210,KA-BLRU-560085-000041,BBMP,BBMP-TL-SOUT-2019-000012,TAX_FILING,2023-03-15,OK,tax return or filing activity signal - OK
EVT-0001466,KA-BLRU-560078-000299,KSPCB,PCB/BLRU/CTE/2015/00133,ADDRESS_UPDATE,2023-03-14,NOTICE,address correction or amendment signal - NOTICE
EVT-0000360,KA-BLRU-560001-000070,KSPCB,PCB/BLRU/CTE/2020/00028,TAX_FILING,2023-03-08,PENDING,tax return or filing activity signal - PENDING
EVT-0001144,KA-TUM-572101-000231,GST,GST-KA-TUM-2017-000179,COMPLAINT,2023-03-07,OPEN,citizen/department complaint signal - OPEN
EVT-0001307,KA-BLRU-560066-000264,GST,GST-KA-BLRU-2017-000208,INSPECTION,2023-03-02,PENDING,department inspection or site verification event - PENDING
EVT-0000209,KA-BLRU-560085-000041,SHOP,KAR-SHOP-BLRU-2018-000028,COMPLAINT,2023-02-14,NOTICE,citizen/department complaint signal - NOTICE
EVT-0000070,KA-BLRR-562110-000015,BBMP,BBMP-TL-BENG-2020-000005,INSPECTION,2023-02-06,PENDING,department inspection or site verification event - PENDING
EVT-0000551,KA-TUM-572101-000109,LABOUR,LAB-KA-TUM-2019-000053,TAX_FILING,2023-01-18,OK,tax return or filing activity signal - OK
EVT-0000232,KA-BLRU-560043-000046,SHOP,KAR-SHOP-BLRU-2023-000032,RENEWAL,2022-12-28,PENDING,licence/registration renewal event captured - PENDING
EVT-0000072,KA-BLRR-562110-000015,BBMP,BBMP-TL-BENG-2020-000005,INSPECTION,2022-12-20,OK,department inspection or site verification event - OK
EVT-0001310,KA-BLRR-562114-000265,LABOUR,LAB-KA-BLRR-2019-000129,COMPLAINT,2022-12-19,OPEN,citizen/department complaint signal - OPEN
EVT-0001350,KA-BLRU-560043-000273,UDYAM,UDYAM-KR-BLRU-2020-000135,INSPECTION,2022-12-18,PENDING,department inspection or site verification event - PENDING
EVT-0000383,KA-BLRU-560066-000075,GST,GST-KA-BLRU-2016-000058,TAX_FILING,2022-12-16,PENDING,tax return or filing activity signal - PENDING
EVT-0000334,KA-BLRU-560076-000065,SHOP,KAR-SHOP-BLRU-2018-000046,RENEWAL,2022-12-15,APPROVED,licence/registration renewal event captured - APPROVED
EVT-0000380,KA-BLRU-560066-000075,FACTORY,KFBIS-FAC-BLRU-2015-000035,COMPLAINT,2022-12-12,RESOLVED,citizen/department complaint signal - RESOLVED
EVT-0000819,KA-BLRR-562110-000165,GST,GST-KA-BLRR-2015-000128,TAX_FILING,2022-12-12,APPROVED,tax return or filing activity signal - APPROVED
EVT-0001208,KA-BLRU-560059-000244,GST,GST-KA-BLRU-2020-000192,INSPECTION,2022-12-09,EXPIRED,department inspection or site verification event - EXPIRED
EVT-0000351,KA-MYS-570001-000068,BBMP,BBMP-TL-CENT-2019-000022,INSPECTION,2022-12-04,EXPIRED,department inspection or site verification event - EXPIRED
EVT-0000972,KA-BLRU-560059-000198,UDYAM,UDYAM-KR-BLRU-2015-000094,ADDRESS_UPDATE,2022-11-30,RESOLVED,address correction or amendment signal - RESOLVED
EVT-0000398,KA-BLRR-562114-000078,GST,GST-KA-BLRR-2017-000059,INSPECTION,2022-11-17,APPROVED,department inspection or site verification event - APPROVED
EVT-0001468,KA-BLRU-560078-000299,SHOP,KAR-SHOP-BLRU-2015-000203,COMPLAINT,2022-11-08,OPEN,citizen/department complaint signal - OPEN
EVT-0000542,KA-MYS-570001-000107,UDYAM,UDYAM-KR-MYS-2018-000052,TAX_FILING,2022-11-05,EXPIRED,tax return or filing activity signal - EXPIRED
EVT-0000408,KA-BLRU-560068-000080,FACTORY,KFBIS-FAC-BLRU-2017-000037,ADDRESS_UPDATE,2022-11-04,APPROVED,address correction or amendment signal - APPROVED
EVT-0001351,KA-BLRU-560043-000273,UDYAM,UDYAM-KR-BLRU-2020-000135,INSPECTION,2022-11-04,OK,department inspection or site verification event - OK
EVT-0000555,KA-TUM-572101-000109,LABOUR,LAB-KA-TUM-2019-000053,TAX_FILING,2022-10-31,PENDING,tax return or filing activity signal - PENDING
EVT-0000538,KA-BLRR-562114-000106,LABOUR,LAB-KA-BLRR-2024-000050,RENEWAL,2022-10-26,RESOLVED,licence/registration renewal event captured - RESOLVED
EVT-0000634,KA-MYS-570018-000126,LABOUR,LAB-KA-MYS-2015-000061,TAX_FILING,2022-10-26,OK,tax return or filing activity signal - OK
EVT-0000007,KA-BLRR-561203-000003,GST,GST-KA-BLRR-2024-000002,ADDRESS_UPDATE,2022-10-21,NOTICE,address correction or amendment signal - NOTICE
EVT-0000332,KA-BLRU-560076-000065,UDYAM,UDYAM-KR-BLRU-2016-000037,ADDRESS_UPDATE,2022-10-13,APPROVED,address correction or amendment signal - APPROVED
EVT-0000818,KA-BLRR-562110-000165,SHOP,KAR-SHOP-BLRR-2015-000111,INSPECTION,2022-10-12,PENDING,department inspection or site verification event - PENDING
EVT-0001309,KA-BLRR-562114-000265,BBMP,BBMP-TL-BENG-2016-000104,INSPECTION,2022-10-09,NOTICE,department inspection or site verification event - NOTICE
EVT-0000988,KA-BLRU-560059-000202,BBMP,BBMP-TL-WEST-2017-000079,COMPLAINT,2022-10-07,OPEN,citizen/department complaint signal - OPEN
EVT-0001206,KA-BLRU-560059-000244,BBMP,BBMP-TL-WEST-2019-000094,ADDRESS_UPDATE,2022-10-07,NOTICE,address correction or amendment signal - NOTICE
EVT-0000429,KA-MYS-570016-000082,UDYAM,UDYAM-KR-MYS-2018-000042,COMPLAINT,2022-10-02,OPEN,citizen/department complaint signal - OPEN
EVT-0000808,KA-BLRR-562114-000163,GST,GST-KA-BLRR-2020-000126,COMPLAINT,2022-09-28,OPEN,citizen/department complaint signal - OPEN
EVT-0000054,KA-MYS-570001-000012,FACTORY,KFBIS-FAC-MYS-2019-000005,INSPECTION,2022-09-20,NOTICE,department inspection or site verification event - NOTICE
EVT-0000205,KA-BLRU-560068-000040,LABOUR,LAB-KA-BLRU-2015-000020,INSPECTION,2022-09-19,NOTICE,department inspection or site verification event - NOTICE
EVT-0000923,KA-BLRR-561203-000187,LABOUR,LAB-KA-BLRR-2017-000089,RENEWAL,2022-09-18,PENDING,licence/registration renewal event captured - PENDING
EVT-0001014,KA-MYS-570001-000208,GST,GST-KA-MYS-2020-000160,INSPECTION,2022-09-13,EXPIRED,department inspection or site verification event - EXPIRED
EVT-0000203,KA-BLRU-560068-000040,SHOP,KAR-SHOP-BLRU-2016-000027,TAX_FILING,2022-09-12,EXPIRED,tax return or filing activity signal - EXPIRED
EVT-0000595,KA-TUM-572106-000117,FACTORY,KFBIS-FAC-TUM-2015-000060,RENEWAL,2022-09-03,PENDING,licence/registration renewal event captured - PENDING
EVT-0000337,KA-BLRU-560076-000065,GST,GST-KA-BLRU-2020-000052,RENEWAL,2022-08-29,APPROVED,licence/registration renewal event captured - APPROVED
EVT-0000107,KA-MYS-570016-000021,LABOUR,LAB-KA-MYS-2015-000009,ADDRESS_UPDATE,2022-08-23,EXPIRED,address correction or amendment signal - EXPIRED
EVT-0001429,KA-BLRR-562110-000291,GST,GST-KA-BLRR-2019-000233,COMPLAINT,2022-08-18,NOTICE,citizen/department complaint signal - NOTICE
EVT-0000105,KA-BLRU-560068-000020,GST,GST-KA-BLRU-2021-000015,INSPECTION,2022-08-15,NOTICE,department inspection or site verification event - NOTICE
EVT-0000314,KA-BLRU-560058-000062,BBMP,BBMP-TL-DASA-2021-000020,DEREGISTRATION,2022-08-09,CLOSED,closure/deregistration signal - CLOSED
EVT-0000664,KA-BLRR-562114-000132,BBMP,BBMP-TL-BENG-2020-000047,RENEWAL,2022-07-31,NOTICE,licence/registration renewal event captured - NOTICE
EVT-0000316,KA-BLRU-560058-000062,UDYAM,UDYAM-KR-BLRU-2018-000035,ADDRESS_UPDATE,2022-07-30,OK,address correction or amendment signal - OK
EVT-0001460,KA-TUM-572106-000298,GST,GST-KA-TUM-2019-000238,RENEWAL,2022-07-30,APPROVED,licence/registration renewal event captured - APPROVED
EVT-0000175,KA-BLRU-560085-000034,GST,GST-KA-BLRU-2018-000026,RENEWAL,2022-07-25,NOTICE,licence/registration renewal event captured - NOTICE
EVT-0000177,KA-BLRU-560085-000034,GST,GST-KA-BLRU-2018-000026,ADDRESS_UPDATE,2022-07-24,NOTICE,address correction or amendment signal - NOTICE
EVT-0000231,KA-BLRU-560043-000046,UDYAM,UDYAM-KR-BLRU-2018-000025,TAX_FILING,2022-07-24,PENDING,tax return or filing activity signal - PENDING
EVT-0000593,KA-TUM-572106-000117,FACTORY,KFBIS-FAC-TUM-2015-000060,RENEWAL,2022-07-14,EXPIRED,licence/registration renewal event captured - EXPIRED
EVT-0000592,KA-TUM-572106-000117,FACTORY,KFBIS-FAC-TUM-2015-000060,DEREGISTRATION,2022-07-12,CLOSED,closure/deregistration signal - CLOSED
EVT-0000950,KA-BLRU-560085-000193,UDYAM,UDYAM-KR-BLRU-2017-000092,RENEWAL,2022-07-12,OK,licence/registration renewal event captured - OK
EVT-0000594,KA-TUM-572106-000117,FACTORY,KFBIS-FAC-TUM-2015-000060,COMPLAINT,2022-07-11,NOTICE,citizen/department complaint signal - NOTICE
EVT-0001555,KA-BLRU-560037-000317,UDYAM,UDYAM-KR-BLRU-2020-000160,COMPLAINT,2022-07-08,OPEN,citizen/department complaint signal - OPEN
EVT-0001105,KA-BLRU-560037-000225,SHOP,KAR-SHOP-BLRU-2018-000149,TAX_FILING,2022-07-05,NOTICE,tax return or filing activity signal - NOTICE
EVT-0000535,KA-BLRU-560029-000105,GST,GST-KA-BLRU-2021-000079,ADDRESS_UPDATE,2022-07-03,EXPIRED,address correction or amendment signal - EXPIRED
EVT-0000135,KA-BLRU-560059-000027,GST,GST-KA-BLRU-2017-000020,COMPLAINT,2022-06-29,OPEN,citizen/department complaint signal - OPEN
EVT-0001501,KA-BLRU-560001-000306,UDYAM,UDYAM-KR-BLRU-2023-000155,RENEWAL,2022-06-27,RESOLVED,licence/registration renewal event captured - RESOLVED
EVT-0000176,KA-BLRU-560085-000034,UDYAM,UDYAM-KR-BLRU-2019-000018,COMPLAINT,2022-06-26,NOTICE,citizen/department complaint signal - NOTICE
EVT-0000801,KA-BLRU-560064-000161,SHOP,KAR-SHOP-BLRU-2017-000107,COMPLAINT,2022-06-25,NOTICE,citizen/department complaint signal - NOTICE
EVT-0001354,KA-BLRU-560043-000273,KSPCB,PCB/BLRU/CTE/2015/00121,INSPECTION,2022-06-25,RESOLVED,department inspection or site verification event - RESOLVED
EVT-0001329,KA-BLRU-560066-000269,BBMP,BBMP-TL-MAHA-2018-000107,RENEWAL,2022-06-23,PENDING,licence/registration renewal event captured - PENDING
EVT-0001427,KA-BLRR-562110-000291,SHOP,KAR-SHOP-BLRR-2020-000197,TAX_FILING,2022-06-22,EXPIRED,tax return or filing activity signal - EXPIRED
EVT-0000590,KA-TUM-572106-000117,FACTORY,KFBIS-FAC-TUM-2015-000060,RENEWAL,2022-06-21,PENDING,licence/registration renewal event captured - PENDING
EVT-0000313,KA-BLRU-560058-000062,BBMP,BBMP-TL-DASA-2021-000020,COMPLAINT,2022-06-20,OPEN,citizen/department complaint signal - OPEN
EVT-0000802,KA-BLRU-560064-000161,UDYAM,UDYAM-KR-BLRU-2016-000076,RENEWAL,2022-06-16,RESOLVED,licence/registration renewal event captured - RESOLVED
EVT-0000136,KA-BLRU-560059-000027,GST,GST-KA-BLRU-2017-000020,INSPECTION,2022-06-11,RESOLVED,department inspection or site verification event - RESOLVED
EVT-0000804,KA-BLRU-560064-000161,UDYAM,UDYAM-KR-BLRU-2016-000076,RENEWAL,2022-06-09,EXPIRED,licence/registration renewal event captured - EXPIRED
EVT-0000186,KA-TUM-572101-000036,GST,GST-KA-TUM-2015-000028,INSPECTION,2022-06-07,NOTICE,department inspection or site verification event - NOTICE
EVT-0000141,KA-BLRU-560059-000027,FACTORY,KFBIS-FAC-BLRU-2016-000014,RENEWAL,2022-06-02,OK,licence/registration renewal event captured - OK
EVT-0000362,KA-BLRU-560001-000070,GST,GST-KA-BLRU-2016-000054,COMPLAINT,2022-05-11,RESOLVED,citizen/department complaint signal - RESOLVED
EVT-0000187,KA-TUM-572101-000036,GST,GST-KA-TUM-2015-000028,TAX_FILING,2022-05-09,RESOLVED,tax return or filing activity signal - RESOLVED
EVT-0000396,KA-BLRR-562114-000078,BBMP,BBMP-TL-BENG-2023-000025,RENEWAL,2022-05-09,APPROVED,licence/registration renewal event captured - APPROVED
EVT-0000608,KA-BLRR-562110-000120,FACTORY,KFBIS-FAC-BLRR-2016-000062,TAX_FILING,2022-05-05,RESOLVED,tax return or filing activity signal - RESOLVED
EVT-0000359,KA-BLRU-560001-000070,SHOP,KAR-SHOP-BLRU-2017-000050,ADDRESS_UPDATE,2022-04-19,EXPIRED,address correction or amendment signal - EXPIRED
EVT-0001348,KA-BLRU-560043-000273,GST,GST-KA-BLRU-2019-000216,COMPLAINT,2022-04-19,NOTICE,citizen/department complaint signal - NOTICE
EVT-0000533,KA-BLRU-560029-000105,UDYAM,UDYAM-KR-BLRU-2017-000051,TAX_FILING,2022-04-18,PENDING,tax return or filing activity signal - PENDING
EVT-0000204,KA-BLRU-560068-000040,GST,GST-KA-BLRU-2018-000031,INSPECTION,2022-04-17,RESOLVED,department inspection or site verification event - RESOLVED
EVT-0000880,KA-MYS-570001-000177,GST,GST-KA-MYS-2022-000138,TAX_FILING,2022-04-07,NOTICE,tax return or filing activity signal - NOTICE
EVT-0000989,KA-BLRR-562114-000203,BBMP,BBMP-TL-BENG-2018-000080,COMPLAINT,2022-04-04,OPEN,citizen/department complaint signal - OPEN
EVT-0001479,KA-BLRU-560064-000301,SHOP,KAR-SHOP-BLRU-2020-000205,COMPLAINT,2022-04-04,NOTICE,citizen/department complaint signal - NOTICE
EVT-0000567,KA-BLRU-560024-000112,UDYAM,UDYAM-KR-BLRU-2018-000056,RENEWAL,2022-03-26,NOTICE,licence/registration renewal event captured - NOTICE
EVT-0000564,KA-BLRU-560024-000112,KSPCB,PCB/BLRU/CTE/2018/00050,TAX_FILING,2022-03-25,RESOLVED,tax return or filing activity signal - RESOLVED
EVT-0000914,KA-MYS-570018-000185,UDYAM,UDYAM-KR-MYS-2015-000088,RENEWAL,2022-03-22,EXPIRED,licence/registration renewal event captured - EXPIRED
EVT-0000565,KA-BLRU-560024-000112,FACTORY,KFBIS-FAC-BLRU-2022-000057,TAX_FILING,2022-03-09,NOTICE,tax return or filing activity signal - NOTICE
EVT-0000439,KA-MYS-570018-000085,FACTORY,KFBIS-FAC-MYS-2018-000041,INSPECTION,2022-02-25,OK,department inspection or site verification event - OK
EVT-0000541,KA-MYS-570001-000107,UDYAM,UDYAM-KR-MYS-2018-000052,RENEWAL,2022-02-23,RESOLVED,licence/registration renewal event captured - RESOLVED
EVT-0000568,KA-BLRU-560024-000112,FACTORY,KFBIS-FAC-BLRU-2022-000057,RENEWAL,2022-02-09,APPROVED,licence/registration renewal event captured - APPROVED
EVT-0000011,KA-BLRR-561203-000003,FACTORY,KFBIS-FAC-BLRR-2020-000002,COMPLAINT,2022-02-06,OPEN,citizen/department complaint signal - OPEN
EVT-0000803,KA-BLRU-560064-000161,UDYAM,UDYAM-KR-BLRU-2016-000076,TAX_FILING,2022-02-02,OK,tax return or filing activity signal - OK
EVT-0001308,KA-BLRR-562114-000265,LABOUR,LAB-KA-BLRR-2019-000129,COMPLAINT,2022-02-02,RESOLVED,citizen/department complaint signal - RESOLVED
EVT-0001009,KA-BLRU-560102-000207,UDYAM,UDYAM-KR-BLRU-2016-000101,INSPECTION,2022-02-01,NOTICE,department inspection or site verification event - NOTICE
EVT-0000566,KA-BLRU-560024-000112,KSPCB,PCB/BLRU/CTE/2018/00050,INSPECTION,2022-01-21,EXPIRED,department inspection or site verification event - EXPIRED
EVT-0000392,KA-BLRR-562114-000078,BBMP,BBMP-TL-BENG-2023-000025,INSPECTION,2022-01-16,OK,department inspection or site verification event - OK
EVT-0001140,KA-BLRR-562157-000230,SHOP,KAR-SHOP-BLRR-2018-000151,COMPLAINT,2022-01-16,RESOLVED,citizen/department complaint signal - RESOLVED
EVT-0001104,KA-BLRU-560037-000225,LABOUR,LAB-KA-BLRU-2017-000113,COMPLAINT,2022-01-15,RESOLVED,citizen/department complaint signal - RESOLVED
EVT-0001138,KA-BLRR-562157-000230,BBMP,BBMP-TL-BENG-2019-000088,TAX_FILING,2022-01-11,RESOLVED,tax return or filing activity signal - RESOLVED
EVT-0001135,KA-BLRR-562157-000230,BBMP,BBMP-TL-BENG-2019-000088,INSPECTION,2021-12-31,EXPIRED,department inspection or site verification event - EXPIRED
EVT-0000437,KA-MYS-570018-000085,FACTORY,KFBIS-FAC-MYS-2018-000041,COMPLAINT,2021-12-28,NOTICE,citizen/department complaint signal - NOTICE
EVT-0000440,KA-MYS-570018-000085,FACTORY,KFBIS-FAC-MYS-2018-000041,RENEWAL,2021-12-27,NOTICE,licence/registration renewal event captured - NOTICE
EVT-0001181,KA-TUM-572101-000239,GST,GST-KA-TUM-2022-000187,ADDRESS_UPDATE,2021-12-22,NOTICE,address correction or amendment signal - NOTICE
EVT-0001169,KA-BLRU-560034-000236,GST,GST-KA-BLRU-2022-000184,RENEWAL,2021-12-17,OK,licence/registration renewal event captured - OK
EVT-0000881,KA-MYS-570001-000177,GST,GST-KA-MYS-2022-000138,TAX_FILING,2021-12-07,OK,tax return or filing activity signal - OK
EVT-0000583,KA-BLRU-560076-000115,SHOP,KAR-SHOP-BLRU-2016-000076,COMPLAINT,2021-12-03,NOTICE,citizen/department complaint signal - NOTICE
EVT-0001019,KA-BLRU-560085-000209,SHOP,KAR-SHOP-BLRU-2020-000139,TAX_FILING,2021-11-28,OK,tax return or filing activity signal - OK
EVT-0000584,KA-BLRU-560076-000115,SHOP,KAR-SHOP-BLRU-2016-000076,INSPECTION,2021-11-24,APPROVED,department inspection or site verification event - APPROVED
EVT-0001178,KA-TUM-572101-000239,GST,GST-KA-TUM-2022-000187,INSPECTION,2021-11-03,EXPIRED,department inspection or site verification event - EXPIRED
EVT-0001041,KA-BLRU-560078-000213,UDYAM,UDYAM-KR-BLRU-2015-000106,RENEWAL,2021-10-30,RESOLVED,licence/registration renewal event captured - RESOLVED
EVT-0000913,KA-MYS-570018-000185,KSPCB,PCB/MYS/CTE/2016/00084,ADDRESS_UPDATE,2021-10-13,RESOLVED,address correction or amendment signal - RESOLVED
EVT-0001107,KA-BLRU-560037-000225,LABOUR,LAB-KA-BLRU-2017-000113,INSPECTION,2021-09-25,NOTICE,department inspection or site verification event - NOTICE
EVT-0000140,KA-BLRU-560059-000027,FACTORY,KFBIS-FAC-BLRU-2016-000014,COMPLAINT,2021-09-01,OPEN,citizen/department complaint signal - OPEN
EVT-0001353,KA-BLRU-560043-000273,SHOP,KAR-SHOP-BLRU-2019-000182,RENEWAL,2021-08-26,APPROVED,licence/registration renewal event captured - APPROVED
EVT-0000188,KA-TUM-572101-000036,LABOUR,LAB-KA-TUM-2020-000019,TAX_FILING,2021-08-21,OK,tax return or filing activity signal - OK
EVT-0000666,KA-BLRR-562114-000132,BBMP,BBMP-TL-BENG-2020-000047,INSPECTION,2021-08-19,APPROVED,department inspection or site verification event - APPROVED
EVT-0001352,KA-BLRU-560043-000273,GST,GST-KA-BLRU-2019-000216,RENEWAL,2021-08-12,RESOLVED,licence/registration renewal event captured - RESOLVED
EVT-0000342,KA-BLRU-560102-000066,LABOUR,LAB-KA-BLRU-2018-000033,COMPLAINT,2021-08-07,NOTICE,citizen/department complaint signal - NOTICE
EVT-0001136,KA-BLRR-562157-000230,BBMP,BBMP-TL-BENG-2019-000088,ADDRESS_UPDATE,2021-08-03,APPROVED,address correction or amendment signal - APPROVED
EVT-0000174,KA-BLRU-560085-000034,GST,GST-KA-BLRU-2018-000026,TAX_FILING,2021-07-16,APPROVED,tax return or filing activity signal - APPROVED
EVT-0000137,KA-BLRU-560059-000027,GST,GST-KA-BLRU-2017-000020,COMPLAINT,2021-06-21,OPEN,citizen/department complaint signal - OPEN
EVT-0001180,KA-TUM-572101-000239,UDYAM,UDYAM-KR-TUM-2021-000118,RENEWAL,2021-06-15,APPROVED,licence/registration renewal event captured - APPROVED
EVT-0000596,KA-TUM-572106-000117,FACTORY,KFBIS-FAC-TUM-2015-000060,COMPLAINT,2021-06-14,OPEN,citizen/department complaint signal - OPEN
EVT-0001042,KA-BLRU-560078-000213,UDYAM,UDYAM-KR-BLRU-2015-000106,INSPECTION,2021-06-13,APPROVED,department inspection or site verification event - APPROVED
EVT-0001139,KA-BLRR-562157-000230,BBMP,BBMP-TL-BENG-2019-000088,RENEWAL,2021-06-04,PENDING,licence/registration renewal event captured - PENDING
EVT-0000438,KA-MYS-570018-000085,GST,GST-KA-MYS-2018-000064,ADDRESS_UPDATE,2021-05-22,NOTICE,address correction or amendment signal - NOTICE
EVT-0000569,KA-BLRU-560024-000112,FACTORY,KFBIS-FAC-BLRU-2022-000057,RENEWAL,2021-05-05,OK,licence/registration renewal event captured - OK
EVT-0000922,KA-BLRR-561203-000187,SHOP,KAR-SHOP-BLRR-2022-000126,RENEWAL,2021-04-21,PENDING,licence/registration renewal event captured - PENDING
EVT-0000015,KA-BLRU-560085-000004,GST,GST-KA-BLRU-2021-000003,COMPLAINT,2021-04-01,RESOLVED,citizen/department complaint signal - RESOLVED
EVT-0000381,KA-BLRU-560066-000075,GST,GST-KA-BLRU-2016-000058,RENEWAL,2021-03-27,APPROVED,licence/registration renewal event captured - APPROVED
EVT-0000014,KA-BLRU-560085-000004,GST,GST-KA-BLRU-2021-000003,ADDRESS_UPDATE,2021-03-22,EXPIRED,address correction or amendment signal - EXPIRED
EVT-0000139,KA-BLRU-560059-000027,GST,GST-KA-BLRU-2017-000020,RENEWAL,2021-03-21,RESOLVED,licence/registration renewal event captured - RESOLVED
EVT-0000016,KA-BLRU-560085-000004,GST,GST-KA-BLRU-2021-000003,ADDRESS_UPDATE,2021-03-20,PENDING,address correction or amendment signal - PENDING
EVT-0000340,KA-BLRU-560102-000066,BBMP,BBMP-TL-BOMM-2016-000021,TAX_FILING,2021-03-17,RESOLVED,tax return or filing activity signal - RESOLVED
EVT-0000374,KA-BLRU-560076-000072,GST,GST-KA-BLRU-2020-000056,DEREGISTRATION,2021-03-17,CLOSED,closure/deregistration signal - CLOSED
EVT-0001459,KA-TUM-572106-000298,GST,GST-KA-TUM-2019-000238,RENEWAL,2021-03-14,NOTICE,licence/registration renewal event captured - NOTICE
EVT-0000019,KA-BLRU-560085-000004,GST,GST-KA-BLRU-2021-000003,INSPECTION,2021-03-11,EXPIRED,department inspection or site verification event - EXPIRED
EVT-0000367,KA-BLRU-560076-000072,GST,GST-KA-BLRU-2020-000056,COMPLAINT,2021-03-05,RESOLVED,citizen/department complaint signal - RESOLVED
EVT-0000373,KA-BLRU-560076-000072,GST,GST-KA-BLRU-2020-000056,RENEWAL,2021-02-23,NOTICE,licence/registration renewal event captured - NOTICE
EVT-0001199,KA-BLRU-560029-000242,GST,GST-KA-BLRU-2020-000190,TAX_FILING,2021-02-14,PENDING,tax return or filing activity signal - PENDING
EVT-0000017,KA-BLRU-560085-000004,GST,GST-KA-BLRU-2021-000003,ADDRESS_UPDATE,2021-02-06,EXPIRED,address correction or amendment signal - EXPIRED
EVT-0001045,KA-BLRU-560043-000214,LABOUR,LAB-KA-BLRU-2021-000105,COMPLAINT,2021-01-19,RESOLVED,citizen/department complaint signal - RESOLVED
EVT-0001194,KA-BLRU-560029-000242,BBMP,BBMP-TL-SOUT-2018-000093,COMPLAINT,2021-01-16,NOTICE,citizen/department complaint signal - NOTICE
EVT-0000317,KA-BLRU-560058-000062,BBMP,BBMP-TL-DASA-2021-000020,TAX_FILING,2021-01-12,PENDING,tax return or filing activity signal - PENDING
EVT-0001196,KA-BLRU-560029-000242,BBMP,BBMP-TL-SOUT-2018-000093,INSPECTION,2021-01-09,NOTICE,department inspection or site verification event - NOTICE
EVT-0001195,KA-BLRU-560029-000242,GST,GST-KA-BLRU-2020-000190,INSPECTION,2021-01-06,OK,department inspection or site verification event - OK
EVT-0000348,KA-BLRU-560029-000067,UDYAM,UDYAM-KR-BLRU-2018-000038,ADDRESS_UPDATE,2020-12-11,NOTICE,address correction or amendment signal - NOTICE
EVT-0000345,KA-BLRU-560029-000067,GST,GST-KA-BLRU-2020-000053,INSPECTION,2020-12-05,NOTICE,department inspection or site verification event - NOTICE
EVT-0001193,KA-BLRU-560029-000242,GST,GST-KA-BLRU-2020-000190,TAX_FILING,2020-12-05,APPROVED,tax return or filing activity signal - APPROVED
EVT-0000943,KA-BLRR-561203-000191,LABOUR,LAB-KA-BLRR-2017-000093,INSPECTION,2020-11-23,APPROVED,department inspection or site verification event - APPROVED
EVT-0001192,KA-BLRU-560029-000242,GST,GST-KA-BLRU-2020-000190,ADDRESS_UPDATE,2020-11-14,NOTICE,address correction or amendment signal - NOTICE
EVT-0000382,KA-BLRU-560066-000075,GST,GST-KA-BLRU-2016-000058,TAX_FILING,2020-11-09,PENDING,tax return or filing activity signal - PENDING
EVT-0000368,KA-BLRU-560076-000072,FACTORY,KFBIS-FAC-BLRU-2019-000032,INSPECTION,2020-10-31,APPROVED,department inspection or site verification event - APPROVED
EVT-0000346,KA-BLRU-560029-000067,GST,GST-KA-BLRU-2020-000053,TAX_FILING,2020-10-29,APPROVED,tax return or filing activity signal - APPROVED
EVT-0000942,KA-BLRR-561203-000191,LABOUR,LAB-KA-BLRR-2017-000093,RENEWAL,2020-10-27,RESOLVED,licence/registration renewal event captured - RESOLVED
EVT-0000442,KA-BLRU-560037-000086,LABOUR,LAB-KA-BLRU-2019-000040,INSPECTION,2020-10-17,NOTICE,department inspection or site verification event - NOTICE
EVT-0001198,KA-BLRU-560029-000242,GST,GST-KA-BLRU-2020-000190,RENEWAL,2020-10-15,PENDING,licence/registration renewal event captured - PENDING
EVT-0000185,KA-TUM-572101-000036,GST,GST-KA-TUM-2015-000028,TAX_FILING,2020-10-06,OK,tax return or filing activity signal - OK
EVT-0000343,KA-BLRU-560102-000066,LABOUR,LAB-KA-BLRU-2018-000033,RENEWAL,2020-10-06,PENDING,licence/registration renewal event captured - PENDING
EVT-0000344,KA-BLRU-560029-000067,UDYAM,UDYAM-KR-BLRU-2018-000038,RENEWAL,2020-10-02,PENDING,licence/registration renewal event captured - PENDING
EVT-0000349,KA-BLRU-560029-000067,GST,GST-KA-BLRU-2020-000053,COMPLAINT,2020-09-30,RESOLVED,citizen/department complaint signal - RESOLVED
EVT-0000941,KA-BLRR-561203-000191,LABOUR,LAB-KA-BLRR-2017-000093,ADDRESS_UPDATE,2020-09-26,APPROVED,address correction or amendment signal - APPROVED
EVT-0000371,KA-BLRU-560076-000072,GST,GST-KA-BLRU-2020-000056,DEREGISTRATION,2020-09-10,CLOSED,closure/deregistration signal - CLOSED
EVT-0000443,KA-BLRU-560037-000086,FACTORY,KFBIS-FAC-BLRU-2017-000042,RENEWAL,2020-09-05,NOTICE,licence/registration renewal event captured - NOTICE
EVT-0001137,KA-BLRR-562157-000230,BBMP,BBMP-TL-BENG-2019-000088,TAX_FILING,2020-08-12,OK,tax return or filing activity signal - OK
EVT-0000013,KA-BLRU-560085-000004,GST,GST-KA-BLRU-2021-000003,RENEWAL,2020-07-26,NOTICE,licence/registration renewal event captured - NOTICE
EVT-0000341,KA-BLRU-560102-000066,SHOP,KAR-SHOP-BLRU-2017-000047,RENEWAL,2020-07-09,PENDING,licence/registration renewal event captured - PENDING
EVT-0000138,KA-BLRU-560059-000027,GST,GST-KA-BLRU-2017-000020,RENEWAL,2020-06-04,APPROVED,licence/registration renewal event captured - APPROVED
EVT-0001197,KA-BLRU-560029-000242,GST,GST-KA-BLRU-2020-000190,ADDRESS_UPDATE,2020-05-27,APPROVED,address correction or amendment signal - APPROVED
EVT-0000315,KA-BLRU-560058-000062,BBMP,BBMP-TL-DASA-2021-000020,DEREGISTRATION,2020-04-10,CLOSED,closure/deregistration signal - CLOSED
EVT-0000591,KA-TUM-572106-000117,FACTORY,KFBIS-FAC-TUM-2015-000060,ADDRESS_UPDATE,2020-04-05,RESOLVED,address correction or amendment signal - RESOLVED
EVT-0000370,KA-BLRU-560076-000072,FACTORY,KFBIS-FAC-BLRU-2019-000032,INSPECTION,2020-02-18,NOTICE,department inspection or site verification event - NOTICE
EVT-0000018,KA-BLRU-560085-000004,GST,GST-KA-BLRU-2021-000003,ADDRESS_UPDATE,2020-02-13,NOTICE,address correction or amendment signal - NOTICE
EVT-0001134,KA-BLRR-562157-000230,SHOP,KAR-SHOP-BLRR-2018-000151,ADDRESS_UPDATE,2019-12-30,NOTICE,address correction or amendment signal - NOTICE
EVT-0000939,KA-BLRR-561203-000191,BBMP,BBMP-TL-BENG-2015-000074,COMPLAINT,2019-09-12,NOTICE,citizen/department complaint signal - NOTICE
EVT-0000445,KA-BLRU-560037-000086,FACTORY,KFBIS-FAC-BLRU-2017-000042,COMPLAINT,2019-09-08,NOTICE,citizen/department complaint signal - NOTICE
EVT-0000350,KA-BLRU-560029-000067,GST,GST-KA-BLRU-2020-000053,ADDRESS_UPDATE,2019-06-04,RESOLVED,address correction or amendment signal - RESOLVED
EVT-0000369,KA-BLRU-560076-000072,GST,GST-KA-BLRU-2020-000056,RENEWAL,2019-05-23,NOTICE,licence/registration renewal event captured - NOTICE
EVT-0001044,KA-BLRU-560043-000214,LABOUR,LAB-KA-BLRU-2021-000105,ADDRESS_UPDATE,2019-04-06,OK,address correction or amendment signal - OK
EVT-0000938,KA-BLRR-561203-000191,LABOUR,LAB-KA-BLRR-2017-000093,ADDRESS_UPDATE,2019-02-22,PENDING,address correction or amendment signal - PENDING
EVT-0000347,KA-BLRU-560029-000067,SHOP,KAR-SHOP-BLRU-2018-000048,ADDRESS_UPDATE,2019-02-04,PENDING,address correction or amendment signal - PENDING
EVT-0000441,KA-BLRU-560037-000086,FACTORY,KFBIS-FAC-BLRU-2017-000042,TAX_FILING,2019-01-28,OK,tax return or filing activity signal - OK
EVT-0000372,KA-BLRU-560076-000072,FACTORY,KFBIS-FAC-BLRU-2019-000032,ADDRESS_UPDATE,2018-11-05,OK,address correction or amendment signal - OK
EVT-0000940,KA-BLRR-561203-000191,BBMP,BBMP-TL-BENG-2015-000074,COMPLAINT,2018-09-05,NOTICE,citizen/department complaint signal - NOTICE
EVT-0000444,KA-BLRU-560037-000086,LABOUR,LAB-KA-BLRU-2019-000040,INSPECTION,2018-04-23,NOTICE,department inspection or site verification event - NOTICE
