entity_id,legal_name,trade_name,business_type,business_category,nic_code,pollution_category,district,district_code,pin_code,locality,zone,ward,canonical_address,pan_hash,gstin_hash,udyam_hash,phone,email,incorporation_date,employee_count,turnover_band_lakh
ENT-00001,Omkar Works,Omkar Works,Restaurant / Cafe,Service,5610,Green,Bengaluru Urban,BLRU,560037,Whitefield,Mahadevapura,Ward-085,"No 16, C Extension, Whitefield, Bengaluru Urban, Karnataka - 560037",,,UDYAM_6668ADAC3B7459D8,9000008056,,2016-01-16,85,100-500
ENT-00002,Vijaya Associates,Vijaya Associates,Plastic Moulding,Manufacturing,2220,Red,Bengaluru Urban,BLRU,560068,Bommanahalli,South,Ward-175,"No 91, B 3rd Phase, Bommanahalli, Bengaluru Urban, Karnataka - 560068",PAN_58171EF01BC0381A,GSTIN_09A864EEFB4966DC,,9000015975,contact0002@examplebiz.in,2015-05-13,25,0-10
ENT-00003,Veda Devices Works,Veda Devices Works,Electronics Assembly,Manufacturing,2610,Orange,Bengaluru Rural,BLRR,561203,Doddaballapura,Bengaluru Rural,Ward-R09,"No 264, B 1st Cross, Doddaballapura, Bengaluru Rural, Karnataka - 561203",PAN_71DBDD827C3DEB42,,UDYAM_3B029F27F98B79B0,9000023894,contact0003@examplebiz.in,2015-12-17,8,10-25
ENT-00004,Asha Trans LLP,Asha Trans,Logistics / Warehouse,Service,5210,Green,Bengaluru Urban,BLRU,560085,Banashankari,South,Ward-182,"No 7, B 1st Cross, Banashankari, Bengaluru Urban, Karnataka - 560085",PAN_4B6DB3A13FEC9F96,GSTIN_631046870FA1F569,UDYAM_66CABB5444AEE628,9000031813,,2019-06-09,180,25-50
ENT-00005,Sharma Coatings Co,Sharma Coatings Co,Chemical Blending,Manufacturing,2029,Red,Bengaluru Urban,BLRU,560059,Rajajinagar Industrial Suburb,West,Ward-067,"No 7, Plot Service Road, Rajajinagar Industrial Suburb, Bengaluru Urban, Karnataka - 560059",,,UDYAM_A4C262321DAD0941,9000039732,,2021-10-07,3,500+
ENT-00006,Deccan Industries,Deccan Industries,Plastic Moulding,Manufacturing,2220,Red,Mysuru,MYS,570001,Devaraja Mohalla,Central,Ward-M01,"No 151, C 2nd Main, Devaraja Mohalla, Mysuru, Karnataka - 570001",PAN_70C38193FB6728B8,,UDYAM_414CC424A220C311,9000047651,contact0006@examplebiz.in,2021-12-09,120,10-25
ENT-00007,Sree Logistics Pvt Ltd,Sree Logistics,Logistics / Warehouse,Service,5210,Green,Bengaluru Urban,BLRU,560102,HSR Layout,Bommanahalli,Ward-174,"No 105, B 2nd Main, HSR Layout, Bengaluru Urban, Karnataka - 560102",,,UDYAM_5B809DD7D0DA8F64,9000055570,contact0007@examplebiz.in,2015-04-26,25,10-25
ENT-00008,Siddhi Cafe Industries,Siddhi Cafe Industries,Restaurant / Cafe,Service,5610,Green,Bengaluru Urban,BLRU,560100,Electronic City,Bommanahalli,Ward-192,"No 181, A Near Bus Stop, Electronic City, Bengaluru Urban, Karnataka - 560100",PAN_4E65EEA48AF43A2C,,,9000063489,contact0008@examplebiz.in,2025-06-19,12,100-500
ENT-00009,Srinidhi Trans Works,Srinidhi Trans Works,Logistics / Warehouse,Service,5210,Green,Bengaluru Rural,BLRR,562114,Hoskote,Bengaluru Rural,Ward-R04,"No 284, Shed 1st Cross, Hoskote, Bengaluru Rural, Karnataka - 562114",,,UDYAM_E15D24E936858900,9000071408,,2023-11-01,120,500+
ENT-00010,Ganesh Dine LLP,Ganesh Dine,Restaurant / Cafe,Service,5610,Green,Bengaluru Urban,BLRU,560085,Banashankari,South,Ward-182,"No 149, B Main Road, Banashankari, Bengaluru Urban, Karnataka - 560085",PAN_9D3A02B5E38FC0F6,GSTIN_9680680B987EE9AF,UDYAM_25510CB27689351F,9000079327,,2016-07-20,25,500+
ENT-00011,Naveen Fashions Traders,Naveen Fashions Traders,Textile / Garments,Manufacturing,1410,Green,Bengaluru Urban,BLRU,560076,Bannerghatta Road,South,Ward-177,"No 34, B Main Road, Bannerghatta Road, Bengaluru Urban, Karnataka - 560076",PAN_8C7374FD50D77AA2,GSTIN_4EC2C607A831562B,UDYAM_89BECB8C05549B04,9000087246,,2020-07-29,180,25-50
ENT-00012,Naveen Systems Pvt Ltd,Naveen Systems,Electronics Assembly,Manufacturing,2610,Orange,Mysuru,MYS,570001,Devaraja Mohalla,Central,Ward-M01,"No 291, D Sector, Devaraja Mohalla, Mysuru, Karnataka - 570001",PAN_BE1A19570FE9AE0F,GSTIN_F4E00424CB03A26C,,9000095165,contact0012@examplebiz.in,2016-10-27,18,10-25
ENT-00013,Mysore Bites Works,Mysore Bites Works,Restaurant / Cafe,Service,5610,Green,Mysuru,MYS,570001,Devaraja Mohalla,Central,Ward-M01,"No 4, D 2nd Main, Devaraja Mohalla, Mysuru, Karnataka - 570001",PAN_7EA7B232D0E1064D,GSTIN_66B07237543C6EDC,,9000103084,,2017-09-23,180,500+
ENT-00014,Siddhi Industrial Industries,Siddhi Industrial Industries,Chemical Blending,Manufacturing,2029,Red,Bengaluru Urban,BLRU,560100,Electronic City,Bommanahalli,Ward-192,"No 243, B Extension, Electronic City, Bengaluru Urban, Karnataka - 560100",PAN_58C0287F2DFBF4D1,GSTIN_4CBBAC49634564E0,UDYAM_98AA4B4C505E9FA1,9000111003,,2018-05-05,2,10-25
ENT-00015,Meghana Warehouse Traders,Meghana Warehouse Traders,Logistics / Warehouse,Service,5210,Green,Bengaluru Rural,BLRR,562110,Devanahalli,Bengaluru Rural,Ward-R01,"No 57, D Near Bus Stop, Devanahalli, Bengaluru Rural, Karnataka - 562110",PAN_BB5B3071AA21F9A0,,UDYAM_3B4A84F61A4AA029,,contact0015@examplebiz.in,2019-09-23,8,25-50
ENT-00016,Nandi Trans Solutions,Nandi Trans Solutions,Logistics / Warehouse,Service,5210,Green,Bengaluru Rural,BLRR,561203,Doddaballapura,Bengaluru Rural,Ward-R09,"No 162, Sector, Doddaballapura, Bengaluru Rural, Karnataka - 561203",PAN_D072F79BB809F27C,,UDYAM_8E5622D776BB2C2B,9000126841,contact0016@examplebiz.in,2017-04-16,52,100-500
ENT-00017,Mysore Cafe Traders,Mysore Cafe Traders,Restaurant / Cafe,Service,5610,Green,Bengaluru Rural,BLRR,562110,Devanahalli,Bengaluru Rural,Ward-R01,"No 202, D Service Road, Devanahalli, Bengaluru Rural, Karnataka - 562110",,,,,,2021-02-18,3,0-10
ENT-00018,Mysore Mold Solutions,Mysore Mold Solutions,Plastic Moulding,Manufacturing,2220,Red,Bengaluru Urban,BLRU,560066,Whitefield Main Road,Mahadevapura,Ward-083,"No 215, A Main Road, Whitefield Main Road, Bengaluru Urban, Karnataka - 560066",PAN_9B87F77784FF0445,GSTIN_3EF37A7E82305EDA,UDYAM_23B1E80E5A874B4C,9000142679,contact0018@examplebiz.in,2020-07-30,180,25-50
ENT-00019,Veda Coatings Works,Veda Coatings Works,Chemical Blending,Manufacturing,2029,Red,Bengaluru Rural,BLRR,562110,Devanahalli,Bengaluru Rural,Ward-R01,"No 201, B Service Road, Devanahalli, Bengaluru Rural, Karnataka - 562110",,,UDYAM_F54BADA100F1DA9C,9000150598,,2022-12-29,3,0-10
ENT-00020,Navya Devices Co,Navya Devices Co,Electronics Assembly,Manufacturing,2610,Orange,Bengaluru Urban,BLRU,560068,Bommanahalli,South,Ward-175,"No 51, A Behind Metro, Bommanahalli, Bengaluru Urban, Karnataka - 560068",PAN_A8B2B46C51047944,GSTIN_AC08044DB415531C,UDYAM_4D83CEBA4239C745,9000158517,,2014-12-14,180,100-500
ENT-00021,Prakruthi Packaging Solutions,Prakruthi Packaging Solutions,Printing / Packaging,Manufacturing,1811,Orange,Mysuru,MYS,570016,Hebbal Industrial Area,North,Ward-M21,"No 45, A Service Road, Hebbal Industrial Area, Mysuru, Karnataka - 570016",PAN_1DDA954E2B3349CC,,UDYAM_7529CCCBE3EA145B,9000166436,,2018-08-29,25,500+
ENT-00022,Ravi Plastics Works,Ravi Plastics Works,Plastic Moulding,Manufacturing,2220,Red,Mysuru,MYS,570016,Hebbal Industrial Area,North,Ward-M21,"No 65, B Near Bus Stop, Hebbal Industrial Area, Mysuru, Karnataka - 570016",PAN_52B1F2FB98A9B305,GSTIN_4CD6D2E925B25B01,,9000174355,,2015-05-16,18,10-25
ENT-00023,Sri Devices Solutions,Sri Devices Solutions,Electronics Assembly,Manufacturing,2610,Orange,Bengaluru Urban,BLRU,560102,HSR Layout,Bommanahalli,Ward-174,"No 104, Shed Industrial Layout, HSR Layout, Bengaluru Urban, Karnataka - 560102",PAN_2593B925C4CC393A,GSTIN_258B8656D131FB3A,UDYAM_17AB19F9CF64732D,,contact0023@examplebiz.in,2022-11-10,12,0-10
ENT-00024,Sree Solutions,Sree Solutions,Food Processing,Manufacturing,1030,Orange,Bengaluru Urban,BLRU,560085,Banashankari,South,Ward-182,"No 101, A Extension, Banashankari, Bengaluru Urban, Karnataka - 560085",PAN_9E53C1A7284D0EC7,,,9000190193,,2016-03-18,52,500+
ENT-00025,Harsha Biryani Works,Harsha Biryani Works,Restaurant / Cafe,Service,5610,Green,Bengaluru Urban,BLRU,560059,Rajajinagar Industrial Suburb,West,Ward-067,"No 136, C 1st Cross, Rajajinagar Industrial Suburb, Bengaluru Urban, Karnataka - 560059",PAN_7999756AA132CF9C,GSTIN_B41F10842E700D44,UDYAM_8AF7B6E6F2A8EC33,9000198112,,2014-12-24,8,10-25
ENT-00026,Bangalore Moulding Associates,Bangalore Moulding Associates,Plastic Moulding,Manufacturing,2220,Red,Bengaluru Urban,BLRU,560068,Bommanahalli,South,Ward-175,"No 266, Shed Sector, Bommanahalli, Bengaluru Urban, Karnataka - 560068",PAN_8C25986E2674A596,,UDYAM_212EC31FCD0E9121,9000206031,contact0026@examplebiz.in,2021-09-08,18,50-100
ENT-00027,Sree Electronics Industries,Sree Electronics Industries,Electronics Assembly,Manufacturing,2610,Orange,Bengaluru Urban,BLRU,560059,Rajajinagar Industrial Suburb,West,Ward-067,"No 50, B Industrial Layout, Rajajinagar Industrial Suburb, Bengaluru Urban, Karnataka - 560059",PAN_289FA3331D4CA2D0,,UDYAM_CDB45DAED972E75A,9000213950,,2015-06-25,36,100-500
ENT-00028,Bangalore Solutions,Bangalore Solutions,Pharmacy / Medical Retail,Retail,4772,Green,Mysuru,MYS,570016,Hebbal Industrial Area,North,Ward-M21,"No 108, B Near Bus Stop, Hebbal Industrial Area, Mysuru, Karnataka - 570016",,,,,contact0028@examplebiz.in,2015-04-13,12,10-25
ENT-00029,Asha Co,Asha Co,Textile / Garments,Manufacturing,1410,Green,Bengaluru Urban,BLRU,560064,Yelahanka,Yelahanka,Ward-004,"No 177, C 2nd Main, Yelahanka, Bengaluru Urban, Karnataka - 560064",PAN_70AD3CC61D3D7815,GSTIN_DBD5853B2650B25F,,,,2021-06-17,120,0-10
ENT-00030,Bharath Garments Traders,Bharath Garments Traders,Textile / Garments,Manufacturing,1410,Green,Bengaluru Rural,BLRR,562110,Devanahalli,Bengaluru Rural,Ward-R01,"No 18, Plot Extension, Devanahalli, Bengaluru Rural, Karnataka - 562110",PAN_F9056F6DC2DB582C,GSTIN_5B1E02F6F738BA0B,UDYAM_62FBD736C61D9422,9000237707,,2017-11-11,8,0-10
ENT-00031,Mysore Enterprises,Mysore Enterprises,Machine Tools,Manufacturing,2819,Orange,Bengaluru Urban,BLRU,560102,HSR Layout,Bommanahalli,Ward-174,"No 256, B Main Road, HSR Layout, Bengaluru Urban, Karnataka - 560102",PAN_8895582F81504CB2,GSTIN_FEC2468239B9CC01,,,contact0031@examplebiz.in,2021-08-29,2,50-100
ENT-00032,Omkar LLP,Omkar,Pharmacy / Medical Retail,Retail,4772,Green,Bengaluru Rural,BLRR,561203,Doddaballapura,Bengaluru Rural,Ward-R09,"No 161, Shed Near Bus Stop, Doddaballapura, Bengaluru Rural, Karnataka - 561203",PAN_539CA18DBEA6A496,GSTIN_3B5BA39EC3C6F8CF,,9000253545,,2023-08-27,85,100-500
ENT-00033,Deccan Industries,Deccan Industries,Textile / Garments,Manufacturing,1410,Green,Mysuru,MYS,570018,Nanjangud Road,South,Ward-M32,"No 125, D Industrial Layout, Nanjangud Road, Mysuru, Karnataka - 570018",PAN_173C0F7D4925D38A,GSTIN_AA5A050C78BFB4EF,,,,2025-02-06,10,10-25
ENT-00034,Nandi Cargo Company,Nandi Cargo Company,Logistics / Warehouse,Service,5210,Green,Bengaluru Urban,BLRU,560085,Banashankari,South,Ward-182,"No 2, A Near Bus Stop, Banashankari, Bengaluru Urban, Karnataka - 560085",PAN_8CFB12363662E99D,GSTIN_7F22EAE7CB2DAA54,UDYAM_D796BCE8301DC6FA,9000269383,,2016-04-10,25,500+
ENT-00035,Kaveri Components Pvt Ltd,Kaveri Components,Electronics Assembly,Manufacturing,2610,Orange,Bengaluru Urban,BLRU,560102,HSR Layout,Bommanahalli,Ward-174,"No 106, Plot Behind Metro, HSR Layout, Bengaluru Urban, Karnataka - 560102",,,,,,2023-09-28,18,0-10
ENT-00036,Nandi Stores LLP,Nandi Stores,Logistics / Warehouse,Service,5210,Green,Tumakuru,TUM,572101,BH Road,Tumakuru,Ward-T01,"No 4, Main Road, BH Road, Tumakuru, Karnataka - 572101",PAN_73F217E94D5B05BC,GSTIN_309C75F94A9082F1,,,,2019-03-17,52,100-500
ENT-00037,Kaveri Cafe LLP,Kaveri Cafe,Restaurant / Cafe,Service,5610,Green,Bengaluru Rural,BLRR,562114,Hoskote,Bengaluru Rural,Ward-R04,"No 144, Main Road, Hoskote, Bengaluru Rural, Karnataka - 562114",PAN_D0431C59929A66AA,GSTIN_07235E6F9DBD73DE,,9000293140,,2013-04-09,3,10-25
ENT-00038,Meghana Bites Associates,Meghana Bites Associates,Restaurant / Cafe,Service,5610,Green,Bengaluru Urban,BLRU,560085,Banashankari,South,Ward-182,"No 2, D Sector, Banashankari, Bengaluru Urban, Karnataka - 560085",PAN_908053A6F6D1D89A,GSTIN_6BAE0AD36F8F1AC5,UDYAM_2ECCD801DD0C79ED,,,2015-07-27,52,10-25
ENT-00039,Nisarga Industrial Co,Nisarga Industrial Co,Chemical Blending,Manufacturing,2029,Red,Bengaluru Urban,BLRU,560024,Hebbal,Yelahanka,Ward-021,"No 203, C Service Road, Hebbal, Bengaluru Urban, Karnataka - 560024",PAN_7A63FC27AAA81041,GSTIN_3A93BE22DF25C0F1,UDYAM_FC670B9F4390955E,9000308978,,2014-08-23,120,10-25
ENT-00040,Varun Textiles Industries,Varun Textiles Industries,Textile / Garments,Manufacturing,1410,Green,Bengaluru Urban,BLRU,560068,Bommanahalli,South,Ward-175,"No 252, B Near Bus Stop, Bommanahalli, Bengaluru Urban, Karnataka - 560068",,,UDYAM_E9B6359557804507,9000316897,contact0040@examplebiz.in,2016-01-14,52,25-50
ENT-00041,Meghana Bites Associates,Meghana Bites Associates,Pharmacy / Medical Retail,Retail,4772,Green,Bengaluru Urban,BLRU,560085,Banashankari,South,Ward-182,"No 283, A 1st Cross, Banashankari, Bengaluru Urban, Karnataka - 560085",PAN_AB43D864A161549A,GSTIN_8F3229B92705BAAF,,9000324816,contact0041@examplebiz.in,2023-03-04,18,0-10
ENT-00042,Aditya Circuits Works,Aditya Circuits Works,Electronics Assembly,Manufacturing,2610,Orange,Mysuru,MYS,570016,Hebbal Industrial Area,North,Ward-M21,"No 157, B Extension, Hebbal Industrial Area, Mysuru, Karnataka - 570016",PAN_89974A6C9040BC8F,,,9000332735,contact0042@examplebiz.in,2025-04-26,3,0-10
ENT-00043,Kaveri Press Enterprises,Kaveri Press Enterprises,Printing / Packaging,Manufacturing,1811,Orange,Tumakuru,TUM,572101,BH Road,Tumakuru,Ward-T01,"No 151, D 2nd Main, BH Road, Tumakuru, Karnataka - 572101",PAN_4EA33D307B0EDD36,GSTIN_B374BEA30B507783,,9000340654,contact0043@examplebiz.in,2022-02-24,10,100-500
ENT-00044,Aarohi Solutions,Aarohi Solutions,Pharmacy / Medical Retail,Retail,4772,Green,Mysuru,MYS,570016,Hebbal Industrial Area,North,Ward-M21,"No 37, Behind Metro, Hebbal Industrial Area, Mysuru, Karnataka - 570016",,,,9000348573,contact0044@examplebiz.in,2025-02-17,12,10-25
ENT-00045,Bangalore Garments Solutions,Bangalore Garments Solutions,Textile / Garments,Manufacturing,1410,Green,Tumakuru,TUM,572106,Antharasanahalli Industrial Area,Tumakuru,Ward-T12,"No 232, A Behind Metro, Antharasanahalli Industrial Area, Tumakuru, Karnataka - 572106",,,,,contact0045@examplebiz.in,2018-01-06,18,500+
ENT-00046,Ravi LLP,Ravi,Pharmacy / Medical Retail,Retail,4772,Green,Bengaluru Urban,BLRU,560043,Kalyan Nagar,East,Ward-025,"No 232, Shed Industrial Layout, Kalyan Nagar, Bengaluru Urban, Karnataka - 560043",PAN_7500201471E3B7BA,GSTIN_287B100709456FB0,UDYAM_036CD26004F91949,,,2022-03-18,180,100-500
ENT-00047,Nandi Solvents LLP,Nandi Solvents,Chemical Blending,Manufacturing,2029,Red,Bengaluru Urban,BLRU,560100,Electronic City,Bommanahalli,Ward-192,"No 219, B 3rd Phase, Electronic City, Bengaluru Urban, Karnataka - 560100",PAN_E7B290F18067E2B8,GSTIN_BDF0531A1AC60E9E,UDYAM_82F0CC3315A119FC,9000372330,contact0047@examplebiz.in,2016-02-21,52,0-10
ENT-00048,Bangalore Dine Associates,Bangalore Dine Associates,Restaurant / Cafe,Service,5610,Green,Tumakuru,TUM,572106,Antharasanahalli Industrial Area,Tumakuru,Ward-T12,"No 65, A Near Bus Stop, Antharasanahalli Industrial Area, Tumakuru, Karnataka - 572106",PAN_FA025D9591F67634,GSTIN_61C9CE29292E03A4,UDYAM_89B488EB4F7B809B,,contact0048@examplebiz.in,2021-07-01,180,0-10
ENT-00049,Omkar Pvt Ltd,Omkar,Plastic Moulding,Manufacturing,2220,Red,Bengaluru Urban,BLRU,560043,Kalyan Nagar,East,Ward-025,"No 146, D 3rd Phase, Kalyan Nagar, Bengaluru Urban, Karnataka - 560043",PAN_70288CFE80E73E3E,GSTIN_551ED194D61A3A39,UDYAM_9257BA41FA821053,9000388168,contact0049@examplebiz.in,2022-01-29,180,50-100
ENT-00050,Ananya Print Works,Ananya Print Works,Printing / Packaging,Manufacturing,1811,Orange,Bengaluru Urban,BLRU,560102,HSR Layout,Bommanahalli,Ward-174,"No 259, Plot Sector, HSR Layout, Bengaluru Urban, Karnataka - 560102",PAN_1824862865ABF30F,GSTIN_ACAA7D7367A1CA14,,9000396087,contact0050@examplebiz.in,2022-02-12,25,0-10
ENT-00051,Varun Enterprises,Varun Enterprises,Electronics Assembly,Manufacturing,2610,Orange,Bengaluru Urban,BLRU,560076,Bannerghatta Road,South,Ward-177,"No 144, Plot Service Road, Bannerghatta Road, Bengaluru Urban, Karnataka - 560076",,,,,,2017-05-10,18,500+
ENT-00052,Naveen Company,Naveen Company,Textile / Garments,Manufacturing,1410,Green,Bengaluru Urban,BLRU,560043,Kalyan Nagar,East,Ward-025,"No 150, Shed Service Road, Kalyan Nagar, Bengaluru Urban, Karnataka - 560043",PAN_7F27AB95BD05A4AD,,,,contact0052@examplebiz.in,2020-09-18,10,25-50
ENT-00053,Harsha Packaging Enterprises,Harsha Packaging Enterprises,Plastic Moulding,Manufacturing,2220,Red,Bengaluru Urban,BLRU,560059,Rajajinagar Industrial Suburb,West,Ward-067,"No 28, Plot 1st Cross, Rajajinagar Industrial Suburb, Bengaluru Urban, Karnataka - 560059",PAN_C2E0BB3AE997AD15,GSTIN_5C0684CC9D7E8ED6,UDYAM_9F5950A77EE90291,,contact0053@examplebiz.in,2017-05-12,18,100-500
ENT-00054,Srinidhi Milling Traders,Srinidhi Milling Traders,Food Processing,Manufacturing,1030,Orange,Bengaluru Urban,BLRU,560037,Whitefield,Mahadevapura,Ward-085,"No 224, Shed Behind Metro, Whitefield, Bengaluru Urban, Karnataka - 560037",PAN_5D5976C5B30E49A1,GSTIN_968D82CA0AD4A1F7,UDYAM_CCC56ABB7315DBB3,9000427763,contact0054@examplebiz.in,2015-10-01,52,50-100
ENT-00055,Bharath Machining Company,Bharath Machining Company,Machine Tools,Manufacturing,2819,Orange,Bengaluru Urban,BLRU,560059,Rajajinagar Industrial Suburb,West,Ward-067,"No 114, Plot Extension, Rajajinagar Industrial Suburb, Bengaluru Urban, Karnataka - 560059",PAN_68D96D53458F1A0C,GSTIN_E2E13346CEC78FD1,UDYAM_5E6C9B4E0F32F3FD,9000435682,contact0055@examplebiz.in,2014-10-14,25,0-10
ENT-00056,Bharath Graphics Solutions,Bharath Graphics Solutions,Printing / Packaging,Manufacturing,1811,Orange,Bengaluru Urban,BLRU,560078,Jayanagar,South,Ward-168,"No 262, Sector, Jayanagar, Bengaluru Urban, Karnataka - 560078",PAN_322CC0EAA89F2696,,,,,2025-06-22,3,500+
ENT-00057,Prakruthi Electronics Industries,Prakruthi Electronics Industries,Electronics Assembly,Manufacturing,2610,Orange,Mysuru,MYS,570016,Hebbal Industrial Area,North,Ward-M21,"No 8, Plot Main Road, Hebbal Industrial Area, Mysuru, Karnataka - 570016",PAN_DEC80A701A04C393,GSTIN_487CE3E3650EC8AB,,9000451520,contact0057@examplebiz.in,2018-08-22,52,10-25
ENT-00058,Siddhi Systems LLP,Siddhi Systems,Electronics Assembly,Manufacturing,2610,Orange,Bengaluru Urban,BLRU,560043,Kalyan Nagar,East,Ward-025,"No 285, D Extension, Kalyan Nagar, Bengaluru Urban, Karnataka - 560043",PAN_61DDEBCDB1F47867,GSTIN_F539CE4A9173FAE5,UDYAM_AA29C8091FE94621,9000459439,,2025-05-31,180,0-10
ENT-00059,Bangalore Apparels Company,Bangalore Apparels Company,Textile / Garments,Manufacturing,1410,Green,Mysuru,MYS,570018,Nanjangud Road,South,Ward-M32,"No 249, D 3rd Phase, Nanjangud Road, Mysuru, Karnataka - 570018",,,UDYAM_7EA77ABFB15DDB00,,contact0059@examplebiz.in,2022-12-01,4,10-25
ENT-00060,Veda Stitch LLP,Veda Stitch,Textile / Garments,Manufacturing,1410,Green,Bengaluru Rural,BLRR,562114,Hoskote,Bengaluru Rural,Ward-R04,"No 147, A Main Road, Hoskote, Bengaluru Rural, Karnataka - 562114",PAN_53DFB287DCA51FAF,GSTIN_EA2375D973EC6B1C,,9000475277,contact0060@examplebiz.in,2012-12-23,52,50-100
ENT-00061,Srinidhi Labs Industries,Srinidhi Labs Industries,Chemical Blending,Manufacturing,2029,Red,Bengaluru Rural,BLRR,562114,Hoskote,Bengaluru Rural,Ward-R04,"No 287, A Main Road, Hoskote, Bengaluru Rural, Karnataka - 562114",PAN_77A5109E48B40F39,,UDYAM_A50694DD57023F70,9000483196,,2014-12-16,12,25-50
ENT-00062,Veda Pharma Associates,Veda Pharma Associates,Pharmacy / Medical Retail,Retail,4772,Green,Bengaluru Urban,BLRU,560058,Peenya Industrial Area,Dasarahalli,Ward-038,"No 152, Main Road, Peenya Industrial Area, Bengaluru Urban, Karnataka - 560058",PAN_0B4A08BC3363755D,GSTIN_AE43FA27C2AF5156,,9000491115,,2023-08-08,12,25-50
ENT-00063,Lakshmi Graphics Works,Lakshmi Graphics Works,Printing / Packaging,Manufacturing,1811,Orange,Tumakuru,TUM,572101,BH Road,Tumakuru,Ward-T01,"No 278, Plot Near Bus Stop, BH Road, Tumakuru, Karnataka - 572101",,,UDYAM_BF0319BF84A28799,,,2019-11-23,52,100-500
ENT-00064,Veda Devices Co,Veda Devices Co,Electronics Assembly,Manufacturing,2610,Orange,Bengaluru Urban,BLRU,560034,Koramangala,South-East,Ward-151,"No 236, B Industrial Layout, Koramangala, Bengaluru Urban, Karnataka - 560034",PAN_351DA89F823C2212,GSTIN_7194B9F03832CED0,,,contact0064@examplebiz.in,2018-01-07,180,10-25
ENT-00065,Sri Agro Industries,Sri Agro Industries,Food Processing,Manufacturing,1030,Orange,Bengaluru Urban,BLRU,560076,Bannerghatta Road,South,Ward-177,"No 275, 1st Cross, Bannerghatta Road, Bengaluru Urban, Karnataka - 560076",PAN_3951A0735074896F,GSTIN_1B382335B1118E29,UDYAM_80ADFB464FD6712E,9000514872,contact0065@examplebiz.in,2014-03-05,5,50-100
ENT-00066,Sree Dine Co,Sree Dine Co,Restaurant / Cafe,Service,5610,Green,Bengaluru Urban,BLRU,560102,HSR Layout,Bommanahalli,Ward-174,"No 152, B Main Road, HSR Layout, Bengaluru Urban, Karnataka - 560102",,,UDYAM_60CADBD908A8652C,,,2023-09-05,25,100-500
ENT-00067,Sahana Meds Enterprises,Sahana Meds Enterprises,Pharmacy / Medical Retail,Retail,4772,Green,Bengaluru Urban,BLRU,560029,BTM Layout,South,Ward-176,"No 28, D 1st Cross, BTM Layout, Bengaluru Urban, Karnataka - 560029",,,,9000530710,contact0067@examplebiz.in,2012-04-26,18,50-100
ENT-00068,Vijaya Bites Industries,Vijaya Bites Industries,Restaurant / Cafe,Service,5610,Green,Mysuru,MYS,570001,Devaraja Mohalla,Central,Ward-M01,"No 100, Plot 1st Cross, Devaraja Mohalla, Mysuru, Karnataka - 570001",PAN_18D2A4B74B7DF3F5,GSTIN_52B491C8E1146F7C,UDYAM_ACE1332F42937C82,9000538629,,2015-01-27,8,0-10
ENT-00069,Ravi Health Traders,Ravi Health Traders,Pharmacy / Medical Retail,Retail,4772,Green,Bengaluru Urban,BLRU,560059,Rajajinagar Industrial Suburb,West,Ward-067,"No 85, Shed Main Road, Rajajinagar Industrial Suburb, Bengaluru Urban, Karnataka - 560059",PAN_5430CB75C709651E,,,,contact0069@examplebiz.in,2014-12-01,12,10-25
ENT-00070,Sri Spices Solutions,Sri Spices Solutions,Food Processing,Manufacturing,1030,Orange,Bengaluru Urban,BLRU,560001,MG Road,East,Ward-111,"No 22, Sector, MG Road, Bengaluru Urban, Karnataka - 560001",PAN_044439DBFC5F5D89,GSTIN_6C62F1DB040BC3E6,UDYAM_ED3F9A7D056CD250,9000554467,contact0070@examplebiz.in,2019-06-24,85,0-10
ENT-00071,Prakruthi CNC LLP,Prakruthi CNC,Machine Tools,Manufacturing,2819,Orange,Tumakuru,TUM,572106,Antharasanahalli Industrial Area,Tumakuru,Ward-T12,"No 3, A Behind Metro, Antharasanahalli Industrial Area, Tumakuru, Karnataka - 572106",PAN_F70D36755C5937CA,GSTIN_06336E828E872AF8,,9000562386,contact0071@examplebiz.in,2021-08-17,8,0-10
ENT-00072,Siddhi Bakery LLP,Siddhi Bakery,Food Processing,Manufacturing,1030,Orange,Bengaluru Urban,BLRU,560076,Bannerghatta Road,South,Ward-177,"No 83, A Main Road, Bannerghatta Road, Bengaluru Urban, Karnataka - 560076",PAN_1C5AC8317B27E0E0,,,,contact0072@examplebiz.in,2015-08-27,8,100-500
ENT-00073,Srinidhi Company,Srinidhi Company,Plastic Moulding,Manufacturing,2220,Red,Bengaluru Urban,BLRU,560037,Whitefield,Mahadevapura,Ward-085,"No 297, D 1st Cross, Whitefield, Bengaluru Urban, Karnataka - 560037",PAN_16FFF79FDBB72FE8,,,9000578224,contact0073@examplebiz.in,2020-08-23,52,25-50
ENT-00074,Kaveri Labels Traders,Kaveri Labels Traders,Printing / Packaging,Manufacturing,1811,Orange,Bengaluru Urban,BLRU,560085,Banashankari,South,Ward-182,"No 129, B Sector, Banashankari, Bengaluru Urban, Karnataka - 560085",PAN_D6A8E0DF0CCC7E6C,GSTIN_B03F9104717A968C,UDYAM_A7DCD6293A584229,9000586143,contact0074@examplebiz.in,2023-04-24,5,0-10
ENT-00075,Ravi Tech Associates,Ravi Tech Associates,Electronics Assembly,Manufacturing,2610,Orange,Bengaluru Urban,BLRU,560066,Whitefield Main Road,Mahadevapura,Ward-083,"No 84, A Sector, Whitefield Main Road, Bengaluru Urban, Karnataka - 560066",PAN_4835302AA2861E40,GSTIN_71882A0932EC0D09,UDYAM_37EE22C98AB70D79,,contact0075@examplebiz.in,2018-01-10,18,10-25
ENT-00076,Bangalore Coatings Co,Bangalore Coatings Co,Chemical Blending,Manufacturing,2029,Red,Tumakuru,TUM,572106,Antharasanahalli Industrial Area,Tumakuru,Ward-T12,"No 165, C Main Road, Antharasanahalli Industrial Area, Tumakuru, Karnataka - 572106",PAN_516B5EF3CF48BF46,GSTIN_11E6F7435D81D109,UDYAM_24F1A2414F4F2B9B,,contact0076@examplebiz.in,2018-12-21,2,100-500
ENT-00077,Ananya Pharma Traders,Ananya Pharma Traders,Pharmacy / Medical Retail,Retail,4772,Green,Mysuru,MYS,570001,Devaraja Mohalla,Central,Ward-M01,"No 262, A 1st Cross, Devaraja Mohalla, Mysuru, Karnataka - 570001",,,UDYAM_B94FA67CCD9129AF,9000609900,,2012-09-03,3,0-10
ENT-00078,Aditya Medical Pvt Ltd,Aditya Medical,Pharmacy / Medical Retail,Retail,4772,Green,Bengaluru Rural,BLRR,562114,Hoskote,Bengaluru Rural,Ward-R04,"No 282, Extension, Hoskote, Bengaluru Rural, Karnataka - 562114",PAN_2CD068317D61C1B7,GSTIN_9EC6267250B25E31,UDYAM_ABD458C5EAB23E3A,9000617819,,2013-10-08,52,25-50
ENT-00079,Ravi Co,Ravi Co,Machine Tools,Manufacturing,2819,Orange,Mysuru,MYS,570016,Hebbal Industrial Area,North,Ward-M21,"No 271, A 1st Cross, Hebbal Industrial Area, Mysuru, Karnataka - 570016",PAN_9896AA9AD3A89621,,,,,2025-11-19,3,0-10
ENT-00080,Meghana Coatings Traders,Meghana Coatings Traders,Chemical Blending,Manufacturing,2029,Red,Bengaluru Urban,BLRU,560068,Bommanahalli,South,Ward-175,"No 203, B Behind Metro, Bommanahalli, Bengaluru Urban, Karnataka - 560068",PAN_ED5E7F18A4978A5D,,UDYAM_CC318208C451A178,,,2018-02-19,4,25-50
ENT-00081,Meghana Wear Traders,Meghana Wear Traders,Textile / Garments,Manufacturing,1410,Green,Bengaluru Urban,BLRU,560058,Peenya Industrial Area,Dasarahalli,Ward-038,"No 120, Plot Sector, Peenya Industrial Area, Bengaluru Urban, Karnataka - 560058",,,,9000641576,contact0081@examplebiz.in,2019-12-16,5,10-25
ENT-00082,Prakruthi Packaging Solutions,Prakruthi Packaging Solutions,Plastic Moulding,Manufacturing,2220,Red,Mysuru,MYS,570016,Hebbal Industrial Area,North,Ward-M21,"No 142, B Behind Metro, Hebbal Industrial Area, Mysuru, Karnataka - 570016",PAN_5CC67906073C93C3,GSTIN_06A775EFABA058E4,,9000649495,contact0082@examplebiz.in,2020-10-10,85,50-100
ENT-00083,Nandi Electronics Solutions,Nandi Electronics Solutions,Electronics Assembly,Manufacturing,2610,Orange,Bengaluru Urban,BLRU,560100,Electronic City,Bommanahalli,Ward-192,"No 271, A Extension, Electronic City, Bengaluru Urban, Karnataka - 560100",,,UDYAM_F78F3F5A84986C57,9000657414,contact0083@examplebiz.in,2018-07-16,8,25-50
ENT-00084,Veda Kitchen Industries,Veda Kitchen Industries,Restaurant / Cafe,Service,5610,Green,Bengaluru Urban,BLRU,560064,Yelahanka,Yelahanka,Ward-004,"No 275, Shed 1st Cross, Yelahanka, Bengaluru Urban, Karnataka - 560064",PAN_53F9ACCBB27500E4,GSTIN_8BFD86A7E4C94C5A,UDYAM_351C12D34053991B,9000665333,contact0084@examplebiz.in,2015-05-03,25,25-50
ENT-00085,Mysore Works,Mysore Works,Electronics Assembly,Manufacturing,2610,Orange,Mysuru,MYS,570018,Nanjangud Road,South,Ward-M32,"No 280, C Industrial Layout, Nanjangud Road, Mysuru, Karnataka - 570018",,,,9000673252,,2025-03-16,3,0-10
ENT-00086,Kaveri Labs Pvt Ltd,Kaveri Labs,Chemical Blending,Manufacturing,2029,Red,Bengaluru Urban,BLRU,560037,Whitefield,Mahadevapura,Ward-085,"No 71, A Near Bus Stop, Whitefield, Bengaluru Urban, Karnataka - 560037",PAN_C8C0EC445E7CA4D7,,,,contact0086@examplebiz.in,2014-08-25,52,500+
ENT-00087,Bangalore Co,Bangalore Co,Restaurant / Cafe,Service,5610,Green,Tumakuru,TUM,572106,Antharasanahalli Industrial Area,Tumakuru,Ward-T12,"No 217, Near Bus Stop, Antharasanahalli Industrial Area, Tumakuru, Karnataka - 572106",PAN_762BAECD437BE21F,GSTIN_815619CCA2182AD8,UDYAM_5FF992E66997A85A,,,2012-07-19,8,10-25
ENT-00088,Bharath Biryani Pvt Ltd,Bharath Biryani,Restaurant / Cafe,Service,5610,Green,Bengaluru Urban,BLRU,560076,Bannerghatta Road,South,Ward-177,"No 94, D Industrial Layout, Bannerghatta Road, Bengaluru Urban, Karnataka - 560076",PAN_6B3CF6A834CD32BE,GSTIN_539441ABE38DB58A,UDYAM_611EB21BA3B07F3B,9000697009,,2018-12-11,10,50-100
ENT-00089,Bangalore Works,Bangalore Works,Printing / Packaging,Manufacturing,1811,Orange,Mysuru,MYS,570016,Hebbal Industrial Area,North,Ward-M21,"No 139, D 2nd Main, Hebbal Industrial Area, Mysuru, Karnataka - 570016",PAN_89B983630B42A1A9,GSTIN_5BB93A896805D600,UDYAM_0E623A149F8B91A3,9000704928,contact0089@examplebiz.in,2023-08-02,18,50-100
ENT-00090,Bharath Tech Associates,Bharath Tech Associates,Electronics Assembly,Manufacturing,2610,Orange,Bengaluru Urban,BLRU,560029,BTM Layout,South,Ward-176,"No 54, D 3rd Phase, BTM Layout, Bengaluru Urban, Karnataka - 560029",PAN_2DA615F179254D21,GSTIN_095CC47503753CCB,,9000712847,contact0090@examplebiz.in,2024-05-09,18,10-25
ENT-00091,Sharma Stitch Enterprises,Sharma Stitch Enterprises,Textile / Garments,Manufacturing,1410,Green,Bengaluru Urban,BLRU,560058,Peenya Industrial Area,Dasarahalli,Ward-038,"No 142, D 3rd Phase, Peenya Industrial Area, Bengaluru Urban, Karnataka - 560058",,,,,,2019-01-09,25,50-100
ENT-00092,Prakruthi Care Industries,Prakruthi Care Industries,Pharmacy / Medical Retail,Retail,4772,Green,Bengaluru Urban,BLRU,560059,Rajajinagar Industrial Suburb,West,Ward-067,"No 42, C Behind Metro, Rajajinagar Industrial Suburb, Bengaluru Urban, Karnataka - 560059",PAN_85300386819CE814,GSTIN_E9A4395F4829029E,UDYAM_6CEB27A431D29177,,contact0092@examplebiz.in,2022-05-28,52,10-25
ENT-00093,Kaveri Systems Pvt Ltd,Kaveri Systems,Electronics Assembly,Manufacturing,2610,Orange,Bengaluru Urban,BLRU,560102,HSR Layout,Bommanahalli,Ward-174,"No 51, B 3rd Phase, HSR Layout, Bengaluru Urban, Karnataka - 560102",PAN_0752B7A29DDA5077,,UDYAM_486AC2F9D047E49F,9000736604,,2017-04-28,10,25-50
ENT-00094,Sharma Biryani Pvt Ltd,Sharma Biryani,Restaurant / Cafe,Service,5610,Green,Bengaluru Urban,BLRU,560068,Bommanahalli,South,Ward-175,"No 52, Plot 2nd Main, Bommanahalli, Bengaluru Urban, Karnataka - 560068",,,UDYAM_ED899AFB6B5727AA,,,2024-09-01,4,50-100
ENT-00095,Deccan Packaging Traders,Deccan Packaging Traders,Printing / Packaging,Manufacturing,1811,Orange,Bengaluru Urban,BLRU,560029,BTM Layout,South,Ward-176,"No 211, C 1st Cross, BTM Layout, Bengaluru Urban, Karnataka - 560029",,,,9000752442,,2015-06-09,52,50-100
ENT-00096,Ananya Devices Solutions,Ananya Devices Solutions,Electronics Assembly,Manufacturing,2610,Orange,Mysuru,MYS,570016,Hebbal Industrial Area,North,Ward-M21,"No 250, D Extension, Hebbal Industrial Area, Mysuru, Karnataka - 570016",PAN_6E7181A7E4B61A66,GSTIN_3B0B225DA27E5FC2,,9000760361,contact0096@examplebiz.in,2024-02-02,18,50-100
ENT-00097,Ananya Labs Pvt Ltd,Ananya Labs,Chemical Blending,Manufacturing,2029,Red,Bengaluru Urban,BLRU,560085,Banashankari,South,Ward-182,"No 216, Shed Behind Metro, Banashankari, Bengaluru Urban, Karnataka - 560085",PAN_F23A85C0426F601B,GSTIN_86D7D7F0675821B5,,9000768280,,2012-10-20,2,25-50
ENT-00098,Ganesh Works,Ganesh Works,Printing / Packaging,Manufacturing,1811,Orange,Bengaluru Urban,BLRU,560029,BTM Layout,South,Ward-176,"No 76, B Industrial Layout, BTM Layout, Bengaluru Urban, Karnataka - 560029",PAN_0BE0ABA78E98D584,GSTIN_21E1AB5D76E10596,UDYAM_6399F0FF871F3C6E,9000776199,,2017-11-18,3,50-100
ENT-00099,Mysore Cargo Solutions,Mysore Cargo Solutions,Logistics / Warehouse,Service,5210,Green,Bengaluru Rural,BLRR,562114,Hoskote,Bengaluru Rural,Ward-R04,"No 62, Shed 1st Cross, Hoskote, Bengaluru Rural, Karnataka - 562114",PAN_E9BD68AFABFF1B32,GSTIN_9D23D1FC7C1597DC,,,contact0099@examplebiz.in,2025-12-08,120,100-500
ENT-00100,Srinidhi Traders,Srinidhi Traders,Food Processing,Manufacturing,1030,Orange,Bengaluru Urban,BLRU,560043,Kalyan Nagar,East,Ward-025,"No 235, D Extension, Kalyan Nagar, Bengaluru Urban, Karnataka - 560043",,,,9000792037,contact0100@examplebiz.in,2021-11-28,180,500+
ENT-00101,Srinidhi Enterprises,Srinidhi Enterprises,Machine Tools,Manufacturing,2819,Orange,Bengaluru Urban,BLRU,560085,Banashankari,South,Ward-182,"No 195, B Behind Metro, Banashankari, Bengaluru Urban, Karnataka - 560085",,,UDYAM_36FF63D1ABC5AE04,,contact0101@examplebiz.in,2015-12-14,8,500+
ENT-00102,Sharma CNC Enterprises,Sharma CNC Enterprises,Machine Tools,Manufacturing,2819,Orange,Tumakuru,TUM,572106,Antharasanahalli Industrial Area,Tumakuru,Ward-T12,"No 68, A Main Road, Antharasanahalli Industrial Area, Tumakuru, Karnataka - 572106",PAN_CF3D72FC68ACC925,GSTIN_D9A2F57AD6276796,UDYAM_3F8156D82D9F3F20,9000807875,,2022-12-25,12,0-10
ENT-00103,Aditya Garments Industries,Aditya Garments Industries,Textile / Garments,Manufacturing,1410,Green,Bengaluru Urban,BLRU,560064,Yelahanka,Yelahanka,Ward-004,"No 90, Plot Main Road, Yelahanka, Bengaluru Urban, Karnataka - 560064",PAN_AAFF359F4A465DD0,GSTIN_690CD349B1174245,UDYAM_3799FEFE18393B57,,contact0103@examplebiz.in,2017-10-02,5,100-500
ENT-00104,Navya Printers Traders,Navya Printers Traders,Printing / Packaging,Manufacturing,1811,Orange,Bengaluru Urban,BLRU,560100,Electronic City,Bommanahalli,Ward-192,"No 18, Shed Main Road, Electronic City, Bengaluru Urban, Karnataka - 560100",PAN_0EA235E6595FDA7C,GSTIN_F472A00481267E66,UDYAM_C529C51700E7C1E8,9000823713,,2012-08-18,5,25-50
ENT-00105,Kaveri Pvt Ltd,Kaveri,Plastic Moulding,Manufacturing,2220,Red,Bengaluru Urban,BLRU,560029,BTM Layout,South,Ward-176,"No 86, Behind Metro, BTM Layout, Bengaluru Urban, Karnataka - 560029",PAN_45FE265FDFB35DE8,GSTIN_EB267CF53746D512,UDYAM_5EBF7B700AED988D,,,2019-08-08,18,10-25
ENT-00106,Naveen Stores LLP,Naveen Stores,Logistics / Warehouse,Service,5210,Green,Bengaluru Rural,BLRR,562114,Hoskote,Bengaluru Rural,Ward-R04,"No 237, A Service Road, Hoskote, Bengaluru Rural, Karnataka - 562114",PAN_AC622BC4E03021C2,,,9000839551,contact0106@examplebiz.in,2021-01-10,5,0-10
ENT-00107,Harsha Industries,Harsha Industries,Printing / Packaging,Manufacturing,1811,Orange,Mysuru,MYS,570001,Devaraja Mohalla,Central,Ward-M01,"No 45, Extension, Devaraja Mohalla, Mysuru, Karnataka - 570001",PAN_4E5246BB5DDF018D,GSTIN_FC9EA718D4611229,,,,2021-12-27,4,500+
ENT-00108,Mysore Fashions Enterprises,Mysore Fashions Enterprises,Textile / Garments,Manufacturing,1410,Green,Bengaluru Urban,BLRU,560064,Yelahanka,Yelahanka,Ward-004,"No 287, D Service Road, Yelahanka, Bengaluru Urban, Karnataka - 560064",PAN_B5EF6E45EB57FE76,,UDYAM_9769E20C926EF700,9000855389,contact0108@examplebiz.in,2023-04-29,3,25-50
ENT-00109,Bangalore Packaging Works,Bangalore Packaging Works,Plastic Moulding,Manufacturing,2220,Red,Tumakuru,TUM,572101,BH Road,Tumakuru,Ward-T01,"No 135, A 1st Cross, BH Road, Tumakuru, Karnataka - 572101",PAN_DBCC763950F285C5,,,9000863308,,2022-06-10,85,100-500
ENT-00110,Sharma Chem LLP,Sharma Chem,Chemical Blending,Manufacturing,2029,Red,Bengaluru Urban,BLRU,560085,Banashankari,South,Ward-182,"No 218, B Industrial Layout, Banashankari, Bengaluru Urban, Karnataka - 560085",PAN_1DABC2C1FF2E9BCB,GSTIN_64543AC915709F68,UDYAM_DC548EEEB4B087BD,9000871227,contact0110@examplebiz.in,2022-05-14,10,25-50
ENT-00111,Naveen Polymers Solutions,Naveen Polymers Solutions,Plastic Moulding,Manufacturing,2220,Red,Bengaluru Urban,BLRU,560102,HSR Layout,Bommanahalli,Ward-174,"No 64, Shed Sector, HSR Layout, Bengaluru Urban, Karnataka - 560102",PAN_92F3E575771488A9,,UDYAM_F43AB8C8AD4BFE52,9000879146,contact0111@examplebiz.in,2017-10-22,18,25-50
ENT-00112,Ananya Solutions,Ananya Solutions,Chemical Blending,Manufacturing,2029,Red,Bengaluru Urban,BLRU,560024,Hebbal,Yelahanka,Ward-021,"No 218, B Industrial Layout, Hebbal, Bengaluru Urban, Karnataka - 560024",PAN_4A21AB8C004EEBFF,GSTIN_BB797D1DB0FEF6B9,,,contact0112@examplebiz.in,2018-11-29,120,10-25
ENT-00113,Harsha Tools Associates,Harsha Tools Associates,Machine Tools,Manufacturing,2819,Orange,Bengaluru Urban,BLRU,560001,MG Road,East,Ward-111,"No 299, C Industrial Layout, MG Road, Bengaluru Urban, Karnataka - 560001",PAN_1ED35C49BCEF6450,GSTIN_306F60CFB4FDA8DB,UDYAM_1D80FEDB6AEC41D9,,contact0113@examplebiz.in,2016-05-06,36,50-100
ENT-00114,Nandi Bakery Pvt Ltd,Nandi Bakery,Food Processing,Manufacturing,1030,Orange,Bengaluru Urban,BLRU,560058,Peenya Industrial Area,Dasarahalli,Ward-038,"No 99, A 3rd Phase, Peenya Industrial Area, Bengaluru Urban, Karnataka - 560058",,,,9000902903,,2024-12-01,52,100-500
ENT-00115,Bangalore Care Works,Bangalore Care Works,Pharmacy / Medical Retail,Retail,4772,Green,Bengaluru Urban,BLRU,560076,Bannerghatta Road,South,Ward-177,"No 185, C Service Road, Bannerghatta Road, Bengaluru Urban, Karnataka - 560076",,,,9000910822,contact0115@examplebiz.in,2012-11-29,180,0-10
ENT-00116,Prakruthi Packaging Industries,Prakruthi Packaging Industries,Printing / Packaging,Manufacturing,1811,Orange,Bengaluru Urban,BLRU,560043,Kalyan Nagar,East,Ward-025,"No 259, Industrial Layout, Kalyan Nagar, Bengaluru Urban, Karnataka - 560043",PAN_48CB936EB630942B,,,9000918741,,2022-02-23,18,50-100
ENT-00117,Mysore Printers Company,Mysore Printers Company,Printing / Packaging,Manufacturing,1811,Orange,Tumakuru,TUM,572106,Antharasanahalli Industrial Area,Tumakuru,Ward-T12,"No 229, Industrial Layout, Antharasanahalli Industrial Area, Tumakuru, Karnataka - 572106",,,UDYAM_7F04E9BAE2CE3812,,contact0117@examplebiz.in,2014-10-10,4,500+
ENT-00118,Prakruthi Electronics Industries,Prakruthi Electronics Industries,Electronics Assembly,Manufacturing,2610,Orange,Bengaluru Urban,BLRU,560076,Bannerghatta Road,South,Ward-177,"No 121, Shed 3rd Phase, Bannerghatta Road, Bengaluru Urban, Karnataka - 560076",,,UDYAM_B93BD20086D93988,,,2017-12-15,12,10-25
ENT-00119,Ravi Solutions,Ravi Solutions,Food Processing,Manufacturing,1030,Orange,Bengaluru Urban,BLRU,560034,Koramangala,South-East,Ward-151,"No 122, 1st Cross, Koramangala, Bengaluru Urban, Karnataka - 560034",,,,9000942498,contact0119@examplebiz.in,2014-08-30,180,0-10
ENT-00120,Aarohi Medical Works,Aarohi Medical Works,Pharmacy / Medical Retail,Retail,4772,Green,Bengaluru Rural,BLRR,562110,Devanahalli,Bengaluru Rural,Ward-R01,"No 281, A 3rd Phase, Devanahalli, Bengaluru Rural, Karnataka - 562110",PAN_3426BF4E10BA99AA,,,9000950417,contact0120@examplebiz.in,2015-07-12,4,100-500
ENT-00121,Sree Clinic Industries,Sree Clinic Industries,Pharmacy / Medical Retail,Retail,4772,Green,Bengaluru Urban,BLRU,560102,HSR Layout,Bommanahalli,Ward-174,"No 36, Sector, HSR Layout, Bengaluru Urban, Karnataka - 560102",PAN_994EE32A438CF116,GSTIN_9BFDA5A314E1227A,UDYAM_28C2098C7518C45A,9000958336,contact0121@examplebiz.in,2012-08-15,4,50-100
ENT-00122,Aarohi Apparels Company,Aarohi Apparels Company,Textile / Garments,Manufacturing,1410,Green,Bengaluru Urban,BLRU,560076,Bannerghatta Road,South,Ward-177,"No 136, D 3rd Phase, Bannerghatta Road, Bengaluru Urban, Karnataka - 560076",PAN_85F87E236D2A6FCC,GSTIN_4C0AA1E5E21474CB,UDYAM_BB1D36B7E23905B5,9000966255,,2017-12-17,120,25-50
ENT-00123,Nisarga Industrial Co,Nisarga Industrial Co,Restaurant / Cafe,Service,5610,Green,Bengaluru Urban,BLRU,560024,Hebbal,Yelahanka,Ward-021,"No 194, A Behind Metro, Hebbal, Bengaluru Urban, Karnataka - 560024",,,UDYAM_A9794DD65837FAF7,9000974174,,2016-03-25,12,25-50
ENT-00124,Sahana Works Company,Sahana Works Company,Machine Tools,Manufacturing,2819,Orange,Bengaluru Urban,BLRU,560059,Rajajinagar Industrial Suburb,West,Ward-067,"No 50, Sector, Rajajinagar Industrial Suburb, Bengaluru Urban, Karnataka - 560059",,,UDYAM_8163A4B6D866AA63,9000982093,contact0124@examplebiz.in,2024-07-26,10,25-50
ENT-00125,Navya Snacks Industries,Navya Snacks Industries,Food Processing,Manufacturing,1030,Orange,Bengaluru Urban,BLRU,560100,Electronic City,Bommanahalli,Ward-192,"No 87, Plot 2nd Main, Electronic City, Bengaluru Urban, Karnataka - 560100",PAN_A783B6C9AF59A03B,,UDYAM_757413594D6114AB,,contact0125@examplebiz.in,2014-06-05,52,50-100
ENT-00126,Sahana Garments Company,Sahana Garments Company,Textile / Garments,Manufacturing,1410,Green,Mysuru,MYS,570018,Nanjangud Road,South,Ward-M32,"No 98, D Extension, Nanjangud Road, Mysuru, Karnataka - 570018",,,,9000997931,,2024-10-11,5,100-500
ENT-00127,Omkar Graphics Industries,Omkar Graphics Industries,Printing / Packaging,Manufacturing,1811,Orange,Mysuru,MYS,570016,Hebbal Industrial Area,North,Ward-M21,"No 160, A Extension, Hebbal Industrial Area, Mysuru, Karnataka - 570016",PAN_CA44E0E20A38F7EF,,,,,2022-01-13,12,50-100
ENT-00128,Srinidhi Co,Srinidhi Co,Pharmacy / Medical Retail,Retail,4772,Green,Bengaluru Rural,BLRR,562110,Devanahalli,Bengaluru Rural,Ward-R01,"No 144, 3rd Phase, Devanahalli, Bengaluru Rural, Karnataka - 562110",PAN_0A46A85D32D542DE,GSTIN_4592BB43E41854D8,,9001013769,contact0128@examplebiz.in,2014-11-23,120,500+
ENT-00129,Sri Devices LLP,Sri Devices,Electronics Assembly,Manufacturing,2610,Orange,Bengaluru Urban,BLRU,560043,Kalyan Nagar,East,Ward-025,"No 2, A Sector, Kalyan Nagar, Bengaluru Urban, Karnataka - 560043",,,UDYAM_A0235AC916403A8B,9001021688,contact0129@examplebiz.in,2012-04-25,8,500+
ENT-00130,Kaveri Cargo Solutions,Kaveri Cargo Solutions,Logistics / Warehouse,Service,5210,Green,Bengaluru Urban,BLRU,560058,Peenya Industrial Area,Dasarahalli,Ward-038,"No 1, 2nd Main, Peenya Industrial Area, Bengaluru Urban, Karnataka - 560058",,,,9001029607,contact0130@examplebiz.in,2014-09-24,180,500+
ENT-00131,Aditya Systems LLP,Aditya Systems,Electronics Assembly,Manufacturing,2610,Orange,Mysuru,MYS,570001,Devaraja Mohalla,Central,Ward-M01,"No 181, Shed Extension, Devaraja Mohalla, Mysuru, Karnataka - 570001",PAN_231E8E36881D713A,GSTIN_91875F47DC945CE1,,,contact0131@examplebiz.in,2013-10-27,12,10-25
ENT-00132,Sri Kitchen Enterprises,Sri Kitchen Enterprises,Restaurant / Cafe,Service,5610,Green,Bengaluru Rural,BLRR,562114,Hoskote,Bengaluru Rural,Ward-R04,"No 128, A Extension, Hoskote, Bengaluru Rural, Karnataka - 562114",,,,9001045445,contact0132@examplebiz.in,2020-04-18,12,50-100
ENT-00133,Sri Moulding Works,Sri Moulding Works,Plastic Moulding,Manufacturing,2220,Red,Mysuru,MYS,570001,Devaraja Mohalla,Central,Ward-M01,"No 257, B Service Road, Devaraja Mohalla, Mysuru, Karnataka - 570001",,,UDYAM_67A305DDF860ED9A,9001053364,,2025-05-08,18,100-500
ENT-00134,Udupi Logistics Company,Udupi Logistics Company,Logistics / Warehouse,Service,5210,Green,Bengaluru Urban,BLRU,560043,Kalyan Nagar,East,Ward-025,"No 271, Near Bus Stop, Kalyan Nagar, Bengaluru Urban, Karnataka - 560043",PAN_AD937F80922F34C9,GSTIN_8A4FC6F01E6DEE61,,,contact0134@examplebiz.in,2016-09-29,25,0-10
ENT-00135,Kaveri Textiles Enterprises,Kaveri Textiles Enterprises,Textile / Garments,Manufacturing,1410,Green,Bengaluru Rural,BLRR,562110,Devanahalli,Bengaluru Rural,Ward-R01,"No 282, D 3rd Phase, Devanahalli, Bengaluru Rural, Karnataka - 562110",PAN_23C81105E0EECC7E,,UDYAM_33C39DA3994A7426,,contact0135@examplebiz.in,2015-03-14,120,100-500
ENT-00136,Aarohi Bakery Industries,Aarohi Bakery Industries,Food Processing,Manufacturing,1030,Orange,Bengaluru Urban,BLRU,560064,Yelahanka,Yelahanka,Ward-004,"No 294, D Extension, Yelahanka, Bengaluru Urban, Karnataka - 560064",PAN_A883E527E0C56927,GSTIN_FFAABB21D4D2FDD2,,9001077121,contact0136@examplebiz.in,2021-03-16,25,25-50
ENT-00137,Omkar Agro Co,Omkar Agro Co,Food Processing,Manufacturing,1030,Orange,Bengaluru Urban,BLRU,560100,Electronic City,Bommanahalli,Ward-192,"No 138, 1st Cross, Electronic City, Bengaluru Urban, Karnataka - 560100",PAN_02F50B1E99975C3B,GSTIN_32A53961B54C9C79,UDYAM_8C456A455626EFF6,9001085040,,2021-06-12,4,0-10
ENT-00138,Meghana Meals Industries,Meghana Meals Industries,Restaurant / Cafe,Service,5610,Green,Mysuru,MYS,570001,Devaraja Mohalla,Central,Ward-M01,"No 244, B 1st Cross, Devaraja Mohalla, Mysuru, Karnataka - 570001",,,,9001092959,contact0138@examplebiz.in,2022-07-26,85,500+
ENT-00139,Harsha Works Co,Harsha Works Co,Machine Tools,Manufacturing,2819,Orange,Bengaluru Urban,BLRU,560037,Whitefield,Mahadevapura,Ward-085,"No 1, D 2nd Main, Whitefield, Bengaluru Urban, Karnataka - 560037",,,UDYAM_A82398E6C20D94C6,,contact0139@examplebiz.in,2023-08-20,25,10-25
ENT-00140,Omkar Agro Company,Omkar Agro Company,Food Processing,Manufacturing,1030,Orange,Bengaluru Urban,BLRU,560068,Bommanahalli,South,Ward-175,"No 114, B Behind Metro, Bommanahalli, Bengaluru Urban, Karnataka - 560068",,,UDYAM_65BB39DF3976E569,9001108797,,2016-02-14,18,10-25
ENT-00141,Nisarga Packaging Traders,Nisarga Packaging Traders,Plastic Moulding,Manufacturing,2220,Red,Mysuru,MYS,570001,Devaraja Mohalla,Central,Ward-M01,"No 249, Shed Industrial Layout, Devaraja Mohalla, Mysuru, Karnataka - 570001",PAN_9242B1A8BB94D8E6,GSTIN_29D9D9B3327F96E0,UDYAM_79189F6C5BF1B68B,,,2021-05-27,5,25-50
ENT-00142,Lakshmi Pharma Works,Lakshmi Pharma Works,Pharmacy / Medical Retail,Retail,4772,Green,Bengaluru Rural,BLRR,562157,Bagalur,Bengaluru Rural,Ward-R07,"No 147, B Extension, Bagalur, Bengaluru Rural, Karnataka - 562157",,,,,,2021-08-15,12,50-100
ENT-00143,Siddhi Pvt Ltd,Siddhi,Electronics Assembly,Manufacturing,2610,Orange,Bengaluru Urban,BLRU,560078,Jayanagar,South,Ward-168,"No 57, Shed 1st Cross, Jayanagar, Bengaluru Urban, Karnataka - 560078",PAN_E7BA1C541B523007,GSTIN_28F1CEE0CCF48D1F,UDYAM_09A67E006C8238F6,9001132554,contact0143@examplebiz.in,2023-01-21,36,0-10
ENT-00144,Varun Meals Solutions,Varun Meals Solutions,Restaurant / Cafe,Service,5610,Green,Bengaluru Urban,BLRU,560064,Yelahanka,Yelahanka,Ward-004,"No 50, Plot Industrial Layout, Yelahanka, Bengaluru Urban, Karnataka - 560064",PAN_247DB6AE9D64D8F1,GSTIN_007585AF69F4BF3E,,9001140473,,2014-07-04,4,0-10
ENT-00145,Veda Works,Veda Works,Machine Tools,Manufacturing,2819,Orange,Bengaluru Urban,BLRU,560076,Bannerghatta Road,South,Ward-177,"No 37, C Sector, Bannerghatta Road, Bengaluru Urban, Karnataka - 560076",PAN_AFC8094B4CA9D821,,,,contact0145@examplebiz.in,2018-07-18,25,500+
ENT-00146,Udupi Circuits LLP,Udupi Circuits,Electronics Assembly,Manufacturing,2610,Orange,Bengaluru Urban,BLRU,560043,Kalyan Nagar,East,Ward-025,"No 155, Behind Metro, Kalyan Nagar, Bengaluru Urban, Karnataka - 560043",,,UDYAM_7D65CF22B1600335,,,2025-05-17,10,0-10
ENT-00147,Siddhi Supply LLP,Siddhi Supply,Logistics / Warehouse,Service,5210,Green,Mysuru,MYS,570016,Hebbal Industrial Area,North,Ward-M21,"No 21, 2nd Main, Hebbal Industrial Area, Mysuru, Karnataka - 570016",PAN_5B7DDE661287A0E4,,,9001164230,contact0147@examplebiz.in,2015-04-24,18,10-25
ENT-00148,Vijaya Tools Solutions,Vijaya Tools Solutions,Machine Tools,Manufacturing,2819,Orange,Bengaluru Urban,BLRU,560085,Banashankari,South,Ward-182,"No 219, Plot Sector, Banashankari, Bengaluru Urban, Karnataka - 560085",PAN_2A326CE9B95887B7,,UDYAM_228290D471841BC5,,,2016-12-13,36,25-50
ENT-00149,Udupi Pharma Works,Udupi Pharma Works,Pharmacy / Medical Retail,Retail,4772,Green,Bengaluru Urban,BLRU,560066,Whitefield Main Road,Mahadevapura,Ward-083,"No 293, Plot Service Road, Whitefield Main Road, Bengaluru Urban, Karnataka - 560066",PAN_90EA63FC67D743F0,GSTIN_42BC7850B1CC5F62,,,contact0149@examplebiz.in,2015-11-09,36,500+
ENT-00150,Bangalore Company,Bangalore Company,Food Processing,Manufacturing,1030,Orange,Mysuru,MYS,570001,Devaraja Mohalla,Central,Ward-M01,"No 129, C 1st Cross, Devaraja Mohalla, Mysuru, Karnataka - 570001",,,,9001187987,contact0150@examplebiz.in,2020-01-12,2,50-100
ENT-00151,Lakshmi Graphics Solutions,Lakshmi Graphics Solutions,Printing / Packaging,Manufacturing,1811,Orange,Bengaluru Rural,BLRR,562114,Hoskote,Bengaluru Rural,Ward-R04,"No 176, A Extension, Hoskote, Bengaluru Rural, Karnataka - 562114",PAN_E0145D13004EEF42,GSTIN_A70451773FBA83C8,,9001195906,,2022-07-28,85,10-25
ENT-00152,Meghana Machining Works,Meghana Machining Works,Machine Tools,Manufacturing,2819,Orange,Bengaluru Urban,BLRU,560066,Whitefield Main Road,Mahadevapura,Ward-083,"No 182, B Main Road, Whitefield Main Road, Bengaluru Urban, Karnataka - 560066",PAN_0192D2CF32EDE07B,GSTIN_165B67D7C09F2F11,UDYAM_BDC8AD1198FCFEC7,9001203825,contact0152@examplebiz.in,2016-10-23,10,10-25
ENT-00153,Sahana Kitchen Solutions,Sahana Kitchen Solutions,Restaurant / Cafe,Service,5610,Green,Bengaluru Urban,BLRU,560058,Peenya Industrial Area,Dasarahalli,Ward-038,"No 223, B Industrial Layout, Peenya Industrial Area, Bengaluru Urban, Karnataka - 560058",PAN_940AFB831AD7678B,GSTIN_769BF5CF37091846,,,contact0153@examplebiz.in,2025-08-17,4,25-50
ENT-00154,Navya Trans Co,Navya Trans Co,Logistics / Warehouse,Service,5210,Green,Bengaluru Urban,BLRU,560043,Kalyan Nagar,East,Ward-025,"No 106, A 1st Cross, Kalyan Nagar, Bengaluru Urban, Karnataka - 560043",PAN_D4524C092CF0FE77,GSTIN_F25A2EDB61222091,,9001219663,,2018-04-24,3,25-50
ENT-00155,Aditya Chem Co,Aditya Chem Co,Chemical Blending,Manufacturing,2029,Red,Bengaluru Rural,BLRR,561203,Doddaballapura,Bengaluru Rural,Ward-R09,"No 57, C 3rd Phase, Doddaballapura, Bengaluru Rural, Karnataka - 561203",PAN_EE1E19D51BFC0853,GSTIN_CCFB376977FBAAC0,,,,2025-01-02,5,10-25
ENT-00156,Mysore Industries,Mysore Industries,Food Processing,Manufacturing,1030,Orange,Bengaluru Urban,BLRU,560085,Banashankari,South,Ward-182,"No 23, Near Bus Stop, Banashankari, Bengaluru Urban, Karnataka - 560085",PAN_F6EFF2E6DAC8C473,GSTIN_0DCC70D3FA4F33EB,UDYAM_1F9C6C683DD12F82,9001235501,contact0156@examplebiz.in,2013-07-10,8,10-25
ENT-00157,Naveen Coatings Co,Naveen Coatings Co,Chemical Blending,Manufacturing,2029,Red,Bengaluru Urban,BLRU,560059,Rajajinagar Industrial Suburb,West,Ward-067,"No 154, A Behind Metro, Rajajinagar Industrial Suburb, Bengaluru Urban, Karnataka - 560059",PAN_4CECF5C23824B804,GSTIN_7F5BC7ED3E39D58B,,9001243420,,2022-12-29,8,0-10
ENT-00158,Omkar Labs Co,Omkar Labs Co,Chemical Blending,Manufacturing,2029,Red,Bengaluru Urban,BLRU,560068,Bommanahalli,South,Ward-175,"No 94, Shed 3rd Phase, Bommanahalli, Bengaluru Urban, Karnataka - 560068",PAN_A83124CF6FFE9314,GSTIN_3657D3C65B08B549,,,,2024-06-10,5,25-50
ENT-00159,Bangalore Machining Co,Bangalore Machining Co,Machine Tools,Manufacturing,2819,Orange,Tumakuru,TUM,572106,Antharasanahalli Industrial Area,Tumakuru,Ward-T12,"No 257, D Industrial Layout, Antharasanahalli Industrial Area, Tumakuru, Karnataka - 572106",PAN_C253452455C25653,GSTIN_389B4747CEC72983,UDYAM_88FCB70C071FF8BD,9001259258,,2023-12-22,18,500+
ENT-00160,Srinidhi Bites Co,Srinidhi Bites Co,Restaurant / Cafe,Service,5610,Green,Tumakuru,TUM,572106,Antharasanahalli Industrial Area,Tumakuru,Ward-T12,"No 250, Plot Main Road, Antharasanahalli Industrial Area, Tumakuru, Karnataka - 572106",,,,,,2020-06-11,12,50-100
ENT-00161,Bangalore Apparels Enterprises,Bangalore Apparels Enterprises,Textile / Garments,Manufacturing,1410,Green,Bengaluru Urban,BLRU,560064,Yelahanka,Yelahanka,Ward-004,"No 61, D Behind Metro, Yelahanka, Bengaluru Urban, Karnataka - 560064",PAN_188F0257D655F65E,,UDYAM_CEC0B6482D141828,9001275096,contact0161@examplebiz.in,2017-10-15,10,0-10
ENT-00162,Ananya CNC LLP,Ananya CNC,Machine Tools,Manufacturing,2819,Orange,Bengaluru Urban,BLRU,560037,Whitefield,Mahadevapura,Ward-085,"No 279, Main Road, Whitefield, Bengaluru Urban, Karnataka - 560037",PAN_B48DAB13DA2391E4,GSTIN_B25AA9056E3DE320,UDYAM_512C5935214F7494,9001283015,,2025-01-06,52,50-100
ENT-00163,Asha Clinic Solutions,Asha Clinic Solutions,Pharmacy / Medical Retail,Retail,4772,Green,Bengaluru Rural,BLRR,562114,Hoskote,Bengaluru Rural,Ward-R04,"No 231, Shed Near Bus Stop, Hoskote, Bengaluru Rural, Karnataka - 562114",PAN_4BF31E197F6C8CA4,GSTIN_560A2EA424DB741C,UDYAM_725F6231D2FB35A5,9001290934,,2013-08-14,18,50-100
ENT-00164,Sahana Kitchen Solutions,Sahana Kitchen Solutions,Electronics Assembly,Manufacturing,2610,Orange,Bengaluru Urban,BLRU,560058,Peenya Industrial Area,Dasarahalli,Ward-038,"No 49, C 2nd Main, Peenya Industrial Area, Bengaluru Urban, Karnataka - 560058",PAN_803503E53FF5E31D,,UDYAM_DC72CF2980422F1A,9001298853,contact0164@examplebiz.in,2022-07-28,8,25-50
ENT-00165,Varun Dine Company,Varun Dine Company,Restaurant / Cafe,Service,5610,Green,Bengaluru Rural,BLRR,562110,Devanahalli,Bengaluru Rural,Ward-R01,"No 101, A Service Road, Devanahalli, Bengaluru Rural, Karnataka - 562110",PAN_7029FA0EFB74974C,,UDYAM_D1B8F889D2EC3579,9001306772,,2025-09-19,180,25-50
ENT-00166,Sharma Electronics Solutions,Sharma Electronics Solutions,Electronics Assembly,Manufacturing,2610,Orange,Bengaluru Urban,BLRU,560001,MG Road,East,Ward-111,"No 75, C Behind Metro, MG Road, Bengaluru Urban, Karnataka - 560001",PAN_84F7688E85795BE8,GSTIN_548155C09F71AF1A,,9001314691,contact0166@examplebiz.in,2014-11-13,180,10-25
ENT-00167,Asha Labs Solutions,Asha Labs Solutions,Chemical Blending,Manufacturing,2029,Red,Bengaluru Urban,BLRU,560024,Hebbal,Yelahanka,Ward-021,"No 94, B 3rd Phase, Hebbal, Bengaluru Urban, Karnataka - 560024",PAN_265833F26CD00F77,GSTIN_78EC02771BC73E95,UDYAM_E305EF376AAD5345,9001322610,,2015-07-25,2,50-100
ENT-00168,Ganesh Kitchen LLP,Ganesh Kitchen,Restaurant / Cafe,Service,5610,Green,Bengaluru Rural,BLRR,562110,Devanahalli,Bengaluru Rural,Ward-R01,"No 166, A 3rd Phase, Devanahalli, Bengaluru Rural, Karnataka - 562110",PAN_0FFB79AD5EBE17FE,GSTIN_C17103B3F3BB5FAE,UDYAM_9E4E3D37965A3A33,9001330529,contact0168@examplebiz.in,2023-05-02,3,10-25
ENT-00169,Asha Bakery Co,Asha Bakery Co,Food Processing,Manufacturing,1030,Orange,Mysuru,MYS,570001,Devaraja Mohalla,Central,Ward-M01,"No 164, Shed Near Bus Stop, Devaraja Mohalla, Mysuru, Karnataka - 570001",PAN_12B94F06E81BCB0C,GSTIN_6C6D3034F7785EC9,UDYAM_C20580405F2B3956,9001338448,contact0169@examplebiz.in,2016-07-15,4,10-25
ENT-00170,Bharath Spices LLP,Bharath Spices,Food Processing,Manufacturing,1030,Orange,Bengaluru Urban,BLRU,560066,Whitefield Main Road,Mahadevapura,Ward-083,"No 172, D 2nd Main, Whitefield Main Road, Bengaluru Urban, Karnataka - 560066",PAN_7D7BC57C3FD1E39E,GSTIN_830ACDBF307FADDD,UDYAM_3C2A4999085EC3A4,9001346367,contact0170@examplebiz.in,2017-02-11,4,500+
ENT-00171,Vijaya Fashions Works,Vijaya Fashions Works,Textile / Garments,Manufacturing,1410,Green,Tumakuru,TUM,572106,Antharasanahalli Industrial Area,Tumakuru,Ward-T12,"No 16, Shed Extension, Antharasanahalli Industrial Area, Tumakuru, Karnataka - 572106",PAN_EA6738D6060A4803,,UDYAM_3B9F909169AC0625,9001354286,,2025-12-08,8,25-50
ENT-00172,Asha Solutions,Asha Solutions,Food Processing,Manufacturing,1030,Orange,Bengaluru Urban,BLRU,560024,Hebbal,Yelahanka,Ward-021,"No 145, D Main Road, Hebbal, Bengaluru Urban, Karnataka - 560024",PAN_7E0AFBC218C19E04,GSTIN_DB66BF7FD5F1EBE6,UDYAM_6981C3401F2EE335,9001362205,,2023-05-13,5,50-100
ENT-00173,Nisarga Trans Enterprises,Nisarga Trans Enterprises,Logistics / Warehouse,Service,5210,Green,Bengaluru Urban,BLRU,560024,Hebbal,Yelahanka,Ward-021,"No 28, D Main Road, Hebbal, Bengaluru Urban, Karnataka - 560024",PAN_6FA5D102B0802FD2,,UDYAM_D80184544CB19349,,,2025-02-16,3,50-100
ENT-00174,Bharath Medical Solutions,Bharath Medical Solutions,Pharmacy / Medical Retail,Retail,4772,Green,Bengaluru Urban,BLRU,560068,Bommanahalli,South,Ward-175,"No 154, Plot 2nd Main, Bommanahalli, Bengaluru Urban, Karnataka - 560068",PAN_EFE3DF4586D4B3F2,GSTIN_C202EF96108DD37F,,,,2022-12-17,10,0-10
ENT-00175,Prakruthi LLP,Prakruthi,Textile / Garments,Manufacturing,1410,Green,Bengaluru Urban,BLRU,560085,Banashankari,South,Ward-182,"No 199, C Near Bus Stop, Banashankari, Bengaluru Urban, Karnataka - 560085",PAN_4DD2A522F0DB6ACD,,,9001385962,contact0175@examplebiz.in,2021-08-02,12,25-50
ENT-00176,Siddhi Warehouse Solutions,Siddhi Warehouse Solutions,Logistics / Warehouse,Service,5210,Green,Bengaluru Urban,BLRU,560102,HSR Layout,Bommanahalli,Ward-174,"No 267, Shed 3rd Phase, HSR Layout, Bengaluru Urban, Karnataka - 560102",PAN_2021D2F9EB08E2D5,,,,contact0176@examplebiz.in,2020-01-14,2,0-10
ENT-00177,Srinidhi Health Traders,Srinidhi Health Traders,Pharmacy / Medical Retail,Retail,4772,Green,Mysuru,MYS,570001,Devaraja Mohalla,Central,Ward-M01,"No 246, A 3rd Phase, Devaraja Mohalla, Mysuru, Karnataka - 570001",PAN_952D416D1A8B6D22,GSTIN_AB07863ECBC9E6AF,,,contact0177@examplebiz.in,2022-06-20,4,0-10
ENT-00178,Kaveri Meds Associates,Kaveri Meds Associates,Pharmacy / Medical Retail,Retail,4772,Green,Mysuru,MYS,570018,Nanjangud Road,South,Ward-M32,"No 263, C 2nd Main, Nanjangud Road, Mysuru, Karnataka - 570018",PAN_2502FA64CD137C23,,,,contact0178@examplebiz.in,2013-03-31,36,100-500
ENT-00179,Sree Associates,Sree Associates,Machine Tools,Manufacturing,2819,Orange,Mysuru,MYS,570018,Nanjangud Road,South,Ward-M32,"No 100, D Behind Metro, Nanjangud Road, Mysuru, Karnataka - 570018",PAN_443548D4FCAC7E34,GSTIN_41D7D746C621CE75,UDYAM_9651B69054FAFA2F,9001417638,,2012-06-08,3,50-100
ENT-00180,Varun Industrial Associates,Varun Industrial Associates,Chemical Blending,Manufacturing,2029,Red,Mysuru,MYS,570018,Nanjangud Road,South,Ward-M32,"No 6, Shed Sector, Nanjangud Road, Mysuru, Karnataka - 570018",PAN_DEACB0B71AC5AC17,GSTIN_37D541549F79EC13,UDYAM_0E1B877BEE537638,9001425557,contact0180@examplebiz.in,2021-12-27,10,25-50
ENT-00181,Srinidhi Injection Enterprises,Srinidhi Injection Enterprises,Plastic Moulding,Manufacturing,2220,Red,Bengaluru Urban,BLRU,560076,Bannerghatta Road,South,Ward-177,"No 49, Service Road, Bannerghatta Road, Bengaluru Urban, Karnataka - 560076",PAN_42A380FB9E72991F,GSTIN_40F797D77A68121F,,9001433476,contact0181@examplebiz.in,2019-05-15,5,100-500
ENT-00182,Sri Pvt Ltd,Sri,Printing / Packaging,Manufacturing,1811,Orange,Bengaluru Urban,BLRU,560102,HSR Layout,Bommanahalli,Ward-174,"No 207, Plot 1st Cross, HSR Layout, Bengaluru Urban, Karnataka - 560102",PAN_26E0A43E9CA80BBE,GSTIN_F448A92D3089D6A0,UDYAM_98B4ABF624CAF504,,,2020-05-05,5,0-10
ENT-00183,Ravi Agro Associates,Ravi Agro Associates,Food Processing,Manufacturing,1030,Orange,Bengaluru Rural,BLRR,562114,Hoskote,Bengaluru Rural,Ward-R04,"No 247, Shed Main Road, Hoskote, Bengaluru Rural, Karnataka - 562114",PAN_E7299C62BC6CC897,GSTIN_A85500D8880D9924,UDYAM_7D727F6F72C81CFD,,contact0183@examplebiz.in,2022-08-03,12,10-25
ENT-00184,Varun Components LLP,Varun Components,Electronics Assembly,Manufacturing,2610,Orange,Bengaluru Urban,BLRU,560066,Whitefield Main Road,Mahadevapura,Ward-083,"No 221, B Behind Metro, Whitefield Main Road, Bengaluru Urban, Karnataka - 560066",PAN_556CEA8023E9B203,GSTIN_B4E488A204BE9D5C,,9001457233,contact0184@examplebiz.in,2015-06-23,120,10-25
ENT-00185,Sharma Pvt Ltd,Sharma,Plastic Moulding,Manufacturing,2220,Red,Mysuru,MYS,570018,Nanjangud Road,South,Ward-M32,"No 117, C 2nd Main, Nanjangud Road, Mysuru, Karnataka - 570018",PAN_53FF0F575981F6E7,GSTIN_F900BAE2A1B73BEE,UDYAM_0EB9F5284FA8C47C,9001465152,contact0185@examplebiz.in,2024-07-30,180,500+
ENT-00186,Nisarga Enterprises,Nisarga Enterprises,Textile / Garments,Manufacturing,1410,Green,Bengaluru Urban,BLRU,560001,MG Road,East,Ward-111,"No 143, Main Road, MG Road, Bengaluru Urban, Karnataka - 560001",PAN_EFC12353CD271A6C,GSTIN_309A53BC80608FA5,,9001473071,contact0186@examplebiz.in,2022-12-19,12,0-10
ENT-00187,Varun Industries Industries,Varun Industries Industries,Machine Tools,Manufacturing,2819,Orange,Bengaluru Rural,BLRR,561203,Doddaballapura,Bengaluru Rural,Ward-R09,"No 155, Shed Near Bus Stop, Doddaballapura, Bengaluru Rural, Karnataka - 561203",,,UDYAM_5EB38121EDC508F8,9001480990,contact0187@examplebiz.in,2023-05-16,120,100-500
ENT-00188,Lakshmi Solvents Company,Lakshmi Solvents Company,Chemical Blending,Manufacturing,2029,Red,Bengaluru Urban,BLRU,560029,BTM Layout,South,Ward-176,"No 278, Extension, BTM Layout, Bengaluru Urban, Karnataka - 560029",PAN_068348B7FFFBEC72,,,9001488909,,2012-01-22,18,25-50
ENT-00189,Sahana Apparels Co,Sahana Apparels Co,Textile / Garments,Manufacturing,1410,Green,Bengaluru Urban,BLRU,560037,Whitefield,Mahadevapura,Ward-085,"No 233, D Behind Metro, Whitefield, Bengaluru Urban, Karnataka - 560037",PAN_82BF0A28E48531E5,GSTIN_4B2BED23B3F6EB55,UDYAM_7888386A935B3AC6,9001496828,,2019-04-03,4,25-50
ENT-00190,Veda Meds Works,Veda Meds Works,Pharmacy / Medical Retail,Retail,4772,Green,Bengaluru Urban,BLRU,560068,Bommanahalli,South,Ward-175,"No 163, C Near Bus Stop, Bommanahalli, Bengaluru Urban, Karnataka - 560068",PAN_6C333D0DA1415420,,,9001504747,contact0190@examplebiz.in,2016-12-24,2,25-50
ENT-00191,Siddhi Warehouse Industries,Siddhi Warehouse Industries,Logistics / Warehouse,Service,5210,Green,Bengaluru Rural,BLRR,561203,Doddaballapura,Bengaluru Rural,Ward-R09,"No 164, A Industrial Layout, Doddaballapura, Bengaluru Rural, Karnataka - 561203",PAN_6D3D10F5B962078B,GSTIN_9D678C75C70F73FC,UDYAM_829AE7FB9B589A5E,,,2025-01-26,85,50-100
ENT-00192,Navya Solvents Pvt Ltd,Navya Solvents,Chemical Blending,Manufacturing,2029,Red,Bengaluru Urban,BLRU,560059,Rajajinagar Industrial Suburb,West,Ward-067,"No 105, B Service Road, Rajajinagar Industrial Suburb, Bengaluru Urban, Karnataka - 560059",PAN_BA965A612193B3F3,GSTIN_B507AFC6DD5E4ACD,UDYAM_3A86475F162A66CD,,contact0192@examplebiz.in,2022-08-15,3,50-100
ENT-00193,Meghana Polymers Associates,Meghana Polymers Associates,Plastic Moulding,Manufacturing,2220,Red,Bengaluru Urban,BLRU,560085,Banashankari,South,Ward-182,"No 197, Shed Industrial Layout, Banashankari, Bengaluru Urban, Karnataka - 560085",,,,9001528504,,2018-08-09,2,100-500
ENT-00194,Nisarga Trans Works,Nisarga Trans Works,Logistics / Warehouse,Service,5210,Green,Bengaluru Urban,BLRU,560066,Whitefield Main Road,Mahadevapura,Ward-083,"No 142, A Service Road, Whitefield Main Road, Bengaluru Urban, Karnataka - 560066",PAN_19E3602EC3E7F9DD,GSTIN_A275A236525E87C0,UDYAM_91D8E4A5A830D473,,contact0194@examplebiz.in,2015-05-08,10,10-25
ENT-00195,Meghana Moulding Industries,Meghana Moulding Industries,Plastic Moulding,Manufacturing,2220,Red,Bengaluru Urban,BLRU,560058,Peenya Industrial Area,Dasarahalli,Ward-038,"No 26, B Extension, Peenya Industrial Area, Bengaluru Urban, Karnataka - 560058",,,UDYAM_02B61BECC5693E13,,,2013-06-20,180,25-50
ENT-00196,Sri Foods Company,Sri Foods Company,Food Processing,Manufacturing,1030,Orange,Bengaluru Urban,BLRU,560100,Electronic City,Bommanahalli,Ward-192,"No 116, B Extension, Electronic City, Bengaluru Urban, Karnataka - 560100",PAN_5A084B2D7EF42452,GSTIN_66BB558DEFC53F1C,UDYAM_4B932D9EF378766B,9001552261,contact0196@examplebiz.in,2023-06-03,85,25-50
ENT-00197,Prakruthi Bites Company,Prakruthi Bites Company,Restaurant / Cafe,Service,5610,Green,Bengaluru Urban,BLRU,560068,Bommanahalli,South,Ward-175,"No 31, A Behind Metro, Bommanahalli, Bengaluru Urban, Karnataka - 560068",PAN_31DE7007C23C8D02,GSTIN_8CF36EEFA70284B0,UDYAM_51C1C3FBF4079021,9001560180,,2017-01-03,120,25-50
ENT-00198,Kaveri Bakery LLP,Kaveri Bakery,Food Processing,Manufacturing,1030,Orange,Bengaluru Urban,BLRU,560059,Rajajinagar Industrial Suburb,West,Ward-067,"No 17, B Industrial Layout, Rajajinagar Industrial Suburb, Bengaluru Urban, Karnataka - 560059",PAN_24B8B450EBF0B685,GSTIN_07E7908BE95AAFBE,UDYAM_8257D1FEE95102A8,,,2021-09-06,12,500+
ENT-00199,Udupi Electronics LLP,Udupi Electronics,Electronics Assembly,Manufacturing,2610,Orange,Bengaluru Rural,BLRR,562110,Devanahalli,Bengaluru Rural,Ward-R01,"No 192, C Industrial Layout, Devanahalli, Bengaluru Rural, Karnataka - 562110",PAN_18ED267DC38F0CDD,,,,,2024-12-29,3,25-50
ENT-00200,Sri Moulding Works,Sri Moulding Works,Plastic Moulding,Manufacturing,2220,Red,Bengaluru Rural,BLRR,562157,Bagalur,Bengaluru Rural,Ward-R07,"No 256, Plot Extension, Bagalur, Bengaluru Rural, Karnataka - 562157",PAN_BE42AD4FEE81560A,GSTIN_94AD8B47A12A9F0A,,,,2025-06-14,4,50-100
ENT-00201,Harsha Meals Associates,Harsha Meals Associates,Restaurant / Cafe,Service,5610,Green,Mysuru,MYS,570018,Nanjangud Road,South,Ward-M32,"No 175, B 3rd Phase, Nanjangud Road, Mysuru, Karnataka - 570018",PAN_84E96C5B26EBCAAA,,,9001591856,,2013-01-26,4,25-50
ENT-00202,Veda Agro Co,Veda Agro Co,Food Processing,Manufacturing,1030,Orange,Bengaluru Urban,BLRU,560059,Rajajinagar Industrial Suburb,West,Ward-067,"No 125, B Extension, Rajajinagar Industrial Suburb, Bengaluru Urban, Karnataka - 560059",PAN_359BBEA1FD8C7255,GSTIN_8D0ABEA5F0A9CE51,,,,2022-04-23,85,0-10
ENT-00203,Siddhi Industries,Siddhi Industries,Pharmacy / Medical Retail,Retail,4772,Green,Bengaluru Rural,BLRR,562114,Hoskote,Bengaluru Rural,Ward-R04,"No 48, Plot Service Road, Hoskote, Bengaluru Rural, Karnataka - 562114",PAN_F7C92716361A4CE9,,UDYAM_47F2C51E7A1E6170,,contact0203@examplebiz.in,2014-11-02,36,100-500
ENT-00204,Nisarga Clinic LLP,Nisarga Clinic,Pharmacy / Medical Retail,Retail,4772,Green,Bengaluru Urban,BLRU,560068,Bommanahalli,South,Ward-175,"No 274, Shed Industrial Layout, Bommanahalli, Bengaluru Urban, Karnataka - 560068",PAN_A649BC809A6F8598,GSTIN_A9E08D0BBB6A8FB3,UDYAM_95670310E5C84EC4,9001615613,,2012-06-15,12,0-10
ENT-00205,Aarohi Solutions,Aarohi Solutions,Food Processing,Manufacturing,1030,Orange,Mysuru,MYS,570016,Hebbal Industrial Area,North,Ward-M21,"No 17, A 1st Cross, Hebbal Industrial Area, Mysuru, Karnataka - 570016",PAN_16E89EBFC49A5712,GSTIN_CE694EE95F85BA9D,,9001623532,,2013-09-27,36,50-100
ENT-00206,Veda Associates,Veda Associates,Machine Tools,Manufacturing,2819,Orange,Bengaluru Rural,BLRR,562157,Bagalur,Bengaluru Rural,Ward-R07,"No 85, A Extension, Bagalur, Bengaluru Rural, Karnataka - 562157",,,,9001631451,,2023-06-02,12,0-10
ENT-00207,Deccan Coatings Associates,Deccan Coatings Associates,Chemical Blending,Manufacturing,2029,Red,Bengaluru Urban,BLRU,560102,HSR Layout,Bommanahalli,Ward-174,"No 59, Plot Behind Metro, HSR Layout, Bengaluru Urban, Karnataka - 560102",,,UDYAM_77E4BFC2D3E3C1ED,9001639370,,2012-10-30,3,25-50
ENT-00208,Sahana Warehouse Traders,Sahana Warehouse Traders,Logistics / Warehouse,Service,5210,Green,Mysuru,MYS,570001,Devaraja Mohalla,Central,Ward-M01,"No 88, Industrial Layout, Devaraja Mohalla, Mysuru, Karnataka - 570001",PAN_89BE03B357BCA9D1,,UDYAM_8AF434B374ECE1BF,,,2012-07-14,18,10-25
ENT-00209,Ananya Circuits Enterprises,Ananya Circuits Enterprises,Electronics Assembly,Manufacturing,2610,Orange,Bengaluru Urban,BLRU,560085,Banashankari,South,Ward-182,"No 235, 1st Cross, Banashankari, Bengaluru Urban, Karnataka - 560085",PAN_89D177635C352E51,GSTIN_3B234BEE38BEAA87,,9001655208,,2013-05-22,5,0-10
ENT-00210,Lakshmi Electronics LLP,Lakshmi Electronics,Electronics Assembly,Manufacturing,2610,Orange,Bengaluru Urban,BLRU,560024,Hebbal,Yelahanka,Ward-021,"No 1, C Main Road, Hebbal, Bengaluru Urban, Karnataka - 560024",PAN_738953493A0FA497,GSTIN_D4B3E439A104BF10,,,contact0210@examplebiz.in,2013-02-02,52,50-100
ENT-00211,Udupi Systems Traders,Udupi Systems Traders,Electronics Assembly,Manufacturing,2610,Orange,Tumakuru,TUM,572101,BH Road,Tumakuru,Ward-T01,"No 203, Main Road, BH Road, Tumakuru, Karnataka - 572101",PAN_FC237A66E9A54724,GSTIN_4D8FA532B83EBD54,,9001671046,,2023-12-08,3,50-100
ENT-00212,Ravi Textiles Company,Ravi Textiles Company,Textile / Garments,Manufacturing,1410,Green,Bengaluru Urban,BLRU,560024,Hebbal,Yelahanka,Ward-021,"No 296, D 2nd Main, Hebbal, Bengaluru Urban, Karnataka - 560024",PAN_EABDF04960E6B9C4,,UDYAM_38C6A2ECDD3FEF4F,9001678965,,2025-01-24,4,500+
ENT-00213,Bangalore Snacks LLP,Bangalore Snacks,Food Processing,Manufacturing,1030,Orange,Bengaluru Urban,BLRU,560078,Jayanagar,South,Ward-168,"No 244, B Main Road, Jayanagar, Bengaluru Urban, Karnataka - 560078",PAN_8B7F46C3150F7A0E,GSTIN_839A890302F9CC5D,,,contact0213@examplebiz.in,2017-06-24,10,25-50
ENT-00214,Srinidhi Works,Srinidhi Works,Restaurant / Cafe,Service,5610,Green,Bengaluru Urban,BLRU,560043,Kalyan Nagar,East,Ward-025,"No 7, D Sector, Kalyan Nagar, Bengaluru Urban, Karnataka - 560043",PAN_FF3C398237D0F294,GSTIN_9C2B344644741C14,UDYAM_05D61B1F8FBBE14E,9001694803,contact0214@examplebiz.in,2019-07-11,180,500+
ENT-00215,Ananya Resins Industries,Ananya Resins Industries,Chemical Blending,Manufacturing,2029,Red,Bengaluru Urban,BLRU,560064,Yelahanka,Yelahanka,Ward-004,"No 53, D Service Road, Yelahanka, Bengaluru Urban, Karnataka - 560064",PAN_B49090A1574D2902,GSTIN_E5B0444A3946F106,,,contact0215@examplebiz.in,2012-04-10,12,500+
ENT-00216,Veda Cafe Industries,Veda Cafe Industries,Restaurant / Cafe,Service,5610,Green,Mysuru,MYS,570016,Hebbal Industrial Area,North,Ward-M21,"No 284, Plot 3rd Phase, Hebbal Industrial Area, Mysuru, Karnataka - 570016",PAN_0B9ABCD880D1835B,GSTIN_EB999A0920C59759,,9001710641,contact0216@examplebiz.in,2025-04-18,10,25-50
ENT-00217,Siddhi Industries,Siddhi Industries,Chemical Blending,Manufacturing,2029,Red,Bengaluru Urban,BLRU,560029,BTM Layout,South,Ward-176,"No 135, Near Bus Stop, BTM Layout, Bengaluru Urban, Karnataka - 560029",PAN_B5A69475EBF0A3B0,GSTIN_A8B56184C955B260,UDYAM_5A29D0A970881B05,9001718560,,2022-11-11,2,100-500
ENT-00218,Ananya Electronics Co,Ananya Electronics Co,Electronics Assembly,Manufacturing,2610,Orange,Bengaluru Urban,BLRU,560029,BTM Layout,South,Ward-176,"No 292, Main Road, BTM Layout, Bengaluru Urban, Karnataka - 560029",PAN_3639AC227DB5FAF1,GSTIN_83DB68A080A1D4A6,,9001726479,,2012-01-15,36,10-25
ENT-00219,Navya Precision Traders,Navya Precision Traders,Machine Tools,Manufacturing,2819,Orange,Bengaluru Rural,BLRR,562157,Bagalur,Bengaluru Rural,Ward-R07,"No 13, Plot Extension, Bagalur, Bengaluru Rural, Karnataka - 562157",,,,9001734398,,2023-07-15,2,500+
ENT-00220,Ananya Associates,Ananya Associates,Textile / Garments,Manufacturing,1410,Green,Bengaluru Urban,BLRU,560024,Hebbal,Yelahanka,Ward-021,"No 171, Shed Industrial Layout, Hebbal, Bengaluru Urban, Karnataka - 560024",,,,,contact0220@examplebiz.in,2024-02-12,8,10-25
ENT-00221,Lakshmi Works,Lakshmi Works,Logistics / Warehouse,Service,5210,Green,Bengaluru Urban,BLRU,560085,Banashankari,South,Ward-182,"No 72, 2nd Main, Banashankari, Bengaluru Urban, Karnataka - 560085",PAN_B8D224DC7798B19F,GSTIN_05CB7EE648B8D6C7,,,contact0221@examplebiz.in,2019-09-20,2,10-25
ENT-00222,Ganesh Cafe Company,Ganesh Cafe Company,Restaurant / Cafe,Service,5610,Green,Bengaluru Urban,BLRU,560024,Hebbal,Yelahanka,Ward-021,"No 104, Extension, Hebbal, Bengaluru Urban, Karnataka - 560024",PAN_7984CE75DDD7FA9D,GSTIN_D424C60A9290718F,UDYAM_CDF7FA10B0C8A1EE,9001758155,contact0222@examplebiz.in,2021-01-08,25,0-10
ENT-00223,Varun Mold LLP,Varun Mold,Plastic Moulding,Manufacturing,2220,Red,Mysuru,MYS,570016,Hebbal Industrial Area,North,Ward-M21,"No 19, B Industrial Layout, Hebbal Industrial Area, Mysuru, Karnataka - 570016",,,UDYAM_1B2FD750D63666AA,,contact0223@examplebiz.in,2024-06-14,180,0-10
ENT-00224,Ravi Logistics Solutions,Ravi Logistics Solutions,Logistics / Warehouse,Service,5210,Green,Bengaluru Urban,BLRU,560076,Bannerghatta Road,South,Ward-177,"No 228, C Industrial Layout, Bannerghatta Road, Bengaluru Urban, Karnataka - 560076",,,,9001773993,contact0224@examplebiz.in,2022-01-09,85,10-25
ENT-00225,Asha Enterprises,Asha Enterprises,Logistics / Warehouse,Service,5210,Green,Bengaluru Urban,BLRU,560037,Whitefield,Mahadevapura,Ward-085,"No 274, B 2nd Main, Whitefield, Bengaluru Urban, Karnataka - 560037",PAN_32F5D854777CE257,,,,contact0225@examplebiz.in,2014-10-29,3,25-50
ENT-00226,Sree Tools LLP,Sree Tools,Machine Tools,Manufacturing,2819,Orange,Bengaluru Urban,BLRU,560066,Whitefield Main Road,Mahadevapura,Ward-083,"No 245, Main Road, Whitefield Main Road, Bengaluru Urban, Karnataka - 560066",PAN_2D9B0A600CB57046,GSTIN_47A4BB2AE7580D53,,9001789831,contact0226@examplebiz.in,2025-09-24,120,0-10
ENT-00227,Harsha LLP,Harsha,Textile / Garments,Manufacturing,1410,Green,Bengaluru Urban,BLRU,560034,Koramangala,South-East,Ward-151,"No 77, Shed Industrial Layout, Koramangala, Bengaluru Urban, Karnataka - 560034",PAN_33D024FFE853BC47,,UDYAM_6DC082F6C2B1BED8,9001797750,,2014-04-16,18,500+
ENT-00228,Kaveri Print Company,Kaveri Print Company,Printing / Packaging,Manufacturing,1811,Orange,Bengaluru Urban,BLRU,560059,Rajajinagar Industrial Suburb,West,Ward-067,"No 254, 1st Cross, Rajajinagar Industrial Suburb, Bengaluru Urban, Karnataka - 560059",PAN_60A912FAABF10F02,,UDYAM_EC40EEEEFCE34A59,,,2018-11-26,2,0-10
ENT-00229,Lakshmi Medical LLP,Lakshmi Medical,Pharmacy / Medical Retail,Retail,4772,Green,Tumakuru,TUM,572101,BH Road,Tumakuru,Ward-T01,"No 257, A Near Bus Stop, BH Road, Tumakuru, Karnataka - 572101",PAN_6050C8E371DDADD8,,UDYAM_AD2F73D143F4FE1F,9001813588,,2012-10-07,8,100-500
ENT-00230,Kaveri Meds Pvt Ltd,Kaveri Meds,Pharmacy / Medical Retail,Retail,4772,Green,Bengaluru Rural,BLRR,562157,Bagalur,Bengaluru Rural,Ward-R07,"No 8, Plot Behind Metro, Bagalur, Bengaluru Rural, Karnataka - 562157",PAN_816459A08C7ADBAE,GSTIN_C5634421BA171F7C,UDYAM_D81C8A8D4F5B7368,9001821507,,2014-05-12,36,10-25
ENT-00231,Veda LLP,Veda,Restaurant / Cafe,Service,5610,Green,Tumakuru,TUM,572101,BH Road,Tumakuru,Ward-T01,"No 243, Plot 3rd Phase, BH Road, Tumakuru, Karnataka - 572101",PAN_683001A870C92F4E,GSTIN_F61B7698CC768FAA,UDYAM_E167183B69444D57,9001829426,,2017-08-22,120,100-500
ENT-00232,Aditya Tech Enterprises,Aditya Tech Enterprises,Electronics Assembly,Manufacturing,2610,Orange,Bengaluru Rural,BLRR,562157,Bagalur,Bengaluru Rural,Ward-R07,"No 150, C 1st Cross, Bagalur, Bengaluru Rural, Karnataka - 562157",,,UDYAM_A8E406437C54A231,,contact0232@examplebiz.in,2014-07-04,4,25-50
ENT-00233,Srinidhi Traders,Srinidhi Traders,Machine Tools,Manufacturing,2819,Orange,Mysuru,MYS,570016,Hebbal Industrial Area,North,Ward-M21,"No 268, Shed Extension, Hebbal Industrial Area, Mysuru, Karnataka - 570016",PAN_144B2AE572B63DB3,GSTIN_14252400B96E6E4F,,9001845264,,2020-05-31,3,10-25
ENT-00234,Prakruthi Biryani Solutions,Prakruthi Biryani Solutions,Restaurant / Cafe,Service,5610,Green,Bengaluru Urban,BLRU,560064,Yelahanka,Yelahanka,Ward-004,"No 202, B Behind Metro, Yelahanka, Bengaluru Urban, Karnataka - 560064",PAN_E4DEE4B385129038,GSTIN_5E35136DA83447D1,UDYAM_74C214B26994B598,9001853183,contact0234@examplebiz.in,2018-08-10,3,10-25
ENT-00235,Sahana Industries,Sahana Industries,Printing / Packaging,Manufacturing,1811,Orange,Bengaluru Urban,BLRU,560076,Bannerghatta Road,South,Ward-177,"No 149, B Main Road, Bannerghatta Road, Bengaluru Urban, Karnataka - 560076",PAN_8714F7C507582EA6,GSTIN_18133BB07F6F59F4,,,contact0235@examplebiz.in,2016-01-15,12,25-50
ENT-00236,Bharath Cargo Pvt Ltd,Bharath Cargo,Logistics / Warehouse,Service,5210,Green,Bengaluru Urban,BLRU,560034,Koramangala,South-East,Ward-151,"No 196, B Service Road, Koramangala, Bengaluru Urban, Karnataka - 560034",,,UDYAM_40CE84D007724B65,9001869021,contact0236@examplebiz.in,2018-02-09,12,25-50
ENT-00237,Sharma Print Enterprises,Sharma Print Enterprises,Printing / Packaging,Manufacturing,1811,Orange,Bengaluru Urban,BLRU,560085,Banashankari,South,Ward-182,"No 221, B Near Bus Stop, Banashankari, Bengaluru Urban, Karnataka - 560085",,,UDYAM_AE0426F66F2C2879,9001876940,contact0237@examplebiz.in,2016-05-27,4,10-25
ENT-00238,Kaveri Components Enterprises,Kaveri Components Enterprises,Electronics Assembly,Manufacturing,2610,Orange,Bengaluru Urban,BLRU,560078,Jayanagar,South,Ward-168,"No 221, B Extension, Jayanagar, Bengaluru Urban, Karnataka - 560078",,,UDYAM_0BBE73D7246221A3,9001884859,contact0238@examplebiz.in,2022-02-26,5,50-100
ENT-00239,Aditya Labels Enterprises,Aditya Labels Enterprises,Printing / Packaging,Manufacturing,1811,Orange,Tumakuru,TUM,572101,BH Road,Tumakuru,Ward-T01,"No 296, Shed Behind Metro, BH Road, Tumakuru, Karnataka - 572101",,,,9001892778,,2012-09-15,180,50-100
ENT-00240,Sahana Industries Co,Sahana Industries Co,Machine Tools,Manufacturing,2819,Orange,Mysuru,MYS,570018,Nanjangud Road,South,Ward-M32,"No 299, Main Road, Nanjangud Road, Mysuru, Karnataka - 570018",PAN_BD6881BC64CFE497,GSTIN_0CF374A1AB8DE340,UDYAM_122AC8D12F1C66F5,9001900697,contact0240@examplebiz.in,2019-05-12,8,0-10
ENT-00241,Mysore Biryani Associates,Mysore Biryani Associates,Restaurant / Cafe,Service,5610,Green,Bengaluru Urban,BLRU,560066,Whitefield Main Road,Mahadevapura,Ward-083,"No 96, D 2nd Main, Whitefield Main Road, Bengaluru Urban, Karnataka - 560066",PAN_16C15F0E7DD2714D,GSTIN_B7D0C5B514E96A62,UDYAM_E36267FDBBE21422,,contact0241@examplebiz.in,2015-11-02,85,25-50
ENT-00242,Nisarga Clinic Solutions,Nisarga Clinic Solutions,Pharmacy / Medical Retail,Retail,4772,Green,Bengaluru Urban,BLRU,560029,BTM Layout,South,Ward-176,"No 136, A Main Road, BTM Layout, Bengaluru Urban, Karnataka - 560029",,,,9001916535,contact0242@examplebiz.in,2018-03-26,180,500+
ENT-00243,Sharma Moulding Industries,Sharma Moulding Industries,Plastic Moulding,Manufacturing,2220,Red,Bengaluru Urban,BLRU,560001,MG Road,East,Ward-111,"No 106, C Extension, MG Road, Bengaluru Urban, Karnataka - 560001",PAN_204F0D5092A8347D,GSTIN_57E7E5251FF179EF,UDYAM_93E1987A519F722C,,,2021-01-29,3,10-25
ENT-00244,Naveen LLP,Naveen,Textile / Garments,Manufacturing,1410,Green,Bengaluru Urban,BLRU,560059,Rajajinagar Industrial Suburb,West,Ward-067,"No 214, Plot 3rd Phase, Rajajinagar Industrial Suburb, Bengaluru Urban, Karnataka - 560059",,,,9001932373,,2016-12-31,8,500+
ENT-00245,Sharma Coatings Pvt Ltd,Sharma Coatings,Chemical Blending,Manufacturing,2029,Red,Bengaluru Rural,BLRR,562157,Bagalur,Bengaluru Rural,Ward-R07,"No 200, D Behind Metro, Bagalur, Bengaluru Rural, Karnataka - 562157",,,,9001940292,,2022-07-13,12,10-25
ENT-00246,Ananya Labs Enterprises,Ananya Labs Enterprises,Machine Tools,Manufacturing,2819,Orange,Bengaluru Urban,BLRU,560085,Banashankari,South,Ward-182,"No 11, C Near Bus Stop, Banashankari, Bengaluru Urban, Karnataka - 560085",PAN_007EEE6A7361AC72,GSTIN_0ACDED13D63CA460,UDYAM_D23E24CD49773587,9001948211,contact0246@examplebiz.in,2017-10-09,180,0-10
ENT-00247,Kaveri Associates,Kaveri Associates,Printing / Packaging,Manufacturing,1811,Orange,Bengaluru Rural,BLRR,562110,Devanahalli,Bengaluru Rural,Ward-R01,"No 12, B Sector, Devanahalli, Bengaluru Rural, Karnataka - 562110",PAN_ECAA29CD4AF7D75C,GSTIN_FA7564FF5CAF8A2C,,9001956130,,2014-10-18,10,500+
ENT-00248,Veda Precision Company,Veda Precision Company,Machine Tools,Manufacturing,2819,Orange,Bengaluru Urban,BLRU,560058,Peenya Industrial Area,Dasarahalli,Ward-038,"No 268, D 1st Cross, Peenya Industrial Area, Bengaluru Urban, Karnataka - 560058",PAN_B74F2C0A5BD8CC00,GSTIN_FB130C3561A751D6,UDYAM_2B512E9001FE41C7,,,2025-04-14,3,50-100
ENT-00249,Deccan Precision Co,Deccan Precision Co,Machine Tools,Manufacturing,2819,Orange,Bengaluru Urban,BLRU,560066,Whitefield Main Road,Mahadevapura,Ward-083,"No 182, C Service Road, Whitefield Main Road, Bengaluru Urban, Karnataka - 560066",,,UDYAM_0201CBE1D2B69192,9001971968,contact0249@examplebiz.in,2025-09-26,36,0-10
ENT-00250,Aarohi Graphics Solutions,Aarohi Graphics Solutions,Printing / Packaging,Manufacturing,1811,Orange,Bengaluru Urban,BLRU,560064,Yelahanka,Yelahanka,Ward-004,"No 103, C 3rd Phase, Yelahanka, Bengaluru Urban, Karnataka - 560064",PAN_D8F6EEA1263F3207,GSTIN_1D367BAFA59215BC,UDYAM_B9692549B0041601,9001979887,,2025-09-01,120,0-10
ENT-00251,Prakruthi Clinic Pvt Ltd,Prakruthi Clinic,Pharmacy / Medical Retail,Retail,4772,Green,Bengaluru Urban,BLRU,560102,HSR Layout,Bommanahalli,Ward-174,"No 125, B Behind Metro, HSR Layout, Bengaluru Urban, Karnataka - 560102",PAN_DAC57B21120137A3,,UDYAM_BA45A1C7D5F84077,,contact0251@examplebiz.in,2020-12-09,120,10-25
ENT-00252,Sree Pharma Pvt Ltd,Sree Pharma,Pharmacy / Medical Retail,Retail,4772,Green,Bengaluru Urban,BLRU,560068,Bommanahalli,South,Ward-175,"No 275, B 3rd Phase, Bommanahalli, Bengaluru Urban, Karnataka - 560068",PAN_A12F2782E8476B91,,,9001995725,contact0252@examplebiz.in,2022-06-09,10,50-100
ENT-00253,Bangalore LLP,Bangalore,Pharmacy / Medical Retail,Retail,4772,Green,Bengaluru Rural,BLRR,561203,Doddaballapura,Bengaluru Rural,Ward-R09,"No 227, A Service Road, Doddaballapura, Bengaluru Rural, Karnataka - 561203",PAN_6B9DF9DD3956D061,,UDYAM_8D481BE7A9B1545F,,,2016-05-05,18,0-10
ENT-00254,Srinidhi LLP,Srinidhi,Restaurant / Cafe,Service,5610,Green,Mysuru,MYS,570016,Hebbal Industrial Area,North,Ward-M21,"No 267, Shed Near Bus Stop, Hebbal Industrial Area, Mysuru, Karnataka - 570016",,,,9002011563,,2015-03-23,25,25-50
ENT-00255,Sharma LLP,Sharma,Food Processing,Manufacturing,1030,Orange,Bengaluru Urban,BLRU,560058,Peenya Industrial Area,Dasarahalli,Ward-038,"No 190, Plot Industrial Layout, Peenya Industrial Area, Bengaluru Urban, Karnataka - 560058",PAN_116522B408A1CA95,GSTIN_5FA703E466891DB8,,,,2018-12-01,3,50-100
ENT-00256,Navya Mold LLP,Navya Mold,Plastic Moulding,Manufacturing,2220,Red,Bengaluru Rural,BLRR,562114,Hoskote,Bengaluru Rural,Ward-R04,"No 234, B 1st Cross, Hoskote, Bengaluru Rural, Karnataka - 562114",PAN_D6113C83B5A9C187,GSTIN_12CF1990531B95DB,UDYAM_CCD5A8FBA27AE260,9002027401,contact0256@examplebiz.in,2025-03-02,18,50-100
ENT-00257,Siddhi Enterprises,Siddhi Enterprises,Logistics / Warehouse,Service,5210,Green,Bengaluru Urban,BLRU,560064,Yelahanka,Yelahanka,Ward-004,"No 73, Plot Sector, Yelahanka, Bengaluru Urban, Karnataka - 560064",PAN_1D65C9B9EEA6CCD5,GSTIN_1389FA7B5268E156,UDYAM_248BB79882B519EC,9002035320,,2020-11-12,25,100-500
ENT-00258,Vijaya Industries Works,Vijaya Industries Works,Machine Tools,Manufacturing,2819,Orange,Bengaluru Urban,BLRU,560078,Jayanagar,South,Ward-168,"No 15, Shed 3rd Phase, Jayanagar, Bengaluru Urban, Karnataka - 560078",PAN_C7CA821D673ADC5F,,UDYAM_115E9296ECE60CE4,,contact0258@examplebiz.in,2025-04-01,36,0-10
ENT-00259,Veda Logistics Works,Veda Logistics Works,Logistics / Warehouse,Service,5210,Green,Bengaluru Urban,BLRU,560076,Bannerghatta Road,South,Ward-177,"No 252, B 3rd Phase, Bannerghatta Road, Bengaluru Urban, Karnataka - 560076",PAN_9DE8A6D3DE135251,GSTIN_DCBB50607CDF747B,,,contact0259@examplebiz.in,2017-02-13,10,25-50
ENT-00260,Siddhi Packaging Enterprises,Siddhi Packaging Enterprises,Printing / Packaging,Manufacturing,1811,Orange,Bengaluru Urban,BLRU,560066,Whitefield Main Road,Mahadevapura,Ward-083,"No 180, Plot Main Road, Whitefield Main Road, Bengaluru Urban, Karnataka - 560066",,,,9002059077,,2014-04-13,4,0-10
ENT-00261,Veda Print Enterprises,Veda Print Enterprises,Printing / Packaging,Manufacturing,1811,Orange,Bengaluru Urban,BLRU,560029,BTM Layout,South,Ward-176,"No 4, B Near Bus Stop, BTM Layout, Bengaluru Urban, Karnataka - 560029",PAN_886A4A6F0D259404,GSTIN_2E301C8AE1604718,,,contact0261@examplebiz.in,2019-02-27,25,25-50
ENT-00262,Meghana Spices LLP,Meghana Spices,Food Processing,Manufacturing,1030,Orange,Bengaluru Rural,BLRR,562114,Hoskote,Bengaluru Rural,Ward-R04,"No 102, Industrial Layout, Hoskote, Bengaluru Rural, Karnataka - 562114",,,UDYAM_3547276AD26D2047,9002074915,contact0262@examplebiz.in,2021-08-21,52,25-50
ENT-00263,Aditya Polymers Associates,Aditya Polymers Associates,Plastic Moulding,Manufacturing,2220,Red,Mysuru,MYS,570001,Devaraja Mohalla,Central,Ward-M01,"No 95, Plot Main Road, Devaraja Mohalla, Mysuru, Karnataka - 570001",PAN_C84986319AF8A1A5,GSTIN_1AB7459A556312B2,UDYAM_3D7C0BB047FD13BF,9002082834,contact0263@examplebiz.in,2014-04-23,36,500+
ENT-00264,Veda Coatings Solutions,Veda Coatings Solutions,Chemical Blending,Manufacturing,2029,Red,Bengaluru Urban,BLRU,560066,Whitefield Main Road,Mahadevapura,Ward-083,"No 22, D 2nd Main, Whitefield Main Road, Bengaluru Urban, Karnataka - 560066",PAN_01C507A5A7DC2335,,,9002090753,contact0264@examplebiz.in,2018-07-04,8,500+
ENT-00265,Sharma Textiles Pvt Ltd,Sharma Textiles,Textile / Garments,Manufacturing,1410,Green,Bengaluru Rural,BLRR,562114,Hoskote,Bengaluru Rural,Ward-R04,"No 67, D Industrial Layout, Hoskote, Bengaluru Rural, Karnataka - 562114",,,UDYAM_F08F274DAD9CD59B,,contact0265@examplebiz.in,2024-02-26,120,50-100
ENT-00266,Sree Print Co,Sree Print Co,Printing / Packaging,Manufacturing,1811,Orange,Bengaluru Urban,BLRU,560102,HSR Layout,Bommanahalli,Ward-174,"No 106, A Behind Metro, HSR Layout, Bengaluru Urban, Karnataka - 560102",PAN_B5DFDAA871F5A94D,,UDYAM_32D55966AF9EB52A,9002106591,,2023-01-04,18,25-50
ENT-00267,Harsha Meals Industries,Harsha Meals Industries,Restaurant / Cafe,Service,5610,Green,Bengaluru Rural,BLRR,562157,Bagalur,Bengaluru Rural,Ward-R07,"No 284, B Industrial Layout, Bagalur, Bengaluru Rural, Karnataka - 562157",PAN_EE09313F3919CA88,GSTIN_A1B934FF0EF1D183,UDYAM_5F0A0137C84D1166,9002114510,,2019-09-14,12,50-100
ENT-00268,Vijaya Moulding Solutions,Vijaya Moulding Solutions,Plastic Moulding,Manufacturing,2220,Red,Bengaluru Urban,BLRU,560066,Whitefield Main Road,Mahadevapura,Ward-083,"No 117, Sector, Whitefield Main Road, Bengaluru Urban, Karnataka - 560066",PAN_8902244CF4335CBA,,,9002122429,contact0268@examplebiz.in,2024-09-07,4,50-100
ENT-00269,Nisarga Printers Pvt Ltd,Nisarga Printers,Printing / Packaging,Manufacturing,1811,Orange,Bengaluru Urban,BLRU,560066,Whitefield Main Road,Mahadevapura,Ward-083,"No 209, B 1st Cross, Whitefield Main Road, Bengaluru Urban, Karnataka - 560066",PAN_BD3CC4878CF1AE19,,UDYAM_D582D5018BB7471B,,contact0269@examplebiz.in,2015-11-09,5,500+
ENT-00270,Ananya Cafe Enterprises,Ananya Cafe Enterprises,Restaurant / Cafe,Service,5610,Green,Bengaluru Urban,BLRU,560058,Peenya Industrial Area,Dasarahalli,Ward-038,"No 244, Shed 3rd Phase, Peenya Industrial Area, Bengaluru Urban, Karnataka - 560058",PAN_5EA36CE8DC166754,GSTIN_732F51C60619B150,,9002138267,contact0270@examplebiz.in,2019-12-18,5,500+
ENT-00271,Bangalore Traders,Bangalore Traders,Pharmacy / Medical Retail,Retail,4772,Green,Bengaluru Urban,BLRU,560066,Whitefield Main Road,Mahadevapura,Ward-083,"No 249, A Industrial Layout, Whitefield Main Road, Bengaluru Urban, Karnataka - 560066",PAN_60CD925D0E1297DD,,,9002146186,,2012-07-26,5,10-25
ENT-00272,Ganesh Care Company,Ganesh Care Company,Pharmacy / Medical Retail,Retail,4772,Green,Bengaluru Urban,BLRU,560034,Koramangala,South-East,Ward-151,"No 290, B 3rd Phase, Koramangala, Bengaluru Urban, Karnataka - 560034",PAN_02557CD3CA75CE75,GSTIN_89EF8077A26C36F1,UDYAM_FD40DDF052808A1F,9002154105,,2019-10-14,3,50-100
ENT-00273,Mysore Industries,Mysore Industries,Food Processing,Manufacturing,1030,Orange,Bengaluru Urban,BLRU,560043,Kalyan Nagar,East,Ward-025,"No 8, Plot Near Bus Stop, Kalyan Nagar, Bengaluru Urban, Karnataka - 560043",PAN_B4C355BCADC69F3F,GSTIN_530AE8B3856C3455,UDYAM_C2E80B30253CFC25,9002162024,contact0273@examplebiz.in,2018-03-22,52,10-25
ENT-00274,Omkar Cafe Industries,Omkar Cafe Industries,Restaurant / Cafe,Service,5610,Green,Bengaluru Rural,BLRR,562114,Hoskote,Bengaluru Rural,Ward-R04,"No 289, B 3rd Phase, Hoskote, Bengaluru Rural, Karnataka - 562114",PAN_320A87318B8E6992,GSTIN_28F383ECD483D17A,UDYAM_5E0673D4F1333795,,,2015-06-05,120,100-500
ENT-00275,Harsha Works,Harsha Works,Food Processing,Manufacturing,1030,Orange,Tumakuru,TUM,572106,Antharasanahalli Industrial Area,Tumakuru,Ward-T12,"No 282, D Extension, Antharasanahalli Industrial Area, Tumakuru, Karnataka - 572106",,,UDYAM_79DABE4454E35612,9002177862,contact0275@examplebiz.in,2024-11-13,5,50-100
ENT-00276,Omkar Mold Traders,Omkar Mold Traders,Plastic Moulding,Manufacturing,2220,Red,Bengaluru Urban,BLRU,560029,BTM Layout,South,Ward-176,"No 60, A 1st Cross, BTM Layout, Bengaluru Urban, Karnataka - 560029",PAN_3C7D032D6079014B,GSTIN_7033E30ADB27B2E9,UDYAM_419A17B62A1990C7,,contact0276@examplebiz.in,2022-03-30,12,50-100
ENT-00277,Bharath Clinic Associates,Bharath Clinic Associates,Pharmacy / Medical Retail,Retail,4772,Green,Bengaluru Urban,BLRU,560037,Whitefield,Mahadevapura,Ward-085,"No 152, Shed 3rd Phase, Whitefield, Bengaluru Urban, Karnataka - 560037",PAN_24567A17899E35D2,GSTIN_B84409F57141E58D,,9002193700,,2022-12-24,10,0-10
ENT-00278,Asha CNC LLP,Asha CNC,Machine Tools,Manufacturing,2819,Orange,Bengaluru Urban,BLRU,560043,Kalyan Nagar,East,Ward-025,"No 90, A Industrial Layout, Kalyan Nagar, Bengaluru Urban, Karnataka - 560043",PAN_E35F91CF1E8B0DBF,GSTIN_8B4FB06493C0F325,,9002201619,contact0278@examplebiz.in,2021-10-28,36,0-10
ENT-00279,Varun Traders,Varun Traders,Pharmacy / Medical Retail,Retail,4772,Green,Bengaluru Urban,BLRU,560076,Bannerghatta Road,South,Ward-177,"No 9, B 3rd Phase, Bannerghatta Road, Bengaluru Urban, Karnataka - 560076",PAN_77A9C3A3A627552E,,UDYAM_1441840DB39EF976,9002209538,contact0279@examplebiz.in,2024-05-30,25,100-500
ENT-00280,Nandi Meals Enterprises,Nandi Meals Enterprises,Restaurant / Cafe,Service,5610,Green,Mysuru,MYS,570016,Hebbal Industrial Area,North,Ward-M21,"No 47, C 3rd Phase, Hebbal Industrial Area, Mysuru, Karnataka - 570016",PAN_D8632AFDE0961CC9,GSTIN_8FCA6BBB333F9870,,,contact0280@examplebiz.in,2014-08-11,4,0-10
ENT-00281,Navya Garments Works,Navya Garments Works,Textile / Garments,Manufacturing,1410,Green,Bengaluru Rural,BLRR,562157,Bagalur,Bengaluru Rural,Ward-R07,"No 71, A Sector, Bagalur, Bengaluru Rural, Karnataka - 562157",PAN_1ECC745C95ED9A63,,,9002225376,contact0281@examplebiz.in,2016-01-03,120,50-100
ENT-00282,Omkar Coatings Pvt Ltd,Omkar Coatings,Chemical Blending,Manufacturing,2029,Red,Mysuru,MYS,570016,Hebbal Industrial Area,North,Ward-M21,"No 22, D Main Road, Hebbal Industrial Area, Mysuru, Karnataka - 570016",PAN_AF43DCE1AC1387A9,GSTIN_FD7E0A15512E04DA,UDYAM_5DDFBE29C6BC54A8,9002233295,contact0282@examplebiz.in,2019-11-19,180,25-50
ENT-00283,Aditya Meds Co,Aditya Meds Co,Pharmacy / Medical Retail,Retail,4772,Green,Bengaluru Urban,BLRU,560024,Hebbal,Yelahanka,Ward-021,"No 110, C Behind Metro, Hebbal, Bengaluru Urban, Karnataka - 560024",PAN_1BFB605BF7BD8035,GSTIN_CD9C18E945973D01,,9002241214,contact0283@examplebiz.in,2018-09-01,10,500+
ENT-00284,Prakruthi Packaging Enterprises,Prakruthi Packaging Enterprises,Printing / Packaging,Manufacturing,1811,Orange,Mysuru,MYS,570001,Devaraja Mohalla,Central,Ward-M01,"No 45, Plot Extension, Devaraja Mohalla, Mysuru, Karnataka - 570001",PAN_738A4D73B7A3D9C6,GSTIN_BD587EE3AB59DBDB,UDYAM_3865272CC1F761FE,,,2025-06-01,25,500+
ENT-00285,Ananya Chem Industries,Ananya Chem Industries,Chemical Blending,Manufacturing,2029,Red,Bengaluru Urban,BLRU,560059,Rajajinagar Industrial Suburb,West,Ward-067,"No 221, B 3rd Phase, Rajajinagar Industrial Suburb, Bengaluru Urban, Karnataka - 560059",PAN_38445CC051FC66AE,GSTIN_C0DEC8E9E783AE32,UDYAM_4137F8987B301E04,9002257052,,2024-09-28,85,0-10
ENT-00286,Harsha Works,Harsha Works,Food Processing,Manufacturing,1030,Orange,Bengaluru Urban,BLRU,560064,Yelahanka,Yelahanka,Ward-004,"No 274, Plot Sector, Yelahanka, Bengaluru Urban, Karnataka - 560064",PAN_5084A28A7216F336,,UDYAM_F6D6B22CF51BB837,9002264971,,2014-05-18,5,10-25
ENT-00287,Prakruthi Packaging Works,Prakruthi Packaging Works,Restaurant / Cafe,Service,5610,Green,Bengaluru Urban,BLRU,560043,Kalyan Nagar,East,Ward-025,"No 107, D 3rd Phase, Kalyan Nagar, Bengaluru Urban, Karnataka - 560043",,,,9002272890,,2018-08-08,85,0-10
ENT-00288,Nandi Moulding Company,Nandi Moulding Company,Plastic Moulding,Manufacturing,2220,Red,Bengaluru Urban,BLRU,560076,Bannerghatta Road,South,Ward-177,"No 200, Shed Industrial Layout, Bannerghatta Road, Bengaluru Urban, Karnataka - 560076",,,,,,2024-11-24,8,100-500
ENT-00289,Aarohi Bakery Associates,Aarohi Bakery Associates,Food Processing,Manufacturing,1030,Orange,Bengaluru Urban,BLRU,560076,Bannerghatta Road,South,Ward-177,"No 14, Shed Behind Metro, Bannerghatta Road, Bengaluru Urban, Karnataka - 560076",,,,9002288728,contact0289@examplebiz.in,2017-12-14,5,500+
ENT-00290,Deccan Tools Traders,Deccan Tools Traders,Machine Tools,Manufacturing,2819,Orange,Bengaluru Urban,BLRU,560068,Bommanahalli,South,Ward-175,"No 214, B 2nd Main, Bommanahalli, Bengaluru Urban, Karnataka - 560068",,,UDYAM_5927580713AC3E60,9002296647,contact0290@examplebiz.in,2018-02-27,3,10-25
ENT-00291,Lakshmi Meds Pvt Ltd,Lakshmi Meds,Pharmacy / Medical Retail,Retail,4772,Green,Bengaluru Rural,BLRR,562110,Devanahalli,Bengaluru Rural,Ward-R01,"No 279, Shed 1st Cross, Devanahalli, Bengaluru Rural, Karnataka - 562110",PAN_5D3E13DDB0BCBB69,GSTIN_0AAADD79C4584D25,UDYAM_B37BD2B7F9ADAB25,9002304566,,2020-06-24,36,100-500
ENT-00292,Udupi Health Works,Udupi Health Works,Pharmacy / Medical Retail,Retail,4772,Green,Bengaluru Urban,BLRU,560100,Electronic City,Bommanahalli,Ward-192,"No 16, C Service Road, Electronic City, Bengaluru Urban, Karnataka - 560100",,,,9002312485,,2025-09-18,25,10-25
ENT-00293,Siddhi Works Enterprises,Siddhi Works Enterprises,Machine Tools,Manufacturing,2819,Orange,Bengaluru Urban,BLRU,560076,Bannerghatta Road,South,Ward-177,"No 7, C Main Road, Bannerghatta Road, Bengaluru Urban, Karnataka - 560076",PAN_340F784F33AB8AE7,GSTIN_03C304D422D93C74,,9002320404,,2019-05-20,18,100-500
ENT-00294,Nandi Tools Co,Nandi Tools Co,Machine Tools,Manufacturing,2819,Orange,Bengaluru Rural,BLRR,561203,Doddaballapura,Bengaluru Rural,Ward-R09,"No 158, Industrial Layout, Doddaballapura, Bengaluru Rural, Karnataka - 561203",PAN_F52B82BD8F6FBADF,GSTIN_73676B4AA06E0B6F,,9002328323,,2015-12-12,25,500+
ENT-00295,Lakshmi Kitchen Pvt Ltd,Lakshmi Kitchen,Restaurant / Cafe,Service,5610,Green,Bengaluru Urban,BLRU,560024,Hebbal,Yelahanka,Ward-021,"No 91, A 1st Cross, Hebbal, Bengaluru Urban, Karnataka - 560024",PAN_AE7BA4C831F4ECAE,GSTIN_D99EB2967262E860,UDYAM_49D76E771FF4D5F4,9002336242,contact0295@examplebiz.in,2021-01-21,8,100-500
ENT-00296,Veda Apparels Company,Veda Apparels Company,Textile / Garments,Manufacturing,1410,Green,Bengaluru Urban,BLRU,560058,Peenya Industrial Area,Dasarahalli,Ward-038,"No 235, Behind Metro, Peenya Industrial Area, Bengaluru Urban, Karnataka - 560058",,,UDYAM_808FB7A886DE41BF,,,2015-05-07,85,50-100
ENT-00297,Mysore Health Industries,Mysore Health Industries,Pharmacy / Medical Retail,Retail,4772,Green,Bengaluru Urban,BLRU,560068,Bommanahalli,South,Ward-175,"No 234, Shed Near Bus Stop, Bommanahalli, Bengaluru Urban, Karnataka - 560068",PAN_308BE40192FDD51E,GSTIN_03941D2CB49CD7A4,UDYAM_1AD536C50C701BCA,9002352080,contact0297@examplebiz.in,2023-04-01,12,0-10
ENT-00298,Aditya Works,Aditya Works,Restaurant / Cafe,Service,5610,Green,Tumakuru,TUM,572106,Antharasanahalli Industrial Area,Tumakuru,Ward-T12,"No 211, A 1st Cross, Antharasanahalli Industrial Area, Tumakuru, Karnataka - 572106",,,UDYAM_D4732647D58031C3,9002359999,,2022-07-04,36,10-25
ENT-00299,Srinidhi Press Works,Srinidhi Press Works,Printing / Packaging,Manufacturing,1811,Orange,Bengaluru Urban,BLRU,560078,Jayanagar,South,Ward-168,"No 262, Industrial Layout, Jayanagar, Bengaluru Urban, Karnataka - 560078",PAN_0695D41947A6DA78,GSTIN_7FC3774240BCFAB7,UDYAM_CE7D56165734F537,9002367918,contact0299@examplebiz.in,2020-05-09,12,50-100
ENT-00300,Varun Systems Solutions,Varun Systems Solutions,Electronics Assembly,Manufacturing,2610,Orange,Bengaluru Urban,BLRU,560100,Electronic City,Bommanahalli,Ward-192,"No 165, D Near Bus Stop, Electronic City, Bengaluru Urban, Karnataka - 560100",,,UDYAM_13561B92E2E26B1D,9002375837,contact0300@examplebiz.in,2013-11-12,2,500+
ENT-00301,Vijaya Fashions Pvt Ltd,Vijaya Fashions,Textile / Garments,Manufacturing,1410,Green,Bengaluru Urban,BLRU,560064,Yelahanka,Yelahanka,Ward-004,"No 216, C Main Road, Yelahanka, Bengaluru Urban, Karnataka - 560064",PAN_0C5D219EF79CC50A,GSTIN_F0D344EE6AD05725,,,,2017-06-25,10,10-25
ENT-00302,Kaveri Wear Works,Kaveri Wear Works,Textile / Garments,Manufacturing,1410,Green,Bengaluru Urban,BLRU,560059,Rajajinagar Industrial Suburb,West,Ward-067,"No 12, A Sector, Rajajinagar Industrial Suburb, Bengaluru Urban, Karnataka - 560059",PAN_A130EDFFBA2977DA,GSTIN_9C5C1B045D4754EC,,9002391675,contact0302@examplebiz.in,2024-06-20,25,0-10
ENT-00303,Prakruthi Stores LLP,Prakruthi Stores,Logistics / Warehouse,Service,5210,Green,Mysuru,MYS,570016,Hebbal Industrial Area,North,Ward-M21,"No 202, Plot 2nd Main, Hebbal Industrial Area, Mysuru, Karnataka - 570016",PAN_5E69DCA2AC8BFFAE,GSTIN_AF6DD81B25849C26,,,,2021-10-20,12,50-100
ENT-00304,Naveen Kitchen Pvt Ltd,Naveen Kitchen,Restaurant / Cafe,Service,5610,Green,Bengaluru Urban,BLRU,560078,Jayanagar,South,Ward-168,"No 268, D Industrial Layout, Jayanagar, Bengaluru Urban, Karnataka - 560078",,,UDYAM_3FCC412B71F8F16A,,,2012-12-17,2,0-10
ENT-00305,Omkar Health Enterprises,Omkar Health Enterprises,Pharmacy / Medical Retail,Retail,4772,Green,Bengaluru Urban,BLRU,560064,Yelahanka,Yelahanka,Ward-004,"No 149, D Service Road, Yelahanka, Bengaluru Urban, Karnataka - 560064",PAN_4A10532E4A0D9594,,UDYAM_1EC1CAF1813016C9,9002415432,,2017-03-09,52,100-500
ENT-00306,Nandi Moulding Company,Nandi Moulding Company,Plastic Moulding,Manufacturing,2220,Red,Bengaluru Urban,BLRU,560001,MG Road,East,Ward-111,"No 170, B Near Bus Stop, MG Road, Bengaluru Urban, Karnataka - 560001",PAN_B9DDF2E289A879D8,GSTIN_4921394781DD0620,,,,2012-09-18,36,100-500
ENT-00307,Udupi Cafe Pvt Ltd,Udupi Cafe,Restaurant / Cafe,Service,5610,Green,Bengaluru Urban,BLRU,560102,HSR Layout,Bommanahalli,Ward-174,"No 172, B Sector, HSR Layout, Bengaluru Urban, Karnataka - 560102",PAN_2E782F96A8964532,GSTIN_72EF44158266CEBF,,9002431270,,2023-02-23,3,100-500
ENT-00308,Sree Mold Traders,Sree Mold Traders,Plastic Moulding,Manufacturing,2220,Red,Bengaluru Urban,BLRU,560058,Peenya Industrial Area,Dasarahalli,Ward-038,"No 17, 1st Cross, Peenya Industrial Area, Bengaluru Urban, Karnataka - 560058",PAN_153B70075AA2AC57,,UDYAM_B221B6FE7D58102E,9002439189,contact0308@examplebiz.in,2021-07-13,2,50-100
ENT-00309,Harsha Pvt Ltd,Harsha,Chemical Blending,Manufacturing,2029,Red,Mysuru,MYS,570016,Hebbal Industrial Area,North,Ward-M21,"No 220, Extension, Hebbal Industrial Area, Mysuru, Karnataka - 570016",,,UDYAM_6996CA02A3BC8B36,9002447108,contact0309@examplebiz.in,2019-08-11,18,50-100
ENT-00310,Sree Tech Associates,Sree Tech Associates,Electronics Assembly,Manufacturing,2610,Orange,Tumakuru,TUM,572106,Antharasanahalli Industrial Area,Tumakuru,Ward-T12,"No 285, B Industrial Layout, Antharasanahalli Industrial Area, Tumakuru, Karnataka - 572106",PAN_D6C3B96359D24C06,GSTIN_1834EBFC01E359A0,UDYAM_9DB1C1DE63EE9791,,,2013-02-09,10,0-10
ENT-00311,Bangalore Industries LLP,Bangalore Industries,Machine Tools,Manufacturing,2819,Orange,Bengaluru Urban,BLRU,560066,Whitefield Main Road,Mahadevapura,Ward-083,"No 104, D Extension, Whitefield Main Road, Bengaluru Urban, Karnataka - 560066",PAN_776AB1C211DDC571,GSTIN_707D68C23B8283C4,,9002462946,contact0311@examplebiz.in,2022-07-18,36,10-25
ENT-00312,Naveen Printers Solutions,Naveen Printers Solutions,Printing / Packaging,Manufacturing,1811,Orange,Bengaluru Urban,BLRU,560059,Rajajinagar Industrial Suburb,West,Ward-067,"No 69, Extension, Rajajinagar Industrial Suburb, Bengaluru Urban, Karnataka - 560059",,,,9002470865,,2015-08-16,52,25-50
ENT-00313,Nandi Foods Industries,Nandi Foods Industries,Food Processing,Manufacturing,1030,Orange,Mysuru,MYS,570018,Nanjangud Road,South,Ward-M32,"No 60, C Sector, Nanjangud Road, Mysuru, Karnataka - 570018",,,UDYAM_A644DC632D7A0187,9002478784,contact0313@examplebiz.in,2016-01-27,12,100-500
ENT-00314,Srinidhi Labels Company,Srinidhi Labels Company,Printing / Packaging,Manufacturing,1811,Orange,Bengaluru Urban,BLRU,560034,Koramangala,South-East,Ward-151,"No 72, C 2nd Main, Koramangala, Bengaluru Urban, Karnataka - 560034",,,UDYAM_D0DAF0B98B0FF983,,,2024-03-11,52,500+
ENT-00315,Kaveri Coatings Solutions,Kaveri Coatings Solutions,Chemical Blending,Manufacturing,2029,Red,Bengaluru Urban,BLRU,560064,Yelahanka,Yelahanka,Ward-004,"No 257, A Main Road, Yelahanka, Bengaluru Urban, Karnataka - 560064",PAN_C652EA3CE99C21E7,,,9002494622,,2012-05-23,4,10-25
ENT-00316,Ganesh Coatings LLP,Ganesh Coatings,Chemical Blending,Manufacturing,2029,Red,Bengaluru Urban,BLRU,560034,Koramangala,South-East,Ward-151,"No 159, Behind Metro, Koramangala, Bengaluru Urban, Karnataka - 560034",PAN_A963FE35E801E5F5,GSTIN_6F5F5BAF440289E8,,,contact0316@examplebiz.in,2023-11-28,85,50-100
ENT-00317,Nisarga Labels Pvt Ltd,Nisarga Labels,Printing / Packaging,Manufacturing,1811,Orange,Bengaluru Urban,BLRU,560037,Whitefield,Mahadevapura,Ward-085,"No 288, Plot Main Road, Whitefield, Bengaluru Urban, Karnataka - 560037",,,UDYAM_BBCE0D85DF593C6D,9002510460,contact0317@examplebiz.in,2022-10-22,10,500+
ENT-00318,Lakshmi LLP,Lakshmi,Logistics / Warehouse,Service,5210,Green,Mysuru,MYS,570016,Hebbal Industrial Area,North,Ward-M21,"No 177, C Service Road, Hebbal Industrial Area, Mysuru, Karnataka - 570016",PAN_92FF94FCE953FC3F,GSTIN_F7F9AE04985405E5,,9002518379,contact0318@examplebiz.in,2015-05-05,52,25-50
ENT-00319,Ganesh Medical Solutions,Ganesh Medical Solutions,Pharmacy / Medical Retail,Retail,4772,Green,Bengaluru Urban,BLRU,560085,Banashankari,South,Ward-182,"No 213, Plot 1st Cross, Banashankari, Bengaluru Urban, Karnataka - 560085",PAN_1BA552F563543DB2,GSTIN_931C9DE43042105B,UDYAM_BC66A53478DD6592,,,2023-09-12,180,10-25
ENT-00320,Navya Industrial Co,Navya Industrial Co,Chemical Blending,Manufacturing,2029,Red,Bengaluru Rural,BLRR,562110,Devanahalli,Bengaluru Rural,Ward-R01,"No 203, D Extension, Devanahalli, Bengaluru Rural, Karnataka - 562110",,,UDYAM_D9024ED95FBDC7DD,,,2014-04-11,180,25-50
ENT-00321,Asha Packaging Enterprises,Asha Packaging Enterprises,Printing / Packaging,Manufacturing,1811,Orange,Bengaluru Urban,BLRU,560066,Whitefield Main Road,Mahadevapura,Ward-083,"No 150, A Sector, Whitefield Main Road, Bengaluru Urban, Karnataka - 560066",PAN_14CB0D17B8284526,GSTIN_3143A7FEA3B2960E,,9002542136,contact0321@examplebiz.in,2025-08-20,3,0-10
ENT-00322,Nisarga Circuits Enterprises,Nisarga Circuits Enterprises,Electronics Assembly,Manufacturing,2610,Orange,Mysuru,MYS,570018,Nanjangud Road,South,Ward-M32,"No 239, C Extension, Nanjangud Road, Mysuru, Karnataka - 570018",,,UDYAM_31F235AFBC4BF314,9002550055,contact0322@examplebiz.in,2019-05-08,36,25-50
ENT-00323,Sree Enterprises,Sree Enterprises,Chemical Blending,Manufacturing,2029,Red,Bengaluru Urban,BLRU,560100,Electronic City,Bommanahalli,Ward-192,"No 132, B Service Road, Electronic City, Bengaluru Urban, Karnataka - 560100",,,,9002557974,contact0323@examplebiz.in,2020-09-21,8,10-25
ENT-00324,Varun Industries,Varun Industries,Food Processing,Manufacturing,1030,Orange,Bengaluru Urban,BLRU,560078,Jayanagar,South,Ward-168,"No 206, C Industrial Layout, Jayanagar, Bengaluru Urban, Karnataka - 560078",,,UDYAM_DA94A9730DB9BCDD,9002565893,,2024-07-17,12,100-500
ENT-00325,Naveen Medical Solutions,Naveen Medical Solutions,Pharmacy / Medical Retail,Retail,4772,Green,Bengaluru Urban,BLRU,560102,HSR Layout,Bommanahalli,Ward-174,"No 158, Extension, HSR Layout, Bengaluru Urban, Karnataka - 560102",,,,9002573812,contact0325@examplebiz.in,2023-09-15,52,25-50
