source_record_id,source_system,source_system_name,entity_id_ground_truth,business_name,trade_name,owner_name_masked,address,locality,district,district_code,pin_code,ward,zone,business_type,business_category,nic_code,pollution_category,pan_hash,gstin_hash,udyam_hash,phone,email,registration_date,last_event_date,status,employee_count,turnover_band_lakh,ingested_at,data_quality_notes
KAR-SHOP-BLRU-2016-000001,SHOP,Karnataka Shops and Commercial Establishments,ENT-00001,Omkar Works,,Director Masked,"#16, C Extension, Whitefield, Bengaluru Urban, K'taka - 560037",Whitefield,Bengaluru Urban,BLRU,560037,Ward-085,Mahadevapura,Restaurant / Cafe,Service,5610,Green,,,,9000008056,,2016-12-23,2024-11-10,DORMANT,,,2026-02-24,pan_hash;gstin_hash;email
KFBIS-FAC-BLRU-2025-000001,FACTORY,"Factories, Boilers, Industrial Safety and Health",ENT-00002,Vijaya Associates,M/S Vijaya Assoiates,Owner A,"91, B 3rd Phase, Bommanahalli, Bengaluru Urban, Karnataka",Bommanahalli,Bengaluru Urban,BLRU,560068,Ward-175,South,Plastic Moulding,Manufacturing,2220,Red,,,,9000015975,,2025-05-30,2025-11-05,ACTIVE,25,,2026-02-12,pan_hash;gstin_hash;email
GST-KA-BLRU-2015-000001,GST,GST Taxpayer Registry,ENT-00002,Vijaya Associates,VIJAYA ASSOCIATES,Owner B,"91, B 3rd Phase, Bommanahalli, Bengaluru Urban, KA - 560068",Bommanahalli,Bengaluru Urban,BLRU,560068,Ward-175,South,Plastic Moulding,Manufacturing,2220,Red,PAN_58171EF01BC0381A,GSTIN_09A864EEFB4966DC,,,contact0002@examplebiz.in,2015-09-01,2018-05-23,CLOSED,25,,2026-04-06,phone
UDYAM-KR-BLRU-2017-000001,UDYAM,Udyam / MSME Registry,ENT-00002,M/S Vijaya Associates,M/S Vijaya Associates,Managing Partner,"91, B 3rd Phase, Bommanahalli, Bangalore Urban, KA - 560068",Bommanahalli,Bengaluru Urban,BLRU,560068,Ward-175,South,Plastic Moulding,Manufacturing,2220,Red,PAN_58171EF01BC0381A,,,9000015975,,2017-02-02,2020-01-26,CLOSED,25,,2026-03-29,gstin_hash;email
KFBIS-FAC-BLRR-2020-000002,FACTORY,"Factories, Boilers, Industrial Safety and Health",ENT-00003,Veda Devices Works,Veda Devices Works,Owner A,"264, B 1st Cr, Doddaballapura, Bangalore Rural, K'taka - 561203",Doddaballapura,Bengaluru Rural,BLRR,561203,Ward-R09,Bengaluru Rural,Electronics Assembly,Manufacturing,2610,Orange,,,,,,2020-03-02,2024-11-14,DORMANT,,10-25,2025-12-11,pan_hash;gstin_hash;phone;email
GST-KA-BLRR-2024-000002,GST,GST Taxpayer Registry,ENT-00003,VEDA DEVICES WORKS,Veda Devices Works,Director Masked,"No 264, B 1st Crs, Doddaballapura, B'luru Rural, K'taka - 561203",Doddaballapura,Bengaluru Rural,BLRR,561203,Ward-R09,Bengaluru Rural,Electronics Assembly,Manufacturing,2610,Orange,PAN_71DBDD827C3DEB42,,,9000023894,,2024-10-18,2025-02-17,DORMANT,,10-25,2026-02-18,gstin_hash;email
PCB/BLRR/CTE/2021/00001,KSPCB,Karnataka State Pollution Control Board,ENT-00003,Veda Devices Works,,Managing Partner,"No 264, B 1st Cross, Doddaballapura, B'luru Rural, Karnataka - 561203",Doddaballapura,Bengaluru Rural,BLRR,561203,Ward-R09,Bengaluru Rural,Electronics Assembly,Manufacturing,2610,Orange,,,,9000023894,,2021-05-28,2022-09-22,CLOSED,8,10-25,2025-12-28,pan_hash;gstin_hash;email
GST-KA-BLRU-2021-000003,GST,GST Taxpayer Registry,ENT-00004,Asha Trans LLP,Asha Trans,Owner B,"No 7, B 1st Crs, Banashankari, Bengaluru Urban, KA - 560085",Banashankari,Bengaluru Urban,BLRU,560085,Ward-182,South,Logistics / Warehouse,Service,5210,Green,PAN_4B6DB3A13FEC9F96,GSTIN_631046870FA1F569,,,,2021-05-19,2021-11-19,CLOSED,180,25-50,2026-03-10,phone;email
GST-KA-BLRU-2022-000004,GST,GST Taxpayer Registry,ENT-00005,Sharma Coatings Co,Sharma Coatings Co,Managing Partner,"7, Plot Service Road, Rajajinagar Industrial Suburb, Bengaluru Urban, Karnataka - 560059",Rajajinagar Industrial Suburb,Bengaluru Urban,BLRU,560059,Ward-067,West,Chemical Blending,Manufacturing,2029,Red,,,,9000039732,,2022-03-14,2025-07-09,ACTIVE,3,,2026-04-23,pan_hash;gstin_hash;email
PCB/BLRU/CTO/2017/00002,KSPCB,Karnataka State Pollution Control Board,ENT-00005,Sharma Coatings Co,M/S Sharma Coatings Co,Owner B,"No. 7, Plot Service Road, Rajajinagar Industrial Suburb, B'luru Urban, Karnataka - 560059",Rajajinagar Industrial Suburb,Bengaluru Urban,BLRU,560059,Ward-067,West,Chemical Blending,Manufacturing,2029,Red,,,,,,2017-01-30,2025-10-13,CLOSED,3,500+,2026-02-28,pan_hash;gstin_hash;phone;email
LAB-KA-BLRU-2025-000001,LABOUR,Labour Department,ENT-00005,Sharma Coatings Co,Sharma Coatings Co,,"7, Plot Service Road, Rajajinagar Industrial Suburb, Bengaluru Urban, K'taka - 560059",Rajajinagar Industrial Suburb,Bengaluru Urban,BLRU,560059,Ward-067,West,Chemical Blending,Manufacturing,2029,Red,,,,,,2025-02-02,2025-05-10,ACTIVE,,,2026-02-03,pan_hash;gstin_hash;phone;email
KAR-SHOP-BLRU-2016-000002,SHOP,Karnataka Shops and Commercial Establishments,ENT-00005,Shama Coatings Co,M/S Sharma Coatings Co,Partner 1,"No 7, Plot Service Road, Rajajinagar Industrial Suburb, Bangalore Urban, KA - 560059",Rajajinagar Industrial Suburb,Bengaluru Urban,BLRU,560059,Ward-067,West,Chemical Blending,Manufacturing,2029,Red,,,,,,2016-11-29,2017-10-30,CLOSED,3,,2026-04-24,pan_hash;gstin_hash;phone;email
UDYAM-KR-BLRU-2024-000002,UDYAM,Udyam / MSME Registry,ENT-00005,Sharma Coatings Co,Sharma CoatingsCo,,"No 7, Plot Service Road, Rajajinagar Industrial Suburb, B'luru Urban, KA - 560059",Rajajinagar Industrial Suburb,Bengaluru Urban,BLRU,560059,Ward-067,West,Chemical Blending,Manufacturing,2029,Red,,,UDYAM_A4C262321DAD0941,9000039732,,2024-09-21,2026-01-15,ACTIVE,3,,2026-04-21,pan_hash;gstin_hash;email
KFBIS-FAC-MYS-2018-000003,FACTORY,"Factories, Boilers, Industrial Safety and Health",ENT-00006,Deccan Industries,Deccan Industries,Owner B,"#151, C 2nd Main, Devaraja Mohalla, Mysuru, Karnataka - 570001",Devaraja Mohalla,Mysuru,MYS,570001,Ward-M01,Central,Plastic Moulding,Manufacturing,2220,Red,,,,9000047651,,2018-04-08,2025-08-16,ACTIVE,120,,2026-01-06,pan_hash;gstin_hash;email
GST-KA-MYS-2024-000005,GST,GST Taxpayer Registry,ENT-00006,DeccanInds,Deccan Industries,Owner A,"151, C 2nd Main, Devaraja Mohalla, Mysuru, KA - 570001",Devaraja Mohalla,Mysuru,MYS,570001,Ward-M01,Central,Plastic Moulding,Manufacturing,2220,Red,PAN_70C38193FB6728B8,,,9000047651,contact0006@examplebiz.in,2024-06-27,2024-09-30,DORMANT,,,2026-03-23,gstin_hash
PCB/MYS/CTO/2018/00003,KSPCB,Karnataka State Pollution Control Board,ENT-00006,M/S Deccan Industries,,,"151, C 2nd Main, Devaraja Mohalla, Mysuru, KA - 570001",Devaraja Mohalla,Mysuru,MYS,570001,Ward-M01,Central,Plastic Moulding,Manufacturing,2220,Red,,,,9000047651,,2018-01-18,2022-04-22,CLOSED,120,,2026-01-15,pan_hash;gstin_hash;email
LAB-KA-MYS-2016-000002,LABOUR,Labour Department,ENT-00006,Deccan Industres,Deccan Industries,Partner 1,"No. 151, C 2nd Main, Devaraja Mohalla, Mysuru, Karnataka - 570001",Devaraja Mohalla,Mysuru,MYS,570001,Ward-M01,Central,Plastic Moulding,Manufacturing,2220,Red,PAN_70C38193FB6728B8,,,9000047651,contact0006@examplebiz.in,2016-10-09,2017-10-09,CLOSED,,,2026-04-20,gstin_hash
KAR-SHOP-MYS-2024-000003,SHOP,Karnataka Shops and Commercial Establishments,ENT-00006,Deccan Industries,Decan Industries,Director Masked,"151, C 2nd Main, Devaraja Mohalla, Mysuru, K'taka - 570001",Devaraja Mohalla,Mysuru,MYS,570001,Ward-M01,Central,Plastic Moulding,Manufacturing,2220,Red,,,UDYAM_414CC424A220C311,9000047651,,2024-11-17,2025-05-06,ACTIVE,120,,2026-05-04,pan_hash;gstin_hash;email
UDYAM-KR-MYS-2023-000003,UDYAM,Udyam / MSME Registry,ENT-00006,Deccan Industries,,Managing Partner,"#151, C 2nd Main, Devaraja Mohalla, Mysuru, K'taka - 570001",Devaraja Mohalla,Mysuru,MYS,570001,Ward-M01,Central,Plastic Moulding,Manufacturing,2220,Red,PAN_70C38193FB6728B8,,UDYAM_414CC424A220C311,9000047651,contact0006@examplebiz.in,2023-11-04,2024-08-02,DORMANT,,10-25,2026-03-27,gstin_hash
KAR-SHOP-BLRU-2022-000004,SHOP,Karnataka Shops and Commercial Establishments,ENT-00007,Sree Logistics Pvt Ltd,M/S Sree Logistics,Partner 1,"No 105, B 2nd Main, HSR Layout, Bangalore Urban, KA - 560102",HSR Layout,Bengaluru Urban,BLRU,560102,Ward-174,Bommanahalli,Logistics / Warehouse,Service,5210,Green,,,,9000055570,contact0007@examplebiz.in,2022-04-05,2026-01-04,ACTIVE,,,2026-05-01,pan_hash;gstin_hash
BBMP-TL-BOMM-2015-000001,BBMP,BBMP Trade Licence,ENT-00008,Siddhi Cafe Industries,Siddhi Cafe Industries,,"181, A Near Bus Stop, Electronic City, Bangalore Urban, KA - 560100",Electronic City,Bengaluru Urban,BLRU,560100,Ward-192,Bommanahalli,Restaurant / Cafe,Service,5610,Green,,,,9000063489,,2015-05-11,2022-06-20,CLOSED,12,100-500,2025-11-24,pan_hash;gstin_hash;email
PCB/BLRU/CTO/2020/00004,KSPCB,Karnataka State Pollution Control Board,ENT-00008,Siddhi Cafe Industries,Siddhi Cafe Inds,Partner 1,"181, A Near Bus Stop, Electronic City, Bangalore Urban, KA",Electronic City,Bengaluru Urban,BLRU,560100,Ward-192,Bommanahalli,Restaurant / Cafe,Service,5610,Green,PAN_4E65EEA48AF43A2C,,,,contact0008@examplebiz.in,2020-04-08,2025-08-07,ACTIVE,,100-500,2026-03-30,gstin_hash;phone
LAB-KA-BLRU-2016-000003,LABOUR,Labour Department,ENT-00008,Siddhi Cafe Industries,Siddhi Cafe Industries,Owner B,"No. 181, A Near Bus Stop, Electronic City, Bangalore Urban, Karnataka - 560100",Electronic City,Bengaluru Urban,BLRU,560100,Ward-192,Bommanahalli,Restaurant / Cafe,Service,5610,Green,,,,,,2016-12-17,2023-12-09,CLOSED,12,100-500,2025-12-07,pan_hash;gstin_hash;phone;email
KAR-SHOP-BLRU-2024-000005,SHOP,Karnataka Shops and Commercial Establishments,ENT-00008,Siddhi Cafe Inds,Siddhi Cafe ndustries,Director Masked,"#181, A Near Bus Stop, Electronic City, Bengaluru Urban, Karnataka - 560100",Electronic City,Bengaluru Urban,BLRU,560037,Ward-192,Bommanahalli,Restaurant / Cafe,Service,5610,Green,,,,,,2024-01-31,2025-12-12,ACTIVE,12,,2025-11-21,pan_hash;gstin_hash;phone;email;pin_drift
UDYAM-KR-BLRU-2018-000004,UDYAM,Udyam / MSME Registry,ENT-00008,Siddhi Cafe Inds,Siddhi Cafe Industries,,"No 181, A Near Bus Stop, Electronic City, B'luru Urban, KA - 560100",Electronic City,Bengaluru Urban,BLRU,560100,Ward-192,Bommanahalli,Restaurant / Cafe,Service,5610,Green,PAN_4E65EEA48AF43A2C,,,9000063489,contact0008@examplebiz.in,2018-02-14,2021-08-08,CLOSED,12,100-500,2025-11-27,gstin_hash
GST-KA-BLRR-2025-000006,GST,GST Taxpayer Registry,ENT-00009,M/S Srinidhi Trans Works,,Owner B,"284, Shed 1st Crs, Hoskote, Bangalore Rural, KA - 562114",Hoskote,Bengaluru Rural,BLRR,562114,Ward-R04,Bengaluru Rural,Logistics / Warehouse,Service,5210,Green,,,,9000071408,,2025-02-23,2025-10-24,ACTIVE,,,2026-03-06,pan_hash;gstin_hash;email
PCB/BLRR/CTE/2019/00005,KSPCB,Karnataka State Pollution Control Board,ENT-00009,Srinidhi Trans Works,Srinidhi Trans Works,Partner 1,"284, Shed 1st Cr, Hoskote, Bengaluru Rural, Karnataka - 562114",Hoskote,Bengaluru Rural,BLRR,562114,Ward-R04,Bengaluru Rural,Logistics / Warehouse,Service,5210,Green,,,,,,2019-09-23,2022-01-12,CLOSED,120,500+,2026-02-15,pan_hash;gstin_hash;phone;email
KAR-SHOP-BLRR-2021-000006,SHOP,Karnataka Shops and Commercial Establishments,ENT-00009,Srinidhi rans Works,,Partner 1,"284, Shed 1st Cr, Hoskote, B'luru Rural, KA - 562114",Hoskote,Bengaluru Rural,BLRR,562114,Ward-R04,Bengaluru Rural,Logistics / Warehouse,Service,5210,Green,,,,9000071408,,2021-06-22,2023-04-11,CLOSED,,500+,2025-11-14,pan_hash;gstin_hash;email
BBMP-TL-SOUT-2016-000002,BBMP,BBMP Trade Licence,ENT-00010,M/S Ganesh Dine LLP,,Director Masked,"No. 149, B Mn Rd, Banashankari, B'luru Urban, KA - 560085",Banashankari,Bengaluru Urban,BLRU,560085,Ward-182,South,Restaurant / Cafe,Service,5610,Green,,,,,,2016-06-25,2024-06-22,DORMANT,25,500+,2025-11-16,pan_hash;gstin_hash;phone;email
GST-KA-BLRU-2025-000007,GST,GST Taxpayer Registry,ENT-00010,Ganesh Dine LLP,,Director Masked,"No. 149, B Main Road, Banashankari, Bengaluru Urban, Karnataka - 560085",Banashankari,Bengaluru Urban,BLRU,560085,Ward-182,South,Restaurant / Cafe,Service,5610,Green,PAN_9D3A02B5E38FC0F6,GSTIN_9680680B987EE9AF,,,,2025-01-10,2025-09-20,ACTIVE,25,,2026-02-02,phone;email
KAR-SHOP-BLRU-2022-000007,SHOP,Karnataka Shops and Commercial Establishments,ENT-00010,Ganesh Dine LLP,Ganesh Dine,Managing Partner,"149, B Mn Rd, Banashankari, B'luru Urban, KA - 560085",Banashankari,Bengaluru Urban,BLRU,560085,Ward-182,South,Restaurant / Cafe,Service,5610,Green,PAN_9D3A02B5E38FC0F6,,,,,2022-04-27,2025-05-19,ACTIVE,,500+,2026-01-27,gstin_hash;phone;email
UDYAM-KR-BLRU-2015-000005,UDYAM,Udyam / MSME Registry,ENT-00010,Ganesh Dine LLP,Ganesh Dine,Director Masked,"149, B Main Road, Banashankari, Bengaluru Urban, K'taka - 560085",Banashankari,Bengaluru Urban,BLRU,560085,Ward-182,South,Restaurant / Cafe,Service,5610,Green,PAN_9D3A02B5E38FC0F6,,UDYAM_25510CB27689351F,9000079327,,2015-08-30,2019-04-13,CLOSED,25,500+,2026-02-12,gstin_hash;email
KFBIS-FAC-BLRU-2023-000004,FACTORY,"Factories, Boilers, Industrial Safety and Health",ENT-00011,Naveen Fashions Traders,Naveen Fashions Traders,Director Masked,"#34, B Main Rd, Bannerghatta Road, B'luru Urban, K'taka - 560076",Bannerghatta Road,Bengaluru Urban,BLRU,560076,Ward-177,South,Textile / Garments,Manufacturing,1410,Green,PAN_8C7374FD50D77AA2,GSTIN_4EC2C607A831562B,,9000087246,,2023-07-10,2025-07-23,ACTIVE,180,,2026-01-27,email
GST-KA-BLRU-2019-000008,GST,GST Taxpayer Registry,ENT-00011,Naveen Fashions Traders,Naveen Fashions Traders,Owner A,"No 34, B Main Rd, Bannerghatta Road, B'luru Urban, KA - 560076",Bannerghatta Road,Bengaluru Urban,BLRU,560076,Ward-177,South,Textile / Garments,Manufacturing,1410,Green,PAN_8C7374FD50D77AA2,GSTIN_4EC2C607A831562B,,9000087246,,2019-08-15,2025-04-06,DORMANT,180,25-50,2026-01-23,email
LAB-KA-BLRU-2020-000004,LABOUR,Labour Department,ENT-00011,Naveen Fashions Traders,,Director Masked,"34, B Main Road, Bannerghatta Road, Bangalore Urban, K'taka - 560076",Bannerghatta Road,Bengaluru Urban,BLRU,560076,Ward-177,South,Textile / Garments,Manufacturing,1410,Green,PAN_8C7374FD50D77AA2,,,9000087246,,2020-10-07,2021-04-22,CLOSED,,25-50,2026-03-04,gstin_hash;email
KAR-SHOP-BLRU-2025-000008,SHOP,Karnataka Shops and Commercial Establishments,ENT-00011,Naveen Fashions Traders,,Owner B,"34, B Main Rd, Bannerghatta Road, B'luru Urban, Karnataka - 560076",Bannerghatta Road,Bengaluru Urban,BLRU,560076,Ward-177,South,Textile / Garments,Manufacturing,1410,Green,,,,9000087246,,2025-03-23,2025-11-06,ACTIVE,,25-50,2026-02-13,pan_hash;gstin_hash;email
UDYAM-KR-BLRU-2016-000006,UDYAM,Udyam / MSME Registry,ENT-00011,NAVEEN FASHIONS TRADERS,Naveen Fashins Traders,Owner B,"No. 34, B Mn Rd, Bannerghatta Road, B'luru Urban, Karnataka - 560076",Bannerghatta Road,Bengaluru Urban,BLRU,560076,Ward-177,South,Textile / Garments,Manufacturing,1410,Green,PAN_8C7374FD50D77AA2,GSTIN_4EC2C607A831562B,UDYAM_89BECB8C05549B04,9000087246,,2016-01-17,2021-09-13,CLOSED,,,2025-11-10,email
KFBIS-FAC-MYS-2019-000005,FACTORY,"Factories, Boilers, Industrial Safety and Health",ENT-00012,Naveen Systems Pvt Ltd,M/S Naveen Systems,Director Masked,"No. 291, D Sector, Devaraja Mohalla, Mysuru, KA - 570001",Devaraja Mohalla,Mysuru,MYS,570001,Ward-M01,Central,Electronics Assembly,Manufacturing,2610,Orange,,GSTIN_F4E00424CB03A26C,,,contact0012@examplebiz.in,2019-03-20,2021-05-06,CLOSED,18,10-25,2026-01-27,pan_hash;phone
PCB/MYS/CTO/2023/00006,KSPCB,Karnataka State Pollution Control Board,ENT-00012,Naveen Systems Pvt Ltd,M/S Naveen Systems,Partner 1,"No 291, D Sector, Devaraja Mohalla, Mysuru, K'taka - 570001",Devaraja Mohalla,Mysuru,MYS,570001,Ward-M01,Central,Electronics Assembly,Manufacturing,2610,Orange,PAN_BE1A19570FE9AE0F,GSTIN_F4E00424CB03A26C,,9000095165,,2023-05-04,2024-02-21,CLOSED,,10-25,2026-03-10,email
UDYAM-KR-MYS-2020-000007,UDYAM,Udyam / MSME Registry,ENT-00012,Naveen Systems Pvt. Ltd.,Naveen Systems,Director Masked,"No 291, D Sector, Devaraja Mohalla, Mysuru, KA - 570001",Devaraja Mohalla,Mysuru,MYS,570001,Ward-M01,Central,Electronics Assembly,Manufacturing,2610,Orange,PAN_BE1A19570FE9AE0F,,,,,2020-05-11,2024-01-01,DORMANT,,,2026-04-05,gstin_hash;phone;email
BBMP-TL-CENT-2021-000003,BBMP,BBMP Trade Licence,ENT-00013,Mysore Bies Works,M/S Mysore Bites Works,,"4, D 2nd Main, Devaraja Mohalla, Mysuru, KA - 570001",Devaraja Mohalla,Mysuru,MYS,570001,Ward-M01,Central,Restaurant / Cafe,Service,5610,Green,,GSTIN_66B07237543C6EDC,,,,2021-02-07,2021-05-10,CLOSED,180,500+,2025-11-23,pan_hash;phone;email
GST-KA-MYS-2024-000009,GST,GST Taxpayer Registry,ENT-00013,MYSORE BITES WORKS,Mysore Bites Works,Partner 1,"No. 4, D 2nd Main, Devaraja Mohalla, Mysuru, Karnataka - 570001",Devaraja Mohalla,Mysuru,MYS,570001,Ward-M01,Central,Restaurant / Cafe,Service,5610,Green,PAN_7EA7B232D0E1064D,GSTIN_66B07237543C6EDC,,9000103084,,2024-10-19,2025-06-04,ACTIVE,180,500+,2025-12-12,email
KAR-SHOP-MYS-2015-000009,SHOP,Karnataka Shops and Commercial Establishments,ENT-00013,Mysore Bites Works,,Managing Partner,"No. 4, D 2nd Main, Devaraja Mohalla, Mysuru, K'taka - 570001",Devaraja Mohalla,Mysuru,MYS,570001,Ward-M01,Central,Restaurant / Cafe,Service,5610,Green,,,,9000103084,,2015-03-26,2022-03-31,CLOSED,180,,2025-12-27,pan_hash;gstin_hash;email
BBMP-TL-BOMM-2021-000004,BBMP,BBMP Trade Licence,ENT-00014,Siddhi Industrial Inds,Siddhi Industrial Inds,Owner B,"No 243, B Extension, Electronic City, Bengaluru Urban, Karnataka - 560100",Electronic City,Bengaluru Urban,BLRU,560100,Ward-192,Bommanahalli,Chemical Blending,Manufacturing,2029,Red,,GSTIN_4CBBAC49634564E0,,,,2021-01-12,2022-12-20,CLOSED,2,,2025-11-11,pan_hash;phone;email
KFBIS-FAC-BLRU-2019-000006,FACTORY,"Factories, Boilers, Industrial Safety and Health",ENT-00014,Siddhi Industrial Industries,Siddhi Industrial Industries,Owner B,"No. 243, B Extension, Electronic City, Bengaluru Urban, K'taka - 560100",Electronic City,Bengaluru Urban,BLRU,560100,Ward-192,Bommanahalli,Chemical Blending,Manufacturing,2029,Red,PAN_58C0287F2DFBF4D1,,,9000111003,,2019-01-01,2019-12-14,CLOSED,2,,2025-12-31,gstin_hash;email
PCB/BLRU/CTE/2018/00007,KSPCB,Karnataka State Pollution Control Board,ENT-00014,Siddhi Industrial Inds,Siddhi Industrial Industries,Owner A,"243, B Extension, Electronic City, B'luru Urban, Karnataka - 560100",Electronic City,Bengaluru Urban,BLRU,560100,Ward-192,Bommanahalli,Chemical Blending,Manufacturing,2029,Red,,,UDYAM_98AA4B4C505E9FA1,9000111003,,2018-08-21,2021-03-05,CLOSED,,,2026-04-03,pan_hash;gstin_hash;email
LAB-KA-BLRU-2025-000005,LABOUR,Labour Department,ENT-00014,Siddhi Industrial Industries,Siddhi Industria Industries,Partner 1,"#243, B Extension, Electronic City, B'luru Urban, Karnataka - 560100",Electronic City,Bengaluru Urban,BLRU,560100,Ward-192,Bommanahalli,Chemical Blending,Manufacturing,2029,Red,,,UDYAM_98AA4B4C505E9FA1,9000111003,,2025-05-09,2025-07-18,CLOSED,2,,2025-12-18,pan_hash;gstin_hash;email
KAR-SHOP-BLRU-2017-000010,SHOP,Karnataka Shops and Commercial Establishments,ENT-00014,Siddhi Industrial Industries,Siddhi Industrial Industries,,"#243, B Extension, Electronic City, Bengaluru Urban, KA - 560100",Electronic City,Bengaluru Urban,BLRU,560100,Ward-192,Bommanahalli,Chemical Blending,Manufacturing,2029,Red,PAN_58C0287F2DFBF4D1,GSTIN_4CBBAC49634564E0,,9000111003,,2017-09-03,2023-07-03,DORMANT,2,10-25,2026-02-19,email
UDYAM-KR-BLRU-2016-000008,UDYAM,Udyam / MSME Registry,ENT-00014,Siddhi Industrial Industries,M/S Siddhi Industrial Industries,Owner B,"#243, B Extension, Electronic City, Bangalore Urban, KA - 560100",Electronic City,Bengaluru Urban,BLRU,560100,Ward-192,Bommanahalli,Chemical Blending,Manufacturing,2029,Red,PAN_58C0287F2DFBF4D1,,UDYAM_98AA4B4C505E9FA1,9000111003,,2016-04-13,2018-08-01,CLOSED,2,,2026-04-26,gstin_hash;email
BBMP-TL-BENG-2020-000005,BBMP,BBMP Trade Licence,ENT-00015,Meghana Warehouse Traders,Meghana Warehouse Traders,,"#57, D Near Bus Stop, Devanahalli, Bangalore Rural, Karnataka - 562110",Devanahalli,Bengaluru Rural,BLRR,562110,Ward-R01,Bengaluru Rural,Logistics / Warehouse,Service,5210,Green,PAN_BB5B3071AA21F9A0,,,,,2020-11-08,2021-02-20,CLOSED,,25-50,2026-01-11,gstin_hash;phone;email
GST-KA-BLRR-2023-000010,GST,GST Taxpayer Registry,ENT-00015,MEGHANA WAREHOUSE TRADERS,Meghana Warehouse Traders,Director Masked,"No 57, D Near Bus Stop, Devanahalli, Bangalore Rural, K'taka - 562110",Devanahalli,Bengaluru Rural,BLRR,562110,Ward-R01,Bengaluru Rural,Logistics / Warehouse,Service,5210,Green,PAN_BB5B3071AA21F9A0,,,,,2023-04-27,2024-12-06,DORMANT,,,2026-03-06,gstin_hash;phone;email
LAB-KA-BLRR-2022-000006,LABOUR,Labour Department,ENT-00015,M/S Meghana Warehouse Traders,Meghana Warehouse Traders,,"No. 57, D Near Bus Stop, Devanahalli, Bangalore Rural, KA - 562110",Devanahalli,Bengaluru Rural,BLRR,562110,Ward-R01,Bengaluru Rural,Logistics / Warehouse,Service,5210,Green,PAN_BB5B3071AA21F9A0,,,,,2022-01-09,2023-10-15,DORMANT,8,,2026-01-26,gstin_hash;phone;email
UDYAM-KR-BLRR-2023-000009,UDYAM,Udyam / MSME Registry,ENT-00015,MEGHANA WAREHOUSE TRADERS,,Owner B,"No. 57, D Near Bus Stop, Devanahalli, B'luru Rural, Karnataka - 562110",Devanahalli,Bengaluru Rural,BLRR,562110,Ward-R01,Bengaluru Rural,Logistics / Warehouse,Service,5210,Green,PAN_BB5B3071AA21F9A0,,UDYAM_3B4A84F61A4AA029,,,2023-01-02,2024-01-20,DORMANT,8,,2025-12-08,gstin_hash;phone;email
GST-KA-BLRR-2017-000011,GST,GST Taxpayer Registry,ENT-00016,M/S Nandi Trans Solutions,Nandi Trans Solutions,Owner B,"#162, Sector, Doddaballapura, B'luru Rural, K'taka - 561203",Doddaballapura,Bengaluru Rural,BLRR,561203,Ward-R09,Bengaluru Rural,Logistics / Warehouse,Service,5210,Green,PAN_D072F79BB809F27C,,,,contact0016@examplebiz.in,2017-10-20,2026-05-03,ACTIVE,,,2025-11-10,gstin_hash;phone
LAB-KA-BLRR-2018-000007,LABOUR,Labour Department,ENT-00016,Nandi Trans Solutions,Nandi Trans Solutions,,"No. 162, Sector, Doddaballapura, Bengaluru Rural, K'taka - 561203",Doddaballapura,Bengaluru Rural,BLRR,561203,Ward-R09,Bengaluru Rural,Logistics / Warehouse,Service,5210,Green,PAN_D072F79BB809F27C,,,,,2018-07-22,2024-08-29,DORMANT,52,,2025-11-28,gstin_hash;phone;email
KAR-SHOP-BLRR-2016-000011,SHOP,Karnataka Shops and Commercial Establishments,ENT-00016,Nandi Trans Solutions,Nandi Trans Solutions,Director Masked,"162, Sector, Doddaballapura, Bengaluru Rural, Karnataka - 561203",Doddaballapura,Bengaluru Rural,BLRR,561203,Ward-R09,Bengaluru Rural,Logistics / Warehouse,Service,5210,Green,,,,9000126841,contact0016@examplebiz.in,2016-12-30,2020-05-17,CLOSED,52,,2026-01-23,pan_hash;gstin_hash
BBMP-TL-BENG-2020-000006,BBMP,BBMP Trade Licence,ENT-00017,Mysore Cafe Traders,Mysore Cafe Traders,Owner B,"No 202, D Service Road, Devanahalli, Bangalore Rural, Karnataka - 562110",Devanahalli,Bengaluru Rural,BLRR,562110,Ward-R01,Bengaluru Rural,Restaurant / Cafe,Service,5610,Green,,,,,,2020-05-14,2020-07-21,CLOSED,3,0-10,2026-03-18,pan_hash;gstin_hash;phone;email
GST-KA-BLRR-2017-000012,GST,GST Taxpayer Registry,ENT-00017,Mysore Cafe Traders,,Owner A,"No 202, D Service Road, Devanahalli, Bangalore Rural, Karnataka - 562110",Devanahalli,Bengaluru Rural,BLRR,562110,Ward-R01,Bengaluru Rural,Restaurant / Cafe,Service,5610,Green,,,,,,2017-06-13,2020-04-15,CLOSED,,0-10,2026-01-30,pan_hash;gstin_hash;phone;email
LAB-KA-BLRR-2019-000008,LABOUR,Labour Department,ENT-00017,M/S Mysore Cafe Traders,Mysore Cafe Traders,Owner A,"#202, D Service Road, Devanahalli, Bengaluru Rural, Karnataka - 562110",Devanahalli,Bengaluru Rural,BLRR,562110,Ward-R01,Bengaluru Rural,Restaurant / Cafe,Service,5610,Green,,,,,,2019-07-11,2025-10-04,ACTIVE,3,,2026-04-05,pan_hash;gstin_hash;phone;email
BBMP-TL-MAHA-2015-000007,BBMP,BBMP Trade Licence,ENT-00018,Mysore Mold Solutions,Mysore Mold Solutions,Partner 1,"215, A Mn Rd, Whitefield Mn Rd, Bangalore Urban, K'taka - 560066",Whitefield Main Road,Bengaluru Urban,BLRU,560066,Ward-083,Mahadevapura,Plastic Moulding,Manufacturing,2220,Red,,GSTIN_3EF37A7E82305EDA,,9000142679,contact0018@examplebiz.in,2015-03-21,2016-08-28,CLOSED,,,2025-12-20,pan_hash
KFBIS-FAC-BLRU-2024-000007,FACTORY,"Factories, Boilers, Industrial Safety and Health",ENT-00018,Mysore Mold Solutions,M/S Mysore Mold Solutions,Partner 1,"#215, A Main Rd, Whitefield Main Rd, B'luru Urban, Karnataka - 560066",Whitefield Main Road,Bengaluru Urban,BLRU,560066,Ward-083,Mahadevapura,Plastic Moulding,Manufacturing,2220,Red,PAN_9B87F77784FF0445,GSTIN_3EF37A7E82305EDA,,9000142679,contact0018@examplebiz.in,2024-11-12,2025-10-13,ACTIVE,180,,2025-12-24,
GST-KA-BLRU-2022-000013,GST,GST Taxpayer Registry,ENT-00018,MYSORE MOLD SOLUTIONS,Mysore Mold Solutions,Owner B,"No. 215, A Main Rd, Whitefield Main Rd, Bengaluru Urban, K'taka - 560066",Whitefield Main Road,Bengaluru Urban,BLRU,560066,Ward-083,Mahadevapura,Plastic Moulding,Manufacturing,2220,Red,PAN_9B87F77784FF0445,GSTIN_3EF37A7E82305EDA,UDYAM_23B1E80E5A874B4C,9000142679,,2022-12-05,2026-02-14,ACTIVE,180,25-50,2025-12-20,email
PCB/BLRU/CTO/2015/00008,KSPCB,Karnataka State Pollution Control Board,ENT-00018,Mysore Mold Solutions,,Managing Partner,"No 215, A Main Road, Whitefield Main Road, Bangalore Urban, Karnataka",Whitefield Main Road,Bengaluru Urban,BLRU,560066,Ward-083,Mahadevapura,Plastic Moulding,Manufacturing,2220,Red,,,,,contact0018@examplebiz.in,2015-04-08,2024-11-14,DORMANT,180,25-50,2025-12-23,pan_hash;gstin_hash;phone
KAR-SHOP-BLRU-2015-000012,SHOP,Karnataka Shops and Commercial Establishments,ENT-00018,Mysore Mold Solutions,,Owner A,"#215, A Main Road, Whitefield Main Road, Bengaluru Urban, K'taka - 560066",Whitefield Main Road,Bengaluru Urban,BLRU,560066,Ward-083,Mahadevapura,Plastic Moulding,Manufacturing,2220,Red,,GSTIN_3EF37A7E82305EDA,,,,2015-12-20,2026-02-16,ACTIVE,180,,2026-03-13,pan_hash;phone;email
UDYAM-KR-BLRU-2018-000010,UDYAM,Udyam / MSME Registry,ENT-00018,MYSORE MOLD SOLUTIONS,Mysoe Mold Solutions,Managing Partner,"No. 215, A Mn Rd, Whitefield Mn Rd, Bengaluru Urban, K'taka - 560066",Whitefield Main Road,Bengaluru Urban,BLRU,560066,Ward-083,Mahadevapura,Plastic Moulding,Manufacturing,2220,Red,PAN_9B87F77784FF0445,GSTIN_3EF37A7E82305EDA,UDYAM_23B1E80E5A874B4C,,,2018-04-13,2023-02-21,CLOSED,180,25-50,2025-11-17,phone;email
KFBIS-FAC-BLRR-2016-000008,FACTORY,"Factories, Boilers, Industrial Safety and Health",ENT-00019,Vea Coatings Works,M/S Veda Coatings Works,Owner B,"201, B Service Road, Devanahalli, B'luru Rural, K'taka - 562110",Devanahalli,Bengaluru Rural,BLRR,562110,Ward-R01,Bengaluru Rural,Chemical Blending,Manufacturing,2029,Red,,,,9000150598,,2016-08-10,2017-03-08,CLOSED,3,,2025-12-09,pan_hash;gstin_hash;email
GST-KA-BLRR-2017-000014,GST,GST Taxpayer Registry,ENT-00019,Veda Coatings Works,Veda Coatings Works,Director Masked,"No 201, B Service Road, Devanahalli, B'luru Rural, K'taka - 562110",Devanahalli,Bengaluru Rural,BLRR,562110,Ward-R01,Bengaluru Rural,Chemical Blending,Manufacturing,2029,Red,,,UDYAM_F54BADA100F1DA9C,9000150598,,2017-09-13,2024-01-02,DORMANT,3,,2026-01-22,pan_hash;gstin_hash;email
PCB/BLRR/CTE/2018/00009,KSPCB,Karnataka State Pollution Control Board,ENT-00019,Veda Coatings Works,Veda Coatings Works,Owner A,"No. 201, B Service Road, Devanahalli, Bangalore Rural, KA - 562110",Devanahalli,Bengaluru Rural,BLRR,562110,Ward-R01,Bengaluru Rural,Chemical Blending,Manufacturing,2029,Red,,,,9000150598,,2018-06-07,2026-02-20,ACTIVE,3,,2025-11-18,pan_hash;gstin_hash;email
KAR-SHOP-BLRR-2016-000013,SHOP,Karnataka Shops and Commercial Establishments,ENT-00019,Veda Coatings Works,Veda Coatings Works,Partner 1,"201, B Service Road, Devanahalli, B'luru Rural, Karnataka",Devanahalli,Bengaluru Rural,BLRR,562110,Ward-R01,Bengaluru Rural,Chemical Blending,Manufacturing,2029,Red,,,,,,2016-05-14,2016-06-26,CLOSED,3,0-10,2026-04-12,pan_hash;gstin_hash;phone;email
KFBIS-FAC-BLRU-2019-000009,FACTORY,"Factories, Boilers, Industrial Safety and Health",ENT-00020,Navya Devices Co,Navya Devices Co,Owner A,"#51, A Behind Metro, Bommanahalli, B'luru Urban, KA - 560068",Bommanahalli,Bengaluru Urban,BLRU,560068,Ward-175,South,Electronics Assembly,Manufacturing,2610,Orange,,,,9000158517,,2019-12-03,2020-02-09,CLOSED,,100-500,2026-01-19,pan_hash;gstin_hash;email
GST-KA-BLRU-2021-000015,GST,GST Taxpayer Registry,ENT-00020,Navya Devices Co,Navya Devices Co,Owner A,"No. 51, A Behind Metro, Bommanahalli, Bangalore Urban, Karnataka - 560068",Bommanahalli,Bengaluru Urban,BLRU,560068,Ward-175,South,Electronics Assembly,Manufacturing,2610,Orange,PAN_A8B2B46C51047944,GSTIN_AC08044DB415531C,,,,2021-04-21,2024-09-22,DORMANT,180,,2025-12-28,phone;email
UDYAM-KR-BLRU-2016-000011,UDYAM,Udyam / MSME Registry,ENT-00020,NAVYA DEVICES CO,M/S Navya Devices Co,,"#51, A Behind Metro, Bommanahalli, B'luru Urban, KA - 560068",Bommanahalli,Bengaluru Urban,BLRU,560058,Ward-175,South,Electronics Assembly,Manufacturing,2610,Orange,PAN_A8B2B46C51047944,,UDYAM_4D83CEBA4239C745,9000158517,,2016-01-27,2018-12-28,CLOSED,180,100-500,2025-11-21,gstin_hash;email;pin_drift
GST-KA-MYS-2022-000016,GST,GST Taxpayer Registry,ENT-00021,Prakruthi Packaging Solutions,,Managing Partner,"#45, A Service Road, Hebbal Industrial Area, Mysuru, K'taka - 570016",Hebbal Industrial Area,Mysuru,MYS,570016,Ward-M21,North,Printing / Packaging,Manufacturing,1811,Orange,PAN_1DDA954E2B3349CC,,,9000166436,,2022-03-07,2024-08-04,DORMANT,,,2025-11-12,gstin_hash;email
PCB/MYS/CTO/2016/00010,KSPCB,Karnataka State Pollution Control Board,ENT-00021,M/S Prakruthi Packaging Solutions,Prakruthi Packaging Solutions,Partner 1,"#45, A Service Road, Hebbal Industrial Estate, Mysuru, Karnataka - 570016",Hebbal Industrial Area,Mysuru,MYS,570016,Ward-M21,North,Printing / Packaging,Manufacturing,1811,Orange,PAN_1DDA954E2B3349CC,,UDYAM_7529CCCBE3EA145B,9000166436,,2016-10-25,2017-10-26,CLOSED,25,,2026-03-27,gstin_hash;email
LAB-KA-MYS-2015-000009,LABOUR,Labour Department,ENT-00021,M/S Praruthi Packaging Solutions,Prakruthi Packaging Solutions,Managing Partner,"No 45, A Service Road, Hebbal Industrial Estate, Mysuru, K'taka - 570016",Hebbal Industrial Area,Mysuru,MYS,570016,Ward-M21,North,Printing / Packaging,Manufacturing,1811,Orange,PAN_1DDA954E2B3349CC,,,,,2015-02-19,2017-01-12,CLOSED,25,500+,2026-01-04,gstin_hash;phone;email
KFBIS-FAC-MYS-2023-000010,FACTORY,"Factories, Boilers, Industrial Safety and Health",ENT-00022,Ravi Plastics Works,Ravi Plastics Works,,"65, B Near Bus Stop, Hebbal Industrial Area, Mysuru, KA - 570016",Hebbal Industrial Area,Mysuru,MYS,570016,Ward-M21,North,Plastic Moulding,Manufacturing,2220,Red,,GSTIN_4CD6D2E925B25B01,,9000174355,,2023-10-04,2025-03-07,DORMANT,18,10-25,2025-11-22,pan_hash;email
PCB/MYS/CTE/2021/00011,KSPCB,Karnataka State Pollution Control Board,ENT-00022,Ravi Plastics Works,,Owner B,"#65, B Near Bus Stop, Hebbal Industrial Estate, Mysuru, KA - 570016",Hebbal Industrial Area,Mysuru,MYS,570016,Ward-M21,North,Plastic Moulding,Manufacturing,2220,Red,,,,9000174355,,2021-04-11,2024-04-23,DORMANT,18,,2026-03-02,pan_hash;gstin_hash;email
LAB-KA-MYS-2024-000010,LABOUR,Labour Department,ENT-00022,Ravi Plastics Works,Ravi Plastics Works,Partner 1,"65, B Near Bus Stop, Hebbal Industrial Estate, Mysuru, KA - 570016",Hebbal Industrial Area,Mysuru,MYS,570016,Ward-M21,North,Plastic Moulding,Manufacturing,2220,Red,,GSTIN_4CD6D2E925B25B01,,,,2024-06-04,2024-08-07,DORMANT,18,,2026-01-29,pan_hash;phone;email
KAR-SHOP-MYS-2015-000014,SHOP,Karnataka Shops and Commercial Establishments,ENT-00022,Ravi lastics Works,,Managing Partner,"No. 65, B Near Bus Stop, Hebbal Indl Area, Mysuru, KA",Hebbal Industrial Area,Mysuru,MYS,570016,Ward-M21,North,Plastic Moulding,Manufacturing,2220,Red,PAN_52B1F2FB98A9B305,GSTIN_4CD6D2E925B25B01,,,,2015-02-16,2021-10-30,CLOSED,18,10-25,2026-02-02,phone;email
BBMP-TL-BOMM-2019-000008,BBMP,BBMP Trade Licence,ENT-00023,Sri Devices Slutions,Sri Devices Solutions,Owner B,"#104, Shed Industrial Layout, HSR Layout, Bangalore Urban, Karnataka - 560102",HSR Layout,Bengaluru Urban,BLRU,560102,Ward-174,Bommanahalli,Electronics Assembly,Manufacturing,2610,Orange,PAN_2593B925C4CC393A,,,,,2019-09-01,2020-11-23,CLOSED,,0-10,2026-04-30,gstin_hash;phone;email
KFBIS-FAC-BLRU-2021-000011,FACTORY,"Factories, Boilers, Industrial Safety and Health",ENT-00023,M/S Sri Devices Solutions,,Owner A,"104, Shed Industrial Layout, HSR Layout, B'luru Urban, Karnataka - 560102",HSR Layout,Bengaluru Urban,BLRU,560102,Ward-174,Bommanahalli,Electronics Assembly,Manufacturing,2610,Orange,,,,,contact0023@examplebiz.in,2021-12-08,2026-01-08,ACTIVE,,0-10,2026-02-27,pan_hash;gstin_hash;phone
GST-KA-BLRU-2017-000017,GST,GST Taxpayer Registry,ENT-00023,Sri Devices Solutions,M/S Sri Devices Solutions,Owner B,"104, Shed Industrial Layout, HSR Layout, B'luru Urban, KA - 560102",HSR Layout,Bengaluru Urban,BLRU,560102,Ward-174,Bommanahalli,Electronics Assembly,Manufacturing,2610,Orange,PAN_2593B925C4CC393A,GSTIN_258B8656D131FB3A,,,contact0023@examplebiz.in,2017-12-29,2021-06-22,CLOSED,12,,2025-11-29,phone
LAB-KA-BLRU-2024-000011,LABOUR,Labour Department,ENT-00023,Sri Devices Solutions,M/S Sri Devices Solutions,Owner A,"No. 104, Shed Industrial Layout, HSR Layout, Bengaluru Urban, KA - 560102",HSR Layout,Bengaluru Urban,BLRU,560102,Ward-174,Bommanahalli,Electronics Assembly,Manufacturing,2610,Orange,,GSTIN_258B8656D131FB3A,,,,2024-06-09,2025-09-07,ACTIVE,12,0-10,2026-05-03,pan_hash;phone;email
KAR-SHOP-BLRU-2025-000015,SHOP,Karnataka Shops and Commercial Establishments,ENT-00023,Sri Devices Solutions,,Managing Partner,"No. 104, Shed Industrial Layout, HSR Layout, Bengaluru Urban, Karnataka - 560102",HSR Layout,Bengaluru Urban,BLRU,560102,Ward-174,Bommanahalli,Electronics Assembly,Manufacturing,2610,Orange,,GSTIN_258B8656D131FB3A,UDYAM_17AB19F9CF64732D,,,2025-11-26,2026-03-21,ACTIVE,12,,2026-02-03,pan_hash;phone;email
UDYAM-KR-BLRU-2025-000012,UDYAM,Udyam / MSME Registry,ENT-00023,Sri Devices Solutions,Sri Devices Solutions,Partner 1,"104, Shed Industrial Layout, HSR Layout, B'luru Urban, Karnataka - 560102",HSR Layout,Bengaluru Urban,BLRU,560102,Ward-174,Bommanahalli,Electronics Assembly,Manufacturing,2610,Orange,PAN_2593B925C4CC393A,GSTIN_258B8656D131FB3A,UDYAM_17AB19F9CF64732D,,,2025-10-02,2025-11-30,ACTIVE,12,0-10,2026-02-16,phone;email
GST-KA-BLRU-2018-000018,GST,GST Taxpayer Registry,ENT-00024,SREE SOLUTIONS,Sree Solutions,Partner 1,"101, A Extension, Banashankari, Bengaluru Urban, KA",Banashankari,Bengaluru Urban,BLRU,560085,Ward-182,South,Food Processing,Manufacturing,1030,Orange,PAN_9E53C1A7284D0EC7,,,,,2018-12-19,2025-11-12,ACTIVE,52,,2025-11-14,gstin_hash;phone;email
LAB-KA-BLRU-2015-000012,LABOUR,Labour Department,ENT-00024,M/S Sree Solutions,,Owner B,"#101, A Extension, Banashankari, Bangalore Urban, KA - 560085",Banashankari,Bengaluru Urban,BLRU,560085,Ward-182,South,Food Processing,Manufacturing,1030,Orange,PAN_9E53C1A7284D0EC7,,,9000190193,,2015-01-14,2024-10-16,DORMANT,52,,2026-04-19,gstin_hash;email
KAR-SHOP-BLRU-2018-000016,SHOP,Karnataka Shops and Commercial Establishments,ENT-00024,Sree Solutions,,Partner 1,"#101, A Extension, Banashankari, B'luru Urban, KA - 560085",Banashankari,Bengaluru Urban,BLRU,560085,Ward-182,South,Food Processing,Manufacturing,1030,Orange,,,,,,2018-08-30,2021-10-15,CLOSED,,,2026-01-12,pan_hash;gstin_hash;phone;email
BBMP-TL-WEST-2020-000009,BBMP,BBMP Trade Licence,ENT-00025,Harsha Biryani Works,Harsha Biryani Works,Partner 1,"No. 136, C 1st Cr, Rajajinagar Industrial Suburb, B'luru Urban, K'taka - 560059",Rajajinagar Industrial Suburb,Bengaluru Urban,BLRU,560024,Ward-067,West,Restaurant / Cafe,Service,5610,Green,,GSTIN_B41F10842E700D44,,,,2020-06-03,2025-11-10,CLOSED,8,10-25,2025-11-22,pan_hash;phone;email;pin_drift
KFBIS-FAC-BLRU-2025-000012,FACTORY,"Factories, Boilers, Industrial Safety and Health",ENT-00025,Harsha Biryani Works,M/S Harsha Biryani Works,Director Masked,"136, C 1st Crs, Rajajinagar Industrial Suburb, B'luru Urban, KA - 560059",Rajajinagar Industrial Suburb,Bengaluru Urban,BLRU,560059,Ward-067,West,Restaurant / Cafe,Service,5610,Green,,,,,,2025-04-06,2026-02-12,ACTIVE,,10-25,2026-01-17,pan_hash;gstin_hash;phone;email
LAB-KA-BLRU-2016-000013,LABOUR,Labour Department,ENT-00025,M/S Harsha Biryni Works,Harsha Biryani Works,Partner 1,"#136, C 1st Cr, Rajajinagar Industrial Suburb, B'luru Urban, K'taka",Rajajinagar Industrial Suburb,Bengaluru Urban,BLRU,560059,Ward-067,West,Restaurant / Cafe,Service,5610,Green,PAN_7999756AA132CF9C,,,9000198112,,2016-05-19,2021-05-15,CLOSED,,10-25,2026-01-06,gstin_hash;email
KAR-SHOP-BLRU-2022-000017,SHOP,Karnataka Shops and Commercial Establishments,ENT-00025,Harsha Biryani Works,,Partner 1,"No. 136, C 1st Cross, Rajajinagar Industrial Suburb, B'luru Urban, Karnataka",Rajajinagar Industrial Suburb,Bengaluru Urban,BLRU,560059,Ward-067,West,Restaurant / Cafe,Service,5610,Green,PAN_7999756AA132CF9C,,,,,2022-03-25,2023-01-02,CLOSED,8,,2026-03-04,gstin_hash;phone;email
KFBIS-FAC-BLRU-2025-000013,FACTORY,"Factories, Boilers, Industrial Safety and Health",ENT-00026,Bangalore Moulding Associates,Bangalore Moulding Associates,,"266, Shed Sector, Bommanahalli, B'luru Urban, K'taka - 560068",Bommanahalli,Bengaluru Urban,BLRU,560068,Ward-175,South,Plastic Moulding,Manufacturing,2220,Red,,,,9000206031,contact0026@examplebiz.in,2025-01-12,2026-04-26,ACTIVE,18,,2026-03-30,pan_hash;gstin_hash
GST-KA-BLRU-2023-000019,GST,GST Taxpayer Registry,ENT-00026,Bangalore Moulding Assocites,Bangalore Moulding Associates,Owner A,"266, Shed Sector, Bommanahalli, B'luru Urban, Karnataka - 560068",Bommanahalli,Bengaluru Urban,BLRU,560068,Ward-175,South,Plastic Moulding,Manufacturing,2220,Red,PAN_8C25986E2674A596,,,9000206031,,2023-03-04,2026-01-20,ACTIVE,18,,2026-04-01,gstin_hash;email
PCB/BLRU/CTO/2024/00012,KSPCB,Karnataka State Pollution Control Board,ENT-00026,Bangalore Moulding Associates,M/S Bangalore Moulding Associates,Owner A,"266, Shed Sector, Bommanahalli, Bangalore Urban, Karnataka - 560068",Bommanahalli,Bengaluru Urban,BLRU,560068,Ward-175,South,Plastic Moulding,Manufacturing,2220,Red,PAN_8C25986E2674A596,,,9000206031,,2024-08-30,2025-05-25,ACTIVE,18,50-100,2025-12-20,gstin_hash;email
LAB-KA-BLRU-2024-000014,LABOUR,Labour Department,ENT-00026,Bangalore Moulding Associates,Bangalore Moulding Associates,Partner 1,"266, Shed Sector, Bommanahalli, Bangalore Urban, KA - 560068",Bommanahalli,Bengaluru Urban,BLRU,560068,Ward-175,South,Plastic Moulding,Manufacturing,2220,Red,,,,9000206031,,2024-07-30,2026-01-10,ACTIVE,18,50-100,2025-12-23,pan_hash;gstin_hash;email
KAR-SHOP-BLRU-2022-000018,SHOP,Karnataka Shops and Commercial Establishments,ENT-00026,Bangalore Moulding Associates,Bangalore Moulding Associates,Partner 1,"266, Shed Sector, Bommanahalli, B'luru Urban, Karnataka - 560068",Bommanahalli,Bengaluru Urban,BLRU,560068,Ward-175,South,Plastic Moulding,Manufacturing,2220,Red,,,,9000206031,,2022-03-29,2022-08-18,CLOSED,,50-100,2026-03-28,pan_hash;gstin_hash;email
UDYAM-KR-BLRU-2018-000013,UDYAM,Udyam / MSME Registry,ENT-00026,Bangalore Moulding Associates,BANGALORE MOULDING ASSOCIATES,,"No. 266, Shed Sector, Bommanahalli, Bangalore Urban, Karnataka - 560068",Bommanahalli,Bengaluru Urban,BLRU,560043,Ward-175,South,Plastic Moulding,Manufacturing,2220,Red,PAN_8C25986E2674A596,,UDYAM_212EC31FCD0E9121,9000206031,contact0026@examplebiz.in,2018-08-25,2024-06-28,DORMANT,,,2025-11-28,gstin_hash;pin_drift
KFBIS-FAC-BLRU-2016-000014,FACTORY,"Factories, Boilers, Industrial Safety and Health",ENT-00027,Sree Electronics Industries,Sree Elecronics Industries,,"50, B Industrial Layout, Rajajinagar Industrial Suburb, Bangalore Urban, KA - 560059",Rajajinagar Industrial Suburb,Bengaluru Urban,BLRU,560059,Ward-067,West,Electronics Assembly,Manufacturing,2610,Orange,,,,,,2016-10-10,2019-12-05,CLOSED,36,100-500,2026-02-07,pan_hash;gstin_hash;phone;email
GST-KA-BLRU-2017-000020,GST,GST Taxpayer Registry,ENT-00027,Sree Elec Inds,,Managing Partner,"No. 50, B Industrial Layout, Rajajinagar Industrial Suburb, B'luru Urban, Karnataka - 560059",Rajajinagar Industrial Suburb,Bengaluru Urban,BLRU,560059,Ward-067,West,Electronics Assembly,Manufacturing,2610,Orange,PAN_289FA3331D4CA2D0,,,9000213950,,2017-09-02,2021-04-19,CLOSED,36,100-500,2026-04-02,gstin_hash;email
BBMP-TL-NORT-2025-000010,BBMP,BBMP Trade Licence,ENT-00028,Bangalore Solutions,,Owner A,"108, B Near Bus Stop, Hebbal Industrial Area, Mysuru, Karnataka - 570016",Hebbal Industrial Area,Mysuru,MYS,570016,Ward-M21,North,Pharmacy / Medical Retail,Retail,4772,Green,,,,,,2025-03-22,2025-08-19,ACTIVE,12,10-25,2026-04-16,pan_hash;gstin_hash;phone;email
KAR-SHOP-MYS-2025-000019,SHOP,Karnataka Shops and Commercial Establishments,ENT-00028,Bangalore Solutions,,Partner 1,"No. 108, B Near Bus Stop, Hebbal Industrial Estate, Mysuru, Karnataka - 570016",Hebbal Industrial Area,Mysuru,MYS,570016,Ward-M21,North,Pharmacy / Medical Retail,Retail,4772,Green,,,,,,2025-09-30,2025-12-25,ACTIVE,12,,2026-03-03,pan_hash;gstin_hash;phone;email
KFBIS-FAC-BLRU-2019-000015,FACTORY,"Factories, Boilers, Industrial Safety and Health",ENT-00029,Asha Co,M/S Asha Co,Director Masked,"No 177, C 2nd Main, Yelahanka, Bangalore Urban, K'taka - 560064",Yelahanka,Bengaluru Urban,BLRU,560064,Ward-004,Yelahanka,Textile / Garments,Manufacturing,1410,Green,,,,,,2019-02-11,2026-01-06,ACTIVE,120,0-10,2025-11-15,pan_hash;gstin_hash;phone;email
GST-KA-BLRU-2025-000021,GST,GST Taxpayer Registry,ENT-00029,Asha Co,,Managing Partner,"No. 177, C 2nd Main, Yelahanka, Bangalore Urban, KA",Yelahanka,Bengaluru Urban,BLRU,560064,Ward-004,Yelahanka,Textile / Garments,Manufacturing,1410,Green,PAN_70AD3CC61D3D7815,GSTIN_DBD5853B2650B25F,,,,2025-07-15,2025-12-22,ACTIVE,120,,2026-02-05,phone;email
UDYAM-KR-BLRU-2019-000014,UDYAM,Udyam / MSME Registry,ENT-00029,Asha Co,,Managing Partner,"177, C 2nd Main, Yelahanka, B'luru Urban, KA - 560064",Yelahanka,Bengaluru Urban,BLRU,560064,Ward-004,Yelahanka,Textile / Garments,Manufacturing,1410,Green,PAN_70AD3CC61D3D7815,,,,,2019-06-13,2021-10-17,CLOSED,120,,2026-04-28,gstin_hash;phone;email
KFBIS-FAC-BLRR-2022-000016,FACTORY,"Factories, Boilers, Industrial Safety and Health",ENT-00030,Bharath Garments Traders,,Partner 1,"#18, Plot Extension, Devanahalli, Bengaluru Rural, K'taka - 562110",Devanahalli,Bengaluru Rural,BLRR,562110,Ward-R01,Bengaluru Rural,Textile / Garments,Manufacturing,1410,Green,PAN_F9056F6DC2DB582C,,,9000237707,,2022-07-18,2023-06-26,DORMANT,,0-10,2026-01-07,gstin_hash;email
GST-KA-BLRR-2020-000022,GST,GST Taxpayer Registry,ENT-00030,BHARATH GARMENTS TRADERS,M/S BHAATH GARMENTS TRADERS,,"18, Plot Extension, Devanahalli, Bengaluru Rural, Karnataka - 562110",Devanahalli,Bengaluru Rural,BLRR,562110,Ward-R01,Bengaluru Rural,Textile / Garments,Manufacturing,1410,Green,PAN_F9056F6DC2DB582C,GSTIN_5B1E02F6F738BA0B,,,,2020-02-08,2024-07-06,DORMANT,8,0-10,2026-03-13,phone;email
LAB-KA-BLRR-2018-000015,LABOUR,Labour Department,ENT-00030,M/S Bharath Garments Traders,Bharah Garments Traders,Partner 1,"#18, Plot Extension, Devanahalli, Bangalore Rural, KA - 562110",Devanahalli,Bengaluru Rural,BLRR,562110,Ward-R01,Bengaluru Rural,Textile / Garments,Manufacturing,1410,Green,PAN_F9056F6DC2DB582C,,,9000237707,,2018-01-07,2025-05-04,ACTIVE,8,0-10,2025-12-04,gstin_hash;email
KAR-SHOP-BLRR-2017-000020,SHOP,Karnataka Shops and Commercial Establishments,ENT-00030,Bharath Garments Traders,,Managing Partner,"18, Plot Extension, Devanahalli, Bengaluru Rural, K'taka - 562110",Devanahalli,Bengaluru Rural,BLRR,562110,Ward-R01,Bengaluru Rural,Textile / Garments,Manufacturing,1410,Green,PAN_F9056F6DC2DB582C,,,,,2017-03-12,2025-02-18,DORMANT,8,0-10,2026-03-29,gstin_hash;phone;email
UDYAM-KR-BLRR-2019-000015,UDYAM,Udyam / MSME Registry,ENT-00030,M/S Bharath Garments Traders,Bharath Garments Traders,Managing Partner,"18, Plot Extension, Devanahalli, Bangalore Rural, K'taka - 562110",Devanahalli,Bengaluru Rural,BLRR,562110,Ward-R01,Bengaluru Rural,Textile / Garments,Manufacturing,1410,Green,PAN_F9056F6DC2DB582C,GSTIN_5B1E02F6F738BA0B,UDYAM_62FBD736C61D9422,,,2019-03-11,2020-04-20,CLOSED,8,0-10,2026-01-06,phone;email
KFBIS-FAC-BLRU-2015-000017,FACTORY,"Factories, Boilers, Industrial Safety and Health",ENT-00031,Mysore Enterprises,,Owner B,"No. 256, B Mn Rd, HSR Layout, B'luru Urban, Karnataka - 560102",HSR Layout,Bengaluru Urban,BLRU,560102,Ward-174,Bommanahalli,Machine Tools,Manufacturing,2819,Orange,PAN_8895582F81504CB2,,,,,2015-05-14,2020-07-02,CLOSED,2,50-100,2026-04-10,gstin_hash;phone;email
GST-KA-BLRU-2016-000023,GST,GST Taxpayer Registry,ENT-00031,M/S Mysore Enterprises,,Director Masked,"No. 256, B Main Rd, HSR Layout, B'luru Urban, Karnataka - 560102",HSR Layout,Bengaluru Urban,BLRU,560102,Ward-174,Bommanahalli,Machine Tools,Manufacturing,2819,Orange,PAN_8895582F81504CB2,GSTIN_FEC2468239B9CC01,,,,2016-05-08,2020-05-27,CLOSED,2,,2025-12-03,phone;email
PCB/BLRU/CTE/2018/00013,KSPCB,Karnataka State Pollution Control Board,ENT-00031,Mysore Enterprises,,,"No 256, B Main Rd, HSR Layout, Bengaluru Urban, K'taka - 560102",HSR Layout,Bengaluru Urban,BLRU,560102,Ward-174,Bommanahalli,Machine Tools,Manufacturing,2819,Orange,,,,,,2018-10-21,2022-03-19,CLOSED,,50-100,2026-01-30,pan_hash;gstin_hash;phone;email
LAB-KA-BLRU-2025-000016,LABOUR,Labour Department,ENT-00031,Mysore Enterprises,,Partner 1,"No. 256, B Main Road, HSR Layout, Bengaluru Urban, Karnataka - 560102",HSR Layout,Bengaluru Urban,BLRU,560102,Ward-174,Bommanahalli,Machine Tools,Manufacturing,2819,Orange,PAN_8895582F81504CB2,,,,,2025-10-02,2026-02-03,ACTIVE,2,50-100,2026-03-17,gstin_hash;phone;email
KAR-SHOP-BLRU-2016-000021,SHOP,Karnataka Shops and Commercial Establishments,ENT-00031,M/S Mysore Entp,,Partner 1,"No 256, B Mn Rd, HSR Layout, Bengaluru Urban, Karnataka - 560102",HSR Layout,Bengaluru Urban,BLRU,560102,Ward-174,Bommanahalli,Machine Tools,Manufacturing,2819,Orange,,,,,,2016-04-05,2020-02-11,CLOSED,2,50-100,2025-12-19,pan_hash;gstin_hash;phone;email
UDYAM-KR-BLRU-2023-000016,UDYAM,Udyam / MSME Registry,ENT-00031,MYSORE ENTP,MYSORE ENTP,,"256, B Main Road, HSR Layout, Bangalore Urban, KA - 560102",HSR Layout,Bengaluru Urban,BLRU,560102,Ward-174,Bommanahalli,Machine Tools,Manufacturing,2819,Orange,PAN_8895582F81504CB2,GSTIN_FEC2468239B9CC01,,,,2023-07-15,2025-11-19,ACTIVE,2,50-100,2026-03-17,phone;email
GST-KA-BLRR-2019-000024,GST,GST Taxpayer Registry,ENT-00032,OMKAR LLP,Omkar,,"161, Shed Near Bus Stop, Doddaballapura, Bangalore Rural, KA - 561203",Doddaballapura,Bengaluru Rural,BLRR,561203,Ward-R09,Bengaluru Rural,Pharmacy / Medical Retail,Retail,4772,Green,PAN_539CA18DBEA6A496,GSTIN_3B5BA39EC3C6F8CF,,9000253545,,2019-07-16,2022-06-06,CLOSED,85,,2026-02-11,email
LAB-KA-BLRR-2021-000017,LABOUR,Labour Department,ENT-00032,Omkar LLP,M/S Omkar,,"161, Shed Near Bus Stop, Doddaballapura, B'luru Rural, KA - 561203",Doddaballapura,Bengaluru Rural,BLRR,561203,Ward-R09,Bengaluru Rural,Pharmacy / Medical Retail,Retail,4772,Green,PAN_539CA18DBEA6A496,GSTIN_3B5BA39EC3C6F8CF,,9000253545,,2021-09-28,2024-03-21,DORMANT,85,,2026-03-11,email
KAR-SHOP-BLRR-2022-000022,SHOP,Karnataka Shops and Commercial Establishments,ENT-00032,Omkar LLP,Omkar,Managing Partner,"No. 161, Shed Near Bus Stop, Doddaballapura, Bangalore Rural, Karnataka - 561203",Doddaballapura,Bengaluru Rural,BLRR,561203,Ward-R09,Bengaluru Rural,Pharmacy / Medical Retail,Retail,4772,Green,,GSTIN_3B5BA39EC3C6F8CF,,,,2022-04-25,2025-09-19,ACTIVE,85,,2026-01-10,pan_hash;phone;email
GST-KA-MYS-2015-000025,GST,GST Taxpayer Registry,ENT-00033,Deccan Industries,,Owner A,"No. 125, D Industrial Layout, Nanjangud Road, Mysuru, Karnataka - 570018",Nanjangud Road,Mysuru,MYS,570001,Ward-M32,South,Textile / Garments,Manufacturing,1410,Green,PAN_173C0F7D4925D38A,GSTIN_AA5A050C78BFB4EF,,,,2015-12-13,2026-01-23,ACTIVE,10,,2026-04-04,phone;email;pin_drift
LAB-KA-MYS-2021-000018,LABOUR,Labour Department,ENT-00033,Deccan Industries,Deccan Industries,Owner B,"No. 125, D Industrial Layout, Nanjangud Road, Mysuru, K'taka - 570018",Nanjangud Road,Mysuru,MYS,570018,Ward-M32,South,Textile / Garments,Manufacturing,1410,Green,,GSTIN_AA5A050C78BFB4EF,,,,2021-04-23,2023-07-13,DORMANT,,,2026-01-08,pan_hash;phone;email
KAR-SHOP-MYS-2021-000023,SHOP,Karnataka Shops and Commercial Establishments,ENT-00033,Deccan Industries,Deccan Industries,Partner 1,"No. 125, D Industrial Layout, Nanjangud Road, Mysuru, KA - 570018",Nanjangud Road,Mysuru,MYS,570018,Ward-M32,South,Textile / Garments,Manufacturing,1410,Green,,,,,,2021-07-17,2022-02-24,CLOSED,,10-25,2026-03-03,pan_hash;gstin_hash;phone;email
UDYAM-KR-MYS-2017-000017,UDYAM,Udyam / MSME Registry,ENT-00033,M/S Deccan Industries,,Director Masked,"125, D Industrial Layout, Nanjangud Road, Mysuru, K'taka",Nanjangud Road,Mysuru,MYS,570018,Ward-M32,South,Textile / Garments,Manufacturing,1410,Green,PAN_173C0F7D4925D38A,GSTIN_AA5A050C78BFB4EF,,,,2017-03-31,2024-01-29,CLOSED,,10-25,2026-04-09,phone;email
GST-KA-BLRU-2018-000026,GST,GST Taxpayer Registry,ENT-00034,M/S Nandi Cargo Co,Nandi Cargo Company,Partner 1,"No 2, A Near Bus Stop, Banashankari, B'luru Urban, K'taka - 560085",Banashankari,Bengaluru Urban,BLRU,560085,Ward-182,South,Logistics / Warehouse,Service,5210,Green,PAN_8CFB12363662E99D,GSTIN_7F22EAE7CB2DAA54,,,,2018-01-09,2020-07-20,CLOSED,,500+,2026-03-09,phone;email
UDYAM-KR-BLRU-2019-000018,UDYAM,Udyam / MSME Registry,ENT-00034,Nandi Cargo Company,Nandi Cargo Company,Managing Partner,"2, A Near Bus Stop, Banashankari, Bangalore Urban, KA - 560085",Banashankari,Bengaluru Urban,BLRU,560085,Ward-182,South,Logistics / Warehouse,Service,5210,Green,,,UDYAM_D796BCE8301DC6FA,,,2019-12-11,2025-02-03,CLOSED,,500+,2025-11-07,pan_hash;gstin_hash;phone;email
GST-KA-BLRU-2024-000027,GST,GST Taxpayer Registry,ENT-00035,Kaveri Components Pvt Ltd,KAVERI COMPONENTS,Owner A,"#106, Plot Behind Metro, HSR Layout, Bengaluru Urban, K'taka - 560102",HSR Layout,Bengaluru Urban,BLRU,560102,Ward-174,Bommanahalli,Electronics Assembly,Manufacturing,2610,Orange,,,,,,2024-11-05,2025-06-13,ACTIVE,,0-10,2025-12-23,pan_hash;gstin_hash;phone;email
PCB/BLRU/CTO/2020/00014,KSPCB,Karnataka State Pollution Control Board,ENT-00035,M/S Kaveri Components Pvt Ltd,,Managing Partner,"106, Plot Behind Metro, HSR Layout, B'luru Urban, K'taka - 560102",HSR Layout,Bengaluru Urban,BLRU,560102,Ward-174,Bommanahalli,Electronics Assembly,Manufacturing,2610,Orange,,,,,,2020-05-23,2021-01-21,CLOSED,18,0-10,2026-02-03,pan_hash;gstin_hash;phone;email
KAR-SHOP-BLRU-2022-000024,SHOP,Karnataka Shops and Commercial Establishments,ENT-00035,Kaveri Components Pvt. Ltd.,Kaveri Components,Owner B,"No 106, Plot Behind Metro, HSR Layout, Bengaluru Urban, Karnataka - 560102",HSR Layout,Bengaluru Urban,BLRU,560102,Ward-174,Bommanahalli,Electronics Assembly,Manufacturing,2610,Orange,,,,,,2022-02-11,2022-08-18,CLOSED,18,0-10,2025-11-27,pan_hash;gstin_hash;phone;email
UDYAM-KR-BLRU-2025-000019,UDYAM,Udyam / MSME Registry,ENT-00035,M/S KAVERI COMPONENTS PVT. LTD.,,Director Masked,"#106, Plot Behind Metro, HSR Layout, B'luru Urban, Karnataka - 560102",HSR Layout,Bengaluru Urban,BLRU,560102,Ward-174,Bommanahalli,Electronics Assembly,Manufacturing,2610,Orange,,,,,,2025-04-16,2025-07-30,CLOSED,18,,2025-12-18,pan_hash;gstin_hash;phone;email
GST-KA-TUM-2015-000028,GST,GST Taxpayer Registry,ENT-00036,NANDI STORES LLP,Nandi Stores,Director Masked,"4, Main Road, BH Road, Tumakuru, KA - 572101",BH Road,Tumakuru,TUM,572101,Ward-T01,Tumakuru,Logistics / Warehouse,Service,5210,Green,PAN_73F217E94D5B05BC,GSTIN_309C75F94A9082F1,,,,2015-06-12,2017-03-02,CLOSED,52,,2025-11-14,phone;email
LAB-KA-TUM-2020-000019,LABOUR,Labour Department,ENT-00036,M/S Nandi Stores LLP,,Partner 1,"#4, Main Road, BH Road, Tumakuru, Karnataka - 572101",BH Road,Tumakuru,TUM,572101,Ward-T01,Tumakuru,Logistics / Warehouse,Service,5210,Green,,,,,,2020-02-28,2020-06-07,CLOSED,52,,2026-04-01,pan_hash;gstin_hash;phone;email
KFBIS-FAC-BLRR-2025-000018,FACTORY,"Factories, Boilers, Industrial Safety and Health",ENT-00037,M/S Kaveri Cafe LLP,M/S Kaveri Cafe,Owner A,"144, Mn Rd, Hoskote, Bangalore Rural, KA - 562114",Hoskote,Bengaluru Rural,BLRR,562114,Ward-R04,Bengaluru Rural,Restaurant / Cafe,Service,5610,Green,,GSTIN_07235E6F9DBD73DE,,9000293140,,2025-01-15,2025-12-30,ACTIVE,,,2025-12-09,pan_hash;email
GST-KA-BLRR-2024-000029,GST,GST Taxpayer Registry,ENT-00037,M/S Kaveri Cafe LLP,KAVERI CAFE,Owner B,"No. 144, Mn Rd, Hoskote, Bangalore Rural, K'taka - 562114",Hoskote,Bengaluru Rural,BLRR,562114,Ward-R04,Bengaluru Rural,Restaurant / Cafe,Service,5610,Green,PAN_D0431C59929A66AA,GSTIN_07235E6F9DBD73DE,,9000293140,,2024-12-05,2025-03-09,DORMANT,3,10-25,2025-12-17,email
KAR-SHOP-BLRR-2024-000025,SHOP,Karnataka Shops and Commercial Establishments,ENT-00037,Kaveri Cafe LLP,M/S Kaveri Cafe,Managing Partner,"144, Mn Rd, Hoskote, Bangalore Rural, K'taka - 562114",Hoskote,Bengaluru Rural,BLRR,562114,Ward-R04,Bengaluru Rural,Restaurant / Cafe,Service,5610,Green,PAN_D0431C59929A66AA,,,,,2024-02-29,2025-06-12,ACTIVE,,,2026-02-13,gstin_hash;phone;email
GST-KA-BLRU-2021-000030,GST,GST Taxpayer Registry,ENT-00038,Meghana Bites Associates,Meghana Bites Assciates,,"#2, D Sector, Banashankari, Bangalore Urban, KA - 560085",Banashankari,Bengaluru Urban,BLRU,560085,Ward-182,South,Restaurant / Cafe,Service,5610,Green,PAN_908053A6F6D1D89A,GSTIN_6BAE0AD36F8F1AC5,,,,2021-08-04,2023-04-06,CLOSED,,,2026-01-19,phone;email
KAR-SHOP-BLRU-2018-000026,SHOP,Karnataka Shops and Commercial Establishments,ENT-00038,M/S Meghana Bites Associates,M/S Meghana Bites Associates,Owner A,"No. 2, D Sector, Banashankari, B'luru Urban, Karnataka - 560085",Banashankari,Bengaluru Urban,BLRU,560085,Ward-182,South,Restaurant / Cafe,Service,5610,Green,,,UDYAM_2ECCD801DD0C79ED,,,2018-03-10,2020-09-28,CLOSED,,10-25,2026-02-19,pan_hash;gstin_hash;phone;email
UDYAM-KR-BLRU-2025-000020,UDYAM,Udyam / MSME Registry,ENT-00038,Meghana Bites Associates,M/S Meghana Bites Associates,Owner B,"No 2, D Sector, Banashankari, B'luru Urban, Karnataka - 560085",Banashankari,Bengaluru Urban,BLRU,560085,Ward-182,South,Restaurant / Cafe,Service,5610,Green,PAN_908053A6F6D1D89A,GSTIN_6BAE0AD36F8F1AC5,UDYAM_2ECCD801DD0C79ED,,,2025-04-06,2025-12-11,ACTIVE,,,2026-03-14,phone;email
KFBIS-FAC-BLRU-2022-000019,FACTORY,"Factories, Boilers, Industrial Safety and Health",ENT-00039,Nisarga Industrial Co,Nisarga Industrial Co,,"#203, C Service Road, Hebbal, Bengaluru Urban, Karnataka - 560024",Hebbal,Bengaluru Urban,BLRU,560024,Ward-021,Yelahanka,Chemical Blending,Manufacturing,2029,Red,PAN_7A63FC27AAA81041,GSTIN_3A93BE22DF25C0F1,,,,2022-09-21,2024-03-27,DORMANT,,10-25,2026-04-24,phone;email
PCB/BLRU/CTO/2020/00015,KSPCB,Karnataka State Pollution Control Board,ENT-00039,Nisarga Industrial Co,Nisarga Industrial Co,Partner 1,"203, C Service Road, Hebbal, Bengaluru Urban, Karnataka - 560024",Hebbal,Bengaluru Urban,BLRU,560024,Ward-021,Yelahanka,Chemical Blending,Manufacturing,2029,Red,,GSTIN_3A93BE22DF25C0F1,,9000308978,,2020-11-24,2025-08-11,ACTIVE,120,10-25,2026-01-02,pan_hash;email
BBMP-TL-SOUT-2016-000011,BBMP,BBMP Trade Licence,ENT-00040,M/S Varun Textiles Industries,,,"252, B Near Bus Stop, Bommanahalli, Bengaluru Urban, K'taka - 560068",Bommanahalli,Bengaluru Urban,BLRU,560043,Ward-175,South,Textile / Garments,Manufacturing,1410,Green,,,,,contact0040@examplebiz.in,2016-08-28,2020-01-27,CLOSED,,,2026-02-22,pan_hash;gstin_hash;phone;pin_drift
GST-KA-BLRU-2018-000031,GST,GST Taxpayer Registry,ENT-00040,Varun Textiles Industries,VARUN TEXTILES INDUSTRIES,Owner B,"No 252, B Near Bus Stop, Bommanahalli, Bengaluru Urban, K'taka - 560068",Bommanahalli,Bengaluru Urban,BLRU,560068,Ward-175,South,Textile / Garments,Manufacturing,1410,Green,,,,,,2018-09-04,2021-02-08,CLOSED,52,,2025-12-03,pan_hash;gstin_hash;phone;email
LAB-KA-BLRU-2015-000020,LABOUR,Labour Department,ENT-00040,Varun Textiles Industries,,Managing Partner,"#252, B Near Bus Stop, Bommanahalli, B'luru Urban, Karnataka - 560068",Bommanahalli,Bengaluru Urban,BLRU,560068,Ward-175,South,Textile / Garments,Manufacturing,1410,Green,,,,9000316897,,2015-11-09,2021-11-01,CLOSED,,,2026-02-06,pan_hash;gstin_hash;email
KAR-SHOP-BLRU-2016-000027,SHOP,Karnataka Shops and Commercial Establishments,ENT-00040,M/S Varun Textiles Industries,M/S Varun Textiles Industries,,"#252, B Near Bus Stop, Bommanahalli, Bengaluru Urban, KA - 560068",Bommanahalli,Bengaluru Urban,BLRU,560068,Ward-175,South,Textile / Garments,Manufacturing,1410,Green,,,,,contact0040@examplebiz.in,2016-10-08,2020-11-16,CLOSED,,25-50,2026-02-17,pan_hash;gstin_hash;phone
BBMP-TL-SOUT-2019-000012,BBMP,BBMP Trade Licence,ENT-00041,Meghana Bites Associates,M/S Meghana Bites Associates,Owner A,"No. 283, A 1st Crs, Banashankari, Bangalore Urban, KA - 560085",Banashankari,Bengaluru Urban,BLRU,560085,Ward-182,South,Pharmacy / Medical Retail,Retail,4772,Green,,GSTIN_8F3229B92705BAAF,,,contact0041@examplebiz.in,2019-10-21,2023-04-11,CLOSED,18,0-10,2026-03-31,pan_hash;phone
KAR-SHOP-BLRU-2018-000028,SHOP,Karnataka Shops and Commercial Establishments,ENT-00041,Meghana Bites Associates,Meghana Bites Associates,Managing Partner,"No. 283, A 1st Crs, Banashankari, B'luru Urban, Karnataka - 560085",Banashankari,Bengaluru Urban,BLRU,560085,Ward-182,South,Pharmacy / Medical Retail,Retail,4772,Green,,,,9000324816,contact0041@examplebiz.in,2018-03-06,2024-11-16,DORMANT,18,0-10,2026-04-26,pan_hash;gstin_hash
BBMP-TL-NORT-2025-000013,BBMP,BBMP Trade Licence,ENT-00042,Aditya Circuits Works,,Director Masked,"157, B Extension, Hebbal Industrial Area, Mysuru, Karnataka - 570016",Hebbal Industrial Area,Mysuru,MYS,570016,Ward-M21,North,Electronics Assembly,Manufacturing,2610,Orange,,,,,contact0042@examplebiz.in,2025-01-08,2026-04-15,ACTIVE,,,2025-12-22,pan_hash;gstin_hash;phone
GST-KA-MYS-2023-000032,GST,GST Taxpayer Registry,ENT-00042,ADITYA CIRCUITS WORKS,ADITYA CIRCUITS WORKS,Partner 1,"157, B Extension, Hebbal Industrial Area, Mysuru, K'taka - 570016",Hebbal Industrial Area,Mysuru,MYS,570016,Ward-M21,North,Electronics Assembly,Manufacturing,2610,Orange,PAN_89974A6C9040BC8F,,,9000332735,,2023-11-26,2024-03-17,DORMANT,3,0-10,2026-01-13,gstin_hash;email
LAB-KA-MYS-2015-000021,LABOUR,Labour Department,ENT-00042,Aditya Circuits Works,Aditya Circuits Works,,"No 157, B Extension, Hebbal Industrial Estate, Mysuru, K'taka - 570016",Hebbal Industrial Area,Mysuru,MYS,570016,Ward-M21,North,Electronics Assembly,Manufacturing,2610,Orange,PAN_89974A6C9040BC8F,,,,,2015-04-09,2023-06-24,DORMANT,3,0-10,2025-12-03,gstin_hash;phone;email
KAR-SHOP-MYS-2025-000029,SHOP,Karnataka Shops and Commercial Establishments,ENT-00042,M/S Aditya Circuits Works,,Director Masked,"No 157, B Extension, Hebbal Indl Area, Mysuru, Karnataka - 570016",Hebbal Industrial Area,Mysuru,MYS,570016,Ward-M21,North,Electronics Assembly,Manufacturing,2610,Orange,,,,9000332735,,2025-01-19,2026-01-29,ACTIVE,,0-10,2026-01-02,pan_hash;gstin_hash;email
UDYAM-KR-MYS-2021-000021,UDYAM,Udyam / MSME Registry,ENT-00042,Aditya Circuits Works,Aditya Circuits Works,Managing Partner,"No. 157, B Extension, Hebbal Industrial Estate, Mysuru, Karnataka - 570016",Hebbal Industrial Area,Mysuru,MYS,570016,Ward-M21,North,Electronics Assembly,Manufacturing,2610,Orange,PAN_89974A6C9040BC8F,,,,,2021-06-14,2024-01-11,DORMANT,,,2025-11-24,gstin_hash;phone;email
GST-KA-TUM-2018-000033,GST,GST Taxpayer Registry,ENT-00043,Kaveri Press Entp,Kaveri Press Enterprises,Managing Partner,"#151, D 2nd Main, BH Road, Tumakuru, Karnataka",BH Road,Tumakuru,TUM,572101,Ward-T01,Tumakuru,Printing / Packaging,Manufacturing,1811,Orange,PAN_4EA33D307B0EDD36,GSTIN_B374BEA30B507783,,9000340654,,2018-12-17,2022-01-26,CLOSED,10,,2025-11-18,email
KAR-SHOP-TUM-2024-000030,SHOP,Karnataka Shops and Commercial Establishments,ENT-00043,M/S Kaveri Press Entp,Kaveri Press Enterprises,Director Masked,"No 151, D 2nd Main, BH Road, Tumakuru, KA - 572101",BH Road,Tumakuru,TUM,572101,Ward-T01,Tumakuru,Printing / Packaging,Manufacturing,1811,Orange,,,,,,2024-10-10,2026-01-01,ACTIVE,10,100-500,2026-01-16,pan_hash;gstin_hash;phone;email
UDYAM-KR-TUM-2015-000022,UDYAM,Udyam / MSME Registry,ENT-00043,Kaveri Press Enterprises,KAVERI PRESS ENTERPRISES,Managing Partner,"No. 151, D 2nd Main, BH Road, Tumakuru, K'taka - 572101",BH Road,Tumakuru,TUM,572101,Ward-T01,Tumakuru,Printing / Packaging,Manufacturing,1811,Orange,PAN_4EA33D307B0EDD36,GSTIN_B374BEA30B507783,,9000340654,contact0043@examplebiz.in,2015-07-06,2019-06-07,CLOSED,10,,2026-01-27,
BBMP-TL-NORT-2020-000014,BBMP,BBMP Trade Licence,ENT-00044,Aarohi Solutions,,Owner A,"No 37, Behind Metro, Hebbal Indl Area, Mysuru, Karnataka - 570016",Hebbal Industrial Area,Mysuru,MYS,570016,Ward-M21,North,Pharmacy / Medical Retail,Retail,4772,Green,,,,9000348573,,2020-07-04,2021-12-03,CLOSED,,10-25,2026-01-20,pan_hash;gstin_hash;email
GST-KA-MYS-2024-000034,GST,GST Taxpayer Registry,ENT-00044,M/S Aarohi Solutions,AAROHI SOLUTIONS,,"37, Behind Metro, Hebbal Industrial Area, Mysuru, K'taka - 570016",Hebbal Industrial Area,Mysuru,MYS,570016,Ward-M21,North,Pharmacy / Medical Retail,Retail,4772,Green,,,,,,2024-01-04,2025-11-03,ACTIVE,,10-25,2026-01-25,pan_hash;gstin_hash;phone;email
UDYAM-KR-MYS-2017-000023,UDYAM,Udyam / MSME Registry,ENT-00044,Aarohi Solutions,Aarohi Solutions,Partner 1,"No. 37, Behind Metro, Hebbal Indl Area, Mysuru, K'taka - 570016",Hebbal Industrial Area,Mysuru,MYS,570016,Ward-M21,North,Pharmacy / Medical Retail,Retail,4772,Green,,,,9000348573,,2017-10-03,2023-02-18,CLOSED,,10-25,2025-12-21,pan_hash;gstin_hash;email
BBMP-TL-TUMA-2019-000015,BBMP,BBMP Trade Licence,ENT-00045,Bangalore Garments Solutions,,Owner B,"#232, A Behind Metro, Antharasanahalli Industrial Area, Tumakuru, KA - 572106",Antharasanahalli Industrial Area,Tumakuru,TUM,572106,Ward-T12,Tumakuru,Textile / Garments,Manufacturing,1410,Green,,,,,contact0045@examplebiz.in,2019-12-06,2021-02-16,CLOSED,,500+,2025-11-06,pan_hash;gstin_hash;phone
KFBIS-FAC-TUM-2018-000020,FACTORY,"Factories, Boilers, Industrial Safety and Health",ENT-00045,Bangalore Garments Solutions,Bangalore Garments Solutions,Partner 1,"#232, A Behind Metro, Antharasanahalli Indl Area, Tumakuru, KA - 572106",Antharasanahalli Industrial Area,Tumakuru,TUM,572106,Ward-T12,Tumakuru,Textile / Garments,Manufacturing,1410,Green,,,,,contact0045@examplebiz.in,2018-09-03,2023-12-15,DORMANT,18,500+,2026-04-15,pan_hash;gstin_hash;phone
GST-KA-TUM-2019-000035,GST,GST Taxpayer Registry,ENT-00045,Bangalore Garments Solutions,BANGALORE GARMENTS SOLUTIONS,Partner 1,"232, A Behind Metro, Antharasanahalli Industrial Estate, Tumakuru, Karnataka - 572106",Antharasanahalli Industrial Area,Tumakuru,TUM,572106,Ward-T12,Tumakuru,Textile / Garments,Manufacturing,1410,Green,,,,,contact0045@examplebiz.in,2019-07-09,2024-03-18,DORMANT,18,,2026-03-25,pan_hash;gstin_hash;phone
PCB/TUM/CTE/2016/00016,KSPCB,Karnataka State Pollution Control Board,ENT-00045,Bangalore Garmens Solutions,,,"No 232, A Behind Metro, Antharasanahalli Industrial Area, Tumakuru, K'taka - 572106",Antharasanahalli Industrial Area,Tumakuru,TUM,572106,Ward-T12,Tumakuru,Textile / Garments,Manufacturing,1410,Green,,,,,contact0045@examplebiz.in,2016-10-11,2023-03-06,CLOSED,,500+,2025-12-25,pan_hash;gstin_hash;phone
LAB-KA-TUM-2015-000022,LABOUR,Labour Department,ENT-00045,Bangalore Garments Solutions,Bangalore Garments Solutions,Director Masked,"No 232, A Behind Metro, Antharasanahalli Industrial Estate, Tumakuru, K'taka",Antharasanahalli Industrial Area,Tumakuru,TUM,572106,Ward-T12,Tumakuru,Textile / Garments,Manufacturing,1410,Green,,,,,contact0045@examplebiz.in,2015-07-25,2025-09-30,CLOSED,18,,2026-03-04,pan_hash;gstin_hash;phone
KAR-SHOP-TUM-2017-000031,SHOP,Karnataka Shops and Commercial Establishments,ENT-00045,Bangalore Garments Solutions,M/S Bangalore Garments Solutions,Owner A,"No. 232, A Behind Metro, Antharasanahalli Industrial Area, Tumakuru, KA - 572106",Antharasanahalli Industrial Area,Tumakuru,TUM,572106,Ward-T12,Tumakuru,Textile / Garments,Manufacturing,1410,Green,,,,,contact0045@examplebiz.in,2017-01-14,2025-06-08,ACTIVE,18,,2026-01-13,pan_hash;gstin_hash;phone
UDYAM-KR-TUM-2025-000024,UDYAM,Udyam / MSME Registry,ENT-00045,Bangalore Garments Solutions,Bangalore Garments Solutions,,"No 232, A Behind Metro, Antharasanahalli Industrial Area, Tumakuru, Karnataka - 572106",Antharasanahalli Industrial Area,Tumakuru,TUM,572106,Ward-T12,Tumakuru,Textile / Garments,Manufacturing,1410,Green,,,,,,2025-05-04,2026-01-30,ACTIVE,18,,2025-11-30,pan_hash;gstin_hash;phone;email
GST-KA-BLRU-2018-000036,GST,GST Taxpayer Registry,ENT-00046,Ravi LLP,M/S Ravi,,"No 232, Shed Industrial Layout, Kalyan Nagar, Bengaluru Urban, K'taka - 560043",Kalyan Nagar,Bengaluru Urban,BLRU,560043,Ward-025,East,Pharmacy / Medical Retail,Retail,4772,Green,PAN_7500201471E3B7BA,GSTIN_287B100709456FB0,UDYAM_036CD26004F91949,,,2018-01-12,2021-10-04,CLOSED,180,,2026-04-21,phone;email
KAR-SHOP-BLRU-2023-000032,SHOP,Karnataka Shops and Commercial Establishments,ENT-00046,Ravi LLP,Ravi,Owner B,"232, Shed Industrial Layout, Kalyan Nagar, Bengaluru Urban, KA - 560043",Kalyan Nagar,Bengaluru Urban,BLRU,560043,Ward-025,East,Pharmacy / Medical Retail,Retail,4772,Green,PAN_7500201471E3B7BA,,,,,2023-06-11,2024-02-26,DORMANT,180,,2025-12-03,gstin_hash;phone;email
UDYAM-KR-BLRU-2018-000025,UDYAM,Udyam / MSME Registry,ENT-00046,Ravi LLP,Ravi,Director Masked,"232, Shed Industrial Layout, Kalyan Nagar, Bangalore Urban, K'taka - 560043",Kalyan Nagar,Bengaluru Urban,BLRU,560043,Ward-025,East,Pharmacy / Medical Retail,Retail,4772,Green,PAN_7500201471E3B7BA,,UDYAM_036CD26004F91949,,,2018-08-15,2021-08-05,CLOSED,180,,2026-05-02,gstin_hash;phone;email
KFBIS-FAC-BLRU-2024-000021,FACTORY,"Factories, Boilers, Industrial Safety and Health",ENT-00047,Nandi Solvents LLP,Nandi Solvents,,"No. 219, B 3rd Phase, Electronic City, Bengaluru Urban, Karnataka - 560100",Electronic City,Bengaluru Urban,BLRU,560100,Ward-192,Bommanahalli,Chemical Blending,Manufacturing,2029,Red,PAN_E7B290F18067E2B8,,,9000372330,,2024-08-13,2025-04-08,DORMANT,52,0-10,2026-01-21,gstin_hash;email
GST-KA-BLRU-2024-000037,GST,GST Taxpayer Registry,ENT-00047,Nandi Solvents LLP,Nandi Solvents,Partner 1,"No. 219, B 3rd Phase, Electronic City, Bengaluru Urban, KA - 560100",Electronic City,Bengaluru Urban,BLRU,560100,Ward-192,Bommanahalli,Chemical Blending,Manufacturing,2029,Red,,GSTIN_BDF0531A1AC60E9E,,9000372330,,2024-07-29,2025-12-25,ACTIVE,52,,2026-03-21,pan_hash;email
PCB/BLRU/CTE/2016/00017,KSPCB,Karnataka State Pollution Control Board,ENT-00047,Nandi Solvents LLP,Nandi Solvents,Owner B,"No 219, B 3rd Phase, Electronic City, B'luru Urban, K'taka - 560100",Electronic City,Bengaluru Urban,BLRU,560100,Ward-192,Bommanahalli,Chemical Blending,Manufacturing,2029,Red,,,,9000372330,,2016-05-04,2020-01-01,CLOSED,52,0-10,2026-04-18,pan_hash;gstin_hash;email
LAB-KA-BLRU-2022-000023,LABOUR,Labour Department,ENT-00047,Nandi Solvents LLP,,,"#219, B 3rd Phase, Electronic City, B'luru Urban, K'taka - 560100",Electronic City,Bengaluru Urban,BLRU,560100,Ward-192,Bommanahalli,Chemical Blending,Manufacturing,2029,Red,,,,9000372330,,2022-01-28,2025-03-31,DORMANT,,0-10,2026-02-18,pan_hash;gstin_hash;email
BBMP-TL-TUMA-2021-000016,BBMP,BBMP Trade Licence,ENT-00048,Bangalore Die Associates,Bangalore Dine Associates,Owner A,"#65, A Near Bus Stop, Antharasanahalli Industrial Area, Tumakuru, Karnataka",Antharasanahalli Industrial Area,Tumakuru,TUM,572106,Ward-T12,Tumakuru,Restaurant / Cafe,Service,5610,Green,,GSTIN_61C9CE29292E03A4,,,,2021-04-08,2025-04-10,DORMANT,180,0-10,2026-01-26,pan_hash;phone;email
KAR-SHOP-TUM-2017-000033,SHOP,Karnataka Shops and Commercial Establishments,ENT-00048,M/S Bangalore Dine Associates,Bangalore Dine Associates,Managing Partner,"#65, A Near Bus Stop, Antharasanahalli Indl Area, Tumakuru, K'taka - 572106",Antharasanahalli Industrial Area,Tumakuru,TUM,572106,Ward-T12,Tumakuru,Restaurant / Cafe,Service,5610,Green,,,,,contact0048@examplebiz.in,2017-09-17,2020-03-25,CLOSED,,0-10,2025-11-24,pan_hash;gstin_hash;phone
KFBIS-FAC-BLRU-2016-000022,FACTORY,"Factories, Boilers, Industrial Safety and Health",ENT-00049,M/S Omkar Pvt Ltd,,,"146, D 3rd Phase, Kalyan Nagar, Bangalore Urban, KA - 560043",Kalyan Nagar,Bengaluru Urban,BLRU,560043,Ward-025,East,Plastic Moulding,Manufacturing,2220,Red,PAN_70288CFE80E73E3E,,UDYAM_9257BA41FA821053,9000388168,,2016-06-21,2018-06-28,CLOSED,180,50-100,2026-02-23,gstin_hash;email
GST-KA-BLRU-2017-000038,GST,GST Taxpayer Registry,ENT-00049,Omkar Pvt Ld,Omkar,,"No. 146, D 3rd Phase, Kalyan Nagar, Bangalore Urban, KA",Kalyan Nagar,Bengaluru Urban,BLRU,560043,Ward-025,East,Plastic Moulding,Manufacturing,2220,Red,PAN_70288CFE80E73E3E,GSTIN_551ED194D61A3A39,UDYAM_9257BA41FA821053,9000388168,,2017-07-19,2020-10-24,CLOSED,,50-100,2026-01-25,email
PCB/BLRU/CTE/2024/00018,KSPCB,Karnataka State Pollution Control Board,ENT-00049,Omkar Pvt Ltd,Omkar,Partner 1,"No. 146, D 3rd Phase, Kalyan Nagar, Bangalore Urban, KA - 560043",Kalyan Nagar,Bengaluru Urban,BLRU,560043,Ward-025,East,Plastic Moulding,Manufacturing,2220,Red,PAN_70288CFE80E73E3E,,,,contact0049@examplebiz.in,2024-03-12,2025-08-24,ACTIVE,180,50-100,2025-12-02,gstin_hash;phone
LAB-KA-BLRU-2024-000024,LABOUR,Labour Department,ENT-00049,Omkar Pvt Ltd,Omkar,,"No 146, D 3rd Phase, Kalyan Nagar, Bangalore Urban, KA - 560043",Kalyan Nagar,Bengaluru Urban,BLRU,560043,Ward-025,East,Plastic Moulding,Manufacturing,2220,Red,,,,9000388168,,2024-08-06,2025-11-14,ACTIVE,,,2026-01-05,pan_hash;gstin_hash;email
KAR-SHOP-BLRU-2021-000034,SHOP,Karnataka Shops and Commercial Establishments,ENT-00049,Omkar Pvt Ltd,Omkar,Managing Partner,"No 146, D 3rd Phase, Kalyan Nagar, B'luru Urban, Karnataka - 560043",Kalyan Nagar,Bengaluru Urban,BLRU,560043,Ward-025,East,Plastic Moulding,Manufacturing,2220,Red,PAN_70288CFE80E73E3E,GSTIN_551ED194D61A3A39,,9000388168,,2021-09-14,2022-09-21,CLOSED,,,2026-02-08,email
UDYAM-KR-BLRU-2022-000026,UDYAM,Udyam / MSME Registry,ENT-00049,M/S Omkar Pvt Ltd,,,"146, D 3rd Phase, Kalyan Nagar, Bengaluru Urban, KA - 560043",Kalyan Nagar,Bengaluru Urban,BLRU,560043,Ward-025,East,Plastic Moulding,Manufacturing,2220,Red,PAN_70288CFE80E73E3E,,UDYAM_9257BA41FA821053,,,2022-03-22,2024-10-12,DORMANT,180,,2026-04-01,gstin_hash;phone;email
GST-KA-BLRU-2025-000039,GST,GST Taxpayer Registry,ENT-00050,Ananya Print Works,ANANYA PRINT WORKS,Owner A,"No 259, Plot Sector, HSR Layout, B'luru Urban, KA - 560102",HSR Layout,Bengaluru Urban,BLRU,560102,Ward-174,Bommanahalli,Printing / Packaging,Manufacturing,1811,Orange,PAN_1824862865ABF30F,GSTIN_ACAA7D7367A1CA14,,,,2025-09-23,2026-04-14,ACTIVE,25,0-10,2025-12-10,phone;email
KAR-SHOP-BLRU-2025-000035,SHOP,Karnataka Shops and Commercial Establishments,ENT-00050,Ananya Print Works,M/S Ananya Print Works,Owner A,"No. 259, Plot Sector, HSR Layout, B'luru Urban, KA - 560102",HSR Layout,Bengaluru Urban,BLRU,560102,Ward-174,Bommanahalli,Printing / Packaging,Manufacturing,1811,Orange,,GSTIN_ACAA7D7367A1CA14,,9000396087,contact0050@examplebiz.in,2025-07-07,2026-04-14,ACTIVE,25,0-10,2026-03-15,pan_hash
UDYAM-KR-BLRU-2019-000027,UDYAM,Udyam / MSME Registry,ENT-00050,Ananya Print Works,Ananya Print Works,Owner B,"259, Plot Sector, HSR Layout, Bengaluru Urban, K'taka - 560102",HSR Layout,Bengaluru Urban,BLRU,560102,Ward-174,Bommanahalli,Printing / Packaging,Manufacturing,1811,Orange,PAN_1824862865ABF30F,GSTIN_ACAA7D7367A1CA14,,9000396087,contact0050@examplebiz.in,2019-01-01,2024-06-22,CLOSED,25,0-10,2026-04-27,
GST-KA-BLRU-2021-000040,GST,GST Taxpayer Registry,ENT-00051,M/S Varun Entp,,Owner B,"#144, Plot Service Road, Bannerghatta Road, B'luru Urban, Karnataka - 560076",Bannerghatta Road,Bengaluru Urban,BLRU,560076,Ward-177,South,Electronics Assembly,Manufacturing,2610,Orange,,,,,,2021-12-15,2023-10-26,DORMANT,,500+,2026-01-31,pan_hash;gstin_hash;phone;email
PCB/BLRU/CTO/2021/00019,KSPCB,Karnataka State Pollution Control Board,ENT-00051,Varun Enterprises,Varun Enterprises,,"No. 144, Plot Service Road, Bannerghatta Road, Bangalore Urban, KA - 560076",Bannerghatta Road,Bengaluru Urban,BLRU,560076,Ward-177,South,Electronics Assembly,Manufacturing,2610,Orange,,,,,,2021-12-20,2023-07-04,CLOSED,18,,2025-11-16,pan_hash;gstin_hash;phone;email
LAB-KA-BLRU-2023-000025,LABOUR,Labour Department,ENT-00051,Varun Entp,Varun Enterprises,,"No. 144, Plot Service Road, Bannerghatta Road, B'luru Urban, Karnataka - 560076",Bannerghatta Road,Bengaluru Urban,BLRU,560076,Ward-177,South,Electronics Assembly,Manufacturing,2610,Orange,,,,,,2023-02-24,2023-12-02,DORMANT,18,500+,2026-04-07,pan_hash;gstin_hash;phone;email
KAR-SHOP-BLRU-2025-000036,SHOP,Karnataka Shops and Commercial Establishments,ENT-00051,M/S Varun Enterprises,Varun Enterrises,Owner A,"No. 144, Plot Service Road, Bannerghatta Road, Bengaluru Urban, K'taka - 560076",Bannerghatta Road,Bengaluru Urban,BLRU,560076,Ward-177,South,Electronics Assembly,Manufacturing,2610,Orange,,,,,,2025-08-03,2026-02-25,ACTIVE,18,500+,2025-11-24,pan_hash;gstin_hash;phone;email
UDYAM-KR-BLRU-2025-000028,UDYAM,Udyam / MSME Registry,ENT-00051,Varun Enterprises,M/S Varun Enterprises,,"No. 144, Plot Service Road, Bannerghatta Road, B'luru Urban, K'taka - 560076",Bannerghatta Road,Bengaluru Urban,BLRU,560076,Ward-177,South,Electronics Assembly,Manufacturing,2610,Orange,,,,,,2025-07-12,2026-02-16,ACTIVE,18,500+,2025-12-05,pan_hash;gstin_hash;phone;email
GST-KA-BLRU-2020-000041,GST,GST Taxpayer Registry,ENT-00052,M/S Naveen Company,M/S Naveen Company,Partner 1,"150, Shed Service Road, Kalyan Nagar, Bengaluru Urban, KA - 560043",Kalyan Nagar,Bengaluru Urban,BLRU,560043,Ward-025,East,Textile / Garments,Manufacturing,1410,Green,PAN_7F27AB95BD05A4AD,,,,,2020-06-05,2020-07-15,CLOSED,10,25-50,2026-01-13,gstin_hash;phone;email
LAB-KA-BLRU-2023-000026,LABOUR,Labour Department,ENT-00052,Naveen Company,M/S Naveen Company,Owner B,"No 150, Shed Service Road, Kalyan Nagar, B'luru Urban, Karnataka - 560043",Kalyan Nagar,Bengaluru Urban,BLRU,560043,Ward-025,East,Textile / Garments,Manufacturing,1410,Green,,,,,,2023-09-15,2025-07-24,ACTIVE,10,,2026-04-16,pan_hash;gstin_hash;phone;email
KAR-SHOP-BLRU-2019-000037,SHOP,Karnataka Shops and Commercial Establishments,ENT-00052,M/S Naveen Company,Naveen Company,Managing Partner,"150, Shed Service Road, Kalyan Nagar, B'luru Urban, K'taka - 560043",Kalyan Nagar,Bengaluru Urban,BLRU,560043,Ward-025,East,Textile / Garments,Manufacturing,1410,Green,PAN_7F27AB95BD05A4AD,,,,,2019-01-21,2022-01-17,CLOSED,10,,2026-01-02,gstin_hash;phone;email
UDYAM-KR-BLRU-2018-000029,UDYAM,Udyam / MSME Registry,ENT-00052,NAVEEN COMPANY,,Partner 1,"No 150, Shed Service Road, Kalyan Nagar, Bengaluru Urban, Karnataka - 560043",Kalyan Nagar,Bengaluru Urban,BLRU,560043,Ward-025,East,Textile / Garments,Manufacturing,1410,Green,,,,,contact0052@examplebiz.in,2018-03-06,2023-01-17,CLOSED,,,2025-11-25,pan_hash;gstin_hash;phone
KFBIS-FAC-BLRU-2015-000023,FACTORY,"Factories, Boilers, Industrial Safety and Health",ENT-00053,M/S Harsha Packaging Enterprises,Harsha Packaging Enterprises,Owner B,"28, Plot 1st Cross, Rajajinagar Industrial Suburb, Bangalore Urban, KA - 560059",Rajajinagar Industrial Suburb,Bengaluru Urban,BLRU,560059,Ward-067,West,Plastic Moulding,Manufacturing,2220,Red,PAN_C2E0BB3AE997AD15,,UDYAM_9F5950A77EE90291,,,2015-04-02,2017-04-06,CLOSED,18,100-500,2025-11-09,gstin_hash;phone;email
PCB/BLRU/CTO/2017/00020,KSPCB,Karnataka State Pollution Control Board,ENT-00053,Harsha Packaging Enterprises,Harsha Packaging Entp,Partner 1,"No. 28, Plot 1st Crs, Rajajinagar Industrial Suburb, Bangalore Urban, K'taka - 560059",Rajajinagar Industrial Suburb,Bengaluru Urban,BLRU,560059,Ward-067,West,Plastic Moulding,Manufacturing,2220,Red,,GSTIN_5C0684CC9D7E8ED6,,,,2017-03-01,2022-08-11,CLOSED,,100-500,2026-01-04,pan_hash;phone;email
LAB-KA-BLRU-2024-000027,LABOUR,Labour Department,ENT-00053,Harsha Packaging Enterprises,M/S Harsha Packaging Enterrises,Owner B,"No 28, Plot 1st Cross, Rajajinagar Industrial Suburb, B'luru Urban, Karnataka - 560059",Rajajinagar Industrial Suburb,Bengaluru Urban,BLRU,560059,Ward-067,West,Plastic Moulding,Manufacturing,2220,Red,PAN_C2E0BB3AE997AD15,GSTIN_5C0684CC9D7E8ED6,,,contact0053@examplebiz.in,2024-01-16,2026-01-10,CLOSED,18,100-500,2026-04-14,phone
KAR-SHOP-BLRU-2021-000038,SHOP,Karnataka Shops and Commercial Establishments,ENT-00053,Harsha Packaging Enterprises,,Director Masked,"No. 28, Plot 1st Crs, Rajajinagar Industrial Suburb, Bangalore Urban, KA",Rajajinagar Industrial Suburb,Bengaluru Urban,BLRU,560059,Ward-067,West,Plastic Moulding,Manufacturing,2220,Red,,,,,,2021-02-10,2025-07-25,ACTIVE,,,2026-03-04,pan_hash;gstin_hash;phone;email
UDYAM-KR-BLRU-2016-000030,UDYAM,Udyam / MSME Registry,ENT-00053,Harsha Packaging Enterprises,Harsha Packaging Enterprises,Owner A,"No 28, Plot 1st Cr, Rajajinagar Industrial Suburb, Bengaluru Urban, K'taka - 560059",Rajajinagar Industrial Suburb,Bengaluru Urban,BLRU,560059,Ward-067,West,Plastic Moulding,Manufacturing,2220,Red,PAN_C2E0BB3AE997AD15,,UDYAM_9F5950A77EE90291,,,2016-05-05,2025-03-11,DORMANT,18,100-500,2026-04-12,gstin_hash;phone;email
GST-KA-BLRU-2020-000042,GST,GST Taxpayer Registry,ENT-00054,Srinidhi Milling Traders,Srinidhi Milling Traders,,"224, Shed Behind Metro, Whitefield, Bangalore Urban, Karnataka - 560037",Whitefield,Bengaluru Urban,BLRU,560037,Ward-085,Mahadevapura,Food Processing,Manufacturing,1030,Orange,,GSTIN_968D82CA0AD4A1F7,,,contact0054@examplebiz.in,2020-10-26,2024-05-17,DORMANT,,,2026-02-11,pan_hash;phone
PCB/BLRU/CTE/2018/00021,KSPCB,Karnataka State Pollution Control Board,ENT-00054,M/S Srinidhi Milling Traders,,,"No 224, Shed Behind Metro, Whitefield, B'luru Urban, Karnataka - 560037",Whitefield,Bengaluru Urban,BLRU,560037,Ward-085,Mahadevapura,Food Processing,Manufacturing,1030,Orange,,,,,,2018-06-07,2025-09-07,ACTIVE,52,50-100,2026-02-12,pan_hash;gstin_hash;phone;email
KAR-SHOP-BLRU-2022-000039,SHOP,Karnataka Shops and Commercial Establishments,ENT-00054,Srinidhi Milling Traders,Srinidhi Milling Trders,,"224, Shed Behind Metro, Whitefield, B'luru Urban, KA - 560037",Whitefield,Bengaluru Urban,BLRU,560037,Ward-085,Mahadevapura,Food Processing,Manufacturing,1030,Orange,,,,9000427763,,2022-12-15,2024-09-25,DORMANT,,50-100,2025-11-08,pan_hash;gstin_hash;email
UDYAM-KR-BLRU-2021-000031,UDYAM,Udyam / MSME Registry,ENT-00054,SRINIDHI MILLING TRADERS,Srinidhi Milling Traders,,"No. 224, Shed Behind Metro, Whitefield, B'luru Urban, K'taka - 560037",Whitefield,Bengaluru Urban,BLRU,560037,Ward-085,Mahadevapura,Food Processing,Manufacturing,1030,Orange,,,UDYAM_CCC56ABB7315DBB3,9000427763,contact0054@examplebiz.in,2021-02-24,2022-12-30,CLOSED,52,50-100,2026-02-06,pan_hash;gstin_hash
KFBIS-FAC-BLRU-2019-000024,FACTORY,"Factories, Boilers, Industrial Safety and Health",ENT-00055,Bharath Machining Company,M/S Bharath Machining Company,Director Masked,"#114, Plot Extension, Rajajinagar Industrial Suburb, Bangalore Urban, K'taka - 560059",Rajajinagar Industrial Suburb,Bengaluru Urban,BLRU,560029,Ward-067,West,Machine Tools,Manufacturing,2819,Orange,PAN_68D96D53458F1A0C,GSTIN_E2E13346CEC78FD1,UDYAM_5E6C9B4E0F32F3FD,9000435682,contact0055@examplebiz.in,2019-06-10,2021-09-24,CLOSED,25,0-10,2025-11-11,pin_drift
GST-KA-BLRU-2016-000043,GST,GST Taxpayer Registry,ENT-00055,Bharath Machining Company,M/S Bharath Machining Company,Partner 1,"No 114, Plot Extension, Rajajinagar Industrial Suburb, Bangalore Urban, KA - 560059",Rajajinagar Industrial Suburb,Bengaluru Urban,BLRU,560059,Ward-067,West,Machine Tools,Manufacturing,2819,Orange,PAN_68D96D53458F1A0C,GSTIN_E2E13346CEC78FD1,UDYAM_5E6C9B4E0F32F3FD,9000435682,,2016-06-09,2019-04-24,CLOSED,25,,2026-02-13,email
PCB/BLRU/CTO/2018/00022,KSPCB,Karnataka State Pollution Control Board,ENT-00055,Bharath Machining Co,,Owner A,"No 114, Plot Extension, Rajajinagar Industrial Suburb, B'luru Urban, K'taka",Rajajinagar Industrial Suburb,Bengaluru Urban,BLRU,560059,Ward-067,West,Machine Tools,Manufacturing,2819,Orange,,GSTIN_E2E13346CEC78FD1,UDYAM_5E6C9B4E0F32F3FD,,contact0055@examplebiz.in,2018-06-17,2022-02-08,CLOSED,,0-10,2026-01-28,pan_hash;phone
LAB-KA-BLRU-2025-000028,LABOUR,Labour Department,ENT-00055,BharathMachining Company,,Owner A,"114, Plot Extension, Rajajinagar Industrial Suburb, Bengaluru Urban, KA - 560059",Rajajinagar Industrial Suburb,Bengaluru Urban,BLRU,560034,Ward-067,West,Machine Tools,Manufacturing,2819,Orange,,,,,,2025-05-15,2025-09-05,ACTIVE,,0-10,2025-12-07,pan_hash;gstin_hash;phone;email;pin_drift
KAR-SHOP-BLRU-2022-000040,SHOP,Karnataka Shops and Commercial Establishments,ENT-00055,Bharath Machining Company,Bharath Machining Co,Managing Partner,"#114, Plot Extension, Rajajinagar Industrial Suburb, B'luru Urban, KA",Rajajinagar Industrial Suburb,Bengaluru Urban,BLRU,560059,Ward-067,West,Machine Tools,Manufacturing,2819,Orange,PAN_68D96D53458F1A0C,,,,,2022-08-23,2026-04-18,ACTIVE,,,2025-12-06,gstin_hash;phone;email
BBMP-TL-SOUT-2019-000017,BBMP,BBMP Trade Licence,ENT-00056,Bharath Graphics Solutions,M/S Bharath Graphics olutions,Owner B,"No. 262, Sector, Jayanagar, Bengaluru Urban, K'taka - 560078",Jayanagar,Bengaluru Urban,BLRU,560078,Ward-168,South,Printing / Packaging,Manufacturing,1811,Orange,PAN_322CC0EAA89F2696,,,,,2019-03-20,2024-12-30,DORMANT,3,500+,2025-12-28,gstin_hash;phone;email
GST-KA-BLRU-2016-000044,GST,GST Taxpayer Registry,ENT-00056,BHARATH GRAPHICS SOLUTIONS,Bharath Grahics Solutions,Owner A,"No. 262, Sector, Jayanagar, Bengaluru Urban, Karnataka - 560078",Jayanagar,Bengaluru Urban,BLRU,560078,Ward-168,South,Printing / Packaging,Manufacturing,1811,Orange,PAN_322CC0EAA89F2696,,,,,2016-01-01,2025-12-09,ACTIVE,3,,2025-11-14,gstin_hash;phone;email
KAR-SHOP-BLRU-2015-000041,SHOP,Karnataka Shops and Commercial Establishments,ENT-00056,Bharath Graphics Solutions,Bharath Graphics Solutions,Partner 1,"No 262, Sector, Jayanagar, Bangalore Urban, Karnataka",Jayanagar,Bengaluru Urban,BLRU,560078,Ward-168,South,Printing / Packaging,Manufacturing,1811,Orange,,,,,,2015-10-24,2020-06-11,CLOSED,3,,2025-11-23,pan_hash;gstin_hash;phone;email
KFBIS-FAC-MYS-2018-000025,FACTORY,"Factories, Boilers, Industrial Safety and Health",ENT-00057,M/S Prakruthi Electronics Industries,,Owner B,"No 8, Plot Main Road, Hebbal Industrial Area, Mysuru, K'taka - 570016",Hebbal Industrial Area,Mysuru,MYS,570016,Ward-M21,North,Electronics Assembly,Manufacturing,2610,Orange,,,,9000451520,,2018-01-30,2023-12-13,DORMANT,,,2026-04-13,pan_hash;gstin_hash;email
GST-KA-MYS-2023-000045,GST,GST Taxpayer Registry,ENT-00057,Pakruthi Electronics Industries,Prakruthi Electronics Inds,,"#8, Plot Main Rd, Hebbal Industrial Estate, Mysuru, KA - 570016",Hebbal Industrial Area,Mysuru,MYS,570016,Ward-M21,North,Electronics Assembly,Manufacturing,2610,Orange,PAN_DEC80A701A04C393,GSTIN_487CE3E3650EC8AB,,9000451520,contact0057@examplebiz.in,2023-08-09,2024-11-27,DORMANT,52,,2025-12-20,
KAR-SHOP-MYS-2016-000042,SHOP,Karnataka Shops and Commercial Establishments,ENT-00057,M/S Prakruthi Electronics Industries,Prakruthi Electronics Industries,,"No 8, Plot Main Rd, Hebbal Industrial Estate, Mysuru, KA - 570016",Hebbal Industrial Area,Mysuru,MYS,570016,Ward-M21,North,Electronics Assembly,Manufacturing,2610,Orange,,GSTIN_487CE3E3650EC8AB,,,contact0057@examplebiz.in,2016-03-18,2024-01-18,DORMANT,52,,2026-04-27,pan_hash;phone
UDYAM-KR-MYS-2024-000032,UDYAM,Udyam / MSME Registry,ENT-00057,M/S Prakruthi Electronics Industries,,Owner B,"8, Plot Main Rd, Hebbal Industrial Area, Mysuru, K'taka - 570016",Hebbal Industrial Area,Mysuru,MYS,570016,Ward-M21,North,Electronics Assembly,Manufacturing,2610,Orange,PAN_DEC80A701A04C393,GSTIN_487CE3E3650EC8AB,,,,2024-11-08,2025-12-09,ACTIVE,52,10-25,2026-03-26,phone;email
GST-KA-BLRU-2015-000046,GST,GST Taxpayer Registry,ENT-00058,Siddhi Systems LLP,Siddhi Systems,Partner 1,"No 285, D Extension, Kalyan Nagar, Bengaluru Urban, KA - 560043",Kalyan Nagar,Bengaluru Urban,BLRU,560059,Ward-025,East,Electronics Assembly,Manufacturing,2610,Orange,PAN_61DDEBCDB1F47867,GSTIN_F539CE4A9173FAE5,,,,2015-01-01,2018-07-31,CLOSED,,0-10,2026-04-19,phone;email;pin_drift
PCB/BLRU/CTO/2017/00023,KSPCB,Karnataka State Pollution Control Board,ENT-00058,Siddhi Systems LLP,Siddhi Systems,Managing Partner,"No 285, D Extension, Kalyan Nagar, Bangalore Urban, Karnataka - 560043",Kalyan Nagar,Bengaluru Urban,BLRU,560043,Ward-025,East,Electronics Assembly,Manufacturing,2610,Orange,,GSTIN_F539CE4A9173FAE5,,,,2017-02-10,2019-07-08,CLOSED,180,,2025-11-13,pan_hash;phone;email
LAB-KA-BLRU-2021-000029,LABOUR,Labour Department,ENT-00058,Siddhi Systems LLP,,Owner B,"#285, D Extension, Kalyan Nagar, Bengaluru Urban, Karnataka - 560043",Kalyan Nagar,Bengaluru Urban,BLRU,560043,Ward-025,East,Electronics Assembly,Manufacturing,2610,Orange,,GSTIN_F539CE4A9173FAE5,,9000459439,,2021-06-20,2026-04-06,ACTIVE,180,,2026-02-04,pan_hash;email
KAR-SHOP-BLRU-2019-000043,SHOP,Karnataka Shops and Commercial Establishments,ENT-00058,M/S Siddhi Systems LLP,Siddhi Systems,,"285, D Extension, Kalyan Nagar, Bengaluru Urban, KA - 560043",Kalyan Nagar,Bengaluru Urban,BLRU,560043,Ward-025,East,Electronics Assembly,Manufacturing,2610,Orange,PAN_61DDEBCDB1F47867,,,9000459439,,2019-01-13,2023-05-14,DORMANT,180,,2026-04-30,gstin_hash;email
UDYAM-KR-BLRU-2018-000033,UDYAM,Udyam / MSME Registry,ENT-00058,Siddhi Systems LLP,,Owner A,"No. 285, D Extension, Kalyan Nagar, Bengaluru Urban, KA - 560043",Kalyan Nagar,Bengaluru Urban,BLRU,560043,Ward-025,East,Electronics Assembly,Manufacturing,2610,Orange,PAN_61DDEBCDB1F47867,,UDYAM_AA29C8091FE94621,9000459439,,2018-03-23,2021-11-19,CLOSED,,0-10,2025-12-15,gstin_hash;email
BBMP-TL-SOUT-2020-000018,BBMP,BBMP Trade Licence,ENT-00059,Bangalore Apparels Company,M/S Bangalore Apparels Company,Owner A,"249, D 3rd Phase, Nanjangud Road, Mysuru, Karnataka - 570018",Nanjangud Road,Mysuru,MYS,570018,Ward-M32,South,Textile / Garments,Manufacturing,1410,Green,,,,,contact0059@examplebiz.in,2020-04-06,2023-05-23,CLOSED,4,,2026-01-01,pan_hash;gstin_hash;phone
KFBIS-FAC-MYS-2019-000026,FACTORY,"Factories, Boilers, Industrial Safety and Health",ENT-00059,Bangalore Apparels Company,,Owner A,"No. 249, D 3rd Phase, Nanjangud Road, Mysuru, Karnataka - 570018",Nanjangud Road,Mysuru,MYS,570018,Ward-M32,South,Textile / Garments,Manufacturing,1410,Green,,,,,contact0059@examplebiz.in,2019-08-31,2020-09-28,CLOSED,4,10-25,2025-12-25,pan_hash;gstin_hash;phone
GST-KA-MYS-2024-000047,GST,GST Taxpayer Registry,ENT-00059,Bangalore Apparels Company,BANGALORE APPARELS COMPANY,Director Masked,"No. 249, D 3rd Phase, Nanjangud Road, Mysuru, Karnataka - 570018",Nanjangud Road,Mysuru,MYS,570018,Ward-M32,South,Textile / Garments,Manufacturing,1410,Green,,,,,,2024-10-18,2025-05-10,ACTIVE,,,2026-02-05,pan_hash;gstin_hash;phone;email
BBMP-TL-BENG-2016-000019,BBMP,BBMP Trade Licence,ENT-00060,Veda Stitch LLP,,Owner A,"#147, A Main Rd, Hoskote, Bengaluru Rural, K'taka - 562114",Hoskote,Bengaluru Rural,BLRR,562114,Ward-R04,Bengaluru Rural,Textile / Garments,Manufacturing,1410,Green,,,,9000475277,,2016-07-26,2020-05-11,CLOSED,,50-100,2026-03-26,pan_hash;gstin_hash;email
KFBIS-FAC-BLRR-2022-000027,FACTORY,"Factories, Boilers, Industrial Safety and Health",ENT-00060,Veda Stitch LLP,Veda Stitch,Director Masked,"147, A Mn Rd, Hoskote, Bengaluru Rural, Karnataka - 562114",Hoskote,Bengaluru Rural,BLRR,562114,Ward-R04,Bengaluru Rural,Textile / Garments,Manufacturing,1410,Green,,,,9000475277,,2022-08-31,2023-06-02,DORMANT,52,,2026-01-21,pan_hash;gstin_hash;email
GST-KA-BLRR-2025-000048,GST,GST Taxpayer Registry,ENT-00060,Veda Stitch LLP,Veda Stitch,Managing Partner,"147, A Main Road, Hoskote, Bengaluru Rural, Karnataka - 562114",Hoskote,Bengaluru Rural,BLRR,562114,Ward-R04,Bengaluru Rural,Textile / Garments,Manufacturing,1410,Green,PAN_53DFB287DCA51FAF,GSTIN_EA2375D973EC6B1C,,9000475277,contact0060@examplebiz.in,2025-05-24,2026-04-11,ACTIVE,,50-100,2026-05-01,
PCB/BLRR/CTE/2019/00024,KSPCB,Karnataka State Pollution Control Board,ENT-00060,M/S Veda Stitch LLP,Veda Stitch,Managing Partner,"#147, A Mn Rd, Hoskote, Bengaluru Rural, Karnataka - 562114",Hoskote,Bengaluru Rural,BLRR,562114,Ward-R04,Bengaluru Rural,Textile / Garments,Manufacturing,1410,Green,PAN_53DFB287DCA51FAF,,,9000475277,,2019-09-03,2021-07-16,CLOSED,,50-100,2025-11-21,gstin_hash;email
LAB-KA-BLRR-2017-000030,LABOUR,Labour Department,ENT-00060,Veda Stitch LLP,M/S Veda Stitch,Owner B,"No 147, A Main Rd, Hoskote, B'luru Rural, Karnataka - 562114",Hoskote,Bengaluru Rural,BLRR,562114,Ward-R04,Bengaluru Rural,Textile / Garments,Manufacturing,1410,Green,,,,9000475277,contact0060@examplebiz.in,2017-12-04,2018-07-25,CLOSED,52,50-100,2025-12-26,pan_hash;gstin_hash
KAR-SHOP-BLRR-2017-000044,SHOP,Karnataka Shops and Commercial Establishments,ENT-00060,Veda Stitch LLP,Veda Stitch,Managing Partner,"No 147, A Mn Rd, Hoskote, Bengaluru Rural, KA - 562114",Hoskote,Bengaluru Rural,BLRR,562114,Ward-R04,Bengaluru Rural,Textile / Garments,Manufacturing,1410,Green,PAN_53DFB287DCA51FAF,,,9000475277,,2017-08-29,2019-09-14,CLOSED,52,,2026-03-05,gstin_hash;email
UDYAM-KR-BLRR-2023-000034,UDYAM,Udyam / MSME Registry,ENT-00060,M/S Veda Stitch LLP,Veda Stitch,Partner 1,"No 147, A Main Road, Hoskote, B'luru Rural, KA - 562114",Hoskote,Bengaluru Rural,BLRR,562114,Ward-R04,Bengaluru Rural,Textile / Garments,Manufacturing,1410,Green,PAN_53DFB287DCA51FAF,,,9000475277,contact0060@examplebiz.in,2023-11-05,2025-05-06,ACTIVE,,,2025-11-27,gstin_hash
KFBIS-FAC-BLRR-2025-000028,FACTORY,"Factories, Boilers, Industrial Safety and Health",ENT-00061,Srinidhi Labs Industries,M/S Srinidhi Labs Industries,,"No. 287, A Main Rd, Hoskote, Bengaluru Rural, KA - 562114",Hoskote,Bengaluru Rural,BLRR,562114,Ward-R04,Bengaluru Rural,Chemical Blending,Manufacturing,2029,Red,,,,9000483196,,2025-02-28,2026-02-26,CLOSED,12,25-50,2026-03-09,pan_hash;gstin_hash;email
GST-KA-BLRR-2018-000049,GST,GST Taxpayer Registry,ENT-00061,M/S Srinidhi Labs Industries,,Director Masked,"#287, A Main Rd, Hoskote, Bengaluru Rural, KA - 562114",Hoskote,Bengaluru Rural,BLRR,562114,Ward-R04,Bengaluru Rural,Chemical Blending,Manufacturing,2029,Red,PAN_77A5109E48B40F39,,,9000483196,,2018-11-13,2021-07-22,CLOSED,,,2025-12-26,gstin_hash;email
PCB/BLRR/CTO/2024/00025,KSPCB,Karnataka State Pollution Control Board,ENT-00061,Srinidhi Labs Industries,Srinidhi Labs Industries,,"No. 287, A Main Road, Hoskote, B'luru Rural, K'taka",Hoskote,Bengaluru Rural,BLRR,562114,Ward-R04,Bengaluru Rural,Chemical Blending,Manufacturing,2029,Red,,,,,,2024-01-31,2024-06-11,DORMANT,12,25-50,2026-01-07,pan_hash;gstin_hash;phone;email
LAB-KA-BLRR-2021-000031,LABOUR,Labour Department,ENT-00061,Srinidhi Labs Industries,Srinidhi abs Industries,Managing Partner,"#287, A Main Rd, Hoskote, Bengaluru Rural, K'taka",Hoskote,Bengaluru Rural,BLRR,562114,Ward-R04,Bengaluru Rural,Chemical Blending,Manufacturing,2029,Red,PAN_77A5109E48B40F39,,UDYAM_A50694DD57023F70,,,2021-02-01,2022-12-14,CLOSED,,25-50,2026-04-08,gstin_hash;phone;email
BBMP-TL-DASA-2021-000020,BBMP,BBMP Trade Licence,ENT-00062,M/S Veda Pharma Associates,,Managing Partner,"152, Mn Rd, Peenya Industrial Area, Bengaluru Urban, K'taka - 560058",Peenya Industrial Area,Bengaluru Urban,BLRU,560058,Ward-038,Dasarahalli,Pharmacy / Medical Retail,Retail,4772,Green,,,,9000491115,,2021-01-27,2023-01-19,CLOSED,12,25-50,2025-12-29,pan_hash;gstin_hash;email
UDYAM-KR-BLRU-2018-000035,UDYAM,Udyam / MSME Registry,ENT-00062,Veda Pharma Associates,Veda Pharma Associates,Partner 1,"#152, Mn Rd, Peenya Indl Area, Bengaluru Urban, Karnataka - 560058",Peenya Industrial Area,Bengaluru Urban,BLRU,560058,Ward-038,Dasarahalli,Pharmacy / Medical Retail,Retail,4772,Green,PAN_0B4A08BC3363755D,GSTIN_AE43FA27C2AF5156,,9000491115,,2018-03-20,2020-12-01,CLOSED,12,25-50,2025-12-27,email
KFBIS-FAC-TUM-2023-000029,FACTORY,"Factories, Boilers, Industrial Safety and Health",ENT-00063,Lakshmi Graphics Works,Lakshmi Graphics Works,,"#278, Plot Near Bus Stop, BH Road, Tumakuru, KA - 572101",BH Road,Tumakuru,TUM,572101,Ward-T01,Tumakuru,Printing / Packaging,Manufacturing,1811,Orange,,,,,,2023-09-12,2026-02-11,ACTIVE,52,,2026-04-21,pan_hash;gstin_hash;phone;email
GST-KA-TUM-2020-000050,GST,GST Taxpayer Registry,ENT-00063,M/S Lakshmi Graphics Works,,Director Masked,"No 278, Plot Near Bus Stop, BH Road, Tumakuru, KA - 572101",BH Road,Tumakuru,TUM,572101,Ward-T01,Tumakuru,Printing / Packaging,Manufacturing,1811,Orange,,,,,,2020-05-16,2025-02-19,DORMANT,52,,2026-04-08,pan_hash;gstin_hash;phone;email
PCB/TUM/CTO/2015/00026,KSPCB,Karnataka State Pollution Control Board,ENT-00063,M/S Lakshmi Graphics Works,Lakshmi Graphics Works,Managing Partner,"278, Plot Near Bus Stop, BH Road, Tumakuru, Karnataka - 572101",BH Road,Tumakuru,TUM,572106,Ward-T01,Tumakuru,Printing / Packaging,Manufacturing,1811,Orange,,,,,,2015-02-24,2015-07-27,CLOSED,52,,2026-04-13,pan_hash;gstin_hash;phone;email;pin_drift
KFBIS-FAC-BLRU-2023-000030,FACTORY,"Factories, Boilers, Industrial Safety and Health",ENT-00064,M/S Veda Devices Co,Veda Devices Co,,"No 236, B Industrial Layout, Koramangala, Bengaluru Urban, Karnataka - 560034",Koramangala,Bengaluru Urban,BLRU,560034,Ward-151,South-East,Electronics Assembly,Manufacturing,2610,Orange,,,,,,2023-10-18,2024-11-01,DORMANT,180,,2026-03-26,pan_hash;gstin_hash;phone;email
GST-KA-BLRU-2021-000051,GST,GST Taxpayer Registry,ENT-00064,M/S Veda Devices Co,Veda Devices Co,Owner A,"No 236, B Industrial Layout, Koramangala, Bengaluru Urban, K'taka - 560034",Koramangala,Bengaluru Urban,BLRU,560034,Ward-151,South-East,Electronics Assembly,Manufacturing,2610,Orange,PAN_351DA89F823C2212,GSTIN_7194B9F03832CED0,,,,2021-12-22,2022-10-05,CLOSED,180,,2026-02-23,phone;email
PCB/BLRU/CTO/2025/00027,KSPCB,Karnataka State Pollution Control Board,ENT-00064,Veda Devices Co,Veda Devices Co,Owner A,"#236, B Industrial Layout, Koramangala, Bangalore Urban, Karnataka - 560034",Koramangala,Bengaluru Urban,BLRU,560034,Ward-151,South-East,Electronics Assembly,Manufacturing,2610,Orange,PAN_351DA89F823C2212,GSTIN_7194B9F03832CED0,,,,2025-01-20,2025-10-05,ACTIVE,,10-25,2026-02-24,phone;email
LAB-KA-BLRU-2020-000032,LABOUR,Labour Department,ENT-00064,M/S Veda Devices Co,Veda Devices Co,,"#236, B Industrial Layout, Koramangala, Bangalore Urban, KA - 560034",Koramangala,Bengaluru Urban,BLRU,560034,Ward-151,South-East,Electronics Assembly,Manufacturing,2610,Orange,,,,,,2020-12-24,2023-01-09,CLOSED,180,10-25,2026-04-09,pan_hash;gstin_hash;phone;email
KAR-SHOP-BLRU-2017-000045,SHOP,Karnataka Shops and Commercial Establishments,ENT-00064,Veda Devices Co,,Owner A,"No 236, B Industrial Layout, Koramangala, Bangalore Urban, Karnataka - 560034",Koramangala,Bengaluru Urban,BLRU,560034,Ward-151,South-East,Electronics Assembly,Manufacturing,2610,Orange,PAN_351DA89F823C2212,,,,,2017-10-17,2024-01-20,DORMANT,,10-25,2026-02-06,gstin_hash;phone;email
UDYAM-KR-BLRU-2017-000036,UDYAM,Udyam / MSME Registry,ENT-00064,VEDA DEVICES CO,VedaDevices Co,Managing Partner,"No. 236, B Industrial Layout, Koramangala, Bangalore Urban, K'taka - 560034",Koramangala,Bengaluru Urban,BLRU,560034,Ward-151,South-East,Electronics Assembly,Manufacturing,2610,Orange,PAN_351DA89F823C2212,GSTIN_7194B9F03832CED0,,,contact0064@examplebiz.in,2017-05-02,2021-04-02,CLOSED,180,,2026-02-22,phone
GST-KA-BLRU-2020-000052,GST,GST Taxpayer Registry,ENT-00065,M/S Sri Agro Industries,M/S Sri Agro Inds,Director Masked,"No 275, 1st Cross, Bannerghatta Road, Bangalore Urban, Karnataka - 560076",Bannerghatta Road,Bengaluru Urban,BLRU,560076,Ward-177,South,Food Processing,Manufacturing,1030,Orange,PAN_3951A0735074896F,GSTIN_1B382335B1118E29,,9000514872,contact0065@examplebiz.in,2020-09-28,2020-12-03,CLOSED,5,50-100,2025-12-15,
KAR-SHOP-BLRU-2018-000046,SHOP,Karnataka Shops and Commercial Establishments,ENT-00065,M/S Sri Agro Industries,Sri Agro Industries,Partner 1,"275, 1st Crs, Bannerghatta Road, Bengaluru Urban, K'taka - 560076",Bannerghatta Road,Bengaluru Urban,BLRU,560076,Ward-177,South,Food Processing,Manufacturing,1030,Orange,PAN_3951A0735074896F,,,,,2018-03-17,2024-08-22,DORMANT,,,2026-02-26,gstin_hash;phone;email
UDYAM-KR-BLRU-2016-000037,UDYAM,Udyam / MSME Registry,ENT-00065,Sri Agro Industries,Sri Agro ndustries,Owner A,"No. 275, 1st Crs, Bannerghatta Road, B'luru Urban, KA - 560076",Bannerghatta Road,Bengaluru Urban,BLRU,560076,Ward-177,South,Food Processing,Manufacturing,1030,Orange,PAN_3951A0735074896F,,UDYAM_80ADFB464FD6712E,,,2016-09-04,2020-01-24,CLOSED,5,,2026-02-24,gstin_hash;phone;email
BBMP-TL-BOMM-2016-000021,BBMP,BBMP Trade Licence,ENT-00066,Sree Dine Co,Sree Dine Co,,"#152, B Main Rd, HSR Layout, Bengaluru Urban, Karnataka - 560102",HSR Layout,Bengaluru Urban,BLRU,560102,Ward-174,Bommanahalli,Restaurant / Cafe,Service,5610,Green,,,UDYAM_60CADBD908A8652C,,,2016-04-14,2023-02-04,CLOSED,25,100-500,2026-02-23,pan_hash;gstin_hash;phone;email
LAB-KA-BLRU-2018-000033,LABOUR,Labour Department,ENT-00066,Sree Dine Co,Sree Dine Co,,"No 152, B Main Road, HSR Layout, Bengaluru Urban, K'taka - 560102",HSR Layout,Bengaluru Urban,BLRU,560102,Ward-174,Bommanahalli,Restaurant / Cafe,Service,5610,Green,,,,,,2018-07-24,2020-07-02,CLOSED,,,2025-12-20,pan_hash;gstin_hash;phone;email
KAR-SHOP-BLRU-2017-000047,SHOP,Karnataka Shops and Commercial Establishments,ENT-00066,Sree Dine Co,Sree Dine Co,Director Masked,"152, B Main Road, HSR Layout, Bangalore Urban, KA - 560102",HSR Layout,Bengaluru Urban,BLRU,560102,Ward-174,Bommanahalli,Restaurant / Cafe,Service,5610,Green,,,,,,2017-06-28,2019-03-18,CLOSED,25,,2026-01-08,pan_hash;gstin_hash;phone;email
GST-KA-BLRU-2020-000053,GST,GST Taxpayer Registry,ENT-00067,Sahana Meds Enterprises,SAHANA MEDS ENTERPRISES,Director Masked,"No 28, D 1st Cr, BTM Layout, B'luru Urban, K'taka - 560029",BTM Layout,Bengaluru Urban,BLRU,560102,Ward-176,South,Pharmacy / Medical Retail,Retail,4772,Green,,,,9000530710,,2020-12-24,2022-09-23,CLOSED,18,,2026-01-08,pan_hash;gstin_hash;email;pin_drift
KAR-SHOP-BLRU-2018-000048,SHOP,Karnataka Shops and Commercial Establishments,ENT-00067,M/S Sahana Meds Entp,Sahana Meds Enterprises,Owner A,"#28, D 1st Cr, BTM Layout, Bengaluru Urban, Karnataka - 560029",BTM Layout,Bengaluru Urban,BLRU,560029,Ward-176,South,Pharmacy / Medical Retail,Retail,4772,Green,,,,9000530710,,2018-08-06,2019-06-28,CLOSED,18,50-100,2026-02-23,pan_hash;gstin_hash;email
UDYAM-KR-BLRU-2018-000038,UDYAM,Udyam / MSME Registry,ENT-00067,M/S Sahana Meds Enterprises,SAHANA MEDS ENTERPRISES,Owner A,"28, D 1st Cr, BTM Layout, Bangalore Urban, Karnataka - 560029",BTM Layout,Bengaluru Urban,BLRU,560029,Ward-176,South,Pharmacy / Medical Retail,Retail,4772,Green,,,,9000530710,contact0067@examplebiz.in,2018-08-18,2019-10-09,CLOSED,,,2026-03-31,pan_hash;gstin_hash
BBMP-TL-CENT-2019-000022,BBMP,BBMP Trade Licence,ENT-00068,Vijaya Bites Industries,Vijaya Bites Industries,,"100, Plot 1st Cross, Devaraja Mohalla, Mysuru, Karnataka - 570001",Devaraja Mohalla,Mysuru,MYS,570001,Ward-M01,Central,Restaurant / Cafe,Service,5610,Green,,,,9000538629,,2019-09-24,2020-10-03,CLOSED,8,0-10,2025-12-24,pan_hash;gstin_hash;email
KAR-SHOP-MYS-2022-000049,SHOP,Karnataka Shops and Commercial Establishments,ENT-00068,Vijaya Bites Idustries,Vijaya Bites Industries,Director Masked,"100, Plot 1st Cr, Devaraja Mohalla, Mysuru, Karnataka - 570001",Devaraja Mohalla,Mysuru,MYS,570001,Ward-M01,Central,Restaurant / Cafe,Service,5610,Green,,,,9000538629,,2022-08-15,2025-04-28,DORMANT,8,0-10,2026-03-20,pan_hash;gstin_hash;email
BBMP-TL-WEST-2020-000023,BBMP,BBMP Trade Licence,ENT-00069,Ravi Health Traders,Ravi Health Traders,Director Masked,"85, Shed Main Road, Rajajinagar Industrial Suburb, Bengaluru Urban, Karnataka - 560059",Rajajinagar Industrial Suburb,Bengaluru Urban,BLRU,560059,Ward-067,West,Pharmacy / Medical Retail,Retail,4772,Green,,,,,contact0069@examplebiz.in,2020-06-18,2025-12-04,ACTIVE,12,,2026-01-23,pan_hash;gstin_hash;phone
GST-KA-BLRU-2016-000054,GST,GST Taxpayer Registry,ENT-00070,Sri Spices Solutions,M/S SRI SPICES SOLUTIONS,Partner 1,"No. 22, Sector, MG Road, B'luru Urban, KA - 560001",MG Road,Bengaluru Urban,BLRU,560001,Ward-111,East,Food Processing,Manufacturing,1030,Orange,,GSTIN_6C62F1DB040BC3E6,UDYAM_ED3F9A7D056CD250,9000554467,,2016-07-18,2019-01-20,CLOSED,85,0-10,2025-12-19,pan_hash;email
PCB/BLRU/CTE/2020/00028,KSPCB,Karnataka State Pollution Control Board,ENT-00070,Sri Spices Solutions,Sri Spices Solutions,Director Masked,"No 22, Sector, MG Road, Bangalore Urban, K'taka - 560001",MG Road,Bengaluru Urban,BLRU,560001,Ward-111,East,Food Processing,Manufacturing,1030,Orange,PAN_044439DBFC5F5D89,,UDYAM_ED3F9A7D056CD250,,,2020-02-16,2024-01-05,DORMANT,85,,2026-01-04,gstin_hash;phone;email
KAR-SHOP-BLRU-2017-000050,SHOP,Karnataka Shops and Commercial Establishments,ENT-00070,Sri Spices Solutions,Sri Spices Solutions,Owner B,"No. 22, Sector, MG Road, B'luru Urban, KA - 560001",MG Road,Bengaluru Urban,BLRU,560001,Ward-111,East,Food Processing,Manufacturing,1030,Orange,,,,,,2017-08-21,2020-12-07,CLOSED,,,2026-02-19,pan_hash;gstin_hash;phone;email
KFBIS-FAC-TUM-2018-000031,FACTORY,"Factories, Boilers, Industrial Safety and Health",ENT-00071,Prakruthi CNC LLP,Prakruthi CNC,,"3, A Behind Metro, Antharasanahalli Industrial Area, Tumakuru, Karnataka - 572106",Antharasanahalli Industrial Area,Tumakuru,TUM,572106,Ward-T12,Tumakuru,Machine Tools,Manufacturing,2819,Orange,,,,9000562386,,2018-01-29,2021-11-05,CLOSED,8,,2026-01-29,pan_hash;gstin_hash;email
GST-KA-TUM-2025-000055,GST,GST Taxpayer Registry,ENT-00071,M/S Prakruthi CNC LLP,PRAKRUTHI CNC,Partner 1,"No. 3, A Behind Metro, Antharasanahalli Indl Area, Tumakuru, Karnataka - 572106",Antharasanahalli Industrial Area,Tumakuru,TUM,572106,Ward-T12,Tumakuru,Machine Tools,Manufacturing,2819,Orange,,GSTIN_06336E828E872AF8,,9000562386,contact0071@examplebiz.in,2025-01-08,2026-03-01,ACTIVE,8,,2026-03-05,pan_hash
PCB/TUM/CTO/2024/00029,KSPCB,Karnataka State Pollution Control Board,ENT-00071,Prakruthi CNC LLP,Praruthi CNC,Owner A,"No. 3, A Behind Metro, Antharasanahalli Industrial Area, Tumakuru, KA - 572106",Antharasanahalli Industrial Area,Tumakuru,TUM,572106,Ward-T12,Tumakuru,Machine Tools,Manufacturing,2819,Orange,PAN_F70D36755C5937CA,,,9000562386,contact0071@examplebiz.in,2024-04-02,2026-03-19,ACTIVE,8,,2026-01-06,gstin_hash
LAB-KA-TUM-2023-000034,LABOUR,Labour Department,ENT-00071,Prakruthi CNCLLP,Prakruthi CNC,,"No 3, A Behind Metro, Antharasanahalli Indl Area, Tumakuru, K'taka - 572106",Antharasanahalli Industrial Area,Tumakuru,TUM,572106,Ward-T12,Tumakuru,Machine Tools,Manufacturing,2819,Orange,,,,,contact0071@examplebiz.in,2023-03-30,2025-08-23,ACTIVE,8,,2026-05-01,pan_hash;gstin_hash;phone
KAR-SHOP-TUM-2015-000051,SHOP,Karnataka Shops and Commercial Establishments,ENT-00071,Prakruth CNC LLP,Prakruthi CNC,Managing Partner,"No 3, A Behind Metro, Antharasanahalli Industrial Area, Tumakuru, KA",Antharasanahalli Industrial Area,Tumakuru,TUM,572106,Ward-T12,Tumakuru,Machine Tools,Manufacturing,2819,Orange,,GSTIN_06336E828E872AF8,,9000562386,,2015-11-06,2026-04-27,ACTIVE,,0-10,2025-12-21,pan_hash;email
UDYAM-KR-TUM-2024-000039,UDYAM,Udyam / MSME Registry,ENT-00071,Prakruthi CNC LLP,Prakruthi CNC,Managing Partner,"No. 3, A Behind Metro, Antharasanahalli Indl Area, Tumakuru, K'taka - 572106",Antharasanahalli Industrial Area,Tumakuru,TUM,572106,Ward-T12,Tumakuru,Machine Tools,Manufacturing,2819,Orange,,,,9000562386,,2024-09-26,2025-10-15,ACTIVE,8,0-10,2025-11-06,pan_hash;gstin_hash;email
KFBIS-FAC-BLRU-2019-000032,FACTORY,"Factories, Boilers, Industrial Safety and Health",ENT-00072,Siddhi Bakery LLP,,Partner 1,"No. 83, A Main Road, Bannerghatta Road, Bangalore Urban, Karnataka - 560076",Bannerghatta Road,Bengaluru Urban,BLRU,560076,Ward-177,South,Food Processing,Manufacturing,1030,Orange,,,,,,2019-11-02,2021-05-22,CLOSED,8,,2025-11-15,pan_hash;gstin_hash;phone;email
GST-KA-BLRU-2020-000056,GST,GST Taxpayer Registry,ENT-00072,SIDDHI BAKERY LLP,M/S Siddhi Bakery,,"#83, A Main Rd, Bannerghatta Road, Bengaluru Urban, KA - 560076",Bannerghatta Road,Bengaluru Urban,BLRU,560076,Ward-177,South,Food Processing,Manufacturing,1030,Orange,PAN_1C5AC8317B27E0E0,,,,,2020-11-17,2022-08-16,CLOSED,,,2025-12-29,gstin_hash;phone;email
KFBIS-FAC-BLRU-2022-000033,FACTORY,"Factories, Boilers, Industrial Safety and Health",ENT-00073,Srinidhi Company,M/S Srinidhi Company,Managing Partner,"#297, D 1st Cr, Whitefield, Bangalore Urban, Karnataka - 560037",Whitefield,Bengaluru Urban,BLRU,560037,Ward-085,Mahadevapura,Plastic Moulding,Manufacturing,2220,Red,PAN_16FFF79FDBB72FE8,,,9000578224,,2022-07-12,2024-01-05,DORMANT,,,2026-04-18,gstin_hash;email
GST-KA-BLRU-2023-000057,GST,GST Taxpayer Registry,ENT-00073,Srinidhi Co,SRINIDHI COMPANY,,"#297, D 1st Cr, Whitefield, B'luru Urban, K'taka - 560037",Whitefield,Bengaluru Urban,BLRU,560037,Ward-085,Mahadevapura,Plastic Moulding,Manufacturing,2220,Red,PAN_16FFF79FDBB72FE8,,,9000578224,,2023-01-17,2025-02-20,DORMANT,52,,2026-02-06,gstin_hash;email
PCB/BLRU/CTE/2023/00030,KSPCB,Karnataka State Pollution Control Board,ENT-00073,M/S Srinidhi Co,Srinidhi Company,Owner A,"No 297, D 1st Cr, Whitefield, Bengaluru Urban, Karnataka",Whitefield,Bengaluru Urban,BLRU,560037,Ward-085,Mahadevapura,Plastic Moulding,Manufacturing,2220,Red,PAN_16FFF79FDBB72FE8,,,,contact0073@examplebiz.in,2023-07-23,2024-08-11,DORMANT,,,2026-01-16,gstin_hash;phone
KAR-SHOP-BLRU-2021-000052,SHOP,Karnataka Shops and Commercial Establishments,ENT-00073,M/S Srinidhi Co,Srinidhi Company,,"No. 297, D 1st Crs, Whitefield, B'luru Urban, K'taka - 560037",Whitefield,Bengaluru Urban,BLRU,560037,Ward-085,Mahadevapura,Plastic Moulding,Manufacturing,2220,Red,PAN_16FFF79FDBB72FE8,,,9000578224,contact0073@examplebiz.in,2021-09-02,2024-10-11,DORMANT,52,25-50,2026-01-18,gstin_hash
UDYAM-KR-BLRU-2024-000040,UDYAM,Udyam / MSME Registry,ENT-00073,SRINIDHI COMPANY,M/S SRINIDHI COMPANY,Managing Partner,"No. 297, D 1st Cr, Whitefield, Bengaluru Urban, K'taka - 560037",Whitefield,Bengaluru Urban,BLRU,560037,Ward-085,Mahadevapura,Plastic Moulding,Manufacturing,2220,Red,PAN_16FFF79FDBB72FE8,,,9000578224,,2024-08-05,2026-04-10,ACTIVE,52,25-50,2025-12-01,gstin_hash;email
BBMP-TL-SOUT-2022-000024,BBMP,BBMP Trade Licence,ENT-00074,M/S Kaveri Labels Traders,M/S Kaveri Labels Traders,Managing Partner,"No 129, B Sector, Banashankari, Bangalore Urban, KA",Banashankari,Bengaluru Urban,BLRU,560085,Ward-182,South,Printing / Packaging,Manufacturing,1811,Orange,PAN_D6A8E0DF0CCC7E6C,,,,contact0074@examplebiz.in,2022-09-17,2023-07-12,DORMANT,5,0-10,2026-03-16,gstin_hash;phone
KFBIS-FAC-BLRU-2018-000034,FACTORY,"Factories, Boilers, Industrial Safety and Health",ENT-00074,M/S Kaveri Labels Traders,M/S Kaveri Labels Traders,Director Masked,"No 129, B Sector, Banashankari, B'luru Urban, KA - 560085",Banashankari,Bengaluru Urban,BLRU,560085,Ward-182,South,Printing / Packaging,Manufacturing,1811,Orange,,,,9000586143,,2018-03-04,2020-05-13,CLOSED,5,0-10,2026-04-21,pan_hash;gstin_hash;email
PCB/BLRU/CTE/2019/00031,KSPCB,Karnataka State Pollution Control Board,ENT-00074,Kaveri Labels Traders,Kaveri Labels Traders,,"No. 129, B Sector, Banashankari, Bengaluru Urban, K'taka - 560085",Banashankari,Bengaluru Urban,BLRU,560085,Ward-182,South,Printing / Packaging,Manufacturing,1811,Orange,,,,9000586143,,2019-11-15,2026-04-21,ACTIVE,5,,2026-04-11,pan_hash;gstin_hash;email
KFBIS-FAC-BLRU-2015-000035,FACTORY,"Factories, Boilers, Industrial Safety and Health",ENT-00075,Rai Tech Associates,,Director Masked,"No 84, A Sector, Whitefield Main Rd, Bengaluru Urban, K'taka - 560066",Whitefield Main Road,Bengaluru Urban,BLRU,560066,Ward-083,Mahadevapura,Electronics Assembly,Manufacturing,2610,Orange,PAN_4835302AA2861E40,GSTIN_71882A0932EC0D09,,,,2015-09-10,2020-10-01,CLOSED,18,,2026-04-09,phone;email
GST-KA-BLRU-2016-000058,GST,GST Taxpayer Registry,ENT-00075,Ravi Tech Associates,Ravi Tech Associates,Partner 1,"No. 84, A Sector, Whitefield Main Road, Bangalore Urban, Karnataka - 560066",Whitefield Main Road,Bengaluru Urban,BLRU,560066,Ward-083,Mahadevapura,Electronics Assembly,Manufacturing,2610,Orange,PAN_4835302AA2861E40,GSTIN_71882A0932EC0D09,,,,2016-09-02,2022-12-21,CLOSED,,,2026-04-05,phone;email
PCB/BLRU/CTE/2019/00032,KSPCB,Karnataka State Pollution Control Board,ENT-00075,Ravi Tech Associates,,Owner B,"No 84, A Sector, Whitefield Main Road, B'luru Urban, KA - 560066",Whitefield Main Road,Bengaluru Urban,BLRU,560066,Ward-083,Mahadevapura,Electronics Assembly,Manufacturing,2610,Orange,,GSTIN_71882A0932EC0D09,,,contact0075@examplebiz.in,2019-07-23,2022-08-14,CLOSED,18,,2025-11-24,pan_hash;phone
KAR-SHOP-BLRU-2015-000053,SHOP,Karnataka Shops and Commercial Establishments,ENT-00075,M/S Ravi Tech Associates,Ravi Tech Associates,Owner A,"#84, A Sector, Whitefield Main Rd, B'luru Urban, K'taka - 560066",Whitefield Main Road,Bengaluru Urban,BLRU,560058,Ward-083,Mahadevapura,Electronics Assembly,Manufacturing,2610,Orange,PAN_4835302AA2861E40,,,,contact0075@examplebiz.in,2015-02-08,2019-08-07,CLOSED,18,,2026-03-13,gstin_hash;phone;pin_drift
KFBIS-FAC-TUM-2016-000036,FACTORY,"Factories, Boilers, Industrial Safety and Health",ENT-00076,M/S Bangalore Coatings Co,Bangalore Coatings Co,Owner B,"No 165, C Main Road, Antharasanahalli Indl Area, Tumakuru, K'taka - 572106",Antharasanahalli Industrial Area,Tumakuru,TUM,572106,Ward-T12,Tumakuru,Chemical Blending,Manufacturing,2029,Red,PAN_516B5EF3CF48BF46,GSTIN_11E6F7435D81D109,,,contact0076@examplebiz.in,2016-10-09,2018-05-24,CLOSED,,,2026-03-24,phone
PCB/TUM/CTE/2023/00033,KSPCB,Karnataka State Pollution Control Board,ENT-00076,Bangalore Coatings Co,Bangalore Coatings Co,Owner B,"#165, C Main Rd, Antharasanahalli Industrial Estate, Tumakuru, Karnataka - 572106",Antharasanahalli Industrial Area,Tumakuru,TUM,572106,Ward-T12,Tumakuru,Chemical Blending,Manufacturing,2029,Red,PAN_516B5EF3CF48BF46,GSTIN_11E6F7435D81D109,UDYAM_24F1A2414F4F2B9B,,,2023-01-15,2025-11-23,ACTIVE,2,100-500,2026-02-20,phone;email
KAR-SHOP-MYS-2020-000054,SHOP,Karnataka Shops and Commercial Establishments,ENT-00077,Ananya Pharma Traders,M/S Ananya Pharma Traders,Managing Partner,"#262, A 1st Cr, Devaraja Mohalla, Mysuru, Karnataka - 570001",Devaraja Mohalla,Mysuru,MYS,570001,Ward-M01,Central,Pharmacy / Medical Retail,Retail,4772,Green,,,,,,2020-02-05,2025-01-28,DORMANT,3,,2026-01-31,pan_hash;gstin_hash;phone;email
BBMP-TL-BENG-2023-000025,BBMP,BBMP Trade Licence,ENT-00078,M/S Aditya Medical Pvt Ltd,Aditya Medical,Owner A,"No. 282, Extension, Hoskote, B'luru Rural, K'taka - 562114",Hoskote,Bengaluru Rural,BLRR,562114,Ward-R04,Bengaluru Rural,Pharmacy / Medical Retail,Retail,4772,Green,PAN_2CD068317D61C1B7,GSTIN_9EC6267250B25E31,,9000617819,,2023-06-15,2023-08-03,DORMANT,52,,2026-03-08,email
GST-KA-BLRR-2017-000059,GST,GST Taxpayer Registry,ENT-00078,Aditya Medical Pvt. Ltd.,Aditya Medical,Director Masked,"No. 282, Extension, Hoskote, B'luru Rural, Karnataka - 562114",Hoskote,Bengaluru Rural,BLRR,562114,Ward-R04,Bengaluru Rural,Pharmacy / Medical Retail,Retail,4772,Green,PAN_2CD068317D61C1B7,GSTIN_9EC6267250B25E31,UDYAM_ABD458C5EAB23E3A,,,2017-05-09,2024-12-12,DORMANT,,,2026-02-28,phone;email
LAB-KA-BLRR-2022-000035,LABOUR,Labour Department,ENT-00078,Aditya Medical Pvt. Ltd.,M/S Aditya Medical,Partner 1,"No. 282, Extension, Hoskote, Bangalore Rural, KA - 562114",Hoskote,Bengaluru Rural,BLRR,562114,Ward-R04,Bengaluru Rural,Pharmacy / Medical Retail,Retail,4772,Green,,,,9000617819,,2022-08-07,2024-02-03,DORMANT,52,,2026-02-25,pan_hash;gstin_hash;email
KAR-SHOP-BLRR-2019-000055,SHOP,Karnataka Shops and Commercial Establishments,ENT-00078,M/S Aditya Medical Pvt. Ltd.,M/S Aditya Medical,Partner 1,"282, Extension, Hoskote, Bangalore Rural, Karnataka - 562114",Hoskote,Bengaluru Rural,BLRR,562114,Ward-R04,Bengaluru Rural,Pharmacy / Medical Retail,Retail,4772,Green,,,,,,2019-10-10,2023-11-20,DORMANT,,,2025-12-31,pan_hash;gstin_hash;phone;email
GST-KA-MYS-2015-000060,GST,GST Taxpayer Registry,ENT-00079,M/S Ravi Co,Ravi Co,Owner A,"271, A 1st Cr, Hebbal Indl Area, Mysuru, KA - 570016",Hebbal Industrial Area,Mysuru,MYS,570016,Ward-M21,North,Machine Tools,Manufacturing,2819,Orange,PAN_9896AA9AD3A89621,,,,,2015-03-03,2020-02-27,CLOSED,3,,2026-01-09,gstin_hash;phone;email
LAB-KA-MYS-2017-000036,LABOUR,Labour Department,ENT-00079,Ravi Co,M/S Ravi Co,Managing Partner,"No 271, A 1st Crs, Hebbal Industrial Area, Mysuru, Karnataka - 570016",Hebbal Industrial Area,Mysuru,MYS,570016,Ward-M21,North,Machine Tools,Manufacturing,2819,Orange,,,,,,2017-01-02,2026-02-22,ACTIVE,3,0-10,2026-03-04,pan_hash;gstin_hash;phone;email
KAR-SHOP-MYS-2023-000056,SHOP,Karnataka Shops and Commercial Establishments,ENT-00079,Ravi Co,Ravi Co,Partner 1,"No 271, A 1st Crs, Hebbal Industrial Estate, Mysuru, KA - 570016",Hebbal Industrial Area,Mysuru,MYS,570016,Ward-M21,North,Machine Tools,Manufacturing,2819,Orange,,,,,,2023-06-29,2025-02-12,DORMANT,3,,2025-11-15,pan_hash;gstin_hash;phone;email
KFBIS-FAC-BLRU-2017-000037,FACTORY,"Factories, Boilers, Industrial Safety and Health",ENT-00080,Meghana Coatings Traders,,,"#203, B Behind Metro, Bommanahalli, Bangalore Urban, Karnataka - 560068",Bommanahalli,Bengaluru Urban,BLRU,560068,Ward-175,South,Chemical Blending,Manufacturing,2029,Red,PAN_ED5E7F18A4978A5D,,,,,2017-01-22,2020-01-15,CLOSED,,25-50,2026-01-21,gstin_hash;phone;email
GST-KA-BLRU-2020-000061,GST,GST Taxpayer Registry,ENT-00080,MEGHANA COATINGS TRADERS,,Managing Partner,"No 203, B Behind Metro, Bommanahalli, Bengaluru Urban, KA - 560068",Bommanahalli,Bengaluru Urban,BLRU,560068,Ward-175,South,Chemical Blending,Manufacturing,2029,Red,PAN_ED5E7F18A4978A5D,,UDYAM_CC318208C451A178,,,2020-01-28,2021-03-23,CLOSED,,25-50,2025-11-10,gstin_hash;phone;email
PCB/BLRU/CTO/2016/00034,KSPCB,Karnataka State Pollution Control Board,ENT-00080,Meghana Coatings Traders,Meghana Coatings Traders,Owner A,"No. 203, B Behind Metro, Bommanahalli, Bengaluru Urban, K'taka - 560068",Bommanahalli,Bengaluru Urban,BLRU,560068,Ward-175,South,Chemical Blending,Manufacturing,2029,Red,PAN_ED5E7F18A4978A5D,,,,,2016-05-05,2023-07-22,DORMANT,4,25-50,2025-11-12,gstin_hash;phone;email
LAB-KA-BLRU-2018-000037,LABOUR,Labour Department,ENT-00080,Meghana Coatings Traders,Meghana Coatings raders,Partner 1,"No 203, B Behind Metro, Bommanahalli, B'luru Urban, Karnataka - 560068",Bommanahalli,Bengaluru Urban,BLRU,560068,Ward-175,South,Chemical Blending,Manufacturing,2029,Red,,,,,,2018-06-04,2019-02-09,CLOSED,4,,2025-12-05,pan_hash;gstin_hash;phone;email
BBMP-TL-DASA-2015-000026,BBMP,BBMP Trade Licence,ENT-00081,Meghana Wear Traders,Meghana Wear Traders,Director Masked,"No. 120, Plot Sector, Peenya Indl Area, B'luru Urban, K'taka - 560058",Peenya Industrial Area,Bengaluru Urban,BLRU,560058,Ward-038,Dasarahalli,Textile / Garments,Manufacturing,1410,Green,,,,9000641576,,2015-01-11,2018-02-09,CLOSED,5,,2025-11-14,pan_hash;gstin_hash;email
KFBIS-FAC-BLRU-2022-000038,FACTORY,"Factories, Boilers, Industrial Safety and Health",ENT-00081,Meghana Wear Traders,Meghana Wear Traders,,"No. 120, Plot Sector, Peenya Indl Area, Bangalore Urban, Karnataka - 560058",Peenya Industrial Area,Bengaluru Urban,BLRU,560058,Ward-038,Dasarahalli,Textile / Garments,Manufacturing,1410,Green,,,,9000641576,contact0081@examplebiz.in,2022-01-24,2023-10-25,DORMANT,5,,2026-04-08,pan_hash;gstin_hash
GST-KA-BLRU-2015-000062,GST,GST Taxpayer Registry,ENT-00081,M/S Meghana Wear Traders,,Managing Partner,"No 120, Plot Sector, Peenya Indl Area, B'luru Urban, Karnataka - 560058",Peenya Industrial Area,Bengaluru Urban,BLRU,560058,Ward-038,Dasarahalli,Textile / Garments,Manufacturing,1410,Green,,,,9000641576,contact0081@examplebiz.in,2015-08-29,2018-02-08,CLOSED,,10-25,2026-02-21,pan_hash;gstin_hash
LAB-KA-BLRU-2023-000038,LABOUR,Labour Department,ENT-00081,M/S Meghana Wear Traders,,Owner A,"No 120, Plot Sector, Peenya Indl Area, Bengaluru Urban, K'taka - 560058",Peenya Industrial Area,Bengaluru Urban,BLRU,560058,Ward-038,Dasarahalli,Textile / Garments,Manufacturing,1410,Green,,,,9000641576,,2023-09-03,2023-10-13,DORMANT,,10-25,2025-12-08,pan_hash;gstin_hash;email
KAR-SHOP-BLRU-2024-000057,SHOP,Karnataka Shops and Commercial Establishments,ENT-00081,Meghana Wear Traders,Meghana Wear Traders,Managing Partner,"No 120, Plot Sector, Peenya Indl Area, Bangalore Urban, KA - 560058",Peenya Industrial Area,Bengaluru Urban,BLRU,560058,Ward-038,Dasarahalli,Textile / Garments,Manufacturing,1410,Green,,,,,,2024-09-27,2025-07-02,ACTIVE,,10-25,2026-03-15,pan_hash;gstin_hash;phone;email
UDYAM-KR-BLRU-2023-000041,UDYAM,Udyam / MSME Registry,ENT-00081,Meghana Wear Traders,M/S Meghana Wear Traders,Owner B,"No 120, Plot Sector, Peenya Industrial Area, B'luru Urban, KA - 560058",Peenya Industrial Area,Bengaluru Urban,BLRU,560058,Ward-038,Dasarahalli,Textile / Garments,Manufacturing,1410,Green,,,,,,2023-04-08,2025-06-01,ACTIVE,5,10-25,2026-03-27,pan_hash;gstin_hash;phone;email
KFBIS-FAC-MYS-2021-000039,FACTORY,"Factories, Boilers, Industrial Safety and Health",ENT-00082,Prakruthi Packaging Solutins,Prakruthi Packaging Solutions,Partner 1,"No. 142, B Behind Metro, Hebbal Indl Area, Mysuru, Karnataka - 570016",Hebbal Industrial Area,Mysuru,MYS,570016,Ward-M21,North,Plastic Moulding,Manufacturing,2220,Red,PAN_5CC67906073C93C3,GSTIN_06A775EFABA058E4,,9000649495,,2021-02-28,2024-07-30,DORMANT,,,2026-03-10,email
PCB/MYS/CTE/2023/00035,KSPCB,Karnataka State Pollution Control Board,ENT-00082,Prakruthi Packaging Solutions,Prakruthi Packaging Solutions,Owner B,"No 142, B Behind Metro, Hebbal Industrial Estate, Mysuru, KA - 570016",Hebbal Industrial Area,Mysuru,MYS,570016,Ward-M21,North,Plastic Moulding,Manufacturing,2220,Red,,GSTIN_06A775EFABA058E4,,9000649495,contact0082@examplebiz.in,2023-03-06,2023-12-13,DORMANT,,50-100,2026-02-06,pan_hash
LAB-KA-MYS-2024-000039,LABOUR,Labour Department,ENT-00082,Prakruthi Packaging Solutions,Prakruthi Packaging Solutions,,"142, B Behind Metro, Hebbal Industrial Estate, Mysuru, KA",Hebbal Industrial Area,Mysuru,MYS,570016,Ward-M21,North,Plastic Moulding,Manufacturing,2220,Red,,,,,,2024-04-28,2024-12-31,DORMANT,85,50-100,2026-02-12,pan_hash;gstin_hash;phone;email
UDYAM-KR-MYS-2018-000042,UDYAM,Udyam / MSME Registry,ENT-00082,Prakruthi Packaging Solutions,Prakruthi Packaging Solutions,Managing Partner,"142, B Behind Metro, Hebbal Industrial Area, Mysuru, K'taka - 570016",Hebbal Industrial Area,Mysuru,MYS,570016,Ward-M21,North,Plastic Moulding,Manufacturing,2220,Red,PAN_5CC67906073C93C3,,,,,2018-11-19,2024-02-10,DORMANT,85,50-100,2025-11-21,gstin_hash;phone;email
KFBIS-FAC-BLRU-2020-000040,FACTORY,"Factories, Boilers, Industrial Safety and Health",ENT-00083,Nandi Electronics Solutions,Nandi Electronics Solutions,,"#271, A Extension, Electronic City, Bengaluru Urban, Karnataka",Electronic City,Bengaluru Urban,BLRU,560100,Ward-192,Bommanahalli,Electronics Assembly,Manufacturing,2610,Orange,,,,9000657414,contact0083@examplebiz.in,2020-12-26,2022-08-22,CLOSED,,,2025-11-15,pan_hash;gstin_hash
GST-KA-BLRU-2024-000063,GST,GST Taxpayer Registry,ENT-00083,Nandi Electronics Solutions,Nandi Electronics Solutions,Director Masked,"No 271, A Extension, Electronic City, Bengaluru Urban, K'taka - 560100",Electronic City,Bengaluru Urban,BLRU,560100,Ward-192,Bommanahalli,Electronics Assembly,Manufacturing,2610,Orange,,,,,,2024-07-28,2025-09-17,ACTIVE,,,2025-12-30,pan_hash;gstin_hash;phone;email
KAR-SHOP-BLRU-2022-000058,SHOP,Karnataka Shops and Commercial Establishments,ENT-00083,M/S Nandi Electronics Solutions,,Director Masked,"271, A Extension, Electronic City, B'luru Urban, Karnataka - 560100",Electronic City,Bengaluru Urban,BLRU,560100,Ward-192,Bommanahalli,Electronics Assembly,Manufacturing,2610,Orange,,,,,,2022-08-27,2022-12-25,CLOSED,8,25-50,2025-12-05,pan_hash;gstin_hash;phone;email
UDYAM-KR-BLRU-2025-000043,UDYAM,Udyam / MSME Registry,ENT-00083,NANDI ELECTRONICS SOLUTIONS,M/S NANDI ELECTRONICS SOLUTIONS,Director Masked,"No 271, A Extension, Electronic City, B'luru Urban, K'taka",Electronic City,Bengaluru Urban,BLRU,560100,Ward-192,Bommanahalli,Electronics Assembly,Manufacturing,2610,Orange,,,UDYAM_F78F3F5A84986C57,,,2025-07-30,2026-02-20,ACTIVE,8,25-50,2025-12-15,pan_hash;gstin_hash;phone;email
BBMP-TL-YELA-2024-000027,BBMP,BBMP Trade Licence,ENT-00084,Veda Kitchen Inds,,Partner 1,"No 275, Shed 1st Crs, Yelahanka, Bangalore Urban, Karnataka - 560064",Yelahanka,Bengaluru Urban,BLRU,560064,Ward-004,Yelahanka,Restaurant / Cafe,Service,5610,Green,,,,9000665333,contact0084@examplebiz.in,2024-12-13,2025-07-08,ACTIVE,,,2026-03-16,pan_hash;gstin_hash
KAR-SHOP-BLRU-2023-000059,SHOP,Karnataka Shops and Commercial Establishments,ENT-00084,Veda Kitchen Industries,M/S Veda Kitchen Industries,Partner 1,"No 275, Shed 1st Crs, Yelahanka, Bengaluru Urban, K'taka - 560064",Yelahanka,Bengaluru Urban,BLRU,560064,Ward-004,Yelahanka,Restaurant / Cafe,Service,5610,Green,,GSTIN_8BFD86A7E4C94C5A,,9000665333,,2023-09-23,2025-07-01,ACTIVE,25,,2026-01-03,pan_hash;email
KFBIS-FAC-MYS-2018-000041,FACTORY,"Factories, Boilers, Industrial Safety and Health",ENT-00085,M/S Mysore Works,,Managing Partner,"280, C Industrial Layout, Nanjangud Road, Mysuru, KA - 570018",Nanjangud Road,Mysuru,MYS,570018,Ward-M32,South,Electronics Assembly,Manufacturing,2610,Orange,,,,9000673252,,2018-11-08,2023-02-10,CLOSED,3,0-10,2026-04-03,pan_hash;gstin_hash;email
GST-KA-MYS-2018-000064,GST,GST Taxpayer Registry,ENT-00085,Mysore Works,Mysoe Works,Director Masked,"No 280, C Industrial Layout, Nanjangud Road, Mysuru, K'taka - 570018",Nanjangud Road,Mysuru,MYS,570018,Ward-M32,South,Electronics Assembly,Manufacturing,2610,Orange,,,,9000673252,,2018-09-20,2019-01-23,CLOSED,3,,2026-04-25,pan_hash;gstin_hash;email
KAR-SHOP-MYS-2016-000060,SHOP,Karnataka Shops and Commercial Establishments,ENT-00085,Mysore Works,Mysore Works,Owner A,"280, C Industrial Layout, Nanjangud Road, Mysuru, Karnataka - 570018",Nanjangud Road,Mysuru,MYS,570018,Ward-M32,South,Electronics Assembly,Manufacturing,2610,Orange,,,,,,2016-04-18,2020-07-30,CLOSED,3,0-10,2026-02-28,pan_hash;gstin_hash;phone;email
UDYAM-KR-MYS-2018-000044,UDYAM,Udyam / MSME Registry,ENT-00085,M/S Mysore Works,MYSORE WORKS,Director Masked,"No 280, C Industrial Layout, Nanjangud Road, Mysuru, KA - 570018",Nanjangud Road,Mysuru,MYS,570018,Ward-M32,South,Electronics Assembly,Manufacturing,2610,Orange,,,,9000673252,,2018-06-17,2023-03-20,CLOSED,3,0-10,2026-05-02,pan_hash;gstin_hash;email
KFBIS-FAC-BLRU-2017-000042,FACTORY,"Factories, Boilers, Industrial Safety and Health",ENT-00086,M/S Kaveri Labs Pvt Ltd,Kaveri Labs,Partner 1,"No. 71, A Near Bus Stop, Whitefield, Bangalore Urban, KA - 560037",Whitefield,Bengaluru Urban,BLRU,560037,Ward-085,Mahadevapura,Chemical Blending,Manufacturing,2029,Red,,,,,contact0086@examplebiz.in,2017-05-17,2020-06-11,CLOSED,,500+,2026-03-25,pan_hash;gstin_hash;phone
PCB/BLRU/CTO/2023/00036,KSPCB,Karnataka State Pollution Control Board,ENT-00086,M/S Kaveri Labs Pvt Ltd,,Managing Partner,"71, A Near Bus Stop, Whitefield, Bengaluru Urban, KA - 560037",Whitefield,Bengaluru Urban,BLRU,560037,Ward-085,Mahadevapura,Chemical Blending,Manufacturing,2029,Red,,,,,,2023-06-08,2025-11-21,CLOSED,,,2026-03-21,pan_hash;gstin_hash;phone;email
LAB-KA-BLRU-2019-000040,LABOUR,Labour Department,ENT-00086,Kaveri Labs Pvt. Ltd.,Kaveri Las,Partner 1,"No. 71, A Near Bus Stop, Whitefield, Bengaluru Urban, K'taka",Whitefield,Bengaluru Urban,BLRU,560037,Ward-085,Mahadevapura,Chemical Blending,Manufacturing,2029,Red,PAN_C8C0EC445E7CA4D7,,,,,2019-12-15,2021-03-20,CLOSED,52,,2026-03-05,gstin_hash;phone;email
BBMP-TL-TUMA-2016-000028,BBMP,BBMP Trade Licence,ENT-00087,Bangalore Co,,Director Masked,"#217, Near Bus Stop, Antharasanahalli Industrial Area, Tumakuru, KA - 572106",Antharasanahalli Industrial Area,Tumakuru,TUM,572106,Ward-T12,Tumakuru,Restaurant / Cafe,Service,5610,Green,,,,,,2016-02-26,2022-05-23,CLOSED,8,,2025-12-22,pan_hash;gstin_hash;phone;email
GST-KA-TUM-2022-000065,GST,GST Taxpayer Registry,ENT-00087,BANGALORE CO,M/S Bangalore Co,Partner 1,"No 217, Near Bus Stop, Antharasanahalli Industrial Area, Tumakuru, K'taka - 572106",Antharasanahalli Industrial Area,Tumakuru,TUM,572106,Ward-T12,Tumakuru,Restaurant / Cafe,Service,5610,Green,PAN_762BAECD437BE21F,GSTIN_815619CCA2182AD8,,,,2022-11-15,2025-10-28,ACTIVE,8,,2026-02-18,phone;email
BBMP-TL-SOUT-2018-000029,BBMP,BBMP Trade Licence,ENT-00088,M/S Bharath Biryani Pvt Ltd,,Owner A,"94, D Industrial Layout, Bannerghatta Road, Bangalore Urban, Karnataka - 560076",Bannerghatta Road,Bengaluru Urban,BLRU,560076,Ward-177,South,Restaurant / Cafe,Service,5610,Green,,,,,,2018-11-13,2022-07-18,CLOSED,10,,2025-12-22,pan_hash;gstin_hash;phone;email
PCB/BLRU/CTE/2025/00037,KSPCB,Karnataka State Pollution Control Board,ENT-00088,M/S Bharath Biryani Pvt Ltd,Bharath Biryani,Owner B,"No 94, D Industrial Layout, Bannerghatta Road, Bengaluru Urban, K'taka - 560076",Bannerghatta Road,Bengaluru Urban,BLRU,560076,Ward-177,South,Restaurant / Cafe,Service,5610,Green,,,,9000697009,,2025-02-18,2025-08-28,ACTIVE,10,,2026-03-28,pan_hash;gstin_hash;email
KAR-SHOP-BLRU-2015-000061,SHOP,Karnataka Shops and Commercial Establishments,ENT-00088,Bharath Biryani Pvt Ltd,Bharath Biryani,Owner A,"94, D Industrial Layout, Bannerghatta Road, B'luru Urban, KA - 560076",Bannerghatta Road,Bengaluru Urban,BLRU,560076,Ward-177,South,Restaurant / Cafe,Service,5610,Green,PAN_6B3CF6A834CD32BE,,,9000697009,,2015-11-04,2019-04-10,CLOSED,10,,2026-03-11,gstin_hash;email
KFBIS-FAC-MYS-2023-000043,FACTORY,"Factories, Boilers, Industrial Safety and Health",ENT-00089,M/S Bangalore Works,M/S Bangalore Works,Director Masked,"No. 139, D 2nd Main, Hebbal Industrial Estate, Mysuru, KA - 570016",Hebbal Industrial Area,Mysuru,MYS,570016,Ward-M21,North,Printing / Packaging,Manufacturing,1811,Orange,,GSTIN_5BB93A896805D600,,,,2023-11-17,2024-12-14,DORMANT,,,2026-03-01,pan_hash;phone;email
GST-KA-MYS-2019-000066,GST,GST Taxpayer Registry,ENT-00089,Bangalore Works,M/S BANGALORE WORKS,Owner B,"139, D 2nd Main, Hebbal Industrial Estate, Mysuru, Karnataka - 570016",Hebbal Industrial Area,Mysuru,MYS,570016,Ward-M21,North,Printing / Packaging,Manufacturing,1811,Orange,PAN_89B983630B42A1A9,GSTIN_5BB93A896805D600,,9000704928,contact0089@examplebiz.in,2019-04-11,2024-11-06,DORMANT,18,50-100,2026-03-15,
LAB-KA-MYS-2016-000041,LABOUR,Labour Department,ENT-00089,Bangalore Works,Bangalore Works,Owner B,"#139, D 2nd Main, Hebbal Industrial Estate, Mysuru, KA - 570016",Hebbal Industrial Area,Mysuru,MYS,570016,Ward-M21,North,Printing / Packaging,Manufacturing,1811,Orange,PAN_89B983630B42A1A9,,,9000704928,,2016-10-22,2026-01-09,ACTIVE,18,,2026-03-14,gstin_hash;email
KFBIS-FAC-BLRU-2015-000044,FACTORY,"Factories, Boilers, Industrial Safety and Health",ENT-00090,Bharath Tech Associates,Bharath Tech Associates,,"No. 54, D 3rd Phase, BTM Layout, Bangalore Urban, Karnataka - 560029",BTM Layout,Bengaluru Urban,BLRU,560029,Ward-176,South,Electronics Assembly,Manufacturing,2610,Orange,,,,,,2015-01-21,2024-12-16,DORMANT,18,,2026-01-01,pan_hash;gstin_hash;phone;email
GST-KA-BLRU-2017-000067,GST,GST Taxpayer Registry,ENT-00090,Bharath Tech Asociates,BHARATH TECH ASSOCIATES,Managing Partner,"No 54, D 3rd Phase, BTM Layout, Bengaluru Urban, K'taka - 560029",BTM Layout,Bengaluru Urban,BLRU,560029,Ward-176,South,Electronics Assembly,Manufacturing,2610,Orange,PAN_2DA615F179254D21,GSTIN_095CC47503753CCB,,,,2017-07-05,2023-08-08,DORMANT,18,,2026-03-01,phone;email
LAB-KA-BLRU-2020-000042,LABOUR,Labour Department,ENT-00090,M/S Bharath Tech Associates,M/S Bharath Tech Associates,Director Masked,"No. 54, D 3rd Phase, BTM Layout, Bengaluru Urban, K'taka - 560029",BTM Layout,Bengaluru Urban,BLRU,560029,Ward-176,South,Electronics Assembly,Manufacturing,2610,Orange,,,,,,2020-11-08,2023-06-03,DORMANT,18,10-25,2026-04-02,pan_hash;gstin_hash;phone;email
KAR-SHOP-BLRU-2019-000062,SHOP,Karnataka Shops and Commercial Establishments,ENT-00090,Bharath Tech Associats,M/S Bharath Tech Associates,Partner 1,"54, D 3rd Phase, BTM Layout, B'luru Urban, Karnataka",BTM Layout,Bengaluru Urban,BLRU,560029,Ward-176,South,Electronics Assembly,Manufacturing,2610,Orange,PAN_2DA615F179254D21,GSTIN_095CC47503753CCB,,9000712847,contact0090@examplebiz.in,2019-08-16,2024-08-27,DORMANT,,10-25,2026-04-10,
UDYAM-KR-BLRU-2023-000045,UDYAM,Udyam / MSME Registry,ENT-00090,BHARATH TECH ASSOCIATES,Bharath Tech Associates,Director Masked,"No 54, D 3rd Phase, BTM Layout, Bangalore Urban, Karnataka - 560029",BTM Layout,Bengaluru Urban,BLRU,560029,Ward-176,South,Electronics Assembly,Manufacturing,2610,Orange,PAN_2DA615F179254D21,GSTIN_095CC47503753CCB,,9000712847,,2023-11-12,2025-10-07,ACTIVE,18,10-25,2026-03-30,email
BBMP-TL-DASA-2016-000030,BBMP,BBMP Trade Licence,ENT-00091,M/S Sharma Stitch Enterprises,,,"142, D 3rd Phase, Peenya Industrial Estate, Bangalore Urban, Karnataka - 560058",Peenya Industrial Area,Bengaluru Urban,BLRU,560058,Ward-038,Dasarahalli,Textile / Garments,Manufacturing,1410,Green,,,,,,2016-01-28,2024-03-15,DORMANT,25,,2025-12-22,pan_hash;gstin_hash;phone;email
KFBIS-FAC-BLRU-2017-000045,FACTORY,"Factories, Boilers, Industrial Safety and Health",ENT-00091,Sharma Stitch Enterprises,M/S Sharma Stitch Enterprises,Partner 1,"#142, D 3rd Phase, Peenya Indl Area, Bengaluru Urban, Karnataka - 560058",Peenya Industrial Area,Bengaluru Urban,BLRU,560058,Ward-038,Dasarahalli,Textile / Garments,Manufacturing,1410,Green,,,,,,2017-08-05,2021-08-15,CLOSED,,50-100,2026-02-06,pan_hash;gstin_hash;phone;email
GST-KA-BLRU-2025-000068,GST,GST Taxpayer Registry,ENT-00091,Sharma Stitch Entp,M/S Sharma Stitch Enterprises,Director Masked,"No 142, D 3rd Phase, Peenya Industrial Area, Bengaluru Urban, KA - 560058",Peenya Industrial Area,Bengaluru Urban,BLRU,560058,Ward-038,Dasarahalli,Textile / Garments,Manufacturing,1410,Green,,,,,,2025-12-16,2026-03-16,ACTIVE,25,,2025-12-14,pan_hash;gstin_hash;phone;email
KAR-SHOP-BLRU-2021-000063,SHOP,Karnataka Shops and Commercial Establishments,ENT-00091,M/S Sharma Stitch Enterprises,Sharma Stitch Enterprises,,"No 142, D 3rd Phase, Peenya Industrial Area, Bengaluru Urban, KA - 560058",Peenya Industrial Area,Bengaluru Urban,BLRU,560058,Ward-038,Dasarahalli,Textile / Garments,Manufacturing,1410,Green,,,,,,2021-06-06,2021-07-27,CLOSED,25,,2025-12-08,pan_hash;gstin_hash;phone;email
UDYAM-KR-BLRU-2025-000046,UDYAM,Udyam / MSME Registry,ENT-00091,M/S Sharma Stitch Enterprises,M/S Sharma Stitch Enterprises,Owner B,"No. 142, D 3rd Phase, Peenya Industrial Area, B'luru Urban, Karnataka - 560058",Peenya Industrial Area,Bengaluru Urban,BLRU,560058,Ward-038,Dasarahalli,Textile / Garments,Manufacturing,1410,Green,,,,,,2025-09-04,2025-11-30,ACTIVE,,50-100,2026-01-11,pan_hash;gstin_hash;phone;email
BBMP-TL-WEST-2019-000031,BBMP,BBMP Trade Licence,ENT-00092,Prakruthi Care Industries,Prakruthi Care Industries,Partner 1,"No. 42, C Behind Metro, Rajajinagar Industrial Suburb, Bangalore Urban, K'taka - 560059",Rajajinagar Industrial Suburb,Bengaluru Urban,BLRU,560059,Ward-067,West,Pharmacy / Medical Retail,Retail,4772,Green,PAN_85300386819CE814,,UDYAM_6CEB27A431D29177,,contact0092@examplebiz.in,2019-07-10,2024-05-21,DORMANT,52,10-25,2026-02-21,gstin_hash;phone
KAR-SHOP-BLRU-2023-000064,SHOP,Karnataka Shops and Commercial Establishments,ENT-00092,Prakruthi Care Industries,,Director Masked,"42, C Behind Metro, Rajajinagar Industrial Suburb, Bangalore Urban, Karnataka - 560059",Rajajinagar Industrial Suburb,Bengaluru Urban,BLRU,560059,Ward-067,West,Pharmacy / Medical Retail,Retail,4772,Green,,,UDYAM_6CEB27A431D29177,,,2023-03-17,2025-02-23,DORMANT,52,,2025-11-12,pan_hash;gstin_hash;phone;email
BBMP-TL-BOMM-2022-000032,BBMP,BBMP Trade Licence,ENT-00093,Kaveri Systems Pvt Ltd,M/S Kaveri Systems,Managing Partner,"No. 51, B 3rd Phase, HSR Layout, Bengaluru Urban, Karnataka - 560102",HSR Layout,Bengaluru Urban,BLRU,560102,Ward-174,Bommanahalli,Electronics Assembly,Manufacturing,2610,Orange,,,,9000736604,,2022-01-04,2024-08-05,DORMANT,10,,2026-01-03,pan_hash;gstin_hash;email
KFBIS-FAC-BLRU-2017-000046,FACTORY,"Factories, Boilers, Industrial Safety and Health",ENT-00093,Kaveri Systems Pvt Ltd,,Owner A,"No. 51, B 3rd Phase, HSR Layout, B'luru Urban, K'taka - 560102",HSR Layout,Bengaluru Urban,BLRU,560102,Ward-174,Bommanahalli,Electronics Assembly,Manufacturing,2610,Orange,,,,9000736604,,2017-01-29,2017-08-26,CLOSED,,,2026-02-17,pan_hash;gstin_hash;email
GST-KA-BLRU-2024-000069,GST,GST Taxpayer Registry,ENT-00093,Kaveri Systems Pvt Ltd,M/S KAVERI SYSTES,Partner 1,"51, B 3rd Phase, HSR Layout, Bengaluru Urban, KA - 560102",HSR Layout,Bengaluru Urban,BLRU,560102,Ward-174,Bommanahalli,Electronics Assembly,Manufacturing,2610,Orange,PAN_0752B7A29DDA5077,,,,,2024-09-08,2026-04-13,ACTIVE,10,,2026-05-01,gstin_hash;phone;email
PCB/BLRU/CTO/2018/00038,KSPCB,Karnataka State Pollution Control Board,ENT-00093,M/S Kaveri Systems Pvt Ltd,Kaveri Systems,Managing Partner,"No. 51, B 3rd Phase, HSR Layout, B'luru Urban, K'taka - 560102",HSR Layout,Bengaluru Urban,BLRU,560102,Ward-174,Bommanahalli,Electronics Assembly,Manufacturing,2610,Orange,,,,9000736604,,2018-02-02,2021-08-20,CLOSED,,25-50,2026-01-08,pan_hash;gstin_hash;email
LAB-KA-BLRU-2023-000043,LABOUR,Labour Department,ENT-00093,Kaveri Systems Pvt. Ltd.,Kaveri Systems,Director Masked,"#51, B 3rd Phase, HSR Layout, Bengaluru Urban, K'taka - 560102",HSR Layout,Bengaluru Urban,BLRU,560102,Ward-174,Bommanahalli,Electronics Assembly,Manufacturing,2610,Orange,PAN_0752B7A29DDA5077,,,9000736604,,2023-01-20,2025-04-30,DORMANT,10,,2025-12-30,gstin_hash;email
UDYAM-KR-BLRU-2020-000047,UDYAM,Udyam / MSME Registry,ENT-00093,M/S Kavei Systems Pvt Ltd,Kaveri Systems,Owner B,"#51, B 3rd Phase, HSR Layout, Bangalore Urban, KA - 560102",HSR Layout,Bengaluru Urban,BLRU,560102,Ward-174,Bommanahalli,Electronics Assembly,Manufacturing,2610,Orange,PAN_0752B7A29DDA5077,,UDYAM_486AC2F9D047E49F,9000736604,,2020-05-10,2023-01-24,CLOSED,10,,2026-04-28,gstin_hash;email
BBMP-TL-SOUT-2019-000033,BBMP,BBMP Trade Licence,ENT-00094,M/S Sharma Biryani Pvt. Ltd.,M/S Sharma Biryani,Managing Partner,"#52, Plot 2nd Main, Bommanahalli, B'luru Urban, K'taka - 560068",Bommanahalli,Bengaluru Urban,BLRU,560068,Ward-175,South,Restaurant / Cafe,Service,5610,Green,,,,,,2019-07-10,2021-07-27,CLOSED,4,,2026-02-16,pan_hash;gstin_hash;phone;email
GST-KA-BLRU-2024-000070,GST,GST Taxpayer Registry,ENT-00094,Sharma Biryani Pvt. Ltd.,Sharma Biryani,Director Masked,"#52, Plot 2nd Main, Bommanahalli, Bengaluru Urban, Karnataka - 560068",Bommanahalli,Bengaluru Urban,BLRU,560068,Ward-175,South,Restaurant / Cafe,Service,5610,Green,,,UDYAM_ED899AFB6B5727AA,,,2024-01-23,2024-10-30,DORMANT,,,2026-03-13,pan_hash;gstin_hash;phone;email
LAB-KA-BLRU-2021-000044,LABOUR,Labour Department,ENT-00094,Sharma Biryani Pvt Ltd,,Owner A,"52, Plot 2nd Main, Bommanahalli, Bengaluru Urban, K'taka - 560068",Bommanahalli,Bengaluru Urban,BLRU,560068,Ward-175,South,Restaurant / Cafe,Service,5610,Green,,,,,,2021-04-21,2024-11-14,DORMANT,4,,2025-12-03,pan_hash;gstin_hash;phone;email
KAR-SHOP-BLRU-2015-000065,SHOP,Karnataka Shops and Commercial Establishments,ENT-00094,Sharma Biryani Pv Ltd,Shara Biryani,Owner B,"52, Plot 2nd Main, Bommanahalli, Bengaluru Urban, K'taka - 560068",Bommanahalli,Bengaluru Urban,BLRU,560068,Ward-175,South,Restaurant / Cafe,Service,5610,Green,,,,,,2015-05-06,2019-07-30,CLOSED,4,,2026-03-25,pan_hash;gstin_hash;phone;email
UDYAM-KR-BLRU-2018-000048,UDYAM,Udyam / MSME Registry,ENT-00094,Sharma Biryani Pvt Ltd,,Director Masked,"#52, Plot 2nd Main, Bommanahalli, B'luru Urban, KA - 560068",Bommanahalli,Bengaluru Urban,BLRU,560068,Ward-175,South,Restaurant / Cafe,Service,5610,Green,,,UDYAM_ED899AFB6B5727AA,,,2018-07-31,2025-03-22,DORMANT,4,,2025-12-02,pan_hash;gstin_hash;phone;email
KFBIS-FAC-BLRU-2023-000047,FACTORY,"Factories, Boilers, Industrial Safety and Health",ENT-00095,M/S Deccan Packaging Traders,Deccan Packaging Traders,Managing Partner,"#211, C 1st Crs, BTM Layout, Bangalore Urban, Karnataka - 560029",BTM Layout,Bengaluru Urban,BLRU,560029,Ward-176,South,Printing / Packaging,Manufacturing,1811,Orange,,,,9000752442,,2023-04-03,2024-06-08,DORMANT,,50-100,2026-04-22,pan_hash;gstin_hash;email
GST-KA-BLRU-2025-000071,GST,GST Taxpayer Registry,ENT-00095,M/S DECCAN PACKAGING TRADERS,M/S Deccan Packaging Traders,Director Masked,"#211, C 1st Cross, BTM Layout, Bengaluru Urban, K'taka - 560029",BTM Layout,Bengaluru Urban,BLRU,560029,Ward-176,South,Printing / Packaging,Manufacturing,1811,Orange,,,,9000752442,,2025-01-20,2025-09-09,ACTIVE,52,50-100,2026-04-23,pan_hash;gstin_hash;email
PCB/BLRU/CTO/2020/00039,KSPCB,Karnataka State Pollution Control Board,ENT-00095,Deccan Packaging Traders,Deccan Packaging Traders,,"211, C 1st Cross, BTM Layout, B'luru Urban, KA",BTM Layout,Bengaluru Urban,BLRU,560029,Ward-176,South,Printing / Packaging,Manufacturing,1811,Orange,,,,9000752442,,2020-11-17,2023-05-31,DORMANT,,,2026-03-13,pan_hash;gstin_hash;email
KAR-SHOP-BLRU-2016-000066,SHOP,Karnataka Shops and Commercial Establishments,ENT-00095,Decan Packaging Traders,,Managing Partner,"No. 211, C 1st Cr, BTM Layout, B'luru Urban, Karnataka - 560029",BTM Layout,Bengaluru Urban,BLRU,560029,Ward-176,South,Printing / Packaging,Manufacturing,1811,Orange,,,,9000752442,,2016-12-18,2019-05-01,CLOSED,52,,2026-01-30,pan_hash;gstin_hash;email
BBMP-TL-NORT-2025-000034,BBMP,BBMP Trade Licence,ENT-00096,Ananya Devices Solutions,Ananya Devices Solutions,Owner B,"No 250, D Extension, Hebbal Industrial Area, Mysuru, KA - 570016",Hebbal Industrial Area,Mysuru,MYS,570016,Ward-M21,North,Electronics Assembly,Manufacturing,2610,Orange,,,,,,2025-04-02,2025-05-08,ACTIVE,18,,2025-11-23,pan_hash;gstin_hash;phone;email
KFBIS-FAC-MYS-2024-000048,FACTORY,"Factories, Boilers, Industrial Safety and Health",ENT-00096,Ananya Devices Solutions,Ananya Devices Solutions,Managing Partner,"No. 250, D Extension, Hebbal Industrial Area, Mysuru, KA - 570016",Hebbal Industrial Area,Mysuru,MYS,570016,Ward-M21,North,Electronics Assembly,Manufacturing,2610,Orange,,GSTIN_3B0B225DA27E5FC2,,,,2024-09-24,2025-09-28,ACTIVE,18,,2025-12-28,pan_hash;phone;email
GST-KA-MYS-2017-000072,GST,GST Taxpayer Registry,ENT-00096,M/S Ananya Devices Solutions,,Owner B,"250, D Extension, Hebbal Industrial Area, Mysuru, K'taka - 570016",Hebbal Industrial Area,Mysuru,MYS,570016,Ward-M21,North,Electronics Assembly,Manufacturing,2610,Orange,,GSTIN_3B0B225DA27E5FC2,,,,2017-11-05,2019-03-15,CLOSED,,50-100,2025-12-02,pan_hash;phone;email
KAR-SHOP-MYS-2023-000067,SHOP,Karnataka Shops and Commercial Establishments,ENT-00096,M/S Ananya Devices Solutions,,Owner A,"250, D Extension, Hebbal Indl Area, Mysuru, KA - 570016",Hebbal Industrial Area,Mysuru,MYS,570016,Ward-M21,North,Electronics Assembly,Manufacturing,2610,Orange,,,,9000760361,,2023-01-07,2023-08-31,DORMANT,,,2026-02-08,pan_hash;gstin_hash;email
BBMP-TL-SOUT-2024-000035,BBMP,BBMP Trade Licence,ENT-00097,M/S Ananya Labs Pvt Ltd,M/S Ananya Labs,Director Masked,"No. 216, Shed Behind Metro, Banashankari, Bengaluru Urban, KA - 560085",Banashankari,Bengaluru Urban,BLRU,560085,Ward-182,South,Chemical Blending,Manufacturing,2029,Red,,GSTIN_86D7D7F0675821B5,,,,2024-03-23,2024-05-12,DORMANT,,,2025-11-07,pan_hash;phone;email
KFBIS-FAC-BLRU-2017-000049,FACTORY,"Factories, Boilers, Industrial Safety and Health",ENT-00097,M/S Ananya Labs Pvt Ltd,M/S Ananya Labs,,"No 216, Shed Behind Metro, Banashankari, Bangalore Urban, Karnataka - 560085",Banashankari,Bengaluru Urban,BLRU,560085,Ward-182,South,Chemical Blending,Manufacturing,2029,Red,PAN_F23A85C0426F601B,GSTIN_86D7D7F0675821B5,,9000768280,,2017-02-08,2020-11-05,CLOSED,2,,2026-03-26,email
PCB/BLRU/CTE/2016/00040,KSPCB,Karnataka State Pollution Control Board,ENT-00097,M/S Ananya Labs Pvt Ltd,Ananya Labs,Owner B,"No 216, Shed Behind Metro, Banashankari, Bengaluru Urban, Karnataka - 560085",Banashankari,Bengaluru Urban,BLRU,560085,Ward-182,South,Chemical Blending,Manufacturing,2029,Red,,,,9000768280,,2016-03-31,2017-02-15,CLOSED,2,,2026-03-05,pan_hash;gstin_hash;email
PCB/BLRU/CTE/2019/00041,KSPCB,Karnataka State Pollution Control Board,ENT-00098,Ganesh Works,Ganesh Works,Owner A,"No. 76, B Industrial Layout, BTM Layout, Bangalore Urban, K'taka - 560029",BTM Layout,Bengaluru Urban,BLRU,560029,Ward-176,South,Printing / Packaging,Manufacturing,1811,Orange,PAN_0BE0ABA78E98D584,,,,,2019-08-30,2025-03-22,DORMANT,3,,2025-12-09,gstin_hash;phone;email
KAR-SHOP-BLRU-2025-000068,SHOP,Karnataka Shops and Commercial Establishments,ENT-00098,Ganesh Works,M/S Ganesh Wors,,"76, B Industrial Layout, BTM Layout, Bangalore Urban, K'taka - 560029",BTM Layout,Bengaluru Urban,BLRU,560029,Ward-176,South,Printing / Packaging,Manufacturing,1811,Orange,,GSTIN_21E1AB5D76E10596,UDYAM_6399F0FF871F3C6E,9000776199,,2025-09-06,2025-11-08,ACTIVE,,,2026-01-06,pan_hash;email
BBMP-TL-BENG-2020-000036,BBMP,BBMP Trade Licence,ENT-00099,Mysore Cargo Solutions,Mysore Cargo Solutions,Partner 1,"62, Shed 1st Cr, Hoskote, B'luru Rural, Karnataka - 562114",Hoskote,Bengaluru Rural,BLRR,562114,Ward-R04,Bengaluru Rural,Logistics / Warehouse,Service,5210,Green,PAN_E9BD68AFABFF1B32,GSTIN_9D23D1FC7C1597DC,,,,2020-01-12,2026-04-29,CLOSED,120,,2025-12-10,phone;email
GST-KA-BLRR-2018-000073,GST,GST Taxpayer Registry,ENT-00099,Mysore Cargo Solutions,Mysore Cargo Solutions,Director Masked,"62, Shed 1st Crs, Hoskote, Bengaluru Rural, Karnataka - 562114",Hoskote,Bengaluru Rural,BLRR,562114,Ward-R04,Bengaluru Rural,Logistics / Warehouse,Service,5210,Green,PAN_E9BD68AFABFF1B32,GSTIN_9D23D1FC7C1597DC,,,,2018-04-04,2022-01-12,CLOSED,,,2025-12-14,phone;email
LAB-KA-BLRR-2023-000045,LABOUR,Labour Department,ENT-00099,Mysore Cargo Solutions,,Director Masked,"No. 62, Shed 1st Cross, Hoskote, Bengaluru Rural, Karnataka - 562114",Hoskote,Bengaluru Rural,BLRR,562110,Ward-R04,Bengaluru Rural,Logistics / Warehouse,Service,5210,Green,,,,,contact0099@examplebiz.in,2023-10-08,2024-07-05,DORMANT,120,,2026-02-20,pan_hash;gstin_hash;phone;pin_drift
KAR-SHOP-BLRR-2019-000069,SHOP,Karnataka Shops and Commercial Establishments,ENT-00099,Mysore Cargo Solutions,M/S Mysore Cargo Solutions,Partner 1,"No 62, Shed 1st Cr, Hoskote, Bengaluru Rural, KA - 562114",Hoskote,Bengaluru Rural,BLRR,562114,Ward-R04,Bengaluru Rural,Logistics / Warehouse,Service,5210,Green,,GSTIN_9D23D1FC7C1597DC,,,contact0099@examplebiz.in,2019-11-26,2020-06-04,CLOSED,120,100-500,2026-01-24,pan_hash;phone
UDYAM-KR-BLRR-2022-000049,UDYAM,Udyam / MSME Registry,ENT-00099,Mysore Cargo olutions,,Owner A,"#62, Shed 1st Crs, Hoskote, Bangalore Rural, K'taka",Hoskote,Bengaluru Rural,BLRR,562114,Ward-R04,Bengaluru Rural,Logistics / Warehouse,Service,5210,Green,PAN_E9BD68AFABFF1B32,,,,,2022-08-14,2024-02-24,DORMANT,,100-500,2025-11-20,gstin_hash;phone;email
BBMP-TL-EAST-2019-000037,BBMP,BBMP Trade Licence,ENT-00100,Srinidhi Traders,Srinidhi Traders,Owner A,"235, D Extension, Kalyan Nagar, Bangalore Urban, K'taka - 560043",Kalyan Nagar,Bengaluru Urban,BLRU,560043,Ward-025,East,Food Processing,Manufacturing,1030,Orange,,,,,contact0100@examplebiz.in,2019-05-02,2025-02-15,DORMANT,180,,2026-03-29,pan_hash;gstin_hash;phone
GST-KA-BLRU-2024-000074,GST,GST Taxpayer Registry,ENT-00100,M/S Srinidhi Traders,Srinidhi Traders,Director Masked,"235, D Extension, Kalyan Nagar, B'luru Urban, KA - 560043",Kalyan Nagar,Bengaluru Urban,BLRU,560043,Ward-025,East,Food Processing,Manufacturing,1030,Orange,,,,,,2024-07-13,2026-04-24,ACTIVE,,500+,2026-04-27,pan_hash;gstin_hash;phone;email
PCB/BLRU/CTE/2020/00042,KSPCB,Karnataka State Pollution Control Board,ENT-00100,Srinidhi Traders,,Managing Partner,"No. 235, D Extension, Kalyan Nagar, Bangalore Urban, Karnataka - 560043",Kalyan Nagar,Bengaluru Urban,BLRU,560043,Ward-025,East,Food Processing,Manufacturing,1030,Orange,,,,9000792037,contact0100@examplebiz.in,2020-05-07,2023-01-09,CLOSED,,,2026-04-23,pan_hash;gstin_hash
KFBIS-FAC-BLRU-2022-000050,FACTORY,"Factories, Boilers, Industrial Safety and Health",ENT-00101,Srinidhi Enterprises,,Owner B,"#195, B Behind Metro, Banashankari, Bengaluru Urban, Karnataka - 560085",Banashankari,Bengaluru Urban,BLRU,560085,Ward-182,South,Machine Tools,Manufacturing,2819,Orange,,,,,,2022-10-31,2023-02-10,CLOSED,,500+,2025-11-19,pan_hash;gstin_hash;phone;email
GST-KA-BLRU-2019-000075,GST,GST Taxpayer Registry,ENT-00101,M/S Srinidhi Enterprises,Srinidhi Entp,Owner A,"#195, B Behind Metro, Banashankari, B'luru Urban, KA",Banashankari,Bengaluru Urban,BLRU,560085,Ward-182,South,Machine Tools,Manufacturing,2819,Orange,,,,,contact0101@examplebiz.in,2019-05-01,2023-04-17,CLOSED,8,,2025-11-29,pan_hash;gstin_hash;phone
PCB/BLRU/CTO/2022/00043,KSPCB,Karnataka State Pollution Control Board,ENT-00101,M/S Srinidhi Enterprises,,Owner A,"#195, B Behind Metro, Banashankari, Bengaluru Urban, Karnataka - 560085",Banashankari,Bengaluru Urban,BLRU,560085,Ward-182,South,Machine Tools,Manufacturing,2819,Orange,,,UDYAM_36FF63D1ABC5AE04,,,2022-08-09,2024-07-18,DORMANT,,500+,2026-03-13,pan_hash;gstin_hash;phone;email
LAB-KA-BLRU-2021-000046,LABOUR,Labour Department,ENT-00101,Srinidhi Enterprises,,Owner A,"No 195, B Behind Metro, Banashankari, Bangalore Urban, Karnataka - 560085",Banashankari,Bengaluru Urban,BLRU,560085,Ward-182,South,Machine Tools,Manufacturing,2819,Orange,,,,,,2021-05-12,2024-07-09,DORMANT,8,500+,2026-01-26,pan_hash;gstin_hash;phone;email
KAR-SHOP-BLRU-2018-000070,SHOP,Karnataka Shops and Commercial Establishments,ENT-00101,Srinidhi Enterprises,,Owner A,"No 195, B Behind Metro, Banashankari, Bangalore Urban, K'taka - 560085",Banashankari,Bengaluru Urban,BLRU,560085,Ward-182,South,Machine Tools,Manufacturing,2819,Orange,,,,,contact0101@examplebiz.in,2018-09-08,2024-05-28,CLOSED,8,500+,2025-11-10,pan_hash;gstin_hash;phone
GST-KA-TUM-2020-000076,GST,GST Taxpayer Registry,ENT-00102,SHARMA CNC ENTERPRISES,Sharma CNC Enterprises,Director Masked,"#68, A Mn Rd, Antharasanahalli Indl Area, Tumakuru, KA - 572106",Antharasanahalli Industrial Area,Tumakuru,TUM,572106,Ward-T12,Tumakuru,Machine Tools,Manufacturing,2819,Orange,PAN_CF3D72FC68ACC925,GSTIN_D9A2F57AD6276796,UDYAM_3F8156D82D9F3F20,9000807875,,2020-09-25,2021-09-10,CLOSED,12,0-10,2025-11-26,email
PCB/TUM/CTE/2023/00044,KSPCB,Karnataka State Pollution Control Board,ENT-00102,M/S Sharma CNC Enterprises,Sharma CNC Enterprises,Partner 1,"No 68, A Main Rd, Antharasanahalli Industrial Area, Tumakuru, K'taka - 572106",Antharasanahalli Industrial Area,Tumakuru,TUM,572106,Ward-T12,Tumakuru,Machine Tools,Manufacturing,2819,Orange,PAN_CF3D72FC68ACC925,,,,,2023-03-28,2024-05-26,DORMANT,12,,2026-01-30,gstin_hash;phone;email
LAB-KA-TUM-2016-000047,LABOUR,Labour Department,ENT-00102,Sharma CNC Enterprises,Sharma CNC Enterprises,Owner B,"#68, A Mn Rd, Antharasanahalli Industrial Estate, Tumakuru, K'taka - 572106",Antharasanahalli Industrial Area,Tumakuru,TUM,572106,Ward-T12,Tumakuru,Machine Tools,Manufacturing,2819,Orange,PAN_CF3D72FC68ACC925,,,,,2016-03-27,2020-03-12,CLOSED,12,0-10,2026-03-28,gstin_hash;phone;email
KAR-SHOP-TUM-2021-000071,SHOP,Karnataka Shops and Commercial Establishments,ENT-00102,Sharma CNC Entp,,Owner B,"No 68, A Main Rd, Antharasanahalli Industrial Estate, Tumakuru, K'taka - 572106",Antharasanahalli Industrial Area,Tumakuru,TUM,572106,Ward-T12,Tumakuru,Machine Tools,Manufacturing,2819,Orange,,,,,,2021-05-15,2024-03-07,DORMANT,12,,2026-01-05,pan_hash;gstin_hash;phone;email
UDYAM-KR-TUM-2024-000050,UDYAM,Udyam / MSME Registry,ENT-00102,Sharma CNC Enterprises,Sharma CNC Enterprises,,"No. 68, A Mn Rd, Antharasanahalli Industrial Area, Tumakuru, Karnataka - 572106",Antharasanahalli Industrial Area,Tumakuru,TUM,572106,Ward-T12,Tumakuru,Machine Tools,Manufacturing,2819,Orange,PAN_CF3D72FC68ACC925,,UDYAM_3F8156D82D9F3F20,9000807875,,2024-11-25,2025-04-21,DORMANT,12,0-10,2025-11-26,gstin_hash;email
BBMP-TL-YELA-2017-000038,BBMP,BBMP Trade Licence,ENT-00103,Aditya Garments Industries,Aditya Garments Industries,Owner B,"90, Plot Main Road, Yelahanka, Bangalore Urban, K'taka - 560064",Yelahanka,Bengaluru Urban,BLRU,560064,Ward-004,Yelahanka,Textile / Garments,Manufacturing,1410,Green,PAN_AAFF359F4A465DD0,,,,contact0103@examplebiz.in,2017-11-20,2024-10-19,DORMANT,5,,2025-12-02,gstin_hash;phone
GST-KA-BLRU-2024-000077,GST,GST Taxpayer Registry,ENT-00103,ADITYA GARMENTS INDUSTRIES,Aditya Garments Industries,Owner A,"No 90, Plot Main Road, Yelahanka, B'luru Urban, KA - 560064",Yelahanka,Bengaluru Urban,BLRU,560064,Ward-004,Yelahanka,Textile / Garments,Manufacturing,1410,Green,PAN_AAFF359F4A465DD0,GSTIN_690CD349B1174245,,,,2024-09-09,2025-08-18,ACTIVE,5,100-500,2025-12-10,phone;email
LAB-KA-BLRU-2018-000048,LABOUR,Labour Department,ENT-00103,Aditya Garments Industries,Aditya Garments Industries,,"No 90, Plot Main Rd, Yelahanka, Bangalore Urban, KA - 560064",Yelahanka,Bengaluru Urban,BLRU,560064,Ward-004,Yelahanka,Textile / Garments,Manufacturing,1410,Green,PAN_AAFF359F4A465DD0,GSTIN_690CD349B1174245,,,,2018-10-26,2022-03-21,CLOSED,5,100-500,2026-02-02,phone;email
BBMP-TL-BOMM-2019-000039,BBMP,BBMP Trade Licence,ENT-00104,Navya Printers Traders,Navya Printers Traders,,"No 18, Shed Main Road, Electronic City, Bangalore Urban, KA - 560100",Electronic City,Bengaluru Urban,BLRU,560100,Ward-192,Bommanahalli,Printing / Packaging,Manufacturing,1811,Orange,,,,,,2019-06-07,2020-10-22,CLOSED,,25-50,2025-11-13,pan_hash;gstin_hash;phone;email
KFBIS-FAC-BLRU-2015-000051,FACTORY,"Factories, Boilers, Industrial Safety and Health",ENT-00104,Navya Printers Traders,Navya Printers Traders,,"#18, Shed Main Road, Electronic City, Bangalore Urban, K'taka - 560100",Electronic City,Bengaluru Urban,BLRU,560100,Ward-192,Bommanahalli,Printing / Packaging,Manufacturing,1811,Orange,PAN_0EA235E6595FDA7C,,,9000823713,,2015-03-29,2022-01-08,CLOSED,5,,2026-03-08,gstin_hash;email
GST-KA-BLRU-2020-000078,GST,GST Taxpayer Registry,ENT-00104,M/S Navya Printers Traders,,Owner A,"No 18, Shed Main Road, Electronic City, Bangalore Urban, Karnataka - 560100",Electronic City,Bengaluru Urban,BLRU,560100,Ward-192,Bommanahalli,Printing / Packaging,Manufacturing,1811,Orange,PAN_0EA235E6595FDA7C,GSTIN_F472A00481267E66,,,,2020-09-09,2021-02-24,CLOSED,,,2026-04-24,phone;email
PCB/BLRU/CTE/2021/00045,KSPCB,Karnataka State Pollution Control Board,ENT-00104,Navya Printers Traders,Navya Printers Traders,Managing Partner,"No. 18, Shed Main Road, Electronic City, Bengaluru Urban, K'taka - 560100",Electronic City,Bengaluru Urban,BLRU,560100,Ward-192,Bommanahalli,Printing / Packaging,Manufacturing,1811,Orange,,GSTIN_F472A00481267E66,,9000823713,,2021-05-29,2025-08-12,CLOSED,,25-50,2026-03-20,pan_hash;email
LAB-KA-BLRU-2018-000049,LABOUR,Labour Department,ENT-00104,Navya Printers Traders,Navya Printers Traders,,"#18, Shed Mn Rd, Electronic City, B'luru Urban, Karnataka - 560100",Electronic City,Bengaluru Urban,BLRU,560100,Ward-192,Bommanahalli,Printing / Packaging,Manufacturing,1811,Orange,PAN_0EA235E6595FDA7C,,,9000823713,,2018-11-15,2020-09-05,CLOSED,,25-50,2025-12-01,gstin_hash;email
KAR-SHOP-BLRU-2019-000072,SHOP,Karnataka Shops and Commercial Establishments,ENT-00104,Navya Printers Traders,Navya Printers Traders,Director Masked,"#18, Shed Main Rd, Electronic City, Bangalore Urban, K'taka - 560100",Electronic City,Bengaluru Urban,BLRU,560100,Ward-192,Bommanahalli,Printing / Packaging,Manufacturing,1811,Orange,,,,,,2019-04-24,2023-06-23,DORMANT,5,25-50,2026-01-30,pan_hash;gstin_hash;phone;email
KFBIS-FAC-BLRU-2022-000052,FACTORY,"Factories, Boilers, Industrial Safety and Health",ENT-00105,Kaveri Pvt Ltd,Kaveri,Partner 1,"No. 86, Behind Metro, BTM Layout, Bengaluru Urban, K'taka - 560029",BTM Layout,Bengaluru Urban,BLRU,560029,Ward-176,South,Plastic Moulding,Manufacturing,2220,Red,PAN_45FE265FDFB35DE8,,,,,2022-05-09,2023-12-10,DORMANT,18,,2026-02-19,gstin_hash;phone;email
GST-KA-BLRU-2021-000079,GST,GST Taxpayer Registry,ENT-00105,Kaveri Pvt Ltd,M/S Kaveri,Director Masked,"#86, Behind Metro, BTM Layout, Bangalore Urban, KA - 560029",BTM Layout,Bengaluru Urban,BLRU,560029,Ward-176,South,Plastic Moulding,Manufacturing,2220,Red,PAN_45FE265FDFB35DE8,GSTIN_EB267CF53746D512,,,,2021-02-16,2022-06-16,CLOSED,,10-25,2025-12-09,phone;email
PCB/BLRU/CTO/2022/00046,KSPCB,Karnataka State Pollution Control Board,ENT-00105,Kaveri Pvt Ltd,,Owner B,"No 86, Behind Metro, BTM Layout, Bangalore Urban, KA - 560029",BTM Layout,Bengaluru Urban,BLRU,560029,Ward-176,South,Plastic Moulding,Manufacturing,2220,Red,,GSTIN_EB267CF53746D512,,,,2022-07-02,2022-08-11,CLOSED,18,10-25,2025-11-21,pan_hash;phone;email
UDYAM-KR-BLRU-2017-000051,UDYAM,Udyam / MSME Registry,ENT-00105,M/S Kaveri Pvt Ltd,Kaveri,Owner B,"No. 86, Behind Metro, BTM Layout, B'luru Urban, KA",BTM Layout,Bengaluru Urban,BLRU,560029,Ward-176,South,Plastic Moulding,Manufacturing,2220,Red,PAN_45FE265FDFB35DE8,,UDYAM_5EBF7B700AED988D,,,2017-05-05,2024-12-15,DORMANT,,,2025-11-21,gstin_hash;phone;email
BBMP-TL-BENG-2017-000040,BBMP,BBMP Trade Licence,ENT-00106,Naveen Stores LLP,,Partner 1,"No. 237, A Service Road, Hoskote, Bangalore Rural, KA - 562114",Hoskote,Bengaluru Rural,BLRR,562114,Ward-R04,Bengaluru Rural,Logistics / Warehouse,Service,5210,Green,,,,,contact0106@examplebiz.in,2017-05-05,2018-08-12,CLOSED,5,0-10,2025-12-08,pan_hash;gstin_hash;phone
LAB-KA-BLRR-2024-000050,LABOUR,Labour Department,ENT-00106,Naveen Stores LLP,M/S Naveen Stores,Partner 1,"No. 237, A Service Road, Hoskote, B'luru Rural, Karnataka - 562114",Hoskote,Bengaluru Rural,BLRR,561203,Ward-R04,Bengaluru Rural,Logistics / Warehouse,Service,5210,Green,PAN_AC622BC4E03021C2,,,9000839551,contact0106@examplebiz.in,2024-02-24,2024-11-21,DORMANT,,0-10,2026-01-08,gstin_hash;pin_drift
LAB-KA-MYS-2024-000051,LABOUR,Labour Department,ENT-00107,Harsha Inds,Harsha Industries,Partner 1,"#45, Extension, Devaraja Mohalla, Mysuru, Karnataka - 570001",Devaraja Mohalla,Mysuru,MYS,570001,Ward-M01,Central,Printing / Packaging,Manufacturing,1811,Orange,,GSTIN_FC9EA718D4611229,,,,2024-02-08,2025-04-11,DORMANT,4,500+,2026-03-23,pan_hash;phone;email
KAR-SHOP-MYS-2015-000073,SHOP,Karnataka Shops and Commercial Establishments,ENT-00107,M/S Harsha Industries,Harsha Inds,Owner A,"#45, Extension, Devaraja Mohalla, Mysuru, KA - 570001",Devaraja Mohalla,Mysuru,MYS,570001,Ward-M01,Central,Printing / Packaging,Manufacturing,1811,Orange,,,,,,2015-09-21,2020-08-08,CLOSED,4,500+,2026-02-10,pan_hash;gstin_hash;phone;email
UDYAM-KR-MYS-2018-000052,UDYAM,Udyam / MSME Registry,ENT-00107,Harsha Industries,,Director Masked,"No 45, Extension, Devaraja Mohalla, Mysuru, K'taka - 570001",Devaraja Mohalla,Mysuru,MYS,570001,Ward-M01,Central,Printing / Packaging,Manufacturing,1811,Orange,PAN_4E5246BB5DDF018D,,,,,2018-04-07,2024-07-15,DORMANT,4,,2026-01-28,gstin_hash;phone;email
KFBIS-FAC-BLRU-2023-000053,FACTORY,"Factories, Boilers, Industrial Safety and Health",ENT-00108,Mysore Fashions Entp,Mysore Fashions Enterprises,Owner A,"#287, D Service Road, Yelahanka, Bengaluru Urban, Karnataka - 560064",Yelahanka,Bengaluru Urban,BLRU,560064,Ward-004,Yelahanka,Textile / Garments,Manufacturing,1410,Green,PAN_B5EF6E45EB57FE76,,,,contact0108@examplebiz.in,2023-09-16,2024-08-22,DORMANT,3,,2026-02-26,gstin_hash;phone
GST-KA-BLRU-2019-000080,GST,GST Taxpayer Registry,ENT-00108,M/S Mysore Fashions Enterprises,Mysore Fashions Enterprises,Partner 1,"No 287, D Service Road, Yelahanka, Bengaluru Urban, K'taka - 560064",Yelahanka,Bengaluru Urban,BLRU,560064,Ward-004,Yelahanka,Textile / Garments,Manufacturing,1410,Green,PAN_B5EF6E45EB57FE76,,,,,2019-08-02,2021-01-05,CLOSED,,,2026-02-01,gstin_hash;phone;email
LAB-KA-BLRU-2025-000052,LABOUR,Labour Department,ENT-00108,M/S Mysore Fashions Enterprises,M/S Mysore Fashions Enterprises,Partner 1,"287, D Service Road, Yelahanka, B'luru Urban, KA - 560064",Yelahanka,Bengaluru Urban,BLRU,560064,Ward-004,Yelahanka,Textile / Garments,Manufacturing,1410,Green,,,,9000855389,,2025-11-30,2026-04-15,ACTIVE,3,25-50,2026-03-01,pan_hash;gstin_hash;email
UDYAM-KR-BLRU-2023-000053,UDYAM,Udyam / MSME Registry,ENT-00108,Mysore Fashions Enterprises,Mysore Fashions Enterprises,Director Masked,"No. 287, D Service Road, Yelahanka, B'luru Urban, Karnataka - 560064",Yelahanka,Bengaluru Urban,BLRU,560064,Ward-004,Yelahanka,Textile / Garments,Manufacturing,1410,Green,PAN_B5EF6E45EB57FE76,,UDYAM_9769E20C926EF700,,,2023-05-17,2024-05-31,DORMANT,3,,2026-04-20,gstin_hash;phone;email
KFBIS-FAC-TUM-2019-000054,FACTORY,"Factories, Boilers, Industrial Safety and Health",ENT-00109,Bangalore Packaging Works,Bangalore Packaging Works,,"No. 135, A 1st Crs, BH Road, Tumakuru, Karnataka - 572101",BH Road,Tumakuru,TUM,572101,Ward-T01,Tumakuru,Plastic Moulding,Manufacturing,2220,Red,,,,,,2019-10-04,2019-11-22,CLOSED,,,2025-12-29,pan_hash;gstin_hash;phone;email
GST-KA-TUM-2023-000081,GST,GST Taxpayer Registry,ENT-00109,Bangalore Packaging Works,,Partner 1,"No. 135, A 1st Cr, BH Road, Tumakuru, KA - 572101",BH Road,Tumakuru,TUM,572101,Ward-T01,Tumakuru,Plastic Moulding,Manufacturing,2220,Red,PAN_DBCC763950F285C5,,,,,2023-05-28,2023-09-16,DORMANT,,,2026-03-29,gstin_hash;phone;email
PCB/TUM/CTE/2023/00047,KSPCB,Karnataka State Pollution Control Board,ENT-00109,Bangalore ackaging Works,Bangalore ackaging Works,Owner A,"No. 135, A 1st Cross, BH Road, Tumakuru, KA - 572101",BH Road,Tumakuru,TUM,572101,Ward-T01,Tumakuru,Plastic Moulding,Manufacturing,2220,Red,,,,,,2023-02-28,2023-08-03,DORMANT,85,,2026-03-21,pan_hash;gstin_hash;phone;email
LAB-KA-TUM-2019-000053,LABOUR,Labour Department,ENT-00109,Bangalore Packaging Works,,,"No 135, A 1st Cross, BH Road, Tumakuru, K'taka - 572101",BH Road,Tumakuru,TUM,572101,Ward-T01,Tumakuru,Plastic Moulding,Manufacturing,2220,Red,,,,,,2019-07-23,2025-03-16,DORMANT,,100-500,2026-01-21,pan_hash;gstin_hash;phone;email
KFBIS-FAC-BLRU-2018-000055,FACTORY,"Factories, Boilers, Industrial Safety and Health",ENT-00110,M/S Sharma Chem LP,Sharma Chem,Director Masked,"#218, B Industrial Layout, Banashankari, Bengaluru Urban, Karnataka",Banashankari,Bengaluru Urban,BLRU,560085,Ward-182,South,Chemical Blending,Manufacturing,2029,Red,PAN_1DABC2C1FF2E9BCB,GSTIN_64543AC915709F68,,9000871227,,2018-09-18,2018-12-25,CLOSED,,,2026-03-22,email
GST-KA-BLRU-2025-000082,GST,GST Taxpayer Registry,ENT-00110,Sharma Chem LLP,,Owner A,"#218, B Industrial Layout, Banashankari, Bengaluru Urban, Karnataka - 560085",Banashankari,Bengaluru Urban,BLRU,560085,Ward-182,South,Chemical Blending,Manufacturing,2029,Red,PAN_1DABC2C1FF2E9BCB,GSTIN_64543AC915709F68,,9000871227,,2025-11-28,2026-03-04,ACTIVE,10,25-50,2025-12-19,email
PCB/BLRU/CTE/2021/00048,KSPCB,Karnataka State Pollution Control Board,ENT-00110,Sharma Chem LLP,Sharma Chem,Partner 1,"No. 218, B Industrial Layout, Banashankari, Bangalore Urban, Karnataka - 560085",Banashankari,Bengaluru Urban,BLRU,560085,Ward-182,South,Chemical Blending,Manufacturing,2029,Red,PAN_1DABC2C1FF2E9BCB,,,,,2021-09-12,2025-11-30,ACTIVE,10,,2026-03-26,gstin_hash;phone;email
LAB-KA-BLRU-2022-000054,LABOUR,Labour Department,ENT-00110,Sharma Chem LLP,,Partner 1,"#218, B Industrial Layout, Banashankari, Bangalore Urban, Karnataka - 560085",Banashankari,Bengaluru Urban,BLRU,560085,Ward-182,South,Chemical Blending,Manufacturing,2029,Red,,,,9000871227,contact0110@examplebiz.in,2022-06-21,2025-01-08,DORMANT,10,,2025-11-09,pan_hash;gstin_hash
UDYAM-KR-BLRU-2021-000054,UDYAM,Udyam / MSME Registry,ENT-00110,Sharma Chem LLP,,Partner 1,"218, B Industrial Layout, Banashankari, Bangalore Urban, K'taka - 560085",Banashankari,Bengaluru Urban,BLRU,560085,Ward-182,South,Chemical Blending,Manufacturing,2029,Red,PAN_1DABC2C1FF2E9BCB,,UDYAM_DC548EEEB4B087BD,9000871227,,2021-02-13,2024-12-01,DORMANT,,25-50,2025-11-23,gstin_hash;email
KFBIS-FAC-BLRU-2021-000056,FACTORY,"Factories, Boilers, Industrial Safety and Health",ENT-00111,Naveen Polymers Solutions,Naven Polymers Solutions,Partner 1,"No. 64, Shed Sector, HSR Layout, B'luru Urban, Karnataka - 560102",HSR Layout,Bengaluru Urban,BLRU,560102,Ward-174,Bommanahalli,Plastic Moulding,Manufacturing,2220,Red,,,,9000879146,,2021-05-22,2024-03-25,DORMANT,,,2026-01-19,pan_hash;gstin_hash;email
GST-KA-BLRU-2015-000083,GST,GST Taxpayer Registry,ENT-00111,Naveen Polymers Solutions,,Partner 1,"No 64, Shed Sector, HSR Layout, B'luru Urban, Karnataka",HSR Layout,Bengaluru Urban,BLRU,560102,Ward-174,Bommanahalli,Plastic Moulding,Manufacturing,2220,Red,PAN_92F3E575771488A9,,UDYAM_F43AB8C8AD4BFE52,9000879146,,2015-03-01,2015-09-15,CLOSED,18,,2026-02-14,gstin_hash;email
PCB/BLRU/CTE/2025/00049,KSPCB,Karnataka State Pollution Control Board,ENT-00111,Naveen Polymers Solutions,Naveen Polymers Solutions,Partner 1,"#64, Shed Sector, HSR Layout, B'luru Urban, KA - 560102",HSR Layout,Bengaluru Urban,BLRU,560102,Ward-174,Bommanahalli,Plastic Moulding,Manufacturing,2220,Red,PAN_92F3E575771488A9,,UDYAM_F43AB8C8AD4BFE52,9000879146,contact0111@examplebiz.in,2025-09-01,2025-11-02,ACTIVE,18,,2025-11-12,gstin_hash
LAB-KA-BLRU-2024-000055,LABOUR,Labour Department,ENT-00111,M/S Naveen Polymers Solutions,Naveen Polymers Solutions,,"No 64, Shed Sector, HSR Layout, Bengaluru Urban, Karnataka - 560102",HSR Layout,Bengaluru Urban,BLRU,560102,Ward-174,Bommanahalli,Plastic Moulding,Manufacturing,2220,Red,,,,9000879146,contact0111@examplebiz.in,2024-07-03,2025-03-16,DORMANT,18,,2026-03-16,pan_hash;gstin_hash
UDYAM-KR-BLRU-2018-000055,UDYAM,Udyam / MSME Registry,ENT-00111,Naveen Polymers Solutions,,Director Masked,"64, Shed Sector, HSR Layout, Bengaluru Urban, K'taka - 560102",HSR Layout,Bengaluru Urban,BLRU,560102,Ward-174,Bommanahalli,Plastic Moulding,Manufacturing,2220,Red,,,UDYAM_F43AB8C8AD4BFE52,,,2018-05-09,2024-03-20,DORMANT,,,2026-02-16,pan_hash;gstin_hash;phone;email
KFBIS-FAC-BLRU-2022-000057,FACTORY,"Factories, Boilers, Industrial Safety and Health",ENT-00112,Ananya Solutions,Ananya Solutions,,"No. 218, B Industrial Layout, Hebbal, Bangalore Urban, K'taka - 560024",Hebbal,Bengaluru Urban,BLRU,560024,Ward-021,Yelahanka,Chemical Blending,Manufacturing,2029,Red,,GSTIN_BB797D1DB0FEF6B9,,,contact0112@examplebiz.in,2022-05-21,2023-04-01,CLOSED,,10-25,2026-03-07,pan_hash;phone
PCB/BLRU/CTE/2018/00050,KSPCB,Karnataka State Pollution Control Board,ENT-00112,Ananya Solutions,Ananya olutions,Partner 1,"No 218, B Industrial Layout, Hebbal, Bengaluru Urban, KA - 560024",Hebbal,Bengaluru Urban,BLRU,560024,Ward-021,Yelahanka,Chemical Blending,Manufacturing,2029,Red,PAN_4A21AB8C004EEBFF,,,,contact0112@examplebiz.in,2018-03-19,2020-01-28,CLOSED,120,10-25,2026-01-07,gstin_hash;phone
UDYAM-KR-BLRU-2018-000056,UDYAM,Udyam / MSME Registry,ENT-00112,M/SAnanya Solutions,M/S Ananya Solutions,Owner B,"#218, B Industrial Layout, Hebbal, Bangalore Urban, KA - 560024",Hebbal,Bengaluru Urban,BLRU,560024,Ward-021,Yelahanka,Chemical Blending,Manufacturing,2029,Red,PAN_4A21AB8C004EEBFF,,,,,2018-06-10,2019-01-07,CLOSED,120,,2025-11-08,gstin_hash;phone;email
KFBIS-FAC-BLRU-2022-000058,FACTORY,"Factories, Boilers, Industrial Safety and Health",ENT-00113,Harsha Tools Associates,M/S Harsha Tools Associates,Managing Partner,"#299, C Industrial Layout, MG Road, Bengaluru Urban, Karnataka - 560001",MG Road,Bengaluru Urban,BLRU,560001,Ward-111,East,Machine Tools,Manufacturing,2819,Orange,PAN_1ED35C49BCEF6450,,,,,2022-02-01,2026-03-20,ACTIVE,36,,2025-11-30,gstin_hash;phone;email
PCB/BLRU/CTE/2023/00051,KSPCB,Karnataka State Pollution Control Board,ENT-00113,Harsha Tools Associates,Harsha Tools Associates,Managing Partner,"299, C Industrial Layout, MG Road, Bengaluru Urban, Karnataka - 560001",MG Road,Bengaluru Urban,BLRU,560001,Ward-111,East,Machine Tools,Manufacturing,2819,Orange,,,,,,2023-02-22,2024-11-28,DORMANT,,,2026-04-29,pan_hash;gstin_hash;phone;email
LAB-KA-BLRU-2025-000056,LABOUR,Labour Department,ENT-00113,Harsha Tools Associates,Harsha Tools Associaes,Owner A,"No 299, C Industrial Layout, MG Road, Bengaluru Urban, K'taka - 560001",MG Road,Bengaluru Urban,BLRU,560001,Ward-111,East,Machine Tools,Manufacturing,2819,Orange,,,,,contact0113@examplebiz.in,2025-01-25,2025-11-17,ACTIVE,36,,2026-01-20,pan_hash;gstin_hash;phone
KAR-SHOP-BLRU-2024-000074,SHOP,Karnataka Shops and Commercial Establishments,ENT-00113,Harsha Tools Associates,Harsha Tools Associates,Director Masked,"No 299, C Industrial Layout, MG Road, Bengaluru Urban, KA - 560001",MG Road,Bengaluru Urban,BLRU,560001,Ward-111,East,Machine Tools,Manufacturing,2819,Orange,PAN_1ED35C49BCEF6450,,,,contact0113@examplebiz.in,2024-03-04,2024-10-11,DORMANT,,,2026-02-01,gstin_hash;phone
BBMP-TL-DASA-2015-000041,BBMP,BBMP Trade Licence,ENT-00114,Nandi Bakery Pvt. Ltd.,,Owner A,"No. 99, A 3rd Phase, Peenya Industrial Area, Bengaluru Urban, Karnataka",Peenya Industrial Area,Bengaluru Urban,BLRU,560058,Ward-038,Dasarahalli,Food Processing,Manufacturing,1030,Orange,,,,,,2015-01-05,2016-11-01,CLOSED,52,,2026-01-17,pan_hash;gstin_hash;phone;email
KFBIS-FAC-BLRU-2023-000059,FACTORY,"Factories, Boilers, Industrial Safety and Health",ENT-00114,Nandi Bakery Pvt Ltd,,Owner B,"No. 99, A 3rd Phase, Peenya Indl Area, Bangalore Urban, KA - 560058",Peenya Industrial Area,Bengaluru Urban,BLRU,560058,Ward-038,Dasarahalli,Food Processing,Manufacturing,1030,Orange,,,,9000902903,,2023-04-01,2025-02-01,DORMANT,52,,2025-12-17,pan_hash;gstin_hash;email
GST-KA-BLRU-2016-000084,GST,GST Taxpayer Registry,ENT-00114,Nandi Bakery Pvt Ltd,Nandi Bakery,Partner 1,"No 99, A 3rd Phase, Peenya Indl Area, Bengaluru Urban, Karnataka - 560058",Peenya Industrial Area,Bengaluru Urban,BLRU,560058,Ward-038,Dasarahalli,Food Processing,Manufacturing,1030,Orange,,,,,,2016-07-17,2017-05-26,CLOSED,52,100-500,2026-01-15,pan_hash;gstin_hash;phone;email
KAR-SHOP-BLRU-2022-000075,SHOP,Karnataka Shops and Commercial Establishments,ENT-00114,Nandi Bakery Pvt Ltd,Nandi Bakery,Owner A,"No 99, A 3rd Phase, Peenya Indl Area, B'luru Urban, K'taka - 560058",Peenya Industrial Area,Bengaluru Urban,BLRU,560058,Ward-038,Dasarahalli,Food Processing,Manufacturing,1030,Orange,,,,,,2022-08-23,2026-03-27,ACTIVE,52,100-500,2026-03-23,pan_hash;gstin_hash;phone;email
GST-KA-BLRU-2015-000085,GST,GST Taxpayer Registry,ENT-00115,M/S BANGALORE CARE WORKS,Bangalore Care Works,,"No. 185, C Service Road, Bannerghatta Road, B'luru Urban, Karnataka - 560076",Bannerghatta Road,Bengaluru Urban,BLRU,560076,Ward-177,South,Pharmacy / Medical Retail,Retail,4772,Green,,,,,,2015-09-04,2024-05-01,DORMANT,180,,2026-02-20,pan_hash;gstin_hash;phone;email
KAR-SHOP-BLRU-2016-000076,SHOP,Karnataka Shops and Commercial Establishments,ENT-00115,Bangalore Care Works,,Director Masked,"185, C Service Road, Bannerghatta Road, B'luru Urban, KA - 560076",Bannerghatta Road,Bengaluru Urban,BLRU,560076,Ward-177,South,Pharmacy / Medical Retail,Retail,4772,Green,,,,9000910822,,2016-12-11,2022-04-02,CLOSED,180,,2026-04-30,pan_hash;gstin_hash;email
GST-KA-BLRU-2025-000086,GST,GST Taxpayer Registry,ENT-00116,PRAKRUTHI PACKAGING INDUSTRIES,,,"No 259, Industrial Layout, Kalyan Nagar, Bangalore Urban, KA - 560043",Kalyan Nagar,Bengaluru Urban,BLRU,560043,Ward-025,East,Printing / Packaging,Manufacturing,1811,Orange,PAN_48CB936EB630942B,,,,,2025-09-15,2025-10-17,ACTIVE,18,50-100,2026-02-02,gstin_hash;phone;email
PCB/BLRU/CTE/2022/00052,KSPCB,Karnataka State Pollution Control Board,ENT-00116,Prakruthi Packaging Industries,,Owner B,"259, Industrial Layout, Kalyan Nagar, Bangalore Urban, Karnataka - 560043",Kalyan Nagar,Bengaluru Urban,BLRU,560043,Ward-025,East,Printing / Packaging,Manufacturing,1811,Orange,PAN_48CB936EB630942B,,,,,2022-03-07,2023-05-20,DORMANT,18,,2026-02-01,gstin_hash;phone;email
LAB-KA-BLRU-2018-000057,LABOUR,Labour Department,ENT-00116,Prakruthi Packaging Industries,Prakruti Packaging Industries,Owner A,"259, Industrial Layout, Kalyan Nagar, Bangalore Urban, KA",Kalyan Nagar,Bengaluru Urban,BLRU,560043,Ward-025,East,Printing / Packaging,Manufacturing,1811,Orange,,,,9000918741,,2018-04-26,2021-05-27,CLOSED,18,,2026-03-24,pan_hash;gstin_hash;email
KAR-SHOP-BLRU-2025-000077,SHOP,Karnataka Shops and Commercial Establishments,ENT-00116,M/S Prakruthi Packaging Industries,,Managing Partner,"#259, Industrial Layout, Kalyan Nagar, B'luru Urban, Karnataka - 560043",Kalyan Nagar,Bengaluru Urban,BLRU,560043,Ward-025,East,Printing / Packaging,Manufacturing,1811,Orange,PAN_48CB936EB630942B,,,,,2025-07-18,2025-12-25,ACTIVE,18,,2026-02-24,gstin_hash;phone;email
UDYAM-KR-BLRU-2022-000057,UDYAM,Udyam / MSME Registry,ENT-00116,M/S Prakruthi Packaging Industries,Prakruthi Packaging Industries,Managing Partner,"No 259, Industrial Layout, Kalyan Nagar, B'luru Urban, KA - 560043",Kalyan Nagar,Bengaluru Urban,BLRU,560043,Ward-025,East,Printing / Packaging,Manufacturing,1811,Orange,,,,,,2022-02-11,2026-01-07,ACTIVE,18,50-100,2026-04-28,pan_hash;gstin_hash;phone;email
KFBIS-FAC-TUM-2015-000060,FACTORY,"Factories, Boilers, Industrial Safety and Health",ENT-00117,Mysore Printers Company,Mysore Printers Company,Managing Partner,"No. 229, Industrial Layout, Antharasanahalli Industrial Area, Tumakuru, KA - 572106",Antharasanahalli Industrial Area,Tumakuru,TUM,572106,Ward-T12,Tumakuru,Printing / Packaging,Manufacturing,1811,Orange,,,,,,2015-12-23,2020-11-12,CLOSED,4,500+,2026-04-13,pan_hash;gstin_hash;phone;email
KFBIS-FAC-BLRU-2025-000061,FACTORY,"Factories, Boilers, Industrial Safety and Health",ENT-00118,Prakruthi Electonics Industries,,Partner 1,"No. 121, Shed 3rd Phase, Bannerghatta Road, Bangalore Urban, Karnataka - 560076",Bannerghatta Road,Bengaluru Urban,BLRU,560076,Ward-177,South,Electronics Assembly,Manufacturing,2610,Orange,,,UDYAM_B93BD20086D93988,,,2025-03-30,2026-03-16,ACTIVE,,10-25,2025-12-18,pan_hash;gstin_hash;phone;email
GST-KA-BLRU-2019-000087,GST,GST Taxpayer Registry,ENT-00118,Prakruthi Electronics Industries,,Partner 1,"No 121, Shed 3rd Phase, Bannerghatta Road, Bangalore Urban, KA - 560076",Bannerghatta Road,Bengaluru Urban,BLRU,560076,Ward-177,South,Electronics Assembly,Manufacturing,2610,Orange,,,,,,2019-05-24,2020-09-28,CLOSED,12,,2026-01-21,pan_hash;gstin_hash;phone;email
KAR-SHOP-BLRU-2015-000078,SHOP,Karnataka Shops and Commercial Establishments,ENT-00118,M/S Prakruthi Electronics Industries,Prakruthi Electronics Industries,Partner 1,"No. 121, Shed 3rd Phase, Bannerghatta Road, Bangalore Urban, KA - 560076",Bannerghatta Road,Bengaluru Urban,BLRU,560076,Ward-177,South,Electronics Assembly,Manufacturing,2610,Orange,,,,,,2015-05-30,2019-12-09,CLOSED,12,,2026-03-13,pan_hash;gstin_hash;phone;email
UDYAM-KR-BLRU-2022-000058,UDYAM,Udyam / MSME Registry,ENT-00118,Prakruthi Electronics Industries,PRAKRUTHI ELECTRONICS INDUSTRIES,Owner A,"121, Shed 3rd Phase, Bannerghatta Road, B'luru Urban, K'taka - 560076",Bannerghatta Road,Bengaluru Urban,BLRU,560076,Ward-177,South,Electronics Assembly,Manufacturing,2610,Orange,,,UDYAM_B93BD20086D93988,,,2022-04-26,2024-04-26,DORMANT,12,10-25,2026-02-19,pan_hash;gstin_hash;phone;email
GST-KA-BLRU-2017-000088,GST,GST Taxpayer Registry,ENT-00119,Ravi Solutions,M/S RAVI SOLUTIONS,,"#122, 1st Crs, Koramangala, Bangalore Urban, KA - 560034",Koramangala,Bengaluru Urban,BLRU,560034,Ward-151,South-East,Food Processing,Manufacturing,1030,Orange,,,,9000942498,,2017-06-08,2020-05-21,CLOSED,180,0-10,2026-04-12,pan_hash;gstin_hash;email
PCB/BLRU/CTE/2022/00053,KSPCB,Karnataka State Pollution Control Board,ENT-00119,Ravi Solutions,Ravi Solutions,,"122, 1st Cr, Koramangala, Bengaluru Urban, K'taka - 560034",Koramangala,Bengaluru Urban,BLRU,560034,Ward-151,South-East,Food Processing,Manufacturing,1030,Orange,,,,9000942498,contact0119@examplebiz.in,2022-01-21,2026-03-12,ACTIVE,180,0-10,2026-02-19,pan_hash;gstin_hash
BBMP-TL-BENG-2016-000042,BBMP,BBMP Trade Licence,ENT-00120,M/S Aarohi Medical Works,Aarohi Medical Works,Partner 1,"No. 281, A 3rd Phase, Devanahalli, Bengaluru Rural, Karnataka - 562110",Devanahalli,Bengaluru Rural,BLRR,562110,Ward-R01,Bengaluru Rural,Pharmacy / Medical Retail,Retail,4772,Green,PAN_3426BF4E10BA99AA,,,,contact0120@examplebiz.in,2016-10-26,2023-08-09,DORMANT,4,,2026-02-20,gstin_hash;phone
KFBIS-FAC-BLRR-2016-000062,FACTORY,"Factories, Boilers, Industrial Safety and Health",ENT-00120,Aarohi Medical Works,Aarohi Medical Works,Partner 1,"No. 281, A 3rd Phase, Devanahalli, Bengaluru Rural, K'taka - 562110",Devanahalli,Bengaluru Rural,BLRR,562110,Ward-R01,Bengaluru Rural,Pharmacy / Medical Retail,Retail,4772,Green,,,,,contact0120@examplebiz.in,2016-02-01,2019-09-09,CLOSED,4,100-500,2026-03-07,pan_hash;gstin_hash;phone
GST-KA-BLRR-2022-000089,GST,GST Taxpayer Registry,ENT-00120,Aarohi Medical Works,Aarohi Medical Works,,"281, A 3rd Phase, Devanahalli, Bangalore Rural, KA - 562110",Devanahalli,Bengaluru Rural,BLRR,562110,Ward-R01,Bengaluru Rural,Pharmacy / Medical Retail,Retail,4772,Green,PAN_3426BF4E10BA99AA,,,,contact0120@examplebiz.in,2022-04-15,2025-01-12,DORMANT,4,,2026-01-23,gstin_hash;phone
KAR-SHOP-BLRR-2016-000079,SHOP,Karnataka Shops and Commercial Establishments,ENT-00120,M/S Aarohi Medical Works,Aarohi Medical Works,Director Masked,"No 281, A 3rd Phase, Devanahalli, Bengaluru Rural, K'taka",Devanahalli,Bengaluru Rural,BLRR,562110,Ward-R01,Bengaluru Rural,Pharmacy / Medical Retail,Retail,4772,Green,PAN_3426BF4E10BA99AA,,,,,2016-08-23,2017-11-30,CLOSED,,,2025-11-29,gstin_hash;phone;email
BBMP-TL-BOMM-2025-000043,BBMP,BBMP Trade Licence,ENT-00121,M/S Sree Clinic Industries,,,"#36, Sector, HSR Layout, Bengaluru Urban, K'taka - 560102",HSR Layout,Bengaluru Urban,BLRU,560102,Ward-174,Bommanahalli,Pharmacy / Medical Retail,Retail,4772,Green,PAN_994EE32A438CF116,,,9000958336,,2025-07-29,2025-10-17,ACTIVE,,,2026-04-18,gstin_hash;email
KFBIS-FAC-BLRU-2020-000063,FACTORY,"Factories, Boilers, Industrial Safety and Health",ENT-00121,M/S Sree Clinic Industries,Sree Clinic Industries,Owner A,"#36, Sector, HSR Layout, Bangalore Urban, Karnataka - 560102",HSR Layout,Bengaluru Urban,BLRU,560102,Ward-174,Bommanahalli,Pharmacy / Medical Retail,Retail,4772,Green,,GSTIN_9BFDA5A314E1227A,,9000958336,,2020-01-28,2025-08-13,ACTIVE,4,,2025-12-06,pan_hash;email
GST-KA-BLRU-2020-000090,GST,GST Taxpayer Registry,ENT-00121,M/S Sree Clini Industries,SREE CLINIC INDUSTRIES,Partner 1,"No. 36, Sector, HSR Layout, Bangalore Urban, KA - 560102",HSR Layout,Bengaluru Urban,BLRU,560102,Ward-174,Bommanahalli,Pharmacy / Medical Retail,Retail,4772,Green,PAN_994EE32A438CF116,,UDYAM_28C2098C7518C45A,9000958336,contact0121@examplebiz.in,2020-09-19,2020-12-23,CLOSED,,50-100,2025-11-07,gstin_hash
KAR-SHOP-BLRU-2016-000080,SHOP,Karnataka Shops and Commercial Establishments,ENT-00121,Sree Clinic Industries,Sree Clinic Industries,,"No 36, Sector, HSR Layout, Bangalore Urban, K'taka - 560102",HSR Layout,Bengaluru Urban,BLRU,560102,Ward-174,Bommanahalli,Pharmacy / Medical Retail,Retail,4772,Green,,,,9000958336,,2016-05-16,2023-04-26,CLOSED,4,50-100,2026-02-04,pan_hash;gstin_hash;email
KFBIS-FAC-BLRU-2018-000064,FACTORY,"Factories, Boilers, Industrial Safety and Health",ENT-00122,Aarohi Aparels Co,Aarohi Apparels Company,,"136, D 3rd Phase, Bannerghatta Road, B'luru Urban, KA - 560076",Bannerghatta Road,Bengaluru Urban,BLRU,560076,Ward-177,South,Textile / Garments,Manufacturing,1410,Green,,GSTIN_4C0AA1E5E21474CB,,9000966255,,2018-01-10,2022-01-31,CLOSED,120,25-50,2025-12-19,pan_hash;email
LAB-KA-BLRU-2019-000058,LABOUR,Labour Department,ENT-00122,Aarohi Apparels Company,,Partner 1,"136, D 3rd Phase, Bannerghatta Road, Bangalore Urban, K'taka - 560076",Bannerghatta Road,Bengaluru Urban,BLRU,560076,Ward-177,South,Textile / Garments,Manufacturing,1410,Green,PAN_85F87E236D2A6FCC,,,,,2019-10-03,2021-03-22,CLOSED,120,25-50,2025-12-16,gstin_hash;phone;email
KAR-SHOP-BLRU-2022-000081,SHOP,Karnataka Shops and Commercial Establishments,ENT-00122,Aarohi Apparels Company,,Managing Partner,"136, D 3rd Phase, Bannerghatta Road, B'luru Urban, Karnataka - 560076",Bannerghatta Road,Bengaluru Urban,BLRU,560076,Ward-177,South,Textile / Garments,Manufacturing,1410,Green,,,UDYAM_BB1D36B7E23905B5,9000966255,,2022-06-24,2023-07-24,DORMANT,120,,2025-12-14,pan_hash;gstin_hash;email
UDYAM-KR-BLRU-2024-000059,UDYAM,Udyam / MSME Registry,ENT-00122,Aarohi Apparels Company,M/S AAROHI APPARELS COMPANY,Managing Partner,"No. 136, D 3rd Phase, Bannerghatta Road, B'luru Urban, K'taka - 560076",Bannerghatta Road,Bengaluru Urban,BLRU,560076,Ward-177,South,Textile / Garments,Manufacturing,1410,Green,PAN_85F87E236D2A6FCC,,UDYAM_BB1D36B7E23905B5,,,2024-07-17,2025-07-13,ACTIVE,120,25-50,2025-11-21,gstin_hash;phone;email
BBMP-TL-YELA-2020-000044,BBMP,BBMP Trade Licence,ENT-00123,M/S Nisarga Industrial Co,M/S Nisarga Industrial Co,Owner A,"No. 194, A Behind Metro, Hebbal, Bangalore Urban, KA - 560024",Hebbal,Bengaluru Urban,BLRU,560024,Ward-021,Yelahanka,Restaurant / Cafe,Service,5610,Green,,,,,,2020-12-27,2025-08-19,ACTIVE,12,,2026-03-01,pan_hash;gstin_hash;phone;email
GST-KA-BLRU-2017-000091,GST,GST Taxpayer Registry,ENT-00123,Nisarga Industrial Co,NISARGA INDUSTRIAL CO,Owner A,"#194, A Behind Metro, Hebbal, B'luru Urban, K'taka - 560024",Hebbal,Bengaluru Urban,BLRU,560024,Ward-021,Yelahanka,Restaurant / Cafe,Service,5610,Green,,,UDYAM_A9794DD65837FAF7,9000974174,,2017-12-05,2024-01-08,DORMANT,12,25-50,2026-01-26,pan_hash;gstin_hash;email
PCB/BLRU/CTE/2022/00054,KSPCB,Karnataka State Pollution Control Board,ENT-00123,Nisarga Industrial Co,,Owner A,"#194, A Behind Metro, Hebbal, B'luru Urban, Karnataka - 560024",Hebbal,Bengaluru Urban,BLRU,560024,Ward-021,Yelahanka,Restaurant / Cafe,Service,5610,Green,,,UDYAM_A9794DD65837FAF7,,,2022-11-21,2023-06-04,DORMANT,12,25-50,2025-11-29,pan_hash;gstin_hash;phone;email
KAR-SHOP-BLRU-2020-000082,SHOP,Karnataka Shops and Commercial Establishments,ENT-00123,Nisarga Industrial Co,Nisarga Industrial Co,Managing Partner,"#194, A Behind Metro, Hebbal, Bangalore Urban, KA - 560024",Hebbal,Bengaluru Urban,BLRU,560024,Ward-021,Yelahanka,Restaurant / Cafe,Service,5610,Green,,,,,,2020-02-12,2026-02-02,ACTIVE,12,,2026-01-15,pan_hash;gstin_hash;phone;email
KFBIS-FAC-BLRU-2024-000065,FACTORY,"Factories, Boilers, Industrial Safety and Health",ENT-00124,Sahana Works Company,M/S Sahana Works Company,Owner A,"50, Sector, Rajajinagar Industrial Suburb, B'luru Urban, KA",Rajajinagar Industrial Suburb,Bengaluru Urban,BLRU,560059,Ward-067,West,Machine Tools,Manufacturing,2819,Orange,,,,9000982093,,2024-08-28,2025-11-12,ACTIVE,10,25-50,2026-03-17,pan_hash;gstin_hash;email
PCB/BLRU/CTE/2023/00055,KSPCB,Karnataka State Pollution Control Board,ENT-00124,Sahna Works Company,Sahana Works Co,Director Masked,"No 50, Sector, Rajajinagar Industrial Suburb, B'luru Urban, K'taka - 560059",Rajajinagar Industrial Suburb,Bengaluru Urban,BLRU,560059,Ward-067,West,Machine Tools,Manufacturing,2819,Orange,,,,9000982093,,2023-03-24,2023-12-20,DORMANT,,,2025-12-31,pan_hash;gstin_hash;email
LAB-KA-BLRU-2022-000059,LABOUR,Labour Department,ENT-00124,Sahana Works Company,,Managing Partner,"No. 50, Sector, Rajajinagar Industrial Suburb, Bangalore Urban, Karnataka - 560059",Rajajinagar Industrial Suburb,Bengaluru Urban,BLRU,560059,Ward-067,West,Machine Tools,Manufacturing,2819,Orange,,,,,,2022-05-16,2025-09-28,ACTIVE,10,,2026-01-06,pan_hash;gstin_hash;phone;email
KAR-SHOP-BLRU-2023-000083,SHOP,Karnataka Shops and Commercial Establishments,ENT-00124,Sahana Works Company,Sahana Works Company,Managing Partner,"No 50, Sector, Rajajinagar Industrial Suburb, Bengaluru Urban, KA - 560059",Rajajinagar Industrial Suburb,Bengaluru Urban,BLRU,560059,Ward-067,West,Machine Tools,Manufacturing,2819,Orange,,,,9000982093,,2023-01-06,2023-06-04,DORMANT,10,,2026-03-11,pan_hash;gstin_hash;email
UDYAM-KR-BLRU-2024-000060,UDYAM,Udyam / MSME Registry,ENT-00124,SAHANA WORKS COMPANY,Sahana Works Company,Owner A,"#50, Sector, Rajajinagar Industrial Suburb, B'luru Urban, K'taka - 560059",Rajajinagar Industrial Suburb,Bengaluru Urban,BLRU,560059,Ward-067,West,Machine Tools,Manufacturing,2819,Orange,,,UDYAM_8163A4B6D866AA63,9000982093,,2024-01-05,2025-04-19,DORMANT,10,,2026-01-30,pan_hash;gstin_hash;email
KFBIS-FAC-BLRU-2018-000066,FACTORY,"Factories, Boilers, Industrial Safety and Health",ENT-00125,Navya Snacks Industries,M/S Navya Snacks Inds,Owner A,"No 87, Plot 2nd Main, Electronic City, Bengaluru Urban, Karnataka - 560100",Electronic City,Bengaluru Urban,BLRU,560100,Ward-192,Bommanahalli,Food Processing,Manufacturing,1030,Orange,,,UDYAM_757413594D6114AB,,contact0125@examplebiz.in,2018-10-02,2023-01-20,CLOSED,52,,2026-03-09,pan_hash;gstin_hash;phone
GST-KA-BLRU-2025-000092,GST,GST Taxpayer Registry,ENT-00125,Navya Snacks Industries,Navya Snacks Industries,Partner 1,"No. 87, Plot 2nd Main, Electronic City, B'luru Urban, K'taka - 560100",Electronic City,Bengaluru Urban,BLRU,560100,Ward-192,Bommanahalli,Food Processing,Manufacturing,1030,Orange,PAN_A783B6C9AF59A03B,,,,contact0125@examplebiz.in,2025-11-04,2026-03-05,ACTIVE,,,2026-01-21,gstin_hash;phone
LAB-KA-BLRU-2017-000060,LABOUR,Labour Department,ENT-00125,Navya Snacks Industries,M/S Navya Snacks Industries,Managing Partner,"87, Plot 2nd Main, Electronic City, Bengaluru Urban, Karnataka - 560100",Electronic City,Bengaluru Urban,BLRU,560100,Ward-192,Bommanahalli,Food Processing,Manufacturing,1030,Orange,,,,,,2017-02-23,2025-07-18,ACTIVE,,50-100,2025-11-26,pan_hash;gstin_hash;phone;email
KAR-SHOP-BLRU-2015-000084,SHOP,Karnataka Shops and Commercial Establishments,ENT-00125,M/S Navya Snacks Industries,,Director Masked,"No. 87, Plot 2nd Main, Electronic City, B'luru Urban, K'taka - 560100",Electronic City,Bengaluru Urban,BLRU,560100,Ward-192,Bommanahalli,Food Processing,Manufacturing,1030,Orange,,,,,contact0125@examplebiz.in,2015-02-02,2022-03-19,CLOSED,,,2026-02-14,pan_hash;gstin_hash;phone
UDYAM-KR-BLRU-2018-000061,UDYAM,Udyam / MSME Registry,ENT-00125,NAVYA SNACKS INDUSTRIES,Navya Snacks Industries,Director Masked,"#87, Plot 2nd Main, Electronic City, B'luru Urban, Karnataka - 560100",Electronic City,Bengaluru Urban,BLRU,560100,Ward-192,Bommanahalli,Food Processing,Manufacturing,1030,Orange,PAN_A783B6C9AF59A03B,,UDYAM_757413594D6114AB,,,2018-11-12,2024-05-26,DORMANT,52,,2025-11-28,gstin_hash;phone;email
GST-KA-MYS-2021-000093,GST,GST Taxpayer Registry,ENT-00126,SAHANA GARMENTS COMPANY,SAHANA GARMENTS COMPANY,,"No 98, D Extension, Nanjangud Road, Mysuru, KA - 570018",Nanjangud Road,Mysuru,MYS,570018,Ward-M32,South,Textile / Garments,Manufacturing,1410,Green,,,,9000997931,,2021-12-28,2023-07-18,DORMANT,5,100-500,2026-04-11,pan_hash;gstin_hash;email
LAB-KA-MYS-2015-000061,LABOUR,Labour Department,ENT-00126,M/S Sahana Garments Company,Shana Garments Co,Owner A,"#98, D Extension, Nanjangud Road, Mysuru, Karnataka - 570018",Nanjangud Road,Mysuru,MYS,570018,Ward-M32,South,Textile / Garments,Manufacturing,1410,Green,,,,9000997931,,2015-07-05,2023-08-19,DORMANT,,,2026-01-25,pan_hash;gstin_hash;email
KAR-SHOP-MYS-2018-000085,SHOP,Karnataka Shops and Commercial Establishments,ENT-00126,Sahana Garments Co,Sahana Garments Company,,"98, D Extension, Nanjangud Road, Mysuru, K'taka - 570018",Nanjangud Road,Mysuru,MYS,570018,Ward-M32,South,Textile / Garments,Manufacturing,1410,Green,,,,,,2018-10-24,2025-03-04,DORMANT,5,,2026-03-23,pan_hash;gstin_hash;phone;email
GST-KA-MYS-2025-000094,GST,GST Taxpayer Registry,ENT-00127,Omkar Graphics Industries,Omkar Grahics Industries,Managing Partner,"No 160, A Extension, Hebbal Indl Area, Mysuru, K'taka - 570016",Hebbal Industrial Area,Mysuru,MYS,570016,Ward-M21,North,Printing / Packaging,Manufacturing,1811,Orange,PAN_CA44E0E20A38F7EF,,,,,2025-12-29,2026-04-08,ACTIVE,12,50-100,2026-01-24,gstin_hash;phone;email
PCB/MYS/CTO/2020/00056,KSPCB,Karnataka State Pollution Control Board,ENT-00127,Omkar Graphics Indstries,Omkar Graphics Industries,Owner A,"#160, A Extension, Hebbal Industrial Area, Mysuru, KA - 570016",Hebbal Industrial Area,Mysuru,MYS,570016,Ward-M21,North,Printing / Packaging,Manufacturing,1811,Orange,PAN_CA44E0E20A38F7EF,,,,,2020-04-10,2025-06-26,ACTIVE,,50-100,2025-12-23,gstin_hash;phone;email
LAB-KA-MYS-2020-000062,LABOUR,Labour Department,ENT-00127,M/S Omkar Graphics Inds,Omkar Graphics Industries,Owner B,"160, A Extension, Hebbal Indl Area, Mysuru, K'taka - 570016",Hebbal Industrial Area,Mysuru,MYS,570016,Ward-M21,North,Printing / Packaging,Manufacturing,1811,Orange,PAN_CA44E0E20A38F7EF,,,,,2020-01-03,2021-06-05,CLOSED,12,50-100,2025-12-29,gstin_hash;phone;email
BBMP-TL-BENG-2022-000045,BBMP,BBMP Trade Licence,ENT-00128,M/S Srinidhi Co,Srinidhi Co,Managing Partner,"No. 144, 3rd Phase, Devanahalli, B'luru Rural, Karnataka - 562110",Devanahalli,Bengaluru Rural,BLRR,562110,Ward-R01,Bengaluru Rural,Pharmacy / Medical Retail,Retail,4772,Green,,,,9001013769,contact0128@examplebiz.in,2022-06-26,2024-11-09,DORMANT,120,500+,2026-03-10,pan_hash;gstin_hash
GST-KA-BLRR-2018-000095,GST,GST Taxpayer Registry,ENT-00128,M/S Srinidhi Co,,Owner A,"#144, 3rd Phase, Devanahalli, Bangalore Rural, KA",Devanahalli,Bengaluru Rural,BLRR,562110,Ward-R01,Bengaluru Rural,Pharmacy / Medical Retail,Retail,4772,Green,PAN_0A46A85D32D542DE,GSTIN_4592BB43E41854D8,,,,2018-09-13,2026-03-07,ACTIVE,,,2026-04-03,phone;email
LAB-KA-BLRR-2016-000063,LABOUR,Labour Department,ENT-00128,Srinidhi Co,Srinidhi Co,Partner 1,"#144, 3rd Phase, Devanahalli, B'luru Rural, KA - 562110",Devanahalli,Bengaluru Rural,BLRR,562110,Ward-R01,Bengaluru Rural,Pharmacy / Medical Retail,Retail,4772,Green,PAN_0A46A85D32D542DE,,,,,2016-01-18,2017-11-14,CLOSED,120,,2026-03-23,gstin_hash;phone;email
KAR-SHOP-BLRR-2021-000086,SHOP,Karnataka Shops and Commercial Establishments,ENT-00128,Srinidhi Co,Srinidhi Co,,"144, 3rd Phase, Devanahalli, Bangalore Rural, Karnataka - 562110",Devanahalli,Bengaluru Rural,BLRR,562110,Ward-R01,Bengaluru Rural,Pharmacy / Medical Retail,Retail,4772,Green,,,,9001013769,,2021-11-29,2023-12-28,DORMANT,120,,2026-04-21,pan_hash;gstin_hash;email
BBMP-TL-EAST-2020-000046,BBMP,BBMP Trade Licence,ENT-00129,Sri Devices LLP,M/S Sri Devices,Managing Partner,"#2, A Sector, Kalyan Nagar, B'luru Urban, K'taka - 560043",Kalyan Nagar,Bengaluru Urban,BLRU,560043,Ward-025,East,Electronics Assembly,Manufacturing,2610,Orange,,,,,contact0129@examplebiz.in,2020-04-15,2021-09-27,CLOSED,,500+,2026-03-29,pan_hash;gstin_hash;phone
GST-KA-BLRU-2021-000096,GST,GST Taxpayer Registry,ENT-00129,M/S Sri Devices LLP,,Owner A,"No. 2, A Sector, Kalyan Nagar, B'luru Urban, KA - 560043",Kalyan Nagar,Bengaluru Urban,BLRU,560043,Ward-025,East,Electronics Assembly,Manufacturing,2610,Orange,,,,,contact0129@examplebiz.in,2021-11-22,2025-10-28,ACTIVE,8,,2025-11-11,pan_hash;gstin_hash;phone
PCB/BLRU/CTO/2022/00057,KSPCB,Karnataka State Pollution Control Board,ENT-00129,M/S Sri Devices LLP,Sri Devices,Managing Partner,"2, A Sector, Kalyan Nagar, Bangalore Urban, Karnataka - 560043",Kalyan Nagar,Bengaluru Urban,BLRU,560043,Ward-025,East,Electronics Assembly,Manufacturing,2610,Orange,,,,9001021688,contact0129@examplebiz.in,2022-08-30,2025-01-03,DORMANT,8,,2026-01-23,pan_hash;gstin_hash
UDYAM-KR-BLRU-2015-000062,UDYAM,Udyam / MSME Registry,ENT-00129,M/S Sri Devices LLP,,Managing Partner,"2, A Sector, Kalyan Nagar, B'luru Urban, Karnataka - 560043",Kalyan Nagar,Bengaluru Urban,BLRU,560043,Ward-025,East,Electronics Assembly,Manufacturing,2610,Orange,,,UDYAM_A0235AC916403A8B,9001021688,,2015-08-15,2020-10-12,CLOSED,,,2026-01-09,pan_hash;gstin_hash;email
GST-KA-BLRU-2021-000097,GST,GST Taxpayer Registry,ENT-00130,Kaveri Cargo Solutions,Kaveri Cargo Solutions,,"#1, 2nd Main, Peenya Industrial Area, B'luru Urban, K'taka - 560058",Peenya Industrial Area,Bengaluru Urban,BLRU,560058,Ward-038,Dasarahalli,Logistics / Warehouse,Service,5210,Green,,,,9001029607,contact0130@examplebiz.in,2021-07-16,2024-11-22,CLOSED,180,,2025-12-27,pan_hash;gstin_hash
KAR-SHOP-BLRU-2024-000087,SHOP,Karnataka Shops and Commercial Establishments,ENT-00130,Kaveri Cargo Solutions,Kaveri Cargo Solutions,,"No 1, 2nd Main, Peenya Indl Area, B'luru Urban, K'taka",Peenya Industrial Area,Bengaluru Urban,BLRU,560058,Ward-038,Dasarahalli,Logistics / Warehouse,Service,5210,Green,,,,,contact0130@examplebiz.in,2024-12-13,2026-04-07,ACTIVE,180,500+,2025-11-21,pan_hash;gstin_hash;phone
UDYAM-KR-BLRU-2024-000063,UDYAM,Udyam / MSME Registry,ENT-00130,Kaveri Cargo Solutions,KAVERI CARGO SOLUTIONS,Owner B,"1, 2nd Main, Peenya Industrial Area, B'luru Urban, K'taka - 560058",Peenya Industrial Area,Bengaluru Urban,BLRU,560078,Ward-038,Dasarahalli,Logistics / Warehouse,Service,5210,Green,,,,9001029607,,2024-08-04,2024-11-10,DORMANT,180,,2026-02-03,pan_hash;gstin_hash;email;pin_drift
PCB/MYS/CTO/2021/00058,KSPCB,Karnataka State Pollution Control Board,ENT-00131,Aditya Systems LLP,,Partner 1,"No. 181, Shed Extension, Devaraja Mohalla, Mysuru, K'taka - 570001",Devaraja Mohalla,Mysuru,MYS,570001,Ward-M01,Central,Electronics Assembly,Manufacturing,2610,Orange,PAN_231E8E36881D713A,,,,,2021-12-04,2025-07-25,ACTIVE,,,2026-04-06,gstin_hash;phone;email
UDYAM-KR-MYS-2018-000064,UDYAM,Udyam / MSME Registry,ENT-00131,ADITYA SYSTEMS LLP,Aditya Systems,Owner B,"No. 181, Shed Extension, Devaraja Mohalla, Mysuru, K'taka - 570001",Devaraja Mohalla,Mysuru,MYS,570001,Ward-M01,Central,Electronics Assembly,Manufacturing,2610,Orange,PAN_231E8E36881D713A,GSTIN_91875F47DC945CE1,,,contact0131@examplebiz.in,2018-07-26,2020-05-09,CLOSED,12,,2026-04-12,phone
BBMP-TL-BENG-2020-000047,BBMP,BBMP Trade Licence,ENT-00132,Sri Kitchen Entp,M/S Sri Kitchen Enterprises,Owner B,"No. 128, A Extension, Hoskote, Bangalore Rural, K'taka - 562114",Hoskote,Bengaluru Rural,BLRR,562114,Ward-R04,Bengaluru Rural,Restaurant / Cafe,Service,5610,Green,,,,9001045445,contact0132@examplebiz.in,2020-03-13,2020-04-22,CLOSED,12,,2025-12-24,pan_hash;gstin_hash
GST-KA-BLRR-2022-000098,GST,GST Taxpayer Registry,ENT-00132,Sri Kitchen Enterprises,Sri Kitchen nterprises,,"No. 128, A Extension, Hoskote, Bengaluru Rural, KA - 562114",Hoskote,Bengaluru Rural,BLRR,562114,Ward-R04,Bengaluru Rural,Restaurant / Cafe,Service,5610,Green,,,,,contact0132@examplebiz.in,2022-11-22,2023-08-22,DORMANT,12,,2025-12-24,pan_hash;gstin_hash;phone
KAR-SHOP-BLRR-2017-000088,SHOP,Karnataka Shops and Commercial Establishments,ENT-00132,Sri Kitchen Entp,,Owner B,"#128, A Extension, Hoskote, Bangalore Rural, Karnataka",Hoskote,Bengaluru Rural,BLRR,562114,Ward-R04,Bengaluru Rural,Restaurant / Cafe,Service,5610,Green,,,,9001045445,,2017-09-13,2019-06-30,CLOSED,12,,2026-04-30,pan_hash;gstin_hash;email
KFBIS-FAC-MYS-2025-000067,FACTORY,"Factories, Boilers, Industrial Safety and Health",ENT-00133,M/S Sri Moulding Works,Sri Moulding Works,Partner 1,"257, B Service Road, Devaraja Mohalla, Mysuru, K'taka - 570001",Devaraja Mohalla,Mysuru,MYS,570001,Ward-M01,Central,Plastic Moulding,Manufacturing,2220,Red,,,,,,2025-03-02,2025-11-11,ACTIVE,18,,2025-11-14,pan_hash;gstin_hash;phone;email
GST-KA-MYS-2019-000099,GST,GST Taxpayer Registry,ENT-00133,M/S Sri Moulding Works,,Owner A,"257, B Service Road, Devaraja Mohalla, Mysuru, K'taka - 570001",Devaraja Mohalla,Mysuru,MYS,570001,Ward-M01,Central,Plastic Moulding,Manufacturing,2220,Red,,,UDYAM_67A305DDF860ED9A,9001053364,,2019-09-04,2022-05-15,CLOSED,18,100-500,2026-04-26,pan_hash;gstin_hash;email
PCB/MYS/CTE/2017/00059,KSPCB,Karnataka State Pollution Control Board,ENT-00133,Sri Moulding Works,,Managing Partner,"No. 257, B Service Road, Devaraja Mohalla, Mysuru, KA - 570001",Devaraja Mohalla,Mysuru,MYS,570001,Ward-M01,Central,Plastic Moulding,Manufacturing,2220,Red,,,,9001053364,,2017-03-01,2020-06-18,CLOSED,18,100-500,2025-12-14,pan_hash;gstin_hash;email
KAR-SHOP-MYS-2021-000089,SHOP,Karnataka Shops and Commercial Establishments,ENT-00133,Sri Moulding Works,Sri Moulding Works,Director Masked,"#257, B Service Road, Devaraja Mohalla, Mysuru, Karnataka - 570001",Devaraja Mohalla,Mysuru,MYS,570001,Ward-M01,Central,Plastic Moulding,Manufacturing,2220,Red,,,,,,2021-10-01,2023-12-31,DORMANT,,100-500,2025-11-07,pan_hash;gstin_hash;phone;email
GST-KA-BLRU-2017-000100,GST,GST Taxpayer Registry,ENT-00134,M/S Udupi Logistics Company,Udupi Logistics Company,Owner A,"No. 271, Near Bus Stop, Kalyan Nagar, Bangalore Urban, Karnataka - 560043",Kalyan Nagar,Bengaluru Urban,BLRU,560043,Ward-025,East,Logistics / Warehouse,Service,5210,Green,PAN_AD937F80922F34C9,GSTIN_8A4FC6F01E6DEE61,,,contact0134@examplebiz.in,2017-10-21,2025-05-31,CLOSED,25,,2025-12-26,phone
LAB-KA-BLRU-2025-000064,LABOUR,Labour Department,ENT-00134,Udupi Logistics Company,Udupi Logistics Company,Managing Partner,"No. 271, Near Bus Stop, Kalyan Nagar, Bengaluru Urban, Karnataka",Kalyan Nagar,Bengaluru Urban,BLRU,560043,Ward-025,East,Logistics / Warehouse,Service,5210,Green,,,,,,2025-01-15,2025-07-08,CLOSED,25,,2026-01-02,pan_hash;gstin_hash;phone;email
UDYAM-KR-BLRU-2023-000065,UDYAM,Udyam / MSME Registry,ENT-00134,M/S Udupi Logistics Company,Udupi Logistics Company,Managing Partner,"271, Near Bus Stop, Kalyan Nagar, B'luru Urban, KA - 560043",Kalyan Nagar,Bengaluru Urban,BLRU,560043,Ward-025,East,Logistics / Warehouse,Service,5210,Green,,,,,contact0134@examplebiz.in,2023-06-23,2024-04-05,DORMANT,25,,2025-11-05,pan_hash;gstin_hash;phone
KFBIS-FAC-BLRR-2021-000068,FACTORY,"Factories, Boilers, Industrial Safety and Health",ENT-00135,Kaveri Textiles Enterprises,,Director Masked,"#282, D 3rd Phase, Devanahalli, B'luru Rural, KA - 562110",Devanahalli,Bengaluru Rural,BLRR,562110,Ward-R01,Bengaluru Rural,Textile / Garments,Manufacturing,1410,Green,PAN_23C81105E0EECC7E,,,,,2021-03-22,2022-04-14,CLOSED,,,2026-04-17,gstin_hash;phone;email
GST-KA-BLRR-2017-000101,GST,GST Taxpayer Registry,ENT-00135,M/S Kaveri Textiles Enterprises,M/S Kaveri Textiles Entp,Director Masked,"282, D 3rd Phase, Devanahalli, B'luru Rural, KA - 562110",Devanahalli,Bengaluru Rural,BLRR,562110,Ward-R01,Bengaluru Rural,Textile / Garments,Manufacturing,1410,Green,PAN_23C81105E0EECC7E,,UDYAM_33C39DA3994A7426,,,2017-04-06,2017-07-03,CLOSED,120,100-500,2026-04-10,gstin_hash;phone;email
LAB-KA-BLRR-2018-000065,LABOUR,Labour Department,ENT-00135,Kaveri Textiles Enterprises,Kaveri Textiles Enterprises,Partner 1,"282, D 3rd Phase, Devanahalli, B'luru Rural, KA - 562110",Devanahalli,Bengaluru Rural,BLRR,562110,Ward-R01,Bengaluru Rural,Textile / Garments,Manufacturing,1410,Green,PAN_23C81105E0EECC7E,,,,contact0135@examplebiz.in,2018-12-21,2021-09-11,CLOSED,120,100-500,2026-02-21,gstin_hash;phone
KAR-SHOP-BLRR-2020-000090,SHOP,Karnataka Shops and Commercial Establishments,ENT-00135,M/S Kaveri Textiles Enterprises,,Partner 1,"282, D 3rd Phase, Devanahalli, B'luru Rural, Karnataka - 562110",Devanahalli,Bengaluru Rural,BLRR,562110,Ward-R01,Bengaluru Rural,Textile / Garments,Manufacturing,1410,Green,,,,,,2020-09-19,2026-02-13,ACTIVE,,,2026-04-25,pan_hash;gstin_hash;phone;email
BBMP-TL-YELA-2019-000048,BBMP,BBMP Trade Licence,ENT-00136,Aarohi Bakery Industries,M/S Aarohi Bakery Industries,Owner A,"294, D Extension, Yelahanka, Bengaluru Urban, Karnataka - 560064",Yelahanka,Bengaluru Urban,BLRU,560064,Ward-004,Yelahanka,Food Processing,Manufacturing,1030,Orange,,,,9001077121,contact0136@examplebiz.in,2019-06-14,2025-06-07,ACTIVE,25,25-50,2026-01-31,pan_hash;gstin_hash
KFBIS-FAC-BLRU-2017-000069,FACTORY,"Factories, Boilers, Industrial Safety and Health",ENT-00136,Aarohi Bakery Industries,Aarohi Bakery Industries,Owner B,"#294, D Extension, Yelahanka, Bengaluru Urban, KA - 560064",Yelahanka,Bengaluru Urban,BLRU,560064,Ward-004,Yelahanka,Food Processing,Manufacturing,1030,Orange,PAN_A883E527E0C56927,,,,contact0136@examplebiz.in,2017-04-16,2025-07-07,ACTIVE,25,,2026-02-27,gstin_hash;phone
GST-KA-BLRU-2015-000102,GST,GST Taxpayer Registry,ENT-00136,Aarohi Bakery Industries,,Director Masked,"#294, D Extension, Yelahanka, Bangalore Urban, K'taka - 560064",Yelahanka,Bengaluru Urban,BLRU,560064,Ward-004,Yelahanka,Food Processing,Manufacturing,1030,Orange,PAN_A883E527E0C56927,GSTIN_FFAABB21D4D2FDD2,,9001077121,contact0136@examplebiz.in,2015-01-09,2019-03-12,CLOSED,25,,2026-01-24,
LAB-KA-BLRU-2020-000066,LABOUR,Labour Department,ENT-00136,M/S Aarohi Bakery Industries,,Managing Partner,"No. 294, D Extension, Yelahanka, Bengaluru Urban, Karnataka - 560064",Yelahanka,Bengaluru Urban,BLRU,560064,Ward-004,Yelahanka,Food Processing,Manufacturing,1030,Orange,PAN_A883E527E0C56927,GSTIN_FFAABB21D4D2FDD2,,,contact0136@examplebiz.in,2020-03-26,2021-01-24,CLOSED,25,25-50,2025-12-22,phone
GST-KA-BLRU-2024-000103,GST,GST Taxpayer Registry,ENT-00137,OMKAR AGRO CO,M/S OMKAR AGRO CO,Director Masked,"#138, 1st Crs, Electronic City, Bangalore Urban, KA - 560100",Electronic City,Bengaluru Urban,BLRU,560100,Ward-192,Bommanahalli,Food Processing,Manufacturing,1030,Orange,PAN_02F50B1E99975C3B,GSTIN_32A53961B54C9C79,,,,2024-04-14,2025-01-17,DORMANT,4,,2026-03-07,phone;email
PCB/BLRU/CTE/2019/00060,KSPCB,Karnataka State Pollution Control Board,ENT-00137,Omkar Agro Co,Omkar Agro Co,Managing Partner,"138, 1st Cross, Electronic City, B'luru Urban, Karnataka - 560100",Electronic City,Bengaluru Urban,BLRU,560100,Ward-192,Bommanahalli,Food Processing,Manufacturing,1030,Orange,PAN_02F50B1E99975C3B,GSTIN_32A53961B54C9C79,,9001085040,,2019-06-27,2025-07-26,CLOSED,4,0-10,2025-12-26,email
KAR-SHOP-BLRU-2021-000091,SHOP,Karnataka Shops and Commercial Establishments,ENT-00137,Omkar Agro Co,Omkar Agr Co,Director Masked,"No. 138, 1st Cross, Electronic City, B'luru Urban, K'taka - 560100",Electronic City,Bengaluru Urban,BLRU,560100,Ward-192,Bommanahalli,Food Processing,Manufacturing,1030,Orange,,,UDYAM_8C456A455626EFF6,9001085040,,2021-12-29,2025-05-22,ACTIVE,,,2026-01-17,pan_hash;gstin_hash;email
UDYAM-KR-BLRU-2020-000066,UDYAM,Udyam / MSME Registry,ENT-00137,OMKAR AGRO CO,,,"#138, 1st Crs, Electronic City, Bangalore Urban, KA - 560100",Electronic City,Bengaluru Urban,BLRU,560100,Ward-192,Bommanahalli,Food Processing,Manufacturing,1030,Orange,,,,9001085040,,2020-12-07,2023-11-21,DORMANT,,,2026-01-30,pan_hash;gstin_hash;email
BBMP-TL-CENT-2023-000049,BBMP,BBMP Trade Licence,ENT-00138,Meghana Meals Inds,Meghana Meals Industries,Partner 1,"244, B 1st Cr, Devaraja Mohalla, Mysuru, Karnataka - 570001",Devaraja Mohalla,Mysuru,MYS,570001,Ward-M01,Central,Restaurant / Cafe,Service,5610,Green,,,,9001092959,contact0138@examplebiz.in,2023-01-25,2023-05-05,DORMANT,85,500+,2026-02-20,pan_hash;gstin_hash
GST-KA-MYS-2017-000104,GST,GST Taxpayer Registry,ENT-00138,MEGHANA MEALS INDUSTRIES,,Owner A,"#244, B 1st Cross, Devaraja Mohalla, Mysuru, KA - 570001",Devaraja Mohalla,Mysuru,MYS,570001,Ward-M01,Central,Restaurant / Cafe,Service,5610,Green,,,,,,2017-07-24,2021-11-04,CLOSED,85,500+,2026-04-29,pan_hash;gstin_hash;phone;email
KAR-SHOP-MYS-2022-000092,SHOP,Karnataka Shops and Commercial Establishments,ENT-00138,Meghana Meals Industries,,Managing Partner,"244, B 1st Crs, Devaraja Mohalla, Mysuru, KA - 570001",Devaraja Mohalla,Mysuru,MYS,570001,Ward-M01,Central,Restaurant / Cafe,Service,5610,Green,,,,9001092959,,2022-11-30,2024-11-23,DORMANT,85,,2026-02-17,pan_hash;gstin_hash;email
BBMP-TL-MAHA-2023-000050,BBMP,BBMP Trade Licence,ENT-00139,Harsha Works Co,Harsha Works Co,Director Masked,"No. 1, D 2nd Main, Whitefield, Bangalore Urban, KA - 560037",Whitefield,Bengaluru Urban,BLRU,560037,Ward-085,Mahadevapura,Machine Tools,Manufacturing,2819,Orange,,,,,contact0139@examplebiz.in,2023-01-20,2025-07-27,ACTIVE,25,10-25,2026-04-25,pan_hash;gstin_hash;phone
PCB/BLRU/CTO/2020/00061,KSPCB,Karnataka State Pollution Control Board,ENT-00139,Harsha Works Co,Harsha Works Co,Owner B,"No 1, D 2nd Main, Whitefield, B'luru Urban, K'taka - 560037",Whitefield,Bengaluru Urban,BLRU,560037,Ward-085,Mahadevapura,Machine Tools,Manufacturing,2819,Orange,,,,,contact0139@examplebiz.in,2020-09-12,2023-06-19,DORMANT,,,2025-12-11,pan_hash;gstin_hash;phone
KAR-SHOP-BLRU-2019-000093,SHOP,Karnataka Shops and Commercial Establishments,ENT-00139,M/S Harsha Works Co,M/S Harsha Works Co,Managing Partner,"No. 1, D 2nd Main, Whitefield, Bengaluru Urban, KA",Whitefield,Bengaluru Urban,BLRU,560037,Ward-085,Mahadevapura,Machine Tools,Manufacturing,2819,Orange,,,,,contact0139@examplebiz.in,2019-01-13,2024-01-03,DORMANT,25,,2026-02-26,pan_hash;gstin_hash;phone
KFBIS-FAC-BLRU-2021-000070,FACTORY,"Factories, Boilers, Industrial Safety and Health",ENT-00140,Omkar Agro Company,Omkar Agro Company,Director Masked,"#114, B Behind Metro, Bommanahalli, Bangalore Urban, K'taka - 560068",Bommanahalli,Bengaluru Urban,BLRU,560068,Ward-175,South,Food Processing,Manufacturing,1030,Orange,,,UDYAM_65BB39DF3976E569,9001108797,,2021-10-04,2025-05-25,ACTIVE,18,,2026-01-31,pan_hash;gstin_hash;email
PCB/BLRU/CTO/2022/00062,KSPCB,Karnataka State Pollution Control Board,ENT-00140,Omkar Agro Co,Omkar Agro Company,Owner B,"#114, B Behind Metro, Bommanahalli, Bangalore Urban, K'taka - 560068",Bommanahalli,Bengaluru Urban,BLRU,560068,Ward-175,South,Food Processing,Manufacturing,1030,Orange,,,,9001108797,,2022-07-21,2024-01-22,DORMANT,18,10-25,2026-02-09,pan_hash;gstin_hash;email
KAR-SHOP-BLRU-2017-000094,SHOP,Karnataka Shops and Commercial Establishments,ENT-00140,Omkar Agro Company,Omkar Agro Company,Partner 1,"No 114, B Behind Metro, Bommanahalli, B'luru Urban, Karnataka - 560068",Bommanahalli,Bengaluru Urban,BLRU,560068,Ward-175,South,Food Processing,Manufacturing,1030,Orange,,,,,,2017-11-16,2024-06-12,DORMANT,18,,2026-01-24,pan_hash;gstin_hash;phone;email
UDYAM-KR-BLRU-2022-000067,UDYAM,Udyam / MSME Registry,ENT-00140,Omkar Agro Company,,Owner B,"No 114, B Behind Metro, Bommanahalli, Bangalore Urban, Karnataka - 560068",Bommanahalli,Bengaluru Urban,BLRU,560068,Ward-175,South,Food Processing,Manufacturing,1030,Orange,,,UDYAM_65BB39DF3976E569,9001108797,,2022-11-13,2025-11-23,ACTIVE,18,,2025-12-12,pan_hash;gstin_hash;email
KFBIS-FAC-MYS-2025-000071,FACTORY,"Factories, Boilers, Industrial Safety and Health",ENT-00141,Nisarga Packaging Traders,M/S Nisarga Pacaging Traders,Director Masked,"No. 249, Shed Industrial Layout, Devaraja Mohalla, Mysuru, KA - 570001",Devaraja Mohalla,Mysuru,MYS,570001,Ward-M01,Central,Plastic Moulding,Manufacturing,2220,Red,PAN_9242B1A8BB94D8E6,GSTIN_29D9D9B3327F96E0,,,,2025-03-24,2025-12-29,ACTIVE,5,,2026-01-20,phone;email
GST-KA-MYS-2018-000105,GST,GST Taxpayer Registry,ENT-00141,M/S NISARGA PCKAGING TRADERS,NISARGA PACKAGING TRADERS,Partner 1,"No. 249, Shed Industrial Layout, Devaraja Mohalla, Mysuru, K'taka - 570001",Devaraja Mohalla,Mysuru,MYS,570001,Ward-M01,Central,Plastic Moulding,Manufacturing,2220,Red,PAN_9242B1A8BB94D8E6,GSTIN_29D9D9B3327F96E0,,,,2018-04-06,2025-03-21,DORMANT,5,,2026-01-06,phone;email
PCB/MYS/CTE/2025/00063,KSPCB,Karnataka State Pollution Control Board,ENT-00141,Nisarga Packaging Traders,,Partner 1,"No. 249, Shed Industrial Layout, Devaraja Mohalla, Mysuru, KA",Devaraja Mohalla,Mysuru,MYS,570001,Ward-M01,Central,Plastic Moulding,Manufacturing,2220,Red,PAN_9242B1A8BB94D8E6,GSTIN_29D9D9B3327F96E0,,,,2025-08-18,2026-03-13,ACTIVE,5,25-50,2026-02-25,phone;email
LAB-KA-MYS-2022-000067,LABOUR,Labour Department,ENT-00141,Nisarga Packaging Traders,M/S Nisarga Packaging Traders,Owner A,"249, Shed Industrial Layout, Devaraja Mohalla, Mysuru, K'taka - 570001",Devaraja Mohalla,Mysuru,MYS,570001,Ward-M01,Central,Plastic Moulding,Manufacturing,2220,Red,PAN_9242B1A8BB94D8E6,GSTIN_29D9D9B3327F96E0,,,,2022-04-01,2022-10-07,CLOSED,5,25-50,2025-11-24,phone;email
UDYAM-KR-MYS-2016-000068,UDYAM,Udyam / MSME Registry,ENT-00141,M/S NISARGA PACKAGING TRADERS,,,"No 249, Shed Industrial Layout, Devaraja Mohalla, Mysuru, KA - 570001",Devaraja Mohalla,Mysuru,MYS,570001,Ward-M01,Central,Plastic Moulding,Manufacturing,2220,Red,PAN_9242B1A8BB94D8E6,GSTIN_29D9D9B3327F96E0,UDYAM_79189F6C5BF1B68B,,,2016-01-14,2018-03-21,CLOSED,5,,2026-03-03,phone;email
BBMP-TL-BENG-2019-000051,BBMP,BBMP Trade Licence,ENT-00142,Lakshmi Pharma Works,Lakshmi Pharma Works,,"147, B Extension, Bagalur, B'luru Rural, K'taka - 562157",Bagalur,Bengaluru Rural,BLRR,562157,Ward-R07,Bengaluru Rural,Pharmacy / Medical Retail,Retail,4772,Green,,,,,,2019-03-15,2021-02-19,CLOSED,,50-100,2026-01-30,pan_hash;gstin_hash;phone;email
KAR-SHOP-BLRR-2024-000095,SHOP,Karnataka Shops and Commercial Establishments,ENT-00142,Lakshmi Pharma Works,,Managing Partner,"#147, B Extension, Bagalur, B'luru Rural, K'taka - 562157",Bagalur,Bengaluru Rural,BLRR,562157,Ward-R07,Bengaluru Rural,Pharmacy / Medical Retail,Retail,4772,Green,,,,,,2024-10-16,2025-06-25,ACTIVE,12,,2026-03-07,pan_hash;gstin_hash;phone;email
BBMP-TL-SOUT-2024-000052,BBMP,BBMP Trade Licence,ENT-00143,Siddhi Pvt Ltd,Siddhi,,"#57, Shed 1st Cross, Jayanagar, B'luru Urban, Karnataka - 560078",Jayanagar,Bengaluru Urban,BLRU,560078,Ward-168,South,Electronics Assembly,Manufacturing,2610,Orange,,,,,contact0143@examplebiz.in,2024-02-08,2025-03-25,CLOSED,,,2026-03-25,pan_hash;gstin_hash;phone
KFBIS-FAC-BLRU-2024-000072,FACTORY,"Factories, Boilers, Industrial Safety and Health",ENT-00143,Siddhi Pvt Ltd,Siddhi,,"#57, Shed 1st Cr, Jayanagar, Bengaluru Urban, K'taka - 560078",Jayanagar,Bengaluru Urban,BLRU,560078,Ward-168,South,Electronics Assembly,Manufacturing,2610,Orange,PAN_E7BA1C541B523007,,,,contact0143@examplebiz.in,2024-03-31,2025-11-01,ACTIVE,36,,2026-04-09,gstin_hash;phone
GST-KA-BLRU-2017-000106,GST,GST Taxpayer Registry,ENT-00143,Siddhi Pvt.Ltd.,Siddhi,Director Masked,"#57, Shed 1st Crs, Jayanagar, Bengaluru Urban, Karnataka - 560078",Jayanagar,Bengaluru Urban,BLRU,560078,Ward-168,South,Electronics Assembly,Manufacturing,2610,Orange,PAN_E7BA1C541B523007,GSTIN_28F1CEE0CCF48D1F,,,,2017-08-20,2024-07-17,DORMANT,,,2025-12-07,phone;email
KAR-SHOP-BLRU-2022-000096,SHOP,Karnataka Shops and Commercial Establishments,ENT-00143,Siddhi Pvt Ltd,Siddhi,,"No 57, Shed 1st Crs, Jayanagar, Bengaluru Urban, KA - 560078",Jayanagar,Bengaluru Urban,BLRU,560078,Ward-168,South,Electronics Assembly,Manufacturing,2610,Orange,PAN_E7BA1C541B523007,GSTIN_28F1CEE0CCF48D1F,,9001132554,contact0143@examplebiz.in,2022-07-15,2023-12-03,DORMANT,36,,2026-02-27,
BBMP-TL-YELA-2025-000053,BBMP,BBMP Trade Licence,ENT-00144,M/S Varun Meals Solutions,Varun Meals Solutions,,"No 50, Plot Industrial Layout, Yelahanka, Bengaluru Urban, KA - 560064",Yelahanka,Bengaluru Urban,BLRU,560064,Ward-004,Yelahanka,Restaurant / Cafe,Service,5610,Green,,,,,,2025-02-24,2025-12-20,ACTIVE,4,,2026-04-22,pan_hash;gstin_hash;phone;email
GST-KA-BLRU-2025-000107,GST,GST Taxpayer Registry,ENT-00144,VARUN MEALS SOLUTIONS,M/S VARUN MEALS SOLUTIONS,,"No 50, Plot Industrial Layout, Yelahanka, B'luru Urban, Karnataka - 560064",Yelahanka,Bengaluru Urban,BLRU,560064,Ward-004,Yelahanka,Restaurant / Cafe,Service,5610,Green,PAN_247DB6AE9D64D8F1,GSTIN_007585AF69F4BF3E,,9001140473,,2025-09-22,2025-12-27,ACTIVE,4,,2026-04-10,email
KAR-SHOP-BLRU-2016-000097,SHOP,Karnataka Shops and Commercial Establishments,ENT-00144,Varun Meals Solutions,Varun Meals Solutions,Owner B,"50, Plot Industrial Layout, Yelahanka, B'luru Urban, KA - 560064",Yelahanka,Bengaluru Urban,BLRU,560064,Ward-004,Yelahanka,Restaurant / Cafe,Service,5610,Green,,,,9001140473,,2016-07-27,2020-07-30,CLOSED,4,0-10,2026-01-17,pan_hash;gstin_hash;email
GST-KA-BLRU-2019-000108,GST,GST Taxpayer Registry,ENT-00145,VEDA WORKS,M/S Veda Works,Managing Partner,"No. 37, C Sector, Bannerghatta Road, Bangalore Urban, Karnataka - 560076",Bannerghatta Road,Bengaluru Urban,BLRU,560076,Ward-177,South,Machine Tools,Manufacturing,2819,Orange,PAN_AFC8094B4CA9D821,,,,,2019-02-09,2019-11-10,CLOSED,25,500+,2026-04-20,gstin_hash;phone;email
PCB/BLRU/CTO/2018/00064,KSPCB,Karnataka State Pollution Control Board,ENT-00145,Veda Works,M/S Veda Works,Partner 1,"No 37, C Sector, Bannerghatta Road, B'luru Urban, K'taka - 560076",Bannerghatta Road,Bengaluru Urban,BLRU,560076,Ward-177,South,Machine Tools,Manufacturing,2819,Orange,,,,,contact0145@examplebiz.in,2018-02-17,2026-02-11,ACTIVE,,500+,2026-01-21,pan_hash;gstin_hash;phone
LAB-KA-BLRU-2017-000068,LABOUR,Labour Department,ENT-00145,M/S Veda Works,M/S Veda Works,Owner B,"#37, C Sector, Bannerghatta Road, B'luru Urban, KA",Bannerghatta Road,Bengaluru Urban,BLRU,560076,Ward-177,South,Machine Tools,Manufacturing,2819,Orange,,,,,contact0145@examplebiz.in,2017-07-21,2025-02-26,DORMANT,,,2026-04-16,pan_hash;gstin_hash;phone
KAR-SHOP-BLRU-2022-000098,SHOP,Karnataka Shops and Commercial Establishments,ENT-00145,Veda Wors,Veda Works,Managing Partner,"#37, C Sector, Bannerghatta Road, Bangalore Urban, Karnataka - 560076",Bannerghatta Road,Bengaluru Urban,BLRU,560076,Ward-177,South,Machine Tools,Manufacturing,2819,Orange,PAN_AFC8094B4CA9D821,,,,contact0145@examplebiz.in,2022-07-30,2023-08-04,CLOSED,25,,2025-11-25,gstin_hash;phone
KFBIS-FAC-BLRU-2018-000073,FACTORY,"Factories, Boilers, Industrial Safety and Health",ENT-00146,M/S Udupi Circuits LLP,Udupi Circuits,Managing Partner,"No. 155, Behind Metro, Kalyan Nagar, Bengaluru Urban, K'taka - 560043",Kalyan Nagar,Bengaluru Urban,BLRU,560043,Ward-025,East,Electronics Assembly,Manufacturing,2610,Orange,,,UDYAM_7D65CF22B1600335,,,2018-04-22,2020-03-18,CLOSED,10,,2026-03-17,pan_hash;gstin_hash;phone;email
GST-KA-BLRU-2025-000109,GST,GST Taxpayer Registry,ENT-00146,Udupi Circuits LLP,,Owner B,"#155, Behind Metro, Kalyan Nagar, B'luru Urban, KA - 560043",Kalyan Nagar,Bengaluru Urban,BLRU,560043,Ward-025,East,Electronics Assembly,Manufacturing,2610,Orange,,,,,,2025-05-06,2025-11-07,ACTIVE,10,0-10,2026-01-17,pan_hash;gstin_hash;phone;email
UDYAM-KR-BLRU-2016-000069,UDYAM,Udyam / MSME Registry,ENT-00146,M/S Udupi Circuits LLP,M/S Udupi Circuits,Owner B,"No 155, Behind Metro, Kalyan Nagar, Bengaluru Urban, Karnataka - 560043",Kalyan Nagar,Bengaluru Urban,BLRU,560043,Ward-025,East,Electronics Assembly,Manufacturing,2610,Orange,,,UDYAM_7D65CF22B1600335,,,2016-01-05,2022-03-23,CLOSED,10,,2026-03-19,pan_hash;gstin_hash;phone;email
BBMP-TL-NORT-2019-000054,BBMP,BBMP Trade Licence,ENT-00147,Siddhi Supply LLP,,Managing Partner,"21, 2nd Main, Hebbal Industrial Estate, Mysuru, K'taka - 570016",Hebbal Industrial Area,Mysuru,MYS,570016,Ward-M21,North,Logistics / Warehouse,Service,5210,Green,,,,9001164230,,2019-01-11,2026-02-11,ACTIVE,18,,2026-03-27,pan_hash;gstin_hash;email
GST-KA-MYS-2023-000110,GST,GST Taxpayer Registry,ENT-00147,Siddhi Supply LLP,,Owner A,"No. 21, 2nd Main, Hebbal Indl Area, Mysuru, K'taka",Hebbal Industrial Area,Mysuru,MYS,570016,Ward-M21,North,Logistics / Warehouse,Service,5210,Green,PAN_5B7DDE661287A0E4,,,,,2023-10-24,2026-03-27,ACTIVE,,10-25,2026-02-16,gstin_hash;phone;email
LAB-KA-MYS-2024-000069,LABOUR,Labour Department,ENT-00147,Siddhi Supply LLP,Sidhi Supply,Managing Partner,"#21, 2nd Main, Hebbal Industrial Estate, Mysuru, KA - 570016",Hebbal Industrial Area,Mysuru,MYS,570016,Ward-M21,North,Logistics / Warehouse,Service,5210,Green,PAN_5B7DDE661287A0E4,,,9001164230,contact0147@examplebiz.in,2024-05-10,2025-01-22,DORMANT,,10-25,2026-01-03,gstin_hash
KFBIS-FAC-BLRU-2022-000074,FACTORY,"Factories, Boilers, Industrial Safety and Health",ENT-00148,Vijaya Tools Solutions,Vijaya Tools Solutions,Partner 1,"No. 219, Plot Sector, Banashankari, B'luru Urban, KA - 560085",Banashankari,Bengaluru Urban,BLRU,560085,Ward-182,South,Machine Tools,Manufacturing,2819,Orange,,,,,,2022-06-23,2024-09-01,DORMANT,36,25-50,2026-01-18,pan_hash;gstin_hash;phone;email
GST-KA-BLRU-2024-000111,GST,GST Taxpayer Registry,ENT-00148,M/S Vijya Tools Solutions,Vijaya Tools Solutions,Managing Partner,"219, Plot Sector, Banashankari, B'luru Urban, Karnataka",Banashankari,Bengaluru Urban,BLRU,560085,Ward-182,South,Machine Tools,Manufacturing,2819,Orange,PAN_2A326CE9B95887B7,,,,,2024-02-21,2024-09-10,DORMANT,36,,2026-03-04,gstin_hash;phone;email
KAR-SHOP-BLRU-2020-000099,SHOP,Karnataka Shops and Commercial Establishments,ENT-00148,M/S Vijaya Tools Solutions,,Managing Partner,"No. 219, Plot Sector, Banashankari, B'luru Urban, K'taka - 560085",Banashankari,Bengaluru Urban,BLRU,560085,Ward-182,South,Machine Tools,Manufacturing,2819,Orange,PAN_2A326CE9B95887B7,,,,,2020-11-05,2022-11-05,CLOSED,36,25-50,2026-01-05,gstin_hash;phone;email
GST-KA-BLRU-2023-000112,GST,GST Taxpayer Registry,ENT-00149,M/S UDUPI PHARMA WORKS,M/S Udupi Pharma Works,Director Masked,"No 293, Plot Service Road, Whitefield Main Rd, Bengaluru Urban, K'taka - 560066",Whitefield Main Road,Bengaluru Urban,BLRU,560066,Ward-083,Mahadevapura,Pharmacy / Medical Retail,Retail,4772,Green,PAN_90EA63FC67D743F0,GSTIN_42BC7850B1CC5F62,,,,2023-01-25,2026-01-07,ACTIVE,36,500+,2026-04-20,phone;email
LAB-KA-BLRU-2021-000070,LABOUR,Labour Department,ENT-00149,Udupi PharmaWorks,,Owner A,"No 293, Plot Service Road, Whitefield Mn Rd, Bangalore Urban, Karnataka - 560066",Whitefield Main Road,Bengaluru Urban,BLRU,560066,Ward-083,Mahadevapura,Pharmacy / Medical Retail,Retail,4772,Green,PAN_90EA63FC67D743F0,,,,contact0149@examplebiz.in,2021-08-20,2023-09-23,DORMANT,36,,2026-01-14,gstin_hash;phone
KAR-SHOP-BLRU-2022-000100,SHOP,Karnataka Shops and Commercial Establishments,ENT-00149,Udupi Pharma Works,Udup Pharma Works,Managing Partner,"No. 293, Plot Service Road, Whitefield Mn Rd, Bangalore Urban, KA",Whitefield Main Road,Bengaluru Urban,BLRU,560034,Ward-083,Mahadevapura,Pharmacy / Medical Retail,Retail,4772,Green,,,,,contact0149@examplebiz.in,2022-04-14,2023-08-04,DORMANT,36,,2025-11-08,pan_hash;gstin_hash;phone;pin_drift
GST-KA-MYS-2021-000113,GST,GST Taxpayer Registry,ENT-00150,Bangalore Company,M/S BANGALORE CO,Partner 1,"No 129, C 1st Crs, Devaraja Mohalla, Mysuru, K'taka - 570001",Devaraja Mohalla,Mysuru,MYS,570001,Ward-M01,Central,Food Processing,Manufacturing,1030,Orange,,,,9001187987,,2021-06-12,2024-03-02,DORMANT,2,50-100,2025-11-24,pan_hash;gstin_hash;email
PCB/MYS/CTO/2017/00065,KSPCB,Karnataka State Pollution Control Board,ENT-00150,M/S Bangalore Company,,Partner 1,"No. 129, C 1st Cr, Devaraja Mohalla, Mysuru, Karnataka - 570001",Devaraja Mohalla,Mysuru,MYS,570001,Ward-M01,Central,Food Processing,Manufacturing,1030,Orange,,,,9001187987,,2017-03-08,2021-05-02,CLOSED,,50-100,2026-01-15,pan_hash;gstin_hash;email
UDYAM-KR-MYS-2021-000070,UDYAM,Udyam / MSME Registry,ENT-00150,Bangalore Co,Bangalore Co,Owner B,"No 129, C 1st Crs, Devaraja Mohalla, Mysuru, KA - 570001",Devaraja Mohalla,Mysuru,MYS,570001,Ward-M01,Central,Food Processing,Manufacturing,1030,Orange,,,,,,2021-01-17,2023-09-24,DORMANT,,,2026-03-26,pan_hash;gstin_hash;phone;email
KFBIS-FAC-BLRR-2024-000075,FACTORY,"Factories, Boilers, Industrial Safety and Health",ENT-00151,Lakshmi Graphics Solutions,Lakshmi Graphics Solutions,Owner A,"No. 176, A Extension, Hoskote, Bengaluru Rural, Karnataka",Hoskote,Bengaluru Rural,BLRR,562114,Ward-R04,Bengaluru Rural,Printing / Packaging,Manufacturing,1811,Orange,,,,,,2024-06-09,2025-01-05,DORMANT,,,2026-03-29,pan_hash;gstin_hash;phone;email
GST-KA-BLRR-2015-000114,GST,GST Taxpayer Registry,ENT-00151,Lakshmi Graphics Solutions,,Director Masked,"No 176, A Extension, Hoskote, B'luru Rural, KA - 562114",Hoskote,Bengaluru Rural,BLRR,562114,Ward-R04,Bengaluru Rural,Printing / Packaging,Manufacturing,1811,Orange,PAN_E0145D13004EEF42,GSTIN_A70451773FBA83C8,,9001195906,,2015-10-31,2020-10-10,CLOSED,85,10-25,2026-03-22,email
PCB/BLRR/CTO/2019/00066,KSPCB,Karnataka State Pollution Control Board,ENT-00151,Lakshmi Graphics Solutions,Lakshmi Graphics Solutions,,"No 176, A Extension, Hoskote, Bangalore Rural, Karnataka - 562114",Hoskote,Bengaluru Rural,BLRR,562114,Ward-R04,Bengaluru Rural,Printing / Packaging,Manufacturing,1811,Orange,,GSTIN_A70451773FBA83C8,,9001195906,,2019-07-27,2020-04-16,CLOSED,85,10-25,2026-04-18,pan_hash;email
LAB-KA-BLRR-2025-000071,LABOUR,Labour Department,ENT-00151,M/S Lakshmi Graphics Solutions,,Director Masked,"No 176, A Extension, Hoskote, B'luru Rural, K'taka - 562114",Hoskote,Bengaluru Rural,BLRR,562114,Ward-R04,Bengaluru Rural,Printing / Packaging,Manufacturing,1811,Orange,PAN_E0145D13004EEF42,,,9001195906,,2025-07-13,2026-02-17,ACTIVE,85,,2025-12-29,gstin_hash;email
UDYAM-KR-BLRR-2017-000071,UDYAM,Udyam / MSME Registry,ENT-00151,LAKSHMI GRAPHICS SOLUTIONS,,Owner B,"No. 176, A Extension, Hoskote, Bengaluru Rural, K'taka - 562114",Hoskote,Bengaluru Rural,BLRR,562114,Ward-R04,Bengaluru Rural,Printing / Packaging,Manufacturing,1811,Orange,PAN_E0145D13004EEF42,,,9001195906,,2017-01-19,2023-07-14,CLOSED,85,10-25,2026-03-21,gstin_hash;email
GST-KA-BLRU-2016-000115,GST,GST Taxpayer Registry,ENT-00152,Meghana Machining Works,Meghana Machining Works,Managing Partner,"#182, B Main Road, Whitefield Main Road, Bengaluru Urban, K'taka - 560066",Whitefield Main Road,Bengaluru Urban,BLRU,560066,Ward-083,Mahadevapura,Machine Tools,Manufacturing,2819,Orange,PAN_0192D2CF32EDE07B,GSTIN_165B67D7C09F2F11,,9001203825,contact0152@examplebiz.in,2016-07-14,2024-01-14,DORMANT,10,10-25,2026-04-26,
PCB/BLRU/CTO/2025/00067,KSPCB,Karnataka State Pollution Control Board,ENT-00152,Meghana Machining Works,,Owner A,"No. 182, B Main Rd, Whitefield Main Rd, B'luru Urban, K'taka - 560066",Whitefield Main Road,Bengaluru Urban,BLRU,560066,Ward-083,Mahadevapura,Machine Tools,Manufacturing,2819,Orange,PAN_0192D2CF32EDE07B,GSTIN_165B67D7C09F2F11,,,contact0152@examplebiz.in,2025-05-16,2025-06-16,ACTIVE,10,10-25,2026-01-08,phone
LAB-KA-BLRU-2023-000072,LABOUR,Labour Department,ENT-00152,Meghana Machining Works,Meghana Machining Works,Managing Partner,"No 182, B Mn Rd, Whitefield Mn Rd, B'luru Urban, KA - 560066",Whitefield Main Road,Bengaluru Urban,BLRU,560066,Ward-083,Mahadevapura,Machine Tools,Manufacturing,2819,Orange,PAN_0192D2CF32EDE07B,GSTIN_165B67D7C09F2F11,,,,2023-01-29,2024-04-21,DORMANT,10,,2025-12-15,phone;email
KAR-SHOP-BLRU-2021-000101,SHOP,Karnataka Shops and Commercial Establishments,ENT-00152,Meghana Machining Works,Meghana Machining Works,Director Masked,"#182, B Main Rd, Whitefield Main Rd, Bangalore Urban, Karnataka - 560066",Whitefield Main Road,Bengaluru Urban,BLRU,560066,Ward-083,Mahadevapura,Machine Tools,Manufacturing,2819,Orange,PAN_0192D2CF32EDE07B,,,,contact0152@examplebiz.in,2021-12-19,2026-04-04,ACTIVE,10,,2026-01-23,gstin_hash;phone
BBMP-TL-DASA-2017-000055,BBMP,BBMP Trade Licence,ENT-00153,Sahana Kitchen Solutions,,Owner A,"#223, B Industrial Layout, Peenya Industrial Estate, Bangalore Urban, K'taka - 560058",Peenya Industrial Area,Bengaluru Urban,BLRU,560058,Ward-038,Dasarahalli,Restaurant / Cafe,Service,5610,Green,,,,,,2017-03-15,2018-08-13,CLOSED,,25-50,2026-03-20,pan_hash;gstin_hash;phone;email
GST-KA-BLRU-2016-000116,GST,GST Taxpayer Registry,ENT-00153,Sahana Kitchen Solutions,,Partner 1,"No. 223, B Industrial Layout, Peenya Industrial Estate, Bengaluru Urban, K'taka - 560058",Peenya Industrial Area,Bengaluru Urban,BLRU,560043,Ward-038,Dasarahalli,Restaurant / Cafe,Service,5610,Green,PAN_940AFB831AD7678B,GSTIN_769BF5CF37091846,,,,2016-09-15,2017-01-02,CLOSED,4,25-50,2026-03-14,phone;email;pin_drift
LAB-KA-BLRU-2018-000073,LABOUR,Labour Department,ENT-00153,Sahana Kitchen Solutions,,,"#223, B Industrial Layout, Peenya Industrial Estate, B'luru Urban, KA - 560058",Peenya Industrial Area,Bengaluru Urban,BLRU,560058,Ward-038,Dasarahalli,Restaurant / Cafe,Service,5610,Green,,GSTIN_769BF5CF37091846,,,,2018-03-25,2023-09-21,DORMANT,4,25-50,2026-01-25,pan_hash;phone;email
KAR-SHOP-BLRU-2023-000102,SHOP,Karnataka Shops and Commercial Establishments,ENT-00153,Sahana Kitchen Solutions,Sahana Kitchen Solutions,Director Masked,"#223, B Industrial Layout, Peenya Industrial Estate, B'luru Urban, KA",Peenya Industrial Area,Bengaluru Urban,BLRU,560058,Ward-038,Dasarahalli,Restaurant / Cafe,Service,5610,Green,PAN_940AFB831AD7678B,GSTIN_769BF5CF37091846,,,,2023-02-08,2023-12-16,DORMANT,,25-50,2026-01-10,phone;email
GST-KA-BLRU-2015-000117,GST,GST Taxpayer Registry,ENT-00154,Navya Trans Co,,Director Masked,"106, A 1st Cross, Kalyan Nagar, Bengaluru Urban, KA - 560043",Kalyan Nagar,Bengaluru Urban,BLRU,560043,Ward-025,East,Logistics / Warehouse,Service,5210,Green,,,,,,2015-07-22,2024-07-06,DORMANT,3,25-50,2026-01-20,pan_hash;gstin_hash;phone;email
KAR-SHOP-BLRU-2016-000103,SHOP,Karnataka Shops and Commercial Establishments,ENT-00154,Navya Trans Co,Navy Trans Co,Partner 1,"No 106, A 1st Cross, Kalyan Nagar, Bangalore Urban, Karnataka - 560043",Kalyan Nagar,Bengaluru Urban,BLRU,560043,Ward-025,East,Logistics / Warehouse,Service,5210,Green,PAN_D4524C092CF0FE77,,,9001219663,,2016-11-23,2024-07-03,DORMANT,3,,2026-01-21,gstin_hash;email
KFBIS-FAC-BLRR-2024-000076,FACTORY,"Factories, Boilers, Industrial Safety and Health",ENT-00155,M/S Aditya Chem Co,,Owner A,"No 57, C 3rd Phase, Doddaballapura, Bangalore Rural, Karnataka - 561203",Doddaballapura,Bengaluru Rural,BLRR,561203,Ward-R09,Bengaluru Rural,Chemical Blending,Manufacturing,2029,Red,,GSTIN_CCFB376977FBAAC0,,,,2024-05-23,2024-11-02,DORMANT,5,10-25,2026-01-06,pan_hash;phone;email
GST-KA-BLRR-2025-000118,GST,GST Taxpayer Registry,ENT-00155,Aditya Chem Co,,Partner 1,"57, C 3rd Phase, Doddaballapura, B'luru Rural, KA",Doddaballapura,Bengaluru Rural,BLRR,561203,Ward-R09,Bengaluru Rural,Chemical Blending,Manufacturing,2029,Red,PAN_EE1E19D51BFC0853,GSTIN_CCFB376977FBAAC0,,,,2025-07-26,2025-10-17,ACTIVE,5,10-25,2026-02-17,phone;email
PCB/BLRR/CTE/2015/00068,KSPCB,Karnataka State Pollution Control Board,ENT-00155,M/S Aditya Chem Co,,Partner 1,"57, C 3rd Phase, Doddaballapura, Bangalore Rural, K'taka - 561203",Doddaballapura,Bengaluru Rural,BLRR,561203,Ward-R09,Bengaluru Rural,Chemical Blending,Manufacturing,2029,Red,PAN_EE1E19D51BFC0853,,,,,2015-05-22,2023-02-16,CLOSED,,,2025-12-07,gstin_hash;phone;email
LAB-KA-BLRR-2017-000074,LABOUR,Labour Department,ENT-00155,Aditya Chem Co,Aditya Chem Co,,"No 57, C 3rd Phase, Doddaballapura, B'luru Rural, KA - 561203",Doddaballapura,Bengaluru Rural,BLRR,561203,Ward-R09,Bengaluru Rural,Chemical Blending,Manufacturing,2029,Red,PAN_EE1E19D51BFC0853,GSTIN_CCFB376977FBAAC0,,,,2017-07-11,2017-12-13,CLOSED,5,,2025-12-26,phone;email
GST-KA-BLRU-2015-000119,GST,GST Taxpayer Registry,ENT-00156,M/S MYSORE INDUSTRIES,M/S Mysore Industries,Partner 1,"23, Near Bus Stop, Banashankari, Bengaluru Urban, K'taka - 560085",Banashankari,Bengaluru Urban,BLRU,560085,Ward-182,South,Food Processing,Manufacturing,1030,Orange,PAN_F6EFF2E6DAC8C473,GSTIN_0DCC70D3FA4F33EB,,,,2015-06-11,2021-03-08,CLOSED,,,2026-01-17,phone;email
PCB/BLRU/CTE/2018/00069,KSPCB,Karnataka State Pollution Control Board,ENT-00156,Mysore Inds,,Managing Partner,"23, Near Bus Stop, Banashankari, Bangalore Urban, KA - 560085",Banashankari,Bengaluru Urban,BLRU,560085,Ward-182,South,Food Processing,Manufacturing,1030,Orange,,GSTIN_0DCC70D3FA4F33EB,UDYAM_1F9C6C683DD12F82,9001235501,,2018-10-09,2020-07-21,CLOSED,,,2025-11-28,pan_hash;email
LAB-KA-BLRU-2019-000075,LABOUR,Labour Department,ENT-00156,M/S ysore Industries,Mysore Inds,Managing Partner,"No. 23, Near Bus Stop, Banashankari, B'luru Urban, KA - 560085",Banashankari,Bengaluru Urban,BLRU,560085,Ward-182,South,Food Processing,Manufacturing,1030,Orange,,,,9001235501,,2019-05-01,2022-08-04,CLOSED,8,10-25,2026-03-06,pan_hash;gstin_hash;email
KAR-SHOP-BLRU-2023-000104,SHOP,Karnataka Shops and Commercial Establishments,ENT-00156,Mysore Industries,Mysore Industries,Managing Partner,"No 23, Near Bus Stop, Banashankari, Bengaluru Urban, Karnataka - 560085",Banashankari,Bengaluru Urban,BLRU,560085,Ward-182,South,Food Processing,Manufacturing,1030,Orange,,,,9001235501,contact0156@examplebiz.in,2023-04-27,2025-04-09,DORMANT,,10-25,2025-12-19,pan_hash;gstin_hash
UDYAM-KR-BLRU-2024-000072,UDYAM,Udyam / MSME Registry,ENT-00156,M/S Mysore Industries,,Managing Partner,"No 23, Near Bus Stop, Banashankari, Bengaluru Urban, K'taka - 560085",Banashankari,Bengaluru Urban,BLRU,560085,Ward-182,South,Food Processing,Manufacturing,1030,Orange,,,UDYAM_1F9C6C683DD12F82,,,2024-05-29,2025-06-20,ACTIVE,8,,2026-03-02,pan_hash;gstin_hash;phone;email
KFBIS-FAC-BLRU-2020-000077,FACTORY,"Factories, Boilers, Industrial Safety and Health",ENT-00157,M/S Naveen Coatings Co,,Partner 1,"No 154, A Behind Metro, Rajajinagar Industrial Suburb, B'luru Urban, Karnataka - 560059",Rajajinagar Industrial Suburb,Bengaluru Urban,BLRU,560059,Ward-067,West,Chemical Blending,Manufacturing,2029,Red,,GSTIN_7F5BC7ED3E39D58B,,9001243420,,2020-04-25,2023-01-19,CLOSED,,0-10,2026-03-08,pan_hash;email
GST-KA-BLRU-2018-000120,GST,GST Taxpayer Registry,ENT-00157,Naveen Coatings Co,Naeen Coatings Co,Owner A,"No. 154, A Behind Metro, Rajajinagar Industrial Suburb, Bengaluru Urban, Karnataka - 560059",Rajajinagar Industrial Suburb,Bengaluru Urban,BLRU,560059,Ward-067,West,Chemical Blending,Manufacturing,2029,Red,PAN_4CECF5C23824B804,GSTIN_7F5BC7ED3E39D58B,,9001243420,,2018-02-07,2021-07-05,CLOSED,8,0-10,2026-03-24,email
PCB/BLRU/CTE/2025/00070,KSPCB,Karnataka State Pollution Control Board,ENT-00157,Naveen Coatngs Co,M/S Naveen Coatings Co,Partner 1,"#154, A Behind Metro, Rajajinagar Industrial Suburb, Bengaluru Urban, K'taka - 560059",Rajajinagar Industrial Suburb,Bengaluru Urban,BLRU,560059,Ward-067,West,Chemical Blending,Manufacturing,2029,Red,,GSTIN_7F5BC7ED3E39D58B,,9001243420,,2025-09-28,2026-02-25,ACTIVE,,,2026-04-21,pan_hash;email
KAR-SHOP-BLRU-2015-000105,SHOP,Karnataka Shops and Commercial Establishments,ENT-00157,Naveen Coatings Co,,,"154, A Behind Metro, Rajajinagar Industrial Suburb, B'luru Urban, Karnataka - 560059",Rajajinagar Industrial Suburb,Bengaluru Urban,BLRU,560059,Ward-067,West,Chemical Blending,Manufacturing,2029,Red,,,,,,2015-09-24,2015-12-20,CLOSED,,,2026-02-02,pan_hash;gstin_hash;phone;email
UDYAM-KR-BLRU-2020-000073,UDYAM,Udyam / MSME Registry,ENT-00157,NAVEEN COATINGS CO,Naveen Coatings Co,,"No 154, A Behind Metro, Rajajinagar Industrial Suburb, Bangalore Urban, K'taka - 560059",Rajajinagar Industrial Suburb,Bengaluru Urban,BLRU,560059,Ward-067,West,Chemical Blending,Manufacturing,2029,Red,PAN_4CECF5C23824B804,,,9001243420,,2020-11-05,2023-11-04,DORMANT,8,,2026-04-24,gstin_hash;email
BBMP-TL-SOUT-2021-000056,BBMP,BBMP Trade Licence,ENT-00158,Omkar Labs Co,,,"No 94, Shed 3rd Phase, Bommanahalli, B'luru Urban, K'taka - 560068",Bommanahalli,Bengaluru Urban,BLRU,560068,Ward-175,South,Chemical Blending,Manufacturing,2029,Red,PAN_A83124CF6FFE9314,,,,,2021-05-14,2023-05-17,DORMANT,,25-50,2026-02-11,gstin_hash;phone;email
KFBIS-FAC-BLRU-2020-000078,FACTORY,"Factories, Boilers, Industrial Safety and Health",ENT-00158,Omkar Labs Co,M/S Omkar Labs Co,Owner A,"#94, Shed 3rd Phase, Bommanahalli, Bangalore Urban, K'taka - 560068",Bommanahalli,Bengaluru Urban,BLRU,560068,Ward-175,South,Chemical Blending,Manufacturing,2029,Red,,GSTIN_3657D3C65B08B549,,,,2020-05-11,2023-04-24,CLOSED,5,25-50,2026-02-25,pan_hash;phone;email
GST-KA-BLRU-2023-000121,GST,GST Taxpayer Registry,ENT-00158,Omkar LabsCo,OMKAR LABS CO,Owner B,"No 94, Shed 3rd Phase, Bommanahalli, Bengaluru Urban, KA - 560068",Bommanahalli,Bengaluru Urban,BLRU,560068,Ward-175,South,Chemical Blending,Manufacturing,2029,Red,PAN_A83124CF6FFE9314,GSTIN_3657D3C65B08B549,,,,2023-06-05,2026-02-28,ACTIVE,5,,2025-11-25,phone;email
PCB/BLRU/CTE/2023/00071,KSPCB,Karnataka State Pollution Control Board,ENT-00158,M/S Omkar Labs Co,Omkar Labs Co,Partner 1,"94, Shed 3rd Phase, Bommanahalli, B'luru Urban, KA - 560068",Bommanahalli,Bengaluru Urban,BLRU,560068,Ward-175,South,Chemical Blending,Manufacturing,2029,Red,,,,,,2023-11-05,2025-11-10,ACTIVE,5,25-50,2026-04-17,pan_hash;gstin_hash;phone;email
KFBIS-FAC-TUM-2025-000079,FACTORY,"Factories, Boilers, Industrial Safety and Health",ENT-00159,Bangalore Machining Co,,Owner A,"No. 257, D Industrial Layout, Antharasanahalli Indl Area, Tumakuru, KA - 572106",Antharasanahalli Industrial Area,Tumakuru,TUM,572106,Ward-T12,Tumakuru,Machine Tools,Manufacturing,2819,Orange,,GSTIN_389B4747CEC72983,,9001259258,,2025-10-01,2025-11-30,ACTIVE,18,500+,2025-11-05,pan_hash;email
GST-KA-TUM-2018-000122,GST,GST Taxpayer Registry,ENT-00159,Bangalore Machining Co,,Partner 1,"257, D Industrial Layout, Antharasanahalli Industrial Estate, Tumakuru, Karnataka - 572106",Antharasanahalli Industrial Area,Tumakuru,TUM,572106,Ward-T12,Tumakuru,Machine Tools,Manufacturing,2819,Orange,PAN_C253452455C25653,GSTIN_389B4747CEC72983,,9001259258,,2018-09-22,2023-09-05,DORMANT,,500+,2025-11-18,email
PCB/TUM/CTE/2025/00072,KSPCB,Karnataka State Pollution Control Board,ENT-00159,Bangalore Machining Co,Bangalore Machining Co,Owner A,"#257, D Industrial Layout, Antharasanahalli Indl Area, Tumakuru, K'taka - 572106",Antharasanahalli Industrial Area,Tumakuru,TUM,572106,Ward-T12,Tumakuru,Machine Tools,Manufacturing,2819,Orange,,,,,,2025-11-18,2025-12-28,ACTIVE,18,500+,2025-12-13,pan_hash;gstin_hash;phone;email
LAB-KA-TUM-2024-000076,LABOUR,Labour Department,ENT-00159,Bangalore Machining Co,M/S Bangalore Machining Co,Owner A,"257, D Industrial Layout, Antharasanahalli Industrial Estate, Tumakuru, Karnataka - 572106",Antharasanahalli Industrial Area,Tumakuru,TUM,572106,Ward-T12,Tumakuru,Machine Tools,Manufacturing,2819,Orange,,GSTIN_389B4747CEC72983,,,,2024-11-08,2024-12-15,DORMANT,18,500+,2026-01-30,pan_hash;phone;email
UDYAM-KR-TUM-2021-000074,UDYAM,Udyam / MSME Registry,ENT-00159,Bangalore Machining Co,Bangalore achining Co,Owner B,"No. 257, D Industrial Layout, Antharasanahalli Industrial Area, Tumakuru, Karnataka - 572106",Antharasanahalli Industrial Area,Tumakuru,TUM,572106,Ward-T12,Tumakuru,Machine Tools,Manufacturing,2819,Orange,PAN_C253452455C25653,GSTIN_389B4747CEC72983,UDYAM_88FCB70C071FF8BD,9001259258,,2021-10-31,2025-04-21,DORMANT,18,500+,2026-03-09,email
BBMP-TL-TUMA-2018-000057,BBMP,BBMP Trade Licence,ENT-00160,Srinidhi Bites Co,Srinihi Bites Co,Director Masked,"250, Plot Main Road, Antharasanahalli Indl Area, Tumakuru, KA - 572106",Antharasanahalli Industrial Area,Tumakuru,TUM,572106,Ward-T12,Tumakuru,Restaurant / Cafe,Service,5610,Green,,,,,,2018-04-23,2023-05-03,DORMANT,12,50-100,2025-11-10,pan_hash;gstin_hash;phone;email
GST-KA-TUM-2018-000123,GST,GST Taxpayer Registry,ENT-00160,Srinidhi Bites Co,,Director Masked,"250, Plot Main Rd, Antharasanahalli Industrial Area, Tumakuru, K'taka - 572106",Antharasanahalli Industrial Area,Tumakuru,TUM,572106,Ward-T12,Tumakuru,Restaurant / Cafe,Service,5610,Green,,,,,,2018-08-09,2024-08-10,DORMANT,,50-100,2025-11-23,pan_hash;gstin_hash;phone;email
LAB-KA-TUM-2020-000077,LABOUR,Labour Department,ENT-00160,M/S Srinidhi Bites Co,Srinidhi Bites Co,,"No. 250, Plot Mn Rd, Antharasanahalli Industrial Area, Tumakuru, K'taka - 572106",Antharasanahalli Industrial Area,Tumakuru,TUM,572106,Ward-T12,Tumakuru,Restaurant / Cafe,Service,5610,Green,,,,,,2020-04-14,2021-06-17,CLOSED,12,,2025-11-25,pan_hash;gstin_hash;phone;email
KAR-SHOP-TUM-2020-000106,SHOP,Karnataka Shops and Commercial Establishments,ENT-00160,Srinidhi Bites Co,Srinidhi Bites Co,,"#250, Plot Main Road, Antharasanahalli Indl Area, Tumakuru, K'taka - 572106",Antharasanahalli Industrial Area,Tumakuru,TUM,572106,Ward-T12,Tumakuru,Restaurant / Cafe,Service,5610,Green,,,,,,2020-10-21,2024-02-10,DORMANT,12,50-100,2026-01-23,pan_hash;gstin_hash;phone;email
UDYAM-KR-TUM-2019-000075,UDYAM,Udyam / MSME Registry,ENT-00160,SRINIDHI BITESCO,M/S Srinidhi Bites Co,,"#250, Plot Main Road, Antharasanahalli Indl Area, Tumakuru, Karnataka - 572106",Antharasanahalli Industrial Area,Tumakuru,TUM,572106,Ward-T12,Tumakuru,Restaurant / Cafe,Service,5610,Green,,,,,,2019-08-11,2025-06-22,ACTIVE,12,50-100,2026-01-30,pan_hash;gstin_hash;phone;email
BBMP-TL-YELA-2020-000058,BBMP,BBMP Trade Licence,ENT-00161,Bangalore Apparels Enterprises,Bangalore Apparels Enterprises,Owner B,"#61, D Behind Metro, Yelahanka, Bengaluru Urban, KA - 560064",Yelahanka,Bengaluru Urban,BLRU,560064,Ward-004,Yelahanka,Textile / Garments,Manufacturing,1410,Green,,,,,,2020-02-15,2022-03-20,CLOSED,10,0-10,2025-11-30,pan_hash;gstin_hash;phone;email
GST-KA-BLRU-2019-000124,GST,GST Taxpayer Registry,ENT-00161,BANGALORE APPARELS ENTERPRISES,BANGALORE APPARELS ENTERPRISES,Partner 1,"#61, D Behind Metro, Yelahanka, Bangalore Urban, Karnataka - 560064",Yelahanka,Bengaluru Urban,BLRU,560064,Ward-004,Yelahanka,Textile / Garments,Manufacturing,1410,Green,PAN_188F0257D655F65E,,,9001275096,,2019-01-07,2022-01-04,CLOSED,,,2026-03-23,gstin_hash;email
KAR-SHOP-BLRU-2017-000107,SHOP,Karnataka Shops and Commercial Establishments,ENT-00161,Bangalore Apparels Enterprises,Bangalore Apparels Enterprises,Director Masked,"No 61, D Behind Metro, Yelahanka, Bangalore Urban, Karnataka",Yelahanka,Bengaluru Urban,BLRU,560064,Ward-004,Yelahanka,Textile / Garments,Manufacturing,1410,Green,,,,9001275096,contact0161@examplebiz.in,2017-08-19,2021-04-08,CLOSED,10,,2025-12-02,pan_hash;gstin_hash
UDYAM-KR-BLRU-2016-000076,UDYAM,Udyam / MSME Registry,ENT-00161,Bangalore Apparels Enterprises,BANGALORE APPARELS ENTERPRISES,Managing Partner,"No. 61, D Behind Metro, Yelahanka, Bangalore Urban, Karnataka - 560064",Yelahanka,Bengaluru Urban,BLRU,560064,Ward-004,Yelahanka,Textile / Garments,Manufacturing,1410,Green,PAN_188F0257D655F65E,,UDYAM_CEC0B6482D141828,,,2016-11-18,2021-07-14,CLOSED,10,0-10,2026-02-03,gstin_hash;phone;email
GST-KA-BLRU-2018-000125,GST,GST Taxpayer Registry,ENT-00162,M/S Ananya CNC LLP,Ananya CNC,Owner B,"No. 279, Mn Rd, Whitefield, Bengaluru Urban, K'taka - 560037",Whitefield,Bengaluru Urban,BLRU,560037,Ward-085,Mahadevapura,Machine Tools,Manufacturing,2819,Orange,PAN_B48DAB13DA2391E4,GSTIN_B25AA9056E3DE320,,,,2018-11-27,2024-11-25,DORMANT,,50-100,2026-03-22,phone;email
PCB/BLRU/CTO/2020/00073,KSPCB,Karnataka State Pollution Control Board,ENT-00162,Ananya CNC LLP,,,"No. 279, Mn Rd, Whitefield, B'luru Urban, Karnataka - 560037",Whitefield,Bengaluru Urban,BLRU,560037,Ward-085,Mahadevapura,Machine Tools,Manufacturing,2819,Orange,PAN_B48DAB13DA2391E4,GSTIN_B25AA9056E3DE320,,,,2020-07-15,2026-03-30,ACTIVE,52,50-100,2026-03-18,phone;email
LAB-KA-BLRU-2015-000078,LABOUR,Labour Department,ENT-00162,Ananya CNC LLP,Ananya CNC,Owner A,"#279, Main Road, Whitefield, Bangalore Urban, Karnataka - 560037",Whitefield,Bengaluru Urban,BLRU,560037,Ward-085,Mahadevapura,Machine Tools,Manufacturing,2819,Orange,,,,9001283015,,2015-07-20,2016-10-22,CLOSED,52,50-100,2025-11-30,pan_hash;gstin_hash;email
KAR-SHOP-BLRU-2025-000108,SHOP,Karnataka Shops and Commercial Establishments,ENT-00162,M/S Ananya CNC LLP,Ananya CNC,Managing Partner,"No. 279, Main Road, Whitefield, Bengaluru Urban, KA - 560037",Whitefield,Bengaluru Urban,BLRU,560037,Ward-085,Mahadevapura,Machine Tools,Manufacturing,2819,Orange,PAN_B48DAB13DA2391E4,,,9001283015,,2025-04-21,2026-02-19,ACTIVE,52,50-100,2026-01-26,gstin_hash;email
UDYAM-KR-BLRU-2025-000077,UDYAM,Udyam / MSME Registry,ENT-00162,M/S Ananya CNC LLP,M/S Ananya CNC,,"No. 279, Mn Rd, Whitefield, B'luru Urban, K'taka - 560037",Whitefield,Bengaluru Urban,BLRU,560037,Ward-085,Mahadevapura,Machine Tools,Manufacturing,2819,Orange,PAN_B48DAB13DA2391E4,GSTIN_B25AA9056E3DE320,UDYAM_512C5935214F7494,9001283015,,2025-05-29,2025-08-12,ACTIVE,,50-100,2026-04-09,email
BBMP-TL-BENG-2023-000059,BBMP,BBMP Trade Licence,ENT-00163,Asha Clinic Solutions,,Owner A,"#231, Shed Near Bus Stop, Hoskote, Bangalore Rural, KA - 562114",Hoskote,Bengaluru Rural,BLRR,562114,Ward-R04,Bengaluru Rural,Pharmacy / Medical Retail,Retail,4772,Green,,,,9001290934,,2023-04-13,2024-01-30,DORMANT,18,,2026-01-23,pan_hash;gstin_hash;email
GST-KA-BLRR-2020-000126,GST,GST Taxpayer Registry,ENT-00163,Asha Clinic Solutions,M/S Asha Clinic Solutions,Owner A,"No. 231, Shed Near Bus Stop, Hoskote, B'luru Rural, K'taka - 562114",Hoskote,Bengaluru Rural,BLRR,562114,Ward-R04,Bengaluru Rural,Pharmacy / Medical Retail,Retail,4772,Green,PAN_4BF31E197F6C8CA4,GSTIN_560A2EA424DB741C,,9001290934,,2020-03-26,2020-07-21,CLOSED,,,2026-03-04,email
KAR-SHOP-BLRR-2020-000109,SHOP,Karnataka Shops and Commercial Establishments,ENT-00163,Asha Clinic Solutions,Asha Clinic Solutions,Owner B,"231, Shed Near Bus Stop, Hoskote, Bangalore Rural, KA - 562114",Hoskote,Bengaluru Rural,BLRR,562114,Ward-R04,Bengaluru Rural,Pharmacy / Medical Retail,Retail,4772,Green,,,,9001290934,,2020-07-02,2022-06-02,CLOSED,,50-100,2026-05-02,pan_hash;gstin_hash;email
UDYAM-KR-BLRR-2017-000078,UDYAM,Udyam / MSME Registry,ENT-00163,Asha Clinic Solutions,Asha Clinic Solutions,,"No. 231, Shed Near Bus Stop, Hoskote, Bangalore Rural, Karnataka - 562114",Hoskote,Bengaluru Rural,BLRR,562114,Ward-R04,Bengaluru Rural,Pharmacy / Medical Retail,Retail,4772,Green,PAN_4BF31E197F6C8CA4,,UDYAM_725F6231D2FB35A5,,,2017-06-30,2024-01-23,CLOSED,,,2025-12-23,gstin_hash;phone;email
BBMP-TL-DASA-2016-000060,BBMP,BBMP Trade Licence,ENT-00164,Sahana Kitchen Solutions,M/S Sahana Kitchen Solutions,,"#49, C 2nd Main, Peenya Industrial Estate, Bengaluru Urban, Karnataka",Peenya Industrial Area,Bengaluru Urban,BLRU,560034,Ward-038,Dasarahalli,Electronics Assembly,Manufacturing,2610,Orange,,,,9001298853,contact0164@examplebiz.in,2016-10-13,2021-08-10,CLOSED,,,2026-01-16,pan_hash;gstin_hash;pin_drift
KFBIS-FAC-BLRU-2022-000080,FACTORY,"Factories, Boilers, Industrial Safety and Health",ENT-00164,Sahana Kitchen Solutions,M/S Sahana Kitchen Solutions,,"#49, C 2nd Main, Peenya Industrial Estate, Bengaluru Urban, Karnataka - 560058",Peenya Industrial Area,Bengaluru Urban,BLRU,560058,Ward-038,Dasarahalli,Electronics Assembly,Manufacturing,2610,Orange,,,,9001298853,contact0164@examplebiz.in,2022-06-08,2025-06-29,ACTIVE,8,25-50,2026-02-04,pan_hash;gstin_hash
GST-KA-BLRU-2018-000127,GST,GST Taxpayer Registry,ENT-00164,Sahana Kitchen Solutions,,Owner B,"No. 49, C 2nd Main, Peenya Industrial Estate, B'luru Urban, Karnataka",Peenya Industrial Area,Bengaluru Urban,BLRU,560058,Ward-038,Dasarahalli,Electronics Assembly,Manufacturing,2610,Orange,,,,9001298853,contact0164@examplebiz.in,2018-01-29,2019-12-26,CLOSED,8,,2026-03-29,pan_hash;gstin_hash
KAR-SHOP-BLRU-2022-000110,SHOP,Karnataka Shops and Commercial Establishments,ENT-00164,M/S Sahana Kitchen Solutions,,Director Masked,"#49, C 2nd Main, Peenya Industrial Estate, Bangalore Urban, Karnataka - 560058",Peenya Industrial Area,Bengaluru Urban,BLRU,560058,Ward-038,Dasarahalli,Electronics Assembly,Manufacturing,2610,Orange,PAN_803503E53FF5E31D,,,9001298853,contact0164@examplebiz.in,2022-11-15,2023-02-08,CLOSED,,,2026-01-03,gstin_hash
GST-KA-BLRR-2015-000128,GST,GST Taxpayer Registry,ENT-00165,VARUN DINE COMPANY,,Partner 1,"101, A Service Road, Devanahalli, Bangalore Rural, KA - 562110",Devanahalli,Bengaluru Rural,BLRR,562110,Ward-R01,Bengaluru Rural,Restaurant / Cafe,Service,5610,Green,PAN_7029FA0EFB74974C,,,9001306772,,2015-10-12,2016-03-19,CLOSED,,,2026-03-18,gstin_hash;email
KAR-SHOP-BLRR-2015-000111,SHOP,Karnataka Shops and Commercial Establishments,ENT-00165,M/SVarun Dine Company,Varun Dine Company,Managing Partner,"#101, A Service Road, Devanahalli, Bangalore Rural, K'taka - 562110",Devanahalli,Bengaluru Rural,BLRR,562110,Ward-R01,Bengaluru Rural,Restaurant / Cafe,Service,5610,Green,,,,9001306772,,2015-05-02,2021-04-23,CLOSED,,25-50,2026-01-06,pan_hash;gstin_hash;email
UDYAM-KR-BLRR-2023-000079,UDYAM,Udyam / MSME Registry,ENT-00165,VARUN DINE COMPANY,Varun Dine Company,Managing Partner,"101, A Service Road, Devanahalli, Bengaluru Rural, KA - 562110",Devanahalli,Bengaluru Rural,BLRR,562110,Ward-R01,Bengaluru Rural,Restaurant / Cafe,Service,5610,Green,,,UDYAM_D1B8F889D2EC3579,9001306772,,2023-02-10,2025-02-02,CLOSED,180,25-50,2026-01-11,pan_hash;gstin_hash;email
BBMP-TL-EAST-2019-000061,BBMP,BBMP Trade Licence,ENT-00166,M/S Sharma Electronics Solutions,,,"No. 75, C Behind Metro, MG Road, B'luru Urban, Karnataka - 560001",MG Road,Bengaluru Urban,BLRU,560001,Ward-111,East,Electronics Assembly,Manufacturing,2610,Orange,,,,9001314691,contact0166@examplebiz.in,2019-06-15,2019-09-20,CLOSED,180,10-25,2026-03-18,pan_hash;gstin_hash
PCB/BLRU/CTE/2023/00074,KSPCB,Karnataka State Pollution Control Board,ENT-00166,Sharma Electronics Solutions,Sharma Electronics Solutions,,"No 75, C Behind Metro, MG Road, B'luru Urban, K'taka - 560001",MG Road,Bengaluru Urban,BLRU,560001,Ward-111,East,Electronics Assembly,Manufacturing,2610,Orange,PAN_84F7688E85795BE8,,,,contact0166@examplebiz.in,2023-12-05,2025-10-02,ACTIVE,180,10-25,2026-01-06,gstin_hash;phone
LAB-KA-BLRU-2023-000079,LABOUR,Labour Department,ENT-00166,Sharma Electronics Solutions,,,"75, C Behind Metro, MG Road, B'luru Urban, KA - 560001",MG Road,Bengaluru Urban,BLRU,560102,Ward-111,East,Electronics Assembly,Manufacturing,2610,Orange,PAN_84F7688E85795BE8,,,,contact0166@examplebiz.in,2023-03-30,2023-10-03,DORMANT,180,,2026-03-30,gstin_hash;phone;pin_drift
KAR-SHOP-BLRU-2025-000112,SHOP,Karnataka Shops and Commercial Establishments,ENT-00166,Sharma Electronics Solutions,M/S Sharma Electronics Solutions,Owner A,"No 75, C Behind Metro, MG Road, Bangalore Urban, Karnataka",MG Road,Bengaluru Urban,BLRU,560001,Ward-111,East,Electronics Assembly,Manufacturing,2610,Orange,,GSTIN_548155C09F71AF1A,,9001314691,contact0166@examplebiz.in,2025-01-26,2026-01-12,ACTIVE,,10-25,2025-12-30,pan_hash
UDYAM-KR-BLRU-2018-000080,UDYAM,Udyam / MSME Registry,ENT-00166,Sharma Electronics Solutions,Sharma Elec Solutions,,"No 75, C Behind Metro, MG Road, Bangalore Urban, KA - 560001",MG Road,Bengaluru Urban,BLRU,560001,Ward-111,East,Electronics Assembly,Manufacturing,2610,Orange,,,,9001314691,,2018-11-08,2019-10-02,CLOSED,,,2025-12-24,pan_hash;gstin_hash;email
GST-KA-BLRU-2021-000129,GST,GST Taxpayer Registry,ENT-00167,Asha Labs Solutions,Asha Labs Solutions,Owner B,"No. 94, B 3rd Phase, Hebbal, B'luru Urban, K'taka - 560024",Hebbal,Bengaluru Urban,BLRU,560024,Ward-021,Yelahanka,Chemical Blending,Manufacturing,2029,Red,PAN_265833F26CD00F77,GSTIN_78EC02771BC73E95,,9001322610,,2021-10-21,2023-08-17,DORMANT,2,50-100,2026-01-10,email
PCB/BLRU/CTO/2025/00075,KSPCB,Karnataka State Pollution Control Board,ENT-00167,M/S Asha Labs Solutions,,,"No. 94, B 3rd Phase, Hebbal, B'luru Urban, K'taka",Hebbal,Bengaluru Urban,BLRU,560024,Ward-021,Yelahanka,Chemical Blending,Manufacturing,2029,Red,PAN_265833F26CD00F77,,,,,2025-11-12,2026-03-23,ACTIVE,,,2026-01-07,gstin_hash;phone;email
BBMP-TL-BENG-2021-000062,BBMP,BBMP Trade Licence,ENT-00168,Ganesh Kitchen LLP,Ganesh Kichen,Owner B,"166, A 3rd Phase, Devanahalli, Bangalore Rural, KA - 562110",Devanahalli,Bengaluru Rural,BLRR,562110,Ward-R01,Bengaluru Rural,Restaurant / Cafe,Service,5610,Green,,,,,,2021-08-15,2023-02-03,CLOSED,,,2025-11-21,pan_hash;gstin_hash;phone;email
GST-KA-BLRR-2023-000130,GST,GST Taxpayer Registry,ENT-00168,Ganesh Kitchen LLP,Ganesh Kitchen,Owner B,"#166, A 3rd Phase, Devanahalli, Bengaluru Rural, K'taka - 562110",Devanahalli,Bengaluru Rural,BLRR,562110,Ward-R01,Bengaluru Rural,Restaurant / Cafe,Service,5610,Green,PAN_0FFB79AD5EBE17FE,GSTIN_C17103B3F3BB5FAE,UDYAM_9E4E3D37965A3A33,9001330529,,2023-01-15,2026-03-03,ACTIVE,3,10-25,2026-01-28,email
KAR-SHOP-BLRR-2020-000113,SHOP,Karnataka Shops and Commercial Establishments,ENT-00168,Ganesh Kitchen LLP,Ganesh Kitchen,Owner B,"#166, A 3rd Phase, Devanahalli, Bengaluru Rural, K'taka - 562110",Devanahalli,Bengaluru Rural,BLRR,562110,Ward-R01,Bengaluru Rural,Restaurant / Cafe,Service,5610,Green,PAN_0FFB79AD5EBE17FE,,,,,2020-07-10,2025-01-16,DORMANT,3,10-25,2026-02-09,gstin_hash;phone;email
GST-KA-MYS-2025-000131,GST,GST Taxpayer Registry,ENT-00169,Asha Bakery Co,Asha Bakery Co,Managing Partner,"No. 164, Shed Near Bus Stop, Devaraja Mohalla, Mysuru, Karnataka - 570001",Devaraja Mohalla,Mysuru,MYS,570001,Ward-M01,Central,Food Processing,Manufacturing,1030,Orange,PAN_12B94F06E81BCB0C,GSTIN_6C6D3034F7785EC9,,,,2025-10-14,2026-03-15,CLOSED,4,,2026-01-12,phone;email
PCB/MYS/CTE/2021/00076,KSPCB,Karnataka State Pollution Control Board,ENT-00169,Asha Bakery Co,Asha Bakery Co,Partner 1,"#164, Shed Near Bus Stop, Devaraja Mohalla, Mysuru, K'taka - 570001",Devaraja Mohalla,Mysuru,MYS,570001,Ward-M01,Central,Food Processing,Manufacturing,1030,Orange,PAN_12B94F06E81BCB0C,GSTIN_6C6D3034F7785EC9,,,,2021-11-21,2025-10-20,ACTIVE,4,10-25,2026-02-21,phone;email
UDYAM-KR-MYS-2021-000081,UDYAM,Udyam / MSME Registry,ENT-00169,M/S Asha Bakery Co,ASHA BAKERY CO,Owner B,"No 164, Shed Near Bus Stop, Devaraja Mohalla, Mysuru, KA - 570001",Devaraja Mohalla,Mysuru,MYS,570001,Ward-M01,Central,Food Processing,Manufacturing,1030,Orange,PAN_12B94F06E81BCB0C,,UDYAM_C20580405F2B3956,,contact0169@examplebiz.in,2021-01-24,2026-03-01,ACTIVE,4,,2026-04-04,gstin_hash;phone
BBMP-TL-MAHA-2017-000063,BBMP,BBMP Trade Licence,ENT-00170,Bharath Spices LLP,Bharath Spices,Director Masked,"172, D 2nd Main, Whitefield Main Road, B'luru Urban, KA - 560066",Whitefield Main Road,Bengaluru Urban,BLRU,560066,Ward-083,Mahadevapura,Food Processing,Manufacturing,1030,Orange,,,,9001346367,,2017-08-21,2021-01-09,CLOSED,4,,2026-02-01,pan_hash;gstin_hash;email
KFBIS-FAC-BLRU-2019-000081,FACTORY,"Factories, Boilers, Industrial Safety and Health",ENT-00170,Bharath Spices LLP,M/S Bharath Spices,Owner A,"#172, D 2nd Main, Whitefield Mn Rd, B'luru Urban, K'taka - 560066",Whitefield Main Road,Bengaluru Urban,BLRU,560066,Ward-083,Mahadevapura,Food Processing,Manufacturing,1030,Orange,,,,9001346367,,2019-12-04,2023-09-15,DORMANT,4,500+,2026-03-11,pan_hash;gstin_hash;email
GST-KA-BLRU-2022-000132,GST,GST Taxpayer Registry,ENT-00170,BHARATHSPICES LLP,Bharath Spices,Owner A,"172, D 2nd Main, Whitefield Mn Rd, B'luru Urban, KA - 560066",Whitefield Main Road,Bengaluru Urban,BLRU,560066,Ward-083,Mahadevapura,Food Processing,Manufacturing,1030,Orange,PAN_7D7BC57C3FD1E39E,GSTIN_830ACDBF307FADDD,,,contact0170@examplebiz.in,2022-08-31,2025-11-18,CLOSED,4,500+,2026-02-18,phone
PCB/BLRU/CTO/2023/00077,KSPCB,Karnataka State Pollution Control Board,ENT-00170,Bharath Spices LLP,M/S Bharath Spices,Managing Partner,"172, D 2nd Main, Whitefield Main Road, Bangalore Urban, Karnataka - 560066",Whitefield Main Road,Bengaluru Urban,BLRU,560066,Ward-083,Mahadevapura,Food Processing,Manufacturing,1030,Orange,,,,9001346367,,2023-09-02,2026-02-10,ACTIVE,4,,2025-11-10,pan_hash;gstin_hash;email
LAB-KA-BLRU-2022-000080,LABOUR,Labour Department,ENT-00170,Bharath Spices LLP,Bharath Spices,Owner A,"#172, D 2nd Main, Whitefield Main Road, Bengaluru Urban, K'taka - 560066",Whitefield Main Road,Bengaluru Urban,BLRU,560066,Ward-083,Mahadevapura,Food Processing,Manufacturing,1030,Orange,PAN_7D7BC57C3FD1E39E,,,,,2022-03-04,2024-08-02,DORMANT,4,,2026-01-18,gstin_hash;phone;email
KAR-SHOP-BLRU-2018-000114,SHOP,Karnataka Shops and Commercial Establishments,ENT-00170,Bharath Spices LLP,Bharath Spices,Owner A,"#172, D 2nd Main, Whitefield Mn Rd, B'luru Urban, Karnataka - 560066",Whitefield Main Road,Bengaluru Urban,BLRU,560066,Ward-083,Mahadevapura,Food Processing,Manufacturing,1030,Orange,,,,9001346367,contact0170@examplebiz.in,2018-06-10,2023-01-10,CLOSED,4,,2026-04-29,pan_hash;gstin_hash
BBMP-TL-TUMA-2018-000064,BBMP,BBMP Trade Licence,ENT-00171,M/S Vijaya Fashions Works,Vijaya Fashions Works,Managing Partner,"No 16, Shed Extension, Antharasanahalli Indl Area, Tumakuru, Karnataka - 572106",Antharasanahalli Industrial Area,Tumakuru,TUM,572106,Ward-T12,Tumakuru,Textile / Garments,Manufacturing,1410,Green,,,,9001354286,,2018-11-21,2024-09-26,DORMANT,8,25-50,2026-03-02,pan_hash;gstin_hash;email
KFBIS-FAC-TUM-2021-000082,FACTORY,"Factories, Boilers, Industrial Safety and Health",ENT-00171,Vijaya Fashions Works,M/S Vijaya Fashions Works,Partner 1,"#16, Shed Extension, Antharasanahalli Industrial Estate, Tumakuru, K'taka - 572106",Antharasanahalli Industrial Area,Tumakuru,TUM,572106,Ward-T12,Tumakuru,Textile / Garments,Manufacturing,1410,Green,PAN_EA6738D6060A4803,,,,,2021-05-17,2023-12-22,DORMANT,,25-50,2025-12-03,gstin_hash;phone;email
GST-KA-TUM-2018-000133,GST,GST Taxpayer Registry,ENT-00171,Vijaya Fashions Works,VIJAYA FASHIONS WORKS,,"16, Shed Extension, Antharasanahalli Industrial Area, Tumakuru, Karnataka - 572106",Antharasanahalli Industrial Area,Tumakuru,TUM,572106,Ward-T12,Tumakuru,Textile / Garments,Manufacturing,1410,Green,PAN_EA6738D6060A4803,,UDYAM_3B9F909169AC0625,9001354286,,2018-12-09,2024-04-24,DORMANT,,,2026-04-28,gstin_hash;email
LAB-KA-TUM-2025-000081,LABOUR,Labour Department,ENT-00171,Vijaya Fashions Works,Vijaya Fashions Works,Partner 1,"#16, Shed Extension, Antharasanahalli Industrial Estate, Tumakuru, KA - 572106",Antharasanahalli Industrial Area,Tumakuru,TUM,572106,Ward-T12,Tumakuru,Textile / Garments,Manufacturing,1410,Green,PAN_EA6738D6060A4803,,,9001354286,,2025-02-25,2025-05-13,ACTIVE,8,,2026-01-29,gstin_hash;email
KAR-SHOP-TUM-2017-000115,SHOP,Karnataka Shops and Commercial Establishments,ENT-00171,Vijaya Fashions Works,Vijaya Fashions Works,Owner A,"No 16, Shed Extension, Antharasanahalli Industrial Area, Tumakuru, K'taka - 572106",Antharasanahalli Industrial Area,Tumakuru,TUM,572106,Ward-T12,Tumakuru,Textile / Garments,Manufacturing,1410,Green,,,,9001354286,,2017-09-05,2018-06-19,CLOSED,,25-50,2026-03-15,pan_hash;gstin_hash;email
UDYAM-KR-TUM-2021-000082,UDYAM,Udyam / MSME Registry,ENT-00171,M/S VIJAYA FASHIONS WORKS,Vijaya Fashions Works,Owner A,"No. 16, Shed Extension, Antharasanahalli Industrial Area, Tumakuru, K'taka - 572106",Antharasanahalli Industrial Area,Tumakuru,TUM,572106,Ward-T12,Tumakuru,Textile / Garments,Manufacturing,1410,Green,PAN_EA6738D6060A4803,,UDYAM_3B9F909169AC0625,,,2021-08-18,2024-11-23,DORMANT,8,25-50,2026-04-22,gstin_hash;phone;email
GST-KA-BLRU-2021-000134,GST,GST Taxpayer Registry,ENT-00172,M/S Asha Solutions,Asha Solutions,Owner A,"No 145, D Mn Rd, Hebbal, B'luru Urban, KA - 560024",Hebbal,Bengaluru Urban,BLRU,560024,Ward-021,Yelahanka,Food Processing,Manufacturing,1030,Orange,PAN_7E0AFBC218C19E04,GSTIN_DB66BF7FD5F1EBE6,,,,2021-09-12,2026-02-08,ACTIVE,5,50-100,2026-02-03,phone;email
PCB/BLRU/CTE/2018/00078,KSPCB,Karnataka State Pollution Control Board,ENT-00172,Asha Solutions,Asha Solutions,Director Masked,"#145, D Main Rd, Hebbal, B'luru Urban, K'taka - 560024",Hebbal,Bengaluru Urban,BLRU,560024,Ward-021,Yelahanka,Food Processing,Manufacturing,1030,Orange,PAN_7E0AFBC218C19E04,,,9001362205,,2018-03-28,2020-05-30,CLOSED,5,50-100,2026-02-20,gstin_hash;email
LAB-KA-BLRU-2025-000082,LABOUR,Labour Department,ENT-00172,Asha Solutions,Asha Solutions,Owner B,"145, D Main Road, Hebbal, Bengaluru Urban, Karnataka - 560024",Hebbal,Bengaluru Urban,BLRU,560024,Ward-021,Yelahanka,Food Processing,Manufacturing,1030,Orange,,GSTIN_DB66BF7FD5F1EBE6,UDYAM_6981C3401F2EE335,,,2025-10-01,2026-01-07,ACTIVE,5,,2025-11-15,pan_hash;phone;email
KAR-SHOP-BLRU-2024-000116,SHOP,Karnataka Shops and Commercial Establishments,ENT-00172,M/S Asha Solutions,M/S Asha Solutions,Owner B,"No. 145, D Mn Rd, Hebbal, B'luru Urban, KA - 560024",Hebbal,Bengaluru Urban,BLRU,560024,Ward-021,Yelahanka,Food Processing,Manufacturing,1030,Orange,,,,,,2024-09-12,2025-04-12,DORMANT,,,2025-12-27,pan_hash;gstin_hash;phone;email
BBMP-TL-YELA-2015-000065,BBMP,BBMP Trade Licence,ENT-00173,Nisarga Trans Enterprises,Nisarga Trans Enterprises,Owner A,"No 28, D Mn Rd, Hebbal, Bengaluru Urban, K'taka - 560024",Hebbal,Bengaluru Urban,BLRU,560024,Ward-021,Yelahanka,Logistics / Warehouse,Service,5210,Green,,,,,,2015-11-14,2025-03-17,DORMANT,3,,2025-11-16,pan_hash;gstin_hash;phone;email
KFBIS-FAC-BLRU-2016-000083,FACTORY,"Factories, Boilers, Industrial Safety and Health",ENT-00173,Nisarga Trans Enterprises,M/S Nisarga Trans Entp,,"#28, D Mn Rd, Hebbal, Bangalore Urban, KA",Hebbal,Bengaluru Urban,BLRU,560102,Ward-021,Yelahanka,Logistics / Warehouse,Service,5210,Green,,,,,,2016-05-02,2018-11-03,CLOSED,3,50-100,2026-04-04,pan_hash;gstin_hash;phone;email;pin_drift
GST-KA-BLRU-2023-000135,GST,GST Taxpayer Registry,ENT-00173,Nisarga Trans Enterprises,Nisarga Trans Enterprises,Owner B,"28, D Main Rd, Hebbal, Bengaluru Urban, K'taka - 560024",Hebbal,Bengaluru Urban,BLRU,560024,Ward-021,Yelahanka,Logistics / Warehouse,Service,5210,Green,PAN_6FA5D102B0802FD2,,,,,2023-01-24,2025-12-19,ACTIVE,3,,2026-01-23,gstin_hash;phone;email
PCB/BLRU/CTO/2015/00079,KSPCB,Karnataka State Pollution Control Board,ENT-00173,M/S Nisarga Trans Entp,Nisarga Trans Enterprises,Managing Partner,"No. 28, D Main Rd, Hebbal, B'luru Urban, K'taka - 560024",Hebbal,Bengaluru Urban,BLRU,560024,Ward-021,Yelahanka,Logistics / Warehouse,Service,5210,Green,PAN_6FA5D102B0802FD2,,,,,2015-06-05,2024-05-18,DORMANT,3,,2026-05-02,gstin_hash;phone;email
LAB-KA-BLRU-2017-000083,LABOUR,Labour Department,ENT-00173,Nisarga Trans Enterprises,M/S Nisrga Trans Enterprises,Director Masked,"28, D Main Rd, Hebbal, Bengaluru Urban, K'taka - 560024",Hebbal,Bengaluru Urban,BLRU,560024,Ward-021,Yelahanka,Logistics / Warehouse,Service,5210,Green,PAN_6FA5D102B0802FD2,,,,,2017-08-17,2024-01-22,DORMANT,3,,2025-11-07,gstin_hash;phone;email
BBMP-TL-SOUT-2019-000066,BBMP,BBMP Trade Licence,ENT-00174,M/S Bharath Medical Soluions,M/S Bharath Medical Solutions,,"No. 154, Plot 2nd Main, Bommanahalli, B'luru Urban, K'taka - 560068",Bommanahalli,Bengaluru Urban,BLRU,560068,Ward-175,South,Pharmacy / Medical Retail,Retail,4772,Green,,,,,,2019-04-15,2024-02-29,DORMANT,10,0-10,2026-04-03,pan_hash;gstin_hash;phone;email
LAB-KA-BLRU-2019-000084,LABOUR,Labour Department,ENT-00174,Bharath Medical Solutions,,Director Masked,"154, Plot 2nd Main, Bommanahalli, Bangalore Urban, KA - 560068",Bommanahalli,Bengaluru Urban,BLRU,560068,Ward-175,South,Pharmacy / Medical Retail,Retail,4772,Green,,GSTIN_C202EF96108DD37F,,,,2019-01-08,2020-06-02,CLOSED,,0-10,2026-01-28,pan_hash;phone;email
KAR-SHOP-BLRU-2017-000117,SHOP,Karnataka Shops and Commercial Establishments,ENT-00174,Bharath Medical Solutions,,Director Masked,"154, Plot 2nd Main, Bommanahalli, Bengaluru Urban, K'taka - 560068",Bommanahalli,Bengaluru Urban,BLRU,560068,Ward-175,South,Pharmacy / Medical Retail,Retail,4772,Green,,,,,,2017-02-03,2019-04-24,CLOSED,10,,2025-12-02,pan_hash;gstin_hash;phone;email
GST-KA-BLRU-2023-000136,GST,GST Taxpayer Registry,ENT-00175,M/S PRAKRUTHI LLP,PRAKRUTHI,Owner A,"No. 199, C Near Bus Stop, Banashankari, Bengaluru Urban, Karnataka - 560085",Banashankari,Bengaluru Urban,BLRU,560085,Ward-182,South,Textile / Garments,Manufacturing,1410,Green,PAN_4DD2A522F0DB6ACD,,,9001385962,,2023-03-21,2023-11-09,DORMANT,,25-50,2026-02-19,gstin_hash;email
LAB-KA-BLRU-2025-000085,LABOUR,Labour Department,ENT-00175,Prakruthi LLP,Prakruthi,Owner B,"#199, C Near Bus Stop, Banashankari, B'luru Urban, Karnataka - 560085",Banashankari,Bengaluru Urban,BLRU,560085,Ward-182,South,Textile / Garments,Manufacturing,1410,Green,,,,9001385962,,2025-08-27,2026-03-05,ACTIVE,12,25-50,2025-12-10,pan_hash;gstin_hash;email
KAR-SHOP-BLRU-2018-000118,SHOP,Karnataka Shops and Commercial Establishments,ENT-00175,Prakruthi LLP,,,"No. 199, C Near Bus Stop, Banashankari, B'luru Urban, Karnataka - 560085",Banashankari,Bengaluru Urban,BLRU,560085,Ward-182,South,Textile / Garments,Manufacturing,1410,Green,,,,,,2018-03-15,2020-10-29,CLOSED,,,2026-03-27,pan_hash;gstin_hash;phone;email
UDYAM-KR-BLRU-2016-000083,UDYAM,Udyam / MSME Registry,ENT-00175,MS Prakruthi LLP,Prakruthi,Director Masked,"199, C Near Bus Stop, Banashankari, Bangalore Urban, Karnataka - 560085",Banashankari,Bengaluru Urban,BLRU,560085,Ward-182,South,Textile / Garments,Manufacturing,1410,Green,,,,,,2016-03-25,2023-05-15,DORMANT,12,,2026-03-17,pan_hash;gstin_hash;phone;email
BBMP-TL-BOMM-2024-000067,BBMP,BBMP Trade Licence,ENT-00176,Siddhi Warehouse Solutions,,Partner 1,"#267, Shed 3rd Phase, HSR Layout, Bangalore Urban, K'taka",HSR Layout,Bengaluru Urban,BLRU,560102,Ward-174,Bommanahalli,Logistics / Warehouse,Service,5210,Green,,,,,,2024-07-26,2025-08-21,CLOSED,,,2026-01-09,pan_hash;gstin_hash;phone;email
GST-KA-BLRU-2019-000137,GST,GST Taxpayer Registry,ENT-00176,SIDDHI WAREHOUSE SOLUTIONS,Siddhi Warehouse Solutions,Managing Partner,"No 267, Shed 3rd Phase, HSR Layout, Bangalore Urban, Karnataka - 560102",HSR Layout,Bengaluru Urban,BLRU,560102,Ward-174,Bommanahalli,Logistics / Warehouse,Service,5210,Green,PAN_2021D2F9EB08E2D5,,,,,2019-07-26,2022-11-27,CLOSED,2,,2026-02-07,gstin_hash;phone;email
UDYAM-KR-BLRU-2018-000084,UDYAM,Udyam / MSME Registry,ENT-00176,Siddhi Warehouse Solutions,Siddhi Warehouse Solutions,Owner B,"267, Shed 3rd Phase, HSR Layout, Bangalore Urban, KA - 560102",HSR Layout,Bengaluru Urban,BLRU,560102,Ward-174,Bommanahalli,Logistics / Warehouse,Service,5210,Green,,,,,,2018-05-03,2025-04-29,DORMANT,2,,2026-03-22,pan_hash;gstin_hash;phone;email
GST-KA-MYS-2022-000138,GST,GST Taxpayer Registry,ENT-00177,SRINIDHI HEALTH TRADERS,Srinidhi Health Taders,Managing Partner,"#246, A 3rd Phase, Devaraja Mohalla, Mysuru, KA - 570001",Devaraja Mohalla,Mysuru,MYS,570001,Ward-M01,Central,Pharmacy / Medical Retail,Retail,4772,Green,PAN_952D416D1A8B6D22,GSTIN_AB07863ECBC9E6AF,,,contact0177@examplebiz.in,2022-07-15,2022-10-13,CLOSED,,,2026-02-01,phone
KAR-SHOP-MYS-2017-000119,SHOP,Karnataka Shops and Commercial Establishments,ENT-00177,Srinidhi Health Traders,Srinidhi Health Traders,,"246, A 3rd Phase, Devaraja Mohalla, Mysuru, KA - 570001",Devaraja Mohalla,Mysuru,MYS,570001,Ward-M01,Central,Pharmacy / Medical Retail,Retail,4772,Green,PAN_952D416D1A8B6D22,,,,contact0177@examplebiz.in,2017-03-21,2022-01-03,CLOSED,4,0-10,2026-04-08,gstin_hash;phone
BBMP-TL-SOUT-2015-000068,BBMP,BBMP Trade Licence,ENT-00178,Kaveri Meds Associates,M/S Kaveri Meds Associates,Owner A,"No. 263, C 2nd Main, Nanjangud Road, Mysuru, Karnataka - 570018",Nanjangud Road,Mysuru,MYS,570018,Ward-M32,South,Pharmacy / Medical Retail,Retail,4772,Green,PAN_2502FA64CD137C23,,,,contact0178@examplebiz.in,2015-05-09,2020-04-02,CLOSED,36,100-500,2026-04-30,gstin_hash;phone
GST-KA-MYS-2025-000139,GST,GST Taxpayer Registry,ENT-00178,Kaveri Meds Associates,Kaveri Meds Associates,,"No. 263, C 2nd Main, Nanjangud Road, Mysuru, KA - 570018",Nanjangud Road,Mysuru,MYS,570018,Ward-M32,South,Pharmacy / Medical Retail,Retail,4772,Green,,,,,contact0178@examplebiz.in,2025-09-04,2026-03-18,ACTIVE,36,100-500,2026-01-31,pan_hash;gstin_hash;phone
KAR-SHOP-MYS-2018-000120,SHOP,Karnataka Shops and Commercial Establishments,ENT-00178,Kaveri Meds Associates,Kaveri Meds Associates,Owner A,"263, C 2nd Main, Nanjangud Road, Mysuru, Karnataka - 570018",Nanjangud Road,Mysuru,MYS,570018,Ward-M32,South,Pharmacy / Medical Retail,Retail,4772,Green,,,,,contact0178@examplebiz.in,2018-04-29,2024-09-30,DORMANT,36,,2026-01-29,pan_hash;gstin_hash;phone
GST-KA-MYS-2021-000140,GST,GST Taxpayer Registry,ENT-00179,Sree Associates,Sree Associates,Owner B,"#100, D Behind Metro, Nanjangud Road, Mysuru, K'taka - 570018",Nanjangud Road,Mysuru,MYS,570018,Ward-M32,South,Machine Tools,Manufacturing,2819,Orange,PAN_443548D4FCAC7E34,GSTIN_41D7D746C621CE75,,9001417638,,2021-10-29,2025-01-05,CLOSED,3,,2026-02-04,email
PCB/MYS/CTO/2020/00080,KSPCB,Karnataka State Pollution Control Board,ENT-00179,M/S Sree Associates,,Partner 1,"No. 100, D Behind Metro, Nanjangud Road, Mysuru, K'taka - 570018",Nanjangud Road,Mysuru,MYS,570018,Ward-M32,South,Machine Tools,Manufacturing,2819,Orange,,,,9001417638,,2020-04-25,2023-03-19,CLOSED,3,,2025-12-01,pan_hash;gstin_hash;email
UDYAM-KR-MYS-2023-000085,UDYAM,Udyam / MSME Registry,ENT-00179,M/S Sree Associates,Sree Associates,Managing Partner,"No 100, D Behind Metro, Nanjangud Road, Mysuru, K'taka - 570018",Nanjangud Road,Mysuru,MYS,570018,Ward-M32,South,Machine Tools,Manufacturing,2819,Orange,,GSTIN_41D7D746C621CE75,UDYAM_9651B69054FAFA2F,9001417638,,2023-03-29,2025-10-24,ACTIVE,3,,2026-04-29,pan_hash;email
KFBIS-FAC-MYS-2016-000084,FACTORY,"Factories, Boilers, Industrial Safety and Health",ENT-00180,M/S Varun Industrial Associates,M/S Varun Industrial Associates,Owner B,"No 6, Shed Sector, Nanjangud Road, Mysuru, K'taka - 570018",Nanjangud Road,Mysuru,MYS,570018,Ward-M32,South,Chemical Blending,Manufacturing,2029,Red,,,,,,2016-09-08,2023-12-28,DORMANT,10,,2026-02-27,pan_hash;gstin_hash;phone;email
GST-KA-MYS-2023-000141,GST,GST Taxpayer Registry,ENT-00180,M/S VARUN INDUSTRIAL ASSOCIATES,Varun Industrial Associates,Owner A,"#6, Shed Sector, Nanjangud Road, Mysuru, K'taka - 570018",Nanjangud Road,Mysuru,MYS,570018,Ward-M32,South,Chemical Blending,Manufacturing,2029,Red,PAN_DEACB0B71AC5AC17,GSTIN_37D541549F79EC13,UDYAM_0E1B877BEE537638,9001425557,,2023-01-26,2025-07-17,CLOSED,,25-50,2026-05-02,email
PCB/MYS/CTO/2020/00081,KSPCB,Karnataka State Pollution Control Board,ENT-00180,M/S Varun Industrial Associates,Varun Industrial Associates,Owner B,"No 6, Shed Sector, Nanjangud Road, Mysuru, K'taka - 570018",Nanjangud Road,Mysuru,MYS,570018,Ward-M32,South,Chemical Blending,Manufacturing,2029,Red,PAN_DEACB0B71AC5AC17,GSTIN_37D541549F79EC13,,,contact0180@examplebiz.in,2020-12-19,2022-12-06,CLOSED,10,25-50,2026-04-15,phone
BBMP-TL-SOUT-2022-000069,BBMP,BBMP Trade Licence,ENT-00181,Srinidhi Injection Enterprises,,Managing Partner,"No 49, Service Road, Bannerghatta Road, Bengaluru Urban, K'taka - 560076",Bannerghatta Road,Bengaluru Urban,BLRU,560076,Ward-177,South,Plastic Moulding,Manufacturing,2220,Red,,GSTIN_40F797D77A68121F,,9001433476,contact0181@examplebiz.in,2022-11-30,2023-08-02,DORMANT,5,100-500,2025-12-22,pan_hash
KFBIS-FAC-BLRU-2021-000085,FACTORY,"Factories, Boilers, Industrial Safety and Health",ENT-00181,M/S Srinidhi Injection Enterprises,Srinidhi Injection Enterprises,Owner B,"No 49, Service Road, Bannerghatta Road, Bengaluru Urban, Karnataka - 560076",Bannerghatta Road,Bengaluru Urban,BLRU,560076,Ward-177,South,Plastic Moulding,Manufacturing,2220,Red,PAN_42A380FB9E72991F,,,,,2021-09-17,2025-11-13,ACTIVE,5,100-500,2025-11-14,gstin_hash;phone;email
PCB/BLRU/CTE/2018/00082,KSPCB,Karnataka State Pollution Control Board,ENT-00181,Srinidhi Injection Enterprises,Srinidhi Injecton Enterprises,Managing Partner,"No. 49, Service Road, Bannerghatta Road, Bangalore Urban, KA - 560076",Bannerghatta Road,Bengaluru Urban,BLRU,560076,Ward-177,South,Plastic Moulding,Manufacturing,2220,Red,PAN_42A380FB9E72991F,GSTIN_40F797D77A68121F,,9001433476,contact0181@examplebiz.in,2018-10-20,2026-02-27,ACTIVE,,100-500,2026-03-28,
KFBIS-FAC-BLRU-2022-000086,FACTORY,"Factories, Boilers, Industrial Safety and Health",ENT-00182,Sri Pvt Ltd,M/S Sri,Director Masked,"No. 207, Plot 1st Cross, HSR Layout, Bengaluru Urban, K'taka - 560102",HSR Layout,Bengaluru Urban,BLRU,560102,Ward-174,Bommanahalli,Printing / Packaging,Manufacturing,1811,Orange,,,,,,2022-11-01,2024-02-03,DORMANT,,0-10,2025-12-06,pan_hash;gstin_hash;phone;email
GST-KA-BLRU-2024-000142,GST,GST Taxpayer Registry,ENT-00182,SRI PVT LTD,,,"207, Plot 1st Crs, HSR Layout, Bangalore Urban, K'taka - 560102",HSR Layout,Bengaluru Urban,BLRU,560102,Ward-174,Bommanahalli,Printing / Packaging,Manufacturing,1811,Orange,PAN_26E0A43E9CA80BBE,GSTIN_F448A92D3089D6A0,,,,2024-12-11,2025-04-30,DORMANT,5,,2025-11-07,phone;email
LAB-KA-BLRU-2015-000086,LABOUR,Labour Department,ENT-00182,Sri Pvt Ltd,Sri,Partner 1,"No 207, Plot 1st Crs, HSR Layout, Bengaluru Urban, K'taka - 560102",HSR Layout,Bengaluru Urban,BLRU,560102,Ward-174,Bommanahalli,Printing / Packaging,Manufacturing,1811,Orange,,,,,,2015-08-11,2016-02-14,CLOSED,5,0-10,2026-03-07,pan_hash;gstin_hash;phone;email
KAR-SHOP-BLRU-2018-000121,SHOP,Karnataka Shops and Commercial Establishments,ENT-00182,Sri Pvt. td.,M/S Sri,Owner B,"No 207, Plot 1st Cr, HSR Layout, B'luru Urban, KA - 560102",HSR Layout,Bengaluru Urban,BLRU,560102,Ward-174,Bommanahalli,Printing / Packaging,Manufacturing,1811,Orange,,,,,,2018-05-02,2019-10-16,CLOSED,,0-10,2025-12-26,pan_hash;gstin_hash;phone;email
UDYAM-KR-BLRU-2025-000086,UDYAM,Udyam / MSME Registry,ENT-00182,SRI PVT LTD,M/S Sri,Owner A,"207, Plot 1st Crs, HSR Layout, Bangalore Urban, K'taka - 560102",HSR Layout,Bengaluru Urban,BLRU,560102,Ward-174,Bommanahalli,Printing / Packaging,Manufacturing,1811,Orange,,,UDYAM_98B4ABF624CAF504,,,2025-11-04,2026-04-10,ACTIVE,,,2025-11-22,pan_hash;gstin_hash;phone;email
PCB/BLRR/CTO/2021/00083,KSPCB,Karnataka State Pollution Control Board,ENT-00183,Rav Agro Associates,,Owner B,"No. 247, Shed Main Rd, Hoskote, Bangalore Rural, Karnataka",Hoskote,Bengaluru Rural,BLRR,562114,Ward-R04,Bengaluru Rural,Food Processing,Manufacturing,1030,Orange,PAN_E7299C62BC6CC897,GSTIN_A85500D8880D9924,,,,2021-03-07,2026-05-01,ACTIVE,12,,2025-12-07,phone;email
KAR-SHOP-BLRR-2022-000122,SHOP,Karnataka Shops and Commercial Establishments,ENT-00183,Ravi Agro Associates,Ravi Agro Associates,Owner A,"No 247, Shed Main Road, Hoskote, Bengaluru Rural, KA - 562114",Hoskote,Bengaluru Rural,BLRR,562114,Ward-R04,Bengaluru Rural,Food Processing,Manufacturing,1030,Orange,,GSTIN_A85500D8880D9924,,,,2022-11-03,2025-05-02,ACTIVE,12,,2026-03-04,pan_hash;phone;email
KFBIS-FAC-BLRU-2015-000087,FACTORY,"Factories, Boilers, Industrial Safety and Health",ENT-00184,M/S Varun Components LLP,Varun Components,Managing Partner,"221, B Behind Metro, Whitefield Main Road, B'luru Urban, Karnataka - 560066",Whitefield Main Road,Bengaluru Urban,BLRU,560066,Ward-083,Mahadevapura,Electronics Assembly,Manufacturing,2610,Orange,,,,9001457233,,2015-12-10,2025-01-30,DORMANT,120,,2026-04-05,pan_hash;gstin_hash;email
GST-KA-BLRU-2021-000143,GST,GST Taxpayer Registry,ENT-00184,Varun Components LLP,,Owner B,"221, B Behind Metro, Whitefield Main Road, Bangalore Urban, KA - 560066",Whitefield Main Road,Bengaluru Urban,BLRU,560066,Ward-083,Mahadevapura,Electronics Assembly,Manufacturing,2610,Orange,PAN_556CEA8023E9B203,GSTIN_B4E488A204BE9D5C,,,,2021-04-10,2025-11-28,ACTIVE,,10-25,2026-01-10,phone;email
LAB-KA-BLRU-2021-000087,LABOUR,Labour Department,ENT-00184,Varun Components LLP,Varun Components,Director Masked,"No. 221, B Behind Metro, Whitefield Mn Rd, Bangalore Urban, K'taka - 560066",Whitefield Main Road,Bengaluru Urban,BLRU,560066,Ward-083,Mahadevapura,Electronics Assembly,Manufacturing,2610,Orange,,,,9001457233,,2021-12-01,2026-04-03,ACTIVE,120,10-25,2026-03-09,pan_hash;gstin_hash;email
KAR-SHOP-BLRU-2018-000123,SHOP,Karnataka Shops and Commercial Establishments,ENT-00184,Varun Components LLP,Varun Components,Partner 1,"#221, B Behind Metro, Whitefield Main Rd, Bangalore Urban, Karnataka - 560066",Whitefield Main Road,Bengaluru Urban,BLRU,560066,Ward-083,Mahadevapura,Electronics Assembly,Manufacturing,2610,Orange,,,,,,2018-09-01,2021-11-03,CLOSED,120,,2025-12-19,pan_hash;gstin_hash;phone;email
UDYAM-KR-BLRU-2017-000087,UDYAM,Udyam / MSME Registry,ENT-00184,Varun Components LLP,Varun Components,Partner 1,"#221, B Behind Metro, Whitefield Main Rd, Bangalore Urban, KA - 560066",Whitefield Main Road,Bengaluru Urban,BLRU,560066,Ward-083,Mahadevapura,Electronics Assembly,Manufacturing,2610,Orange,PAN_556CEA8023E9B203,,,,,2017-05-25,2019-02-14,CLOSED,120,10-25,2025-12-16,gstin_hash;phone;email
BBMP-TL-SOUT-2019-000070,BBMP,BBMP Trade Licence,ENT-00185,Sharma Pvt Ltd,Sharma,Director Masked,"117, C 2nd Main, Nanjangud Road, Mysuru, Karnataka - 570018",Nanjangud Road,Mysuru,MYS,570018,Ward-M32,South,Plastic Moulding,Manufacturing,2220,Red,,,,9001465152,,2019-01-01,2021-03-27,CLOSED,180,500+,2026-01-11,pan_hash;gstin_hash;email
KFBIS-FAC-MYS-2019-000088,FACTORY,"Factories, Boilers, Industrial Safety and Health",ENT-00185,Sharma Pvt. Ltd.,Sharma,Partner 1,"117, C 2nd Main, Nanjangud Road, Mysuru, K'taka - 570018",Nanjangud Road,Mysuru,MYS,570018,Ward-M32,South,Plastic Moulding,Manufacturing,2220,Red,,GSTIN_F900BAE2A1B73BEE,,9001465152,,2019-03-26,2019-07-30,CLOSED,180,,2026-04-13,pan_hash;email
PCB/MYS/CTE/2016/00084,KSPCB,Karnataka State Pollution Control Board,ENT-00185,Sharma Pvt Ltd,,Managing Partner,"No 117, C 2nd Main, Nanjangud Road, Mysuru, K'taka - 570018",Nanjangud Road,Mysuru,MYS,570001,Ward-M32,South,Plastic Moulding,Manufacturing,2220,Red,,,,,,2016-08-09,2024-04-06,DORMANT,,,2025-12-15,pan_hash;gstin_hash;phone;email;pin_drift
KAR-SHOP-MYS-2021-000124,SHOP,Karnataka Shops and Commercial Establishments,ENT-00185,Sharma Pvt. Ltd.,Sharma,Owner B,"No. 117, C 2nd Main, Nanjangud Road, Mysuru, KA - 570018",Nanjangud Road,Mysuru,MYS,570018,Ward-M32,South,Plastic Moulding,Manufacturing,2220,Red,PAN_53FF0F575981F6E7,,,9001465152,contact0185@examplebiz.in,2021-02-05,2025-02-17,CLOSED,,500+,2026-02-22,gstin_hash
UDYAM-KR-MYS-2015-000088,UDYAM,Udyam / MSME Registry,ENT-00185,SHARMA PVT LTD,SHARMA,Director Masked,"No. 117, C 2nd Main, Nanjangud Road, Mysuru, Karnataka - 570018",Nanjangud Road,Mysuru,MYS,570018,Ward-M32,South,Plastic Moulding,Manufacturing,2220,Red,PAN_53FF0F575981F6E7,,UDYAM_0EB9F5284FA8C47C,,contact0185@examplebiz.in,2015-07-15,2018-05-03,CLOSED,180,,2026-04-04,gstin_hash;phone
BBMP-TL-EAST-2023-000071,BBMP,BBMP Trade Licence,ENT-00186,Nisarga Enterprises,Nisarga Enterprises,Owner B,"No. 143, Mn Rd, MG Road, B'luru Urban, K'taka - 560001",MG Road,Bengaluru Urban,BLRU,560001,Ward-111,East,Textile / Garments,Manufacturing,1410,Green,PAN_EFC12353CD271A6C,,,9001473071,contact0186@examplebiz.in,2023-07-16,2024-09-19,DORMANT,12,0-10,2025-11-07,gstin_hash
KFBIS-FAC-BLRU-2016-000089,FACTORY,"Factories, Boilers, Industrial Safety and Health",ENT-00186,M/S Nisarga Entp,M/S Nisarga Enterprses,Managing Partner,"No. 143, Mn Rd, MG Road, Bangalore Urban, Karnataka - 560001",MG Road,Bengaluru Urban,BLRU,560064,Ward-111,East,Textile / Garments,Manufacturing,1410,Green,PAN_EFC12353CD271A6C,,,,,2016-04-30,2023-12-20,DORMANT,,,2026-04-27,gstin_hash;phone;email;pin_drift
LAB-KA-BLRU-2018-000088,LABOUR,Labour Department,ENT-00186,Nisarga Enterprises,,Director Masked,"#143, Mn Rd, MG Road, Bangalore Urban, K'taka - 560001",MG Road,Bengaluru Urban,BLRU,560001,Ward-111,East,Textile / Garments,Manufacturing,1410,Green,,,,,contact0186@examplebiz.in,2018-11-01,2019-12-17,CLOSED,,0-10,2025-11-19,pan_hash;gstin_hash;phone
KAR-SHOP-BLRU-2015-000125,SHOP,Karnataka Shops and Commercial Establishments,ENT-00186,Nisarga Enterprises,Nisarga Enterprises,Managing Partner,"No. 143, Mn Rd, MG Road, B'luru Urban, Karnataka - 560001",MG Road,Bengaluru Urban,BLRU,560001,Ward-111,East,Textile / Garments,Manufacturing,1410,Green,,,,,contact0186@examplebiz.in,2015-07-08,2025-08-12,ACTIVE,12,0-10,2025-12-06,pan_hash;gstin_hash;phone
UDYAM-KR-BLRU-2016-000089,UDYAM,Udyam / MSME Registry,ENT-00186,Nisarga Enterprises,M/S Nisarga Enterprises,Owner A,"#143, Main Road, MG Road, Bangalore Urban, K'taka - 560001",MG Road,Bengaluru Urban,BLRU,560001,Ward-111,East,Textile / Garments,Manufacturing,1410,Green,,,,,contact0186@examplebiz.in,2016-11-07,2017-07-27,CLOSED,12,0-10,2025-12-04,pan_hash;gstin_hash;phone
LAB-KA-BLRR-2017-000089,LABOUR,Labour Department,ENT-00187,Varun Inds Inds,Varun Industries Industries,Director Masked,"No. 155, Shed Near Bus Stop, Doddaballapura, Bangalore Rural, KA - 561203",Doddaballapura,Bengaluru Rural,BLRR,561203,Ward-R09,Bengaluru Rural,Machine Tools,Manufacturing,2819,Orange,,,,,,2017-07-23,2025-03-05,DORMANT,120,,2026-01-24,pan_hash;gstin_hash;phone;email
KAR-SHOP-BLRR-2022-000126,SHOP,Karnataka Shops and Commercial Establishments,ENT-00187,Varun Industries Industries,M/S Varun Industries Industries,Partner 1,"155, Shed Near Bus Stop, Doddaballapura, Bengaluru Rural, KA - 561203",Doddaballapura,Bengaluru Rural,BLRR,561203,Ward-R09,Bengaluru Rural,Machine Tools,Manufacturing,2819,Orange,,,,,,2022-04-28,2024-10-05,DORMANT,120,,2026-03-03,pan_hash;gstin_hash;phone;email
KFBIS-FAC-BLRU-2025-000090,FACTORY,"Factories, Boilers, Industrial Safety and Health",ENT-00188,Lakshmi Solvents Company,Lakshmi SolventsCompany,Partner 1,"No. 278, Extension, BTM Layout, Bengaluru Urban, KA - 560029",BTM Layout,Bengaluru Urban,BLRU,560029,Ward-176,South,Chemical Blending,Manufacturing,2029,Red,PAN_068348B7FFFBEC72,,,,,2025-02-08,2025-08-22,ACTIVE,18,25-50,2026-01-03,gstin_hash;phone;email
GST-KA-BLRU-2025-000144,GST,GST Taxpayer Registry,ENT-00188,LAKSHMI SOLVENTS COMPANY,Lakshmi Solvents Company,Owner A,"278, Extension, BTM Layout, Bengaluru Urban, K'taka - 560029",BTM Layout,Bengaluru Urban,BLRU,560029,Ward-176,South,Chemical Blending,Manufacturing,2029,Red,PAN_068348B7FFFBEC72,,,9001488909,,2025-10-13,2026-01-26,ACTIVE,18,25-50,2026-01-30,gstin_hash;email
LAB-KA-BLRU-2023-000090,LABOUR,Labour Department,ENT-00188,Lakshmi Solvents Company,,Managing Partner,"No. 278, Extension, BTM Layout, B'luru Urban, K'taka - 560029",BTM Layout,Bengaluru Urban,BLRU,560029,Ward-176,South,Chemical Blending,Manufacturing,2029,Red,,,,,,2023-06-04,2024-11-01,DORMANT,18,25-50,2026-02-04,pan_hash;gstin_hash;phone;email
UDYAM-KR-BLRU-2017-000090,UDYAM,Udyam / MSME Registry,ENT-00188,Lakshmi Solvents Company,Lakshmi Solvents Company,Director Masked,"#278, Extension, BTM Layout, Bengaluru Urban, Karnataka - 560029",BTM Layout,Bengaluru Urban,BLRU,560029,Ward-176,South,Chemical Blending,Manufacturing,2029,Red,PAN_068348B7FFFBEC72,,,,,2017-07-15,2023-08-28,DORMANT,18,25-50,2025-11-17,gstin_hash;phone;email
BBMP-TL-MAHA-2022-000072,BBMP,BBMP Trade Licence,ENT-00189,Sahana Apparels Co,Sahana Apparels Co,Owner B,"No 233, D Behind Metro, Whitefield, Bengaluru Urban, K'taka - 560037",Whitefield,Bengaluru Urban,BLRU,560037,Ward-085,Mahadevapura,Textile / Garments,Manufacturing,1410,Green,,GSTIN_4B2BED23B3F6EB55,,9001496828,,2022-05-03,2025-08-21,ACTIVE,4,,2026-04-02,pan_hash;email
KFBIS-FAC-BLRU-2020-000091,FACTORY,"Factories, Boilers, Industrial Safety and Health",ENT-00189,Sahna Apparels Co,Sahana Apparels Co,,"No. 233, D Behind Metro, Whitefield, Bangalore Urban, Karnataka",Whitefield,Bengaluru Urban,BLRU,560037,Ward-085,Mahadevapura,Textile / Garments,Manufacturing,1410,Green,,,,,,2020-03-14,2022-02-05,CLOSED,4,25-50,2026-01-11,pan_hash;gstin_hash;phone;email
GST-KA-BLRU-2020-000145,GST,GST Taxpayer Registry,ENT-00189,M/S SAHANA APPARELS CO,,Partner 1,"#233, D Behind Metro, Whitefield, Bangalore Urban, Karnataka - 560037",Whitefield,Bengaluru Urban,BLRU,560037,Ward-085,Mahadevapura,Textile / Garments,Manufacturing,1410,Green,PAN_82BF0A28E48531E5,GSTIN_4B2BED23B3F6EB55,,,,2020-11-30,2025-12-19,CLOSED,,25-50,2025-12-19,phone;email
LAB-KA-BLRU-2019-000091,LABOUR,Labour Department,ENT-00189,Sahana Apparels Co,,,"233, D Behind Metro, Whitefield, Bangalore Urban, Karnataka - 560037",Whitefield,Bengaluru Urban,BLRU,560037,Ward-085,Mahadevapura,Textile / Garments,Manufacturing,1410,Green,PAN_82BF0A28E48531E5,,,9001496828,,2019-07-10,2023-01-19,CLOSED,4,,2026-02-25,gstin_hash;email
KAR-SHOP-BLRU-2016-000127,SHOP,Karnataka Shops and Commercial Establishments,ENT-00189,Sahan Apparels Co,Sahana Apparels Co,Managing Partner,"No. 233, D Behind Metro, Whitefield, B'luru Urban, K'taka - 560037",Whitefield,Bengaluru Urban,BLRU,560037,Ward-085,Mahadevapura,Textile / Garments,Manufacturing,1410,Green,,,UDYAM_7888386A935B3AC6,9001496828,,2016-06-07,2023-07-21,DORMANT,,,2026-01-05,pan_hash;gstin_hash;email
UDYAM-KR-BLRU-2024-000091,UDYAM,Udyam / MSME Registry,ENT-00189,Sahana Apparels Co,Sahana Apparels Co,,"No. 233, D Behind Metro, Whitefield, Bengaluru Urban, K'taka - 560037",Whitefield,Bengaluru Urban,BLRU,560037,Ward-085,Mahadevapura,Textile / Garments,Manufacturing,1410,Green,PAN_82BF0A28E48531E5,,UDYAM_7888386A935B3AC6,9001496828,,2024-12-13,2026-02-20,ACTIVE,4,25-50,2026-02-08,gstin_hash;email
BBMP-TL-SOUT-2019-000073,BBMP,BBMP Trade Licence,ENT-00190,Veda Meds Works,M/S Veda Meds Works,Partner 1,"163, C Near Bus Stop, Bommanahalli, Bangalore Urban, K'taka - 560068",Bommanahalli,Bengaluru Urban,BLRU,560068,Ward-175,South,Pharmacy / Medical Retail,Retail,4772,Green,,,,9001504747,,2019-05-08,2022-03-12,CLOSED,,25-50,2026-05-02,pan_hash;gstin_hash;email
LAB-KA-BLRU-2017-000092,LABOUR,Labour Department,ENT-00190,M/S Veda Meds Works,M/S Veda Meds Works,Director Masked,"#163, C Near Bus Stop, Bommanahalli, Bengaluru Urban, K'taka - 560068",Bommanahalli,Bengaluru Urban,BLRU,560068,Ward-175,South,Pharmacy / Medical Retail,Retail,4772,Green,,,,9001504747,contact0190@examplebiz.in,2017-08-16,2022-12-30,CLOSED,2,25-50,2026-02-21,pan_hash;gstin_hash
KAR-SHOP-BLRU-2025-000128,SHOP,Karnataka Shops and Commercial Establishments,ENT-00190,Veda Meds Works,Veda Meds Works,Owner A,"163, C Near Bus Stop, Bommanahalli, Bangalore Urban, KA - 560068",Bommanahalli,Bengaluru Urban,BLRU,560068,Ward-175,South,Pharmacy / Medical Retail,Retail,4772,Green,,,,9001504747,,2025-05-20,2026-03-12,ACTIVE,2,,2026-03-16,pan_hash;gstin_hash;email
BBMP-TL-BENG-2015-000074,BBMP,BBMP Trade Licence,ENT-00191,M/S Siddhi Warehouse Industries,Siddhi Warhouse Industries,Partner 1,"164, A Industrial Layout, Doddaballapura, Bangalore Rural, KA - 561203",Doddaballapura,Bengaluru Rural,BLRR,561203,Ward-R09,Bengaluru Rural,Logistics / Warehouse,Service,5210,Green,,GSTIN_9D678C75C70F73FC,,,,2015-10-20,2022-10-12,CLOSED,85,50-100,2025-11-11,pan_hash;phone;email
LAB-KA-BLRR-2017-000093,LABOUR,Labour Department,ENT-00191,Siddhi Warehouse Inds,,Owner B,"#164, A Industrial Layout, Doddaballapura, Bengaluru Rural, K'taka - 561203",Doddaballapura,Bengaluru Rural,BLRR,561203,Ward-R09,Bengaluru Rural,Logistics / Warehouse,Service,5210,Green,,,,,,2017-04-16,2017-09-29,CLOSED,,,2026-02-11,pan_hash;gstin_hash;phone;email
BBMP-TL-WEST-2022-000075,BBMP,BBMP Trade Licence,ENT-00192,M/S Navya Solvents Pvt Ltd,,Owner A,"105, B Service Road, Rajajinagar Industrial Suburb, Bangalore Urban, Karnataka - 560059",Rajajinagar Industrial Suburb,Bengaluru Urban,BLRU,560059,Ward-067,West,Chemical Blending,Manufacturing,2029,Red,PAN_BA965A612193B3F3,,,,contact0192@examplebiz.in,2022-10-07,2024-10-01,DORMANT,3,50-100,2026-04-25,gstin_hash;phone
KFBIS-FAC-BLRU-2021-000092,FACTORY,"Factories, Boilers, Industrial Safety and Health",ENT-00192,Navya Solvents Pvt Ltd,M/S Navya Solvents,Managing Partner,"105, B Service Road, Rajajinagar Industrial Suburb, B'luru Urban, Karnataka - 560059",Rajajinagar Industrial Suburb,Bengaluru Urban,BLRU,560059,Ward-067,West,Chemical Blending,Manufacturing,2029,Red,,,,,contact0192@examplebiz.in,2021-02-12,2024-10-05,DORMANT,,50-100,2026-01-20,pan_hash;gstin_hash;phone
GST-KA-BLRU-2020-000146,GST,GST Taxpayer Registry,ENT-00192,Navya Solvents Pvt Ltd,NAVYA SOLVENTS,Partner 1,"No 105, B Service Road, Rajajinagar Industrial Suburb, Bengaluru Urban, Karnataka - 560059",Rajajinagar Industrial Suburb,Bengaluru Urban,BLRU,560059,Ward-067,West,Chemical Blending,Manufacturing,2029,Red,PAN_BA965A612193B3F3,GSTIN_B507AFC6DD5E4ACD,,,,2020-05-26,2024-06-30,DORMANT,3,,2026-02-06,phone;email
PCB/BLRU/CTE/2022/00085,KSPCB,Karnataka State Pollution Control Board,ENT-00192,Navya Solvents Pvt Ltd,Navya Solvents,Owner B,"105, B Service Road, Rajajinagar Industrial Suburb, B'luru Urban, KA - 560059",Rajajinagar Industrial Suburb,Bengaluru Urban,BLRU,560059,Ward-067,West,Chemical Blending,Manufacturing,2029,Red,PAN_BA965A612193B3F3,GSTIN_B507AFC6DD5E4ACD,UDYAM_3A86475F162A66CD,,contact0192@examplebiz.in,2022-06-21,2024-12-04,DORMANT,3,50-100,2026-03-13,phone
LAB-KA-BLRU-2016-000094,LABOUR,Labour Department,ENT-00192,Navya Solvent Pvt Ltd,Navya Solvents,Owner A,"#105, B Service Road, Rajajinagar Industrial Suburb, Bangalore Urban, KA - 560059",Rajajinagar Industrial Suburb,Bengaluru Urban,BLRU,560059,Ward-067,West,Chemical Blending,Manufacturing,2029,Red,,GSTIN_B507AFC6DD5E4ACD,,,,2016-05-28,2018-05-06,CLOSED,,,2026-01-01,pan_hash;phone;email
KAR-SHOP-BLRU-2024-000129,SHOP,Karnataka Shops and Commercial Establishments,ENT-00192,M/S Navya Solvents Pvt Ltd,,Director Masked,"105, B Service Road, Rajajinagar Industrial Suburb, B'luru Urban, Karnataka",Rajajinagar Industrial Suburb,Bengaluru Urban,BLRU,560059,Ward-067,West,Chemical Blending,Manufacturing,2029,Red,PAN_BA965A612193B3F3,,,,,2024-06-29,2025-08-16,ACTIVE,,50-100,2025-11-15,gstin_hash;phone;email
GST-KA-BLRU-2019-000147,GST,GST Taxpayer Registry,ENT-00193,M/S Meghana Polymers Associates,M/S MEGHANA POLYMERS ASSOCIATES,Director Masked,"197, Shed Industrial Layout, Banashankari, B'luru Urban, Karnataka - 560085",Banashankari,Bengaluru Urban,BLRU,560085,Ward-182,South,Plastic Moulding,Manufacturing,2220,Red,,,,9001528504,,2019-03-31,2020-07-15,CLOSED,,100-500,2026-01-25,pan_hash;gstin_hash;email
LAB-KA-BLRU-2016-000095,LABOUR,Labour Department,ENT-00193,Meghana Polymers Associates,Meghana Polymers Associates,Owner B,"No 197, Shed Industrial Layout, Banashankari, Bangalore Urban, KA - 560085",Banashankari,Bengaluru Urban,BLRU,560085,Ward-182,South,Plastic Moulding,Manufacturing,2220,Red,,,,,,2016-10-30,2025-03-07,DORMANT,2,100-500,2026-04-04,pan_hash;gstin_hash;phone;email
UDYAM-KR-BLRU-2017-000092,UDYAM,Udyam / MSME Registry,ENT-00193,M/S MEGHANA POLYMERS ASSOCIATES,,Owner A,"197, Shed Industrial Layout, Banashankari, Bengaluru Urban, K'taka - 560085",Banashankari,Bengaluru Urban,BLRU,560085,Ward-182,South,Plastic Moulding,Manufacturing,2220,Red,,,,,,2017-09-12,2023-10-31,DORMANT,,,2026-03-30,pan_hash;gstin_hash;phone;email
GST-KA-BLRU-2015-000148,GST,GST Taxpayer Registry,ENT-00194,Nisarga Trans Works,,,"No. 142, A Service Road, Whitefield Main Rd, B'luru Urban, Karnataka - 560066",Whitefield Main Road,Bengaluru Urban,BLRU,560029,Ward-083,Mahadevapura,Logistics / Warehouse,Service,5210,Green,PAN_19E3602EC3E7F9DD,GSTIN_A275A236525E87C0,,,,2015-06-07,2023-06-29,DORMANT,10,,2026-05-03,phone;email;pin_drift
KAR-SHOP-BLRU-2015-000130,SHOP,Karnataka Shops and Commercial Establishments,ENT-00194,Nisarga Trans Works,Nisarga Trans Works,Director Masked,"No. 142, A Service Road, Whitefield Mn Rd, Bangalore Urban, K'taka - 560066",Whitefield Main Road,Bengaluru Urban,BLRU,560066,Ward-083,Mahadevapura,Logistics / Warehouse,Service,5210,Green,PAN_19E3602EC3E7F9DD,,,,,2015-09-16,2017-12-18,CLOSED,10,,2025-12-12,gstin_hash;phone;email
KFBIS-FAC-BLRU-2015-000093,FACTORY,"Factories, Boilers, Industrial Safety and Health",ENT-00195,Meghana Moulding Inds,Meghana Moulding Industries,Director Masked,"No 26, B Extension, Peenya Industrial Estate, B'luru Urban, KA - 560058",Peenya Industrial Area,Bengaluru Urban,BLRU,560058,Ward-038,Dasarahalli,Plastic Moulding,Manufacturing,2220,Red,,,,,,2015-10-09,2022-05-22,CLOSED,,25-50,2026-02-20,pan_hash;gstin_hash;phone;email
GST-KA-BLRU-2022-000149,GST,GST Taxpayer Registry,ENT-00195,MEGHANA MOULDING INDUSTRIES,,Owner A,"26, B Extension, Peenya Industrial Area, B'luru Urban, K'taka - 560058",Peenya Industrial Area,Bengaluru Urban,BLRU,560058,Ward-038,Dasarahalli,Plastic Moulding,Manufacturing,2220,Red,,,,,,2022-01-25,2023-12-24,DORMANT,180,,2026-04-15,pan_hash;gstin_hash;phone;email
PCB/BLRU/CTO/2020/00086,KSPCB,Karnataka State Pollution Control Board,ENT-00195,Meghana Moulding Industries,Meghana Moulding Industris,,"No. 26, B Extension, Peenya Indl Area, B'luru Urban, KA - 560058",Peenya Industrial Area,Bengaluru Urban,BLRU,560058,Ward-038,Dasarahalli,Plastic Moulding,Manufacturing,2220,Red,,,,,,2020-06-28,2024-10-11,DORMANT,,,2026-04-23,pan_hash;gstin_hash;phone;email
LAB-KA-BLRU-2024-000096,LABOUR,Labour Department,ENT-00195,Meghana Moulding Industries,,Partner 1,"No. 26, B Extension, Peenya Industrial Estate, Bangalore Urban, Karnataka - 560058",Peenya Industrial Area,Bengaluru Urban,BLRU,560058,Ward-038,Dasarahalli,Plastic Moulding,Manufacturing,2220,Red,,,,,,2024-08-09,2026-03-18,ACTIVE,,25-50,2026-04-09,pan_hash;gstin_hash;phone;email
KAR-SHOP-BLRU-2017-000131,SHOP,Karnataka Shops and Commercial Establishments,ENT-00195,Meghana Moulding Indstries,,Partner 1,"No 26, B Extension, Peenya Indl Area, Bengaluru Urban, K'taka",Peenya Industrial Area,Bengaluru Urban,BLRU,560058,Ward-038,Dasarahalli,Plastic Moulding,Manufacturing,2220,Red,,,UDYAM_02B61BECC5693E13,,,2017-10-08,2026-04-15,ACTIVE,180,25-50,2025-12-12,pan_hash;gstin_hash;phone;email
UDYAM-KR-BLRU-2017-000093,UDYAM,Udyam / MSME Registry,ENT-00195,Meghana Moulding Industries,Meghana Moulding Industries,Director Masked,"#26, B Extension, Peenya Industrial Area, Bangalore Urban, Karnataka - 560058",Peenya Industrial Area,Bengaluru Urban,BLRU,560058,Ward-038,Dasarahalli,Plastic Moulding,Manufacturing,2220,Red,,,UDYAM_02B61BECC5693E13,,,2017-05-14,2018-08-18,CLOSED,180,,2025-12-20,pan_hash;gstin_hash;phone;email
KFBIS-FAC-BLRU-2024-000094,FACTORY,"Factories, Boilers, Industrial Safety and Health",ENT-00196,M/S Sr Foods Company,Sri Foods Company,Owner A,"No. 116, B Extension, Electronic City, B'luru Urban, Karnataka - 560100",Electronic City,Bengaluru Urban,BLRU,560100,Ward-192,Bommanahalli,Food Processing,Manufacturing,1030,Orange,PAN_5A084B2D7EF42452,GSTIN_66BB558DEFC53F1C,,9001552261,,2024-02-17,2025-02-21,DORMANT,,,2026-01-15,email
GST-KA-BLRU-2022-000150,GST,GST Taxpayer Registry,ENT-00196,Sri Foods Company,Sri Foods Co,,"No 116, B Extension, Electronic City, Bengaluru Urban, K'taka - 560100",Electronic City,Bengaluru Urban,BLRU,560100,Ward-192,Bommanahalli,Food Processing,Manufacturing,1030,Orange,PAN_5A084B2D7EF42452,GSTIN_66BB558DEFC53F1C,,9001552261,,2022-04-24,2022-11-16,CLOSED,85,25-50,2026-03-27,email
LAB-KA-BLRU-2019-000097,LABOUR,Labour Department,ENT-00196,M/S Sri Foods Company,Sri Foods Company,,"#116, B Extension, Electronic City, Bengaluru Urban, K'taka",Electronic City,Bengaluru Urban,BLRU,560100,Ward-192,Bommanahalli,Food Processing,Manufacturing,1030,Orange,,,,9001552261,,2019-01-10,2020-01-13,CLOSED,85,,2025-11-22,pan_hash;gstin_hash;email
KAR-SHOP-BLRU-2016-000132,SHOP,Karnataka Shops and Commercial Establishments,ENT-00196,Sri Foods Company,,,"#116, B Extension, Electronic City, Bangalore Urban, Karnataka - 560100",Electronic City,Bengaluru Urban,BLRU,560100,Ward-192,Bommanahalli,Food Processing,Manufacturing,1030,Orange,,GSTIN_66BB558DEFC53F1C,UDYAM_4B932D9EF378766B,9001552261,,2016-02-27,2016-10-16,CLOSED,,,2026-02-03,pan_hash;email
BBMP-TL-SOUT-2016-000076,BBMP,BBMP Trade Licence,ENT-00197,Prakruthi Bites Company,Prakruthi Bites Company,Managing Partner,"31, A Behind Metro, Bommanahalli, Bengaluru Urban, Karnataka - 560068",Bommanahalli,Bengaluru Urban,BLRU,560068,Ward-175,South,Restaurant / Cafe,Service,5610,Green,,GSTIN_8CF36EEFA70284B0,,9001560180,,2016-09-04,2016-11-19,CLOSED,120,,2025-11-20,pan_hash;email
GST-KA-BLRU-2020-000151,GST,GST Taxpayer Registry,ENT-00197,PRAKRUTHI BITES COMPANY,M/S Prakruthi Bites Company,Managing Partner,"31, A Behind Metro, Bommanahalli, B'luru Urban, Karnataka - 560068",Bommanahalli,Bengaluru Urban,BLRU,560068,Ward-175,South,Restaurant / Cafe,Service,5610,Green,PAN_31DE7007C23C8D02,GSTIN_8CF36EEFA70284B0,UDYAM_51C1C3FBF4079021,,,2020-06-24,2025-11-13,ACTIVE,120,,2026-03-05,phone;email
BBMP-TL-WEST-2018-000077,BBMP,BBMP Trade Licence,ENT-00198,Kaveri Bakery LLP,Kaveri Bakery,Managing Partner,"No. 17, B Industrial Layout, Rajajinagar Industrial Suburb, Bengaluru Urban, Karnataka - 560059",Rajajinagar Industrial Suburb,Bengaluru Urban,BLRU,560059,Ward-067,West,Food Processing,Manufacturing,1030,Orange,PAN_24B8B450EBF0B685,,,,,2018-08-24,2020-07-17,CLOSED,,,2026-03-06,gstin_hash;phone;email
GST-KA-BLRU-2020-000152,GST,GST Taxpayer Registry,ENT-00198,Kaveri Bakery LLP,,Managing Partner,"#17, B Industrial Layout, Rajajinagar Industrial Suburb, Bengaluru Urban, K'taka - 560059",Rajajinagar Industrial Suburb,Bengaluru Urban,BLRU,560059,Ward-067,West,Food Processing,Manufacturing,1030,Orange,PAN_24B8B450EBF0B685,GSTIN_07E7908BE95AAFBE,,,,2020-11-16,2022-07-13,CLOSED,12,500+,2026-03-30,phone;email
UDYAM-KR-BLRU-2015-000094,UDYAM,Udyam / MSME Registry,ENT-00198,M/S Kaveri Bakery LLP,KAVERI BAKERY,Director Masked,"17, B Industrial Layout, Rajajinagar Industrial Suburb, B'luru Urban, K'taka - 560059",Rajajinagar Industrial Suburb,Bengaluru Urban,BLRU,560059,Ward-067,West,Food Processing,Manufacturing,1030,Orange,,,UDYAM_8257D1FEE95102A8,,,2015-06-05,2024-08-09,DORMANT,12,500+,2026-04-04,pan_hash;gstin_hash;phone;email
KFBIS-FAC-BLRR-2024-000095,FACTORY,"Factories, Boilers, Industrial Safety and Health",ENT-00199,Udupi Eectronics LLP,Udupi Electronics,Director Masked,"#192, C Industrial Layout, Devanahalli, B'luru Rural, K'taka - 562110",Devanahalli,Bengaluru Rural,BLRR,562110,Ward-R01,Bengaluru Rural,Electronics Assembly,Manufacturing,2610,Orange,,,,,,2024-02-12,2026-04-24,ACTIVE,3,25-50,2026-03-20,pan_hash;gstin_hash;phone;email
GST-KA-BLRR-2025-000153,GST,GST Taxpayer Registry,ENT-00199,Uupi Electronics LLP,Udupi Electronics,Managing Partner,"No 192, C Industrial Layout, Devanahalli, B'luru Rural, Karnataka - 562110",Devanahalli,Bengaluru Rural,BLRR,562110,Ward-R01,Bengaluru Rural,Electronics Assembly,Manufacturing,2610,Orange,PAN_18ED267DC38F0CDD,,,,,2025-02-11,2025-09-01,ACTIVE,,,2026-01-31,gstin_hash;phone;email
PCB/BLRR/CTO/2015/00087,KSPCB,Karnataka State Pollution Control Board,ENT-00199,Udupi Electronics LLP,Udupi Eectronics,Partner 1,"No 192, C Industrial Layout, Devanahalli, B'luru Rural, KA - 562110",Devanahalli,Bengaluru Rural,BLRR,562110,Ward-R01,Bengaluru Rural,Electronics Assembly,Manufacturing,2610,Orange,PAN_18ED267DC38F0CDD,,,,,2015-12-03,2022-10-13,CLOSED,,25-50,2026-03-30,gstin_hash;phone;email
LAB-KA-BLRR-2023-000098,LABOUR,Labour Department,ENT-00199,Udupi Electronics LP,,,"#192, C Industrial Layout, Devanahalli, Bengaluru Rural, Karnataka - 562110",Devanahalli,Bengaluru Rural,BLRR,562110,Ward-R01,Bengaluru Rural,Electronics Assembly,Manufacturing,2610,Orange,PAN_18ED267DC38F0CDD,,,,,2023-05-13,2024-01-29,DORMANT,3,,2026-01-22,gstin_hash;phone;email
UDYAM-KR-BLRR-2023-000095,UDYAM,Udyam / MSME Registry,ENT-00199,UDUPI ELECTRONICS LLP,,Owner A,"192, C Industrial Layout, Devanahalli, Bengaluru Rural, Karnataka - 562110",Devanahalli,Bengaluru Rural,BLRR,562110,Ward-R01,Bengaluru Rural,Electronics Assembly,Manufacturing,2610,Orange,,,,,,2023-01-30,2023-09-01,DORMANT,,25-50,2026-02-05,pan_hash;gstin_hash;phone;email
KFBIS-FAC-BLRR-2017-000096,FACTORY,"Factories, Boilers, Industrial Safety and Health",ENT-00200,Sri Moulding Works,Sri Moulding Works,Partner 1,"No 256, Plot Extension, Bagalur, Bangalore Rural, Karnataka - 562157",Bagalur,Bengaluru Rural,BLRR,562157,Ward-R07,Bengaluru Rural,Plastic Moulding,Manufacturing,2220,Red,PAN_BE42AD4FEE81560A,,,,,2017-01-22,2019-12-29,CLOSED,4,,2026-02-20,gstin_hash;phone;email
GST-KA-BLRR-2022-000154,GST,GST Taxpayer Registry,ENT-00200,M/S SRI MOULDING WORKS,SRI MOULDING WORKS,Managing Partner,"No 256, Plot Extension, Bagalur, Bengaluru Rural, K'taka - 562157",Bagalur,Bengaluru Rural,BLRR,562157,Ward-R07,Bengaluru Rural,Plastic Moulding,Manufacturing,2220,Red,PAN_BE42AD4FEE81560A,GSTIN_94AD8B47A12A9F0A,,,,2022-05-30,2024-10-13,DORMANT,4,,2026-02-15,phone;email
PCB/BLRR/CTE/2025/00088,KSPCB,Karnataka State Pollution Control Board,ENT-00200,Sri Moulding Works,Sri Moulding Wors,Owner B,"256, Plot Extension, Bagalur, Bengaluru Rural, K'taka - 562157",Bagalur,Bengaluru Rural,BLRR,562157,Ward-R07,Bengaluru Rural,Plastic Moulding,Manufacturing,2220,Red,PAN_BE42AD4FEE81560A,GSTIN_94AD8B47A12A9F0A,,,,2025-10-14,2026-02-23,ACTIVE,4,50-100,2026-01-20,phone;email
KAR-SHOP-BLRR-2018-000133,SHOP,Karnataka Shops and Commercial Establishments,ENT-00200,Sri Moulding Works,Sri Moulding Works,Director Masked,"#256, Plot Extension, Bagalur, B'luru Rural, Karnataka - 562157",Bagalur,Bengaluru Rural,BLRR,562157,Ward-R07,Bengaluru Rural,Plastic Moulding,Manufacturing,2220,Red,,GSTIN_94AD8B47A12A9F0A,,,,2018-05-21,2020-12-24,CLOSED,,,2025-12-09,pan_hash;phone;email
UDYAM-KR-BLRR-2018-000096,UDYAM,Udyam / MSME Registry,ENT-00200,M/S Sri Moulding Works,,Director Masked,"No. 256, Plot Extension, Bagalur, B'luru Rural, KA - 562157",Bagalur,Bengaluru Rural,BLRR,562110,Ward-R07,Bengaluru Rural,Plastic Moulding,Manufacturing,2220,Red,PAN_BE42AD4FEE81560A,GSTIN_94AD8B47A12A9F0A,,,,2018-06-27,2024-11-06,DORMANT,,50-100,2026-02-02,phone;email;pin_drift
BBMP-TL-SOUT-2019-000078,BBMP,BBMP Trade Licence,ENT-00201,M/S Harsha Meals Associates,Harsha Meals Associates,Managing Partner,"No. 175, B 3rd Phase, Nanjangud Road, Mysuru, K'taka - 570018",Nanjangud Road,Mysuru,MYS,570018,Ward-M32,South,Restaurant / Cafe,Service,5610,Green,,,,9001591856,,2019-06-21,2019-08-30,CLOSED,4,,2026-03-05,pan_hash;gstin_hash;email
GST-KA-MYS-2018-000155,GST,GST Taxpayer Registry,ENT-00201,Hrsha Meals Associates,Harsha Meals Associates,Owner B,"No 175, B 3rd Phase, Nanjangud Road, Mysuru, KA - 570018",Nanjangud Road,Mysuru,MYS,570018,Ward-M32,South,Restaurant / Cafe,Service,5610,Green,PAN_84E96C5B26EBCAAA,,,9001591856,,2018-05-10,2024-01-30,DORMANT,4,25-50,2026-02-09,gstin_hash;email
LAB-KA-MYS-2016-000099,LABOUR,Labour Department,ENT-00201,Harsha Meals Associates,M/S Harsha Meals Associates,Managing Partner,"No. 175, B 3rd Phase, Nanjangud Road, Mysuru, KA - 570018",Nanjangud Road,Mysuru,MYS,570018,Ward-M32,South,Restaurant / Cafe,Service,5610,Green,,,,9001591856,,2016-03-06,2020-03-14,CLOSED,4,,2026-01-27,pan_hash;gstin_hash;email
KAR-SHOP-MYS-2022-000134,SHOP,Karnataka Shops and Commercial Establishments,ENT-00201,Harsha Meals Associates,Harsha Meals Associates,Partner 1,"#175, B 3rd Phase, Nanjangud Road, Mysuru, Karnataka - 570018",Nanjangud Road,Mysuru,MYS,570018,Ward-M32,South,Restaurant / Cafe,Service,5610,Green,,,,9001591856,,2022-01-07,2024-04-08,DORMANT,4,25-50,2026-02-26,pan_hash;gstin_hash;email
BBMP-TL-WEST-2017-000079,BBMP,BBMP Trade Licence,ENT-00202,Veda Agro Co,Veda Agro Co,Managing Partner,"#125, B Extension, Rajajinagar Industrial Suburb, Bengaluru Urban, K'taka - 560059",Rajajinagar Industrial Suburb,Bengaluru Urban,BLRU,560059,Ward-067,West,Food Processing,Manufacturing,1030,Orange,,GSTIN_8D0ABEA5F0A9CE51,,,,2017-12-26,2018-01-30,CLOSED,85,,2026-03-20,pan_hash;phone;email
GST-KA-BLRU-2020-000156,GST,GST Taxpayer Registry,ENT-00202,M/S Veda Agro Co,M/S Veda Agro Co,Managing Partner,"No 125, B Extension, Rajajinagar Industrial Suburb, B'luru Urban, Karnataka - 560059",Rajajinagar Industrial Suburb,Bengaluru Urban,BLRU,560059,Ward-067,West,Food Processing,Manufacturing,1030,Orange,PAN_359BBEA1FD8C7255,GSTIN_8D0ABEA5F0A9CE51,,,,2020-06-13,2022-02-16,CLOSED,85,0-10,2025-11-23,phone;email
KAR-SHOP-BLRU-2022-000135,SHOP,Karnataka Shops and Commercial Establishments,ENT-00202,M/S Veda Agro Co,M/S Veda Agro Co,Partner 1,"No. 125, B Extension, Rajajinagar Industrial Suburb, Bengaluru Urban, Karnataka - 560059",Rajajinagar Industrial Suburb,Bengaluru Urban,BLRU,560059,Ward-067,West,Food Processing,Manufacturing,1030,Orange,PAN_359BBEA1FD8C7255,,,,,2022-05-20,2024-02-28,DORMANT,,,2026-04-21,gstin_hash;phone;email
UDYAM-KR-BLRU-2024-000097,UDYAM,Udyam / MSME Registry,ENT-00202,M/S Veda Agro Co,Veda Agro Co,Managing Partner,"125, B Extension, Rajajinagar Industrial Suburb, Bengaluru Urban, K'taka - 560059",Rajajinagar Industrial Suburb,Bengaluru Urban,BLRU,560059,Ward-067,West,Food Processing,Manufacturing,1030,Orange,PAN_359BBEA1FD8C7255,,,,,2024-12-30,2025-04-06,DORMANT,85,0-10,2026-01-13,gstin_hash;phone;email
BBMP-TL-BENG-2018-000080,BBMP,BBMP Trade Licence,ENT-00203,Siddhi Industries,M/S Siddhi Industries,,"48, Plot Service Road, Hoskote, B'luru Rural, Karnataka - 562114",Hoskote,Bengaluru Rural,BLRR,562114,Ward-R04,Bengaluru Rural,Pharmacy / Medical Retail,Retail,4772,Green,PAN_F7C92716361A4CE9,,,,contact0203@examplebiz.in,2018-10-22,2020-10-17,CLOSED,36,100-500,2026-01-15,gstin_hash;phone
UDYAM-KR-BLRR-2015-000098,UDYAM,Udyam / MSME Registry,ENT-00203,M/S Siddhi Industries,Siddhi Industries,Managing Partner,"No. 48, Plot Service Road, Hoskote, Bengaluru Rural, K'taka - 562114",Hoskote,Bengaluru Rural,BLRR,562114,Ward-R04,Bengaluru Rural,Pharmacy / Medical Retail,Retail,4772,Green,PAN_F7C92716361A4CE9,,UDYAM_47F2C51E7A1E6170,,contact0203@examplebiz.in,2015-01-31,2022-06-28,CLOSED,36,,2026-04-07,gstin_hash;phone
BBMP-TL-SOUT-2021-000081,BBMP,BBMP Trade Licence,ENT-00204,M/S Nisarga Clinic LLP,Nisarga Clinc,Owner A,"#274, Shed Industrial Layout, Bommanahalli, Bangalore Urban, K'taka - 560068",Bommanahalli,Bengaluru Urban,BLRU,560066,Ward-175,South,Pharmacy / Medical Retail,Retail,4772,Green,,,,9001615613,,2021-10-13,2024-08-10,DORMANT,,0-10,2026-02-16,pan_hash;gstin_hash;email;pin_drift
GST-KA-BLRU-2022-000157,GST,GST Taxpayer Registry,ENT-00204,Nisarga Clinic LLP,Nisarga Clinic,Partner 1,"No 274, Shed Industrial Layout, Bommanahalli, Bengaluru Urban, Karnataka - 560068",Bommanahalli,Bengaluru Urban,BLRU,560068,Ward-175,South,Pharmacy / Medical Retail,Retail,4772,Green,,GSTIN_A9E08D0BBB6A8FB3,UDYAM_95670310E5C84EC4,,,2022-04-25,2024-04-24,DORMANT,,,2026-03-08,pan_hash;phone;email
KAR-SHOP-BLRU-2024-000136,SHOP,Karnataka Shops and Commercial Establishments,ENT-00204,Nisarga Clinic LLP,Nisarga Clinic,Managing Partner,"274, Shed Industrial Layout, Bommanahalli, Bengaluru Urban, KA - 560068",Bommanahalli,Bengaluru Urban,BLRU,560068,Ward-175,South,Pharmacy / Medical Retail,Retail,4772,Green,PAN_A649BC809A6F8598,GSTIN_A9E08D0BBB6A8FB3,,9001615613,,2024-10-30,2026-02-09,ACTIVE,12,0-10,2026-01-12,email
BBMP-TL-NORT-2017-000082,BBMP,BBMP Trade Licence,ENT-00205,Aarohi Solutions,Aarohi Solutions,Managing Partner,"No 17, A 1st Cross, Hebbal Industrial Estate, Mysuru, KA - 570016",Hebbal Industrial Area,Mysuru,MYS,570016,Ward-M21,North,Food Processing,Manufacturing,1030,Orange,,,,9001623532,,2017-12-14,2019-05-07,CLOSED,,,2026-02-25,pan_hash;gstin_hash;email
KFBIS-FAC-MYS-2020-000097,FACTORY,"Factories, Boilers, Industrial Safety and Health",ENT-00205,Aarohi Solutions,M/S Aarohi Solutions,Owner A,"No. 17, A 1st Crs, Hebbal Indl Area, Mysuru, K'taka - 570016",Hebbal Industrial Area,Mysuru,MYS,570016,Ward-M21,North,Food Processing,Manufacturing,1030,Orange,,,,,,2020-03-31,2025-10-24,ACTIVE,,50-100,2026-01-04,pan_hash;gstin_hash;phone;email
UDYAM-KR-MYS-2020-000099,UDYAM,Udyam / MSME Registry,ENT-00205,AAROHI SOLUTIONS,AAROHI SOLUTIONS,Managing Partner,"No 17, A 1st Crs, Hebbal Industrial Area, Mysuru, KA - 570016",Hebbal Industrial Area,Mysuru,MYS,570016,Ward-M21,North,Food Processing,Manufacturing,1030,Orange,PAN_16E89EBFC49A5712,GSTIN_CE694EE95F85BA9D,,9001623532,,2020-06-06,2024-11-24,DORMANT,,50-100,2026-04-26,email
KFBIS-FAC-BLRR-2021-000098,FACTORY,"Factories, Boilers, Industrial Safety and Health",ENT-00206,Veda Associates,Veda Associates,Owner B,"#85, A Extension, Bagalur, B'luru Rural, Karnataka",Bagalur,Bengaluru Rural,BLRR,562157,Ward-R07,Bengaluru Rural,Machine Tools,Manufacturing,2819,Orange,,,,,,2021-03-12,2025-10-22,ACTIVE,,,2025-11-18,pan_hash;gstin_hash;phone;email
GST-KA-BLRR-2022-000158,GST,GST Taxpayer Registry,ENT-00206,Veda Associates,,Owner B,"No. 85, A Extension, Bagalur, B'luru Rural, K'taka - 562157",Bagalur,Bengaluru Rural,BLRR,562157,Ward-R07,Bengaluru Rural,Machine Tools,Manufacturing,2819,Orange,,,,9001631451,,2022-05-13,2024-04-02,DORMANT,12,,2025-11-29,pan_hash;gstin_hash;email
LAB-KA-BLRR-2025-000100,LABOUR,Labour Department,ENT-00206,Veda Associates,M/S VedaAssociates,,"85, A Extension, Bagalur, Bengaluru Rural, KA - 562157",Bagalur,Bengaluru Rural,BLRR,562157,Ward-R07,Bengaluru Rural,Machine Tools,Manufacturing,2819,Orange,,,,9001631451,,2025-04-17,2025-10-16,ACTIVE,12,,2026-03-02,pan_hash;gstin_hash;email
KAR-SHOP-BLRR-2017-000137,SHOP,Karnataka Shops and Commercial Establishments,ENT-00206,Veda Associates,Veda Associates,Managing Partner,"No 85, A Extension, Bagalur, Bengaluru Rural, Karnataka - 562157",Bagalur,Bengaluru Rural,BLRR,562157,Ward-R07,Bengaluru Rural,Machine Tools,Manufacturing,2819,Orange,,,,9001631451,,2017-08-16,2020-12-30,CLOSED,12,0-10,2026-03-31,pan_hash;gstin_hash;email
UDYAM-KR-BLRR-2022-000100,UDYAM,Udyam / MSME Registry,ENT-00206,Veda Associates,Veda Associates,,"No 85, A Extension, Bagalur, B'luru Rural, K'taka",Bagalur,Bengaluru Rural,BLRR,562157,Ward-R07,Bengaluru Rural,Machine Tools,Manufacturing,2819,Orange,,,,,,2022-10-04,2024-08-26,DORMANT,12,0-10,2026-04-01,pan_hash;gstin_hash;phone;email
GST-KA-BLRU-2022-000159,GST,GST Taxpayer Registry,ENT-00207,M/S Deccan Coatings Associates,,Director Masked,"59, Plot Behind Metro, HSR Layout, Bangalore Urban, Karnataka - 560102",HSR Layout,Bengaluru Urban,BLRU,560102,Ward-174,Bommanahalli,Chemical Blending,Manufacturing,2029,Red,,,,,,2022-08-17,2024-05-07,DORMANT,,25-50,2026-02-23,pan_hash;gstin_hash;phone;email
PCB/BLRU/CTE/2020/00089,KSPCB,Karnataka State Pollution Control Board,ENT-00207,Deccan Coatings Associates,Deccan Coatings Associates,,"#59, Plot Behind Metro, HSR Layout, B'luru Urban, KA - 560102",HSR Layout,Bengaluru Urban,BLRU,560102,Ward-174,Bommanahalli,Chemical Blending,Manufacturing,2029,Red,,,,9001639370,,2020-11-25,2023-11-29,DORMANT,3,25-50,2025-12-28,pan_hash;gstin_hash;email
LAB-KA-BLRU-2016-000101,LABOUR,Labour Department,ENT-00207,Deccan Coatings Associates,,Managing Partner,"59, Plot Behind Metro, HSR Layout, Bengaluru Urban, KA - 560102",HSR Layout,Bengaluru Urban,BLRU,560102,Ward-174,Bommanahalli,Chemical Blending,Manufacturing,2029,Red,,,,9001639370,,2016-03-31,2022-02-07,CLOSED,3,,2026-02-10,pan_hash;gstin_hash;email
UDYAM-KR-BLRU-2016-000101,UDYAM,Udyam / MSME Registry,ENT-00207,Deccan Coatings Associates,M/S Deccan Coatings Associates,Owner B,"No 59, Plot Behind Metro, HSR Layout, Bangalore Urban, KA - 560102",HSR Layout,Bengaluru Urban,BLRU,560102,Ward-174,Bommanahalli,Chemical Blending,Manufacturing,2029,Red,,,UDYAM_77E4BFC2D3E3C1ED,9001639370,,2016-01-19,2018-02-09,CLOSED,3,,2026-01-29,pan_hash;gstin_hash;email
GST-KA-MYS-2020-000160,GST,GST Taxpayer Registry,ENT-00208,Sahana Warehouse Traders,Sahana Warehouse Traders,Owner B,"88, Industrial Layout, Devaraja Mohalla, Mysuru, K'taka - 570001",Devaraja Mohalla,Mysuru,MYS,570001,Ward-M01,Central,Logistics / Warehouse,Service,5210,Green,PAN_89BE03B357BCA9D1,,,,,2020-11-02,2022-11-16,CLOSED,18,10-25,2026-04-11,gstin_hash;phone;email
KAR-SHOP-MYS-2019-000138,SHOP,Karnataka Shops and Commercial Establishments,ENT-00208,M/S Sahana Warehouse Traders,,Managing Partner,"88, Industrial Layout, Devaraja Mohalla, Mysuru, K'taka - 570001",Devaraja Mohalla,Mysuru,MYS,570001,Ward-M01,Central,Logistics / Warehouse,Service,5210,Green,,,,,,2019-05-22,2024-08-18,DORMANT,,10-25,2025-11-25,pan_hash;gstin_hash;phone;email
UDYAM-KR-MYS-2022-000102,UDYAM,Udyam / MSME Registry,ENT-00208,M/S SAHANA WAREHOUSE TRADERS,Sahana Warehouse Traders,Owner A,"No 88, Industrial Layout, Devaraja Mohalla, Mysuru, Karnataka",Devaraja Mohalla,Mysuru,MYS,570001,Ward-M01,Central,Logistics / Warehouse,Service,5210,Green,PAN_89BE03B357BCA9D1,,,,,2022-12-16,2024-11-11,DORMANT,,10-25,2026-04-22,gstin_hash;phone;email
LAB-KA-BLRU-2019-000102,LABOUR,Labour Department,ENT-00209,Ananya Circuits Enterprises,Ananya Circuits Entp,Director Masked,"No 235, 1st Cr, Banashankari, B'luru Urban, KA - 560085",Banashankari,Bengaluru Urban,BLRU,560085,Ward-182,South,Electronics Assembly,Manufacturing,2610,Orange,,,,9001655208,,2019-05-18,2020-07-22,CLOSED,,0-10,2026-04-28,pan_hash;gstin_hash;email
KAR-SHOP-BLRU-2020-000139,SHOP,Karnataka Shops and Commercial Establishments,ENT-00209,Ananya Circuits Enterprises,Ananya Circuits Enterprises,Director Masked,"235, 1st Cross, Banashankari, Bengaluru Urban, KA - 560085",Banashankari,Bengaluru Urban,BLRU,560085,Ward-182,South,Electronics Assembly,Manufacturing,2610,Orange,PAN_89D177635C352E51,,,,,2020-06-30,2023-08-03,DORMANT,5,,2026-01-05,gstin_hash;phone;email
UDYAM-KR-BLRU-2024-000103,UDYAM,Udyam / MSME Registry,ENT-00209,Ananya Circuits Enterprises,Ananya Circuits Enterprises,,"#235, 1st Cr, Banashankari, Bengaluru Urban, K'taka - 560085",Banashankari,Bengaluru Urban,BLRU,560085,Ward-182,South,Electronics Assembly,Manufacturing,2610,Orange,PAN_89D177635C352E51,GSTIN_3B234BEE38BEAA87,,9001655208,,2024-08-15,2025-04-23,CLOSED,,,2026-04-04,email
GST-KA-BLRU-2020-000161,GST,GST Taxpayer Registry,ENT-00210,Lakshmi Elec LLP,Lakshmi Electronics,,"No. 1, C Mn Rd, Hebbal, B'luru Urban, Karnataka - 560024",Hebbal,Bengaluru Urban,BLRU,560024,Ward-021,Yelahanka,Electronics Assembly,Manufacturing,2610,Orange,PAN_738953493A0FA497,GSTIN_D4B3E439A104BF10,,,contact0210@examplebiz.in,2020-12-13,2022-02-07,CLOSED,52,,2026-04-03,phone
PCB/BLRU/CTE/2024/00090,KSPCB,Karnataka State Pollution Control Board,ENT-00210,M/S Lakshmi Electronics LLP,Lakshmi Electronics,Managing Partner,"1, C Main Road, Hebbal, Bangalore Urban, KA - 560024",Hebbal,Bengaluru Urban,BLRU,560024,Ward-021,Yelahanka,Electronics Assembly,Manufacturing,2610,Orange,,,,,contact0210@examplebiz.in,2024-04-18,2024-12-22,DORMANT,52,50-100,2026-04-11,pan_hash;gstin_hash;phone
KAR-SHOP-BLRU-2018-000140,SHOP,Karnataka Shops and Commercial Establishments,ENT-00210,Lakshmi Electronics LLP,M/S Lakshmi Electronics,Managing Partner,"No 1, C Main Road, Hebbal, B'luru Urban, KA - 560024",Hebbal,Bengaluru Urban,BLRU,560024,Ward-021,Yelahanka,Electronics Assembly,Manufacturing,2610,Orange,,GSTIN_D4B3E439A104BF10,,,,2018-03-01,2026-04-19,ACTIVE,,50-100,2026-03-13,pan_hash;phone;email
UDYAM-KR-BLRU-2024-000104,UDYAM,Udyam / MSME Registry,ENT-00210,Lakshmi Electronics LLP,Lakshmi Electronics,Owner B,"#1, C Main Rd, Hebbal, Bengaluru Urban, K'taka - 560024",Hebbal,Bengaluru Urban,BLRU,560024,Ward-021,Yelahanka,Electronics Assembly,Manufacturing,2610,Orange,PAN_738953493A0FA497,,,,contact0210@examplebiz.in,2024-07-28,2026-01-04,ACTIVE,52,50-100,2025-12-18,gstin_hash;phone
GST-KA-TUM-2025-000162,GST,GST Taxpayer Registry,ENT-00211,M/S Udupi Systems Traders,M/S Udupi Systems Traders,Managing Partner,"203, Mn Rd, BH Road, Tumakuru, KA - 572101",BH Road,Tumakuru,TUM,572101,Ward-T01,Tumakuru,Electronics Assembly,Manufacturing,2610,Orange,PAN_FC237A66E9A54724,GSTIN_4D8FA532B83EBD54,,,,2025-05-15,2025-12-07,ACTIVE,3,,2026-04-08,phone;email
LAB-KA-TUM-2016-000103,LABOUR,Labour Department,ENT-00211,Udupi Sstems Traders,Udupi Systems Traders,,"No 203, Main Road, BH Road, Tumakuru, K'taka - 572101",BH Road,Tumakuru,TUM,572101,Ward-T01,Tumakuru,Electronics Assembly,Manufacturing,2610,Orange,PAN_FC237A66E9A54724,,,9001671046,,2016-03-23,2023-05-04,DORMANT,3,50-100,2026-05-01,gstin_hash;email
UDYAM-KR-TUM-2017-000105,UDYAM,Udyam / MSME Registry,ENT-00211,Udupi Systems Traders,Udupi Systems Traders,Partner 1,"No. 203, Main Road, BH Road, Tumakuru, KA - 572101",BH Road,Tumakuru,TUM,572101,Ward-T01,Tumakuru,Electronics Assembly,Manufacturing,2610,Orange,PAN_FC237A66E9A54724,GSTIN_4D8FA532B83EBD54,,9001671046,,2017-10-02,2021-11-12,CLOSED,,,2026-04-17,email
BBMP-TL-YELA-2017-000083,BBMP,BBMP Trade Licence,ENT-00212,M/S Ravi TextilesCompany,Ravi Textiles Co,Owner B,"No 296, D 2nd Main, Hebbal, B'luru Urban, Karnataka - 560024",Hebbal,Bengaluru Urban,BLRU,560024,Ward-021,Yelahanka,Textile / Garments,Manufacturing,1410,Green,,,,,,2017-05-08,2025-09-11,ACTIVE,4,500+,2026-01-26,pan_hash;gstin_hash;phone;email
GST-KA-BLRU-2017-000163,GST,GST Taxpayer Registry,ENT-00212,Ravi Textiles Company,M/S Ravi Textiles Company,Owner B,"296, D 2nd Main, Hebbal, Bengaluru Urban, K'taka - 560024",Hebbal,Bengaluru Urban,BLRU,560024,Ward-021,Yelahanka,Textile / Garments,Manufacturing,1410,Green,PAN_EABDF04960E6B9C4,,UDYAM_38C6A2ECDD3FEF4F,,,2017-06-03,2021-02-23,CLOSED,4,,2026-04-19,gstin_hash;phone;email
KAR-SHOP-BLRU-2022-000141,SHOP,Karnataka Shops and Commercial Establishments,ENT-00212,Ravi Textiles Company,,Owner A,"No 296, D 2nd Main, Hebbal, Bangalore Urban, KA - 560024",Hebbal,Bengaluru Urban,BLRU,560024,Ward-021,Yelahanka,Textile / Garments,Manufacturing,1410,Green,,,,9001678965,,2022-02-05,2023-10-24,DORMANT,,,2025-12-31,pan_hash;gstin_hash;email
GST-KA-BLRU-2019-000164,GST,GST Taxpayer Registry,ENT-00213,Bangalore Snacks LLP,M/S Bangalore Snacks,Owner A,"No. 244, B Main Rd, Jayanagar, Bengaluru Urban, K'taka - 560078",Jayanagar,Bengaluru Urban,BLRU,560078,Ward-168,South,Food Processing,Manufacturing,1030,Orange,PAN_8B7F46C3150F7A0E,GSTIN_839A890302F9CC5D,,,contact0213@examplebiz.in,2019-01-08,2020-07-25,CLOSED,10,25-50,2026-03-28,phone
PCB/BLRU/CTO/2015/00091,KSPCB,Karnataka State Pollution Control Board,ENT-00213,Bangalore Snacks LLP,Bangalore Snacks,Partner 1,"#244, B Main Rd, Jayanagar, Bengaluru Urban, KA - 560078",Jayanagar,Bengaluru Urban,BLRU,560078,Ward-168,South,Food Processing,Manufacturing,1030,Orange,,,,,contact0213@examplebiz.in,2015-03-21,2020-06-02,CLOSED,10,,2025-11-28,pan_hash;gstin_hash;phone
LAB-KA-BLRU-2015-000104,LABOUR,Labour Department,ENT-00213,Bangalore Snacks LLP,Bangalore Snacks,Director Masked,"#244, B Main Rd, Jayanagar, Bangalore Urban, KA - 560078",Jayanagar,Bengaluru Urban,BLRU,560078,Ward-168,South,Food Processing,Manufacturing,1030,Orange,,,,,,2015-10-29,2020-10-21,CLOSED,10,,2026-02-18,pan_hash;gstin_hash;phone;email
UDYAM-KR-BLRU-2015-000106,UDYAM,Udyam / MSME Registry,ENT-00213,Bangalore Snacks LLP,M/S Bangalore Snacks,Partner 1,"#244, B Mn Rd, Jayanagar, Bengaluru Urban, KA - 560078",Jayanagar,Bengaluru Urban,BLRU,560078,Ward-168,South,Food Processing,Manufacturing,1030,Orange,PAN_8B7F46C3150F7A0E,GSTIN_839A890302F9CC5D,,,,2015-08-26,2022-09-05,CLOSED,,25-50,2026-03-18,phone;email
GST-KA-BLRU-2015-000165,GST,GST Taxpayer Registry,ENT-00214,M/S Srinidhi Works,SRINIDH WORKS,Owner B,"7, D Sector, Kalyan Nagar, B'luru Urban, K'taka - 560043",Kalyan Nagar,Bengaluru Urban,BLRU,560043,Ward-025,East,Restaurant / Cafe,Service,5610,Green,PAN_FF3C398237D0F294,GSTIN_9C2B344644741C14,,,,2015-09-18,2015-11-20,CLOSED,180,,2025-11-05,phone;email
LAB-KA-BLRU-2021-000105,LABOUR,Labour Department,ENT-00214,Srinidhi Works,,,"No 7, D Sector, Kalyan Nagar, B'luru Urban, K'taka - 560043",Kalyan Nagar,Bengaluru Urban,BLRU,560043,Ward-025,East,Restaurant / Cafe,Service,5610,Green,,GSTIN_9C2B344644741C14,,9001694803,,2021-04-22,2021-08-12,CLOSED,,500+,2026-04-12,pan_hash;email
KFBIS-FAC-BLRU-2025-000099,FACTORY,"Factories, Boilers, Industrial Safety and Health",ENT-00215,Ananya Resins Industries,Ananya Resins Industries,Owner A,"No 53, D Service Road, Yelahanka, Bangalore Urban, Karnataka - 560064",Yelahanka,Bengaluru Urban,BLRU,560064,Ward-004,Yelahanka,Chemical Blending,Manufacturing,2029,Red,PAN_B49090A1574D2902,GSTIN_E5B0444A3946F106,,,contact0215@examplebiz.in,2025-09-03,2026-03-30,ACTIVE,,,2026-04-20,phone
GST-KA-BLRU-2024-000166,GST,GST Taxpayer Registry,ENT-00215,Ananya Resins Industries,Ananya Resins Industres,,"#53, D Service Road, Yelahanka, Bengaluru Urban, Karnataka - 560064",Yelahanka,Bengaluru Urban,BLRU,560064,Ward-004,Yelahanka,Chemical Blending,Manufacturing,2029,Red,PAN_B49090A1574D2902,GSTIN_E5B0444A3946F106,,,,2024-05-13,2024-07-13,DORMANT,12,,2025-11-05,phone;email
PCB/BLRU/CTE/2023/00092,KSPCB,Karnataka State Pollution Control Board,ENT-00215,Ananya Resins Industries,M/S Ananya Resins Industries,Managing Partner,"53, D Service Road, Yelahanka, Bangalore Urban, Karnataka - 560064",Yelahanka,Bengaluru Urban,BLRU,560064,Ward-004,Yelahanka,Chemical Blending,Manufacturing,2029,Red,PAN_B49090A1574D2902,,,,,2023-10-08,2025-11-01,CLOSED,12,,2025-12-01,gstin_hash;phone;email
LAB-KA-BLRU-2021-000106,LABOUR,Labour Department,ENT-00215,M/S Ananya Resins Industries,Ananya Resins Industries,Owner A,"#53, D Service Road, Yelahanka, Bengaluru Urban, KA - 560064",Yelahanka,Bengaluru Urban,BLRU,560064,Ward-004,Yelahanka,Chemical Blending,Manufacturing,2029,Red,,GSTIN_E5B0444A3946F106,,,,2021-04-26,2026-03-29,ACTIVE,12,500+,2026-04-01,pan_hash;phone;email
BBMP-TL-NORT-2024-000084,BBMP,BBMP Trade Licence,ENT-00216,Veda Cafe Industries,Veda Cafe Industries,,"#284, Plot 3rd Phase, Hebbal Indl Area, Mysuru, Karnataka",Hebbal Industrial Area,Mysuru,MYS,570016,Ward-M21,North,Restaurant / Cafe,Service,5610,Green,,,,9001710641,,2024-07-25,2025-03-23,DORMANT,10,,2026-03-20,pan_hash;gstin_hash;email
GST-KA-MYS-2024-000167,GST,GST Taxpayer Registry,ENT-00216,Veda Cafe Industries,Veda Cafe Inds,Owner B,"No. 284, Plot 3rd Phase, Hebbal Industrial Area, Mysuru, K'taka - 570016",Hebbal Industrial Area,Mysuru,MYS,570016,Ward-M21,North,Restaurant / Cafe,Service,5610,Green,PAN_0B9ABCD880D1835B,GSTIN_EB999A0920C59759,,,,2024-06-08,2025-05-04,ACTIVE,,25-50,2025-12-30,phone;email
KAR-SHOP-MYS-2023-000142,SHOP,Karnataka Shops and Commercial Establishments,ENT-00216,Veda Cafe Industries,Veda Cafe Industries,Director Masked,"No 284, Plot 3rd Phase, Hebbal Industrial Estate, Mysuru, KA - 570016",Hebbal Industrial Area,Mysuru,MYS,570016,Ward-M21,North,Restaurant / Cafe,Service,5610,Green,PAN_0B9ABCD880D1835B,,,9001710641,,2023-01-09,2025-02-12,DORMANT,10,,2026-01-17,gstin_hash;email
KFBIS-FAC-BLRU-2018-000100,FACTORY,"Factories, Boilers, Industrial Safety and Health",ENT-00217,M/S Siddhi Industries,Siddhi Industries,Owner A,"135, Near Bus Stop, BTM Layout, B'luru Urban, Karnataka - 560029",BTM Layout,Bengaluru Urban,BLRU,560043,Ward-176,South,Chemical Blending,Manufacturing,2029,Red,PAN_B5A69475EBF0A3B0,,,9001718560,,2018-06-12,2024-12-27,DORMANT,2,,2025-12-04,gstin_hash;email;pin_drift
GST-KA-BLRU-2015-000168,GST,GST Taxpayer Registry,ENT-00217,Siddhi Industries,,Managing Partner,"No 135, Near Bus Stop, BTM Layout, Bengaluru Urban, K'taka - 560029",BTM Layout,Bengaluru Urban,BLRU,560029,Ward-176,South,Chemical Blending,Manufacturing,2029,Red,PAN_B5A69475EBF0A3B0,GSTIN_A8B56184C955B260,,,,2015-04-23,2020-02-24,CLOSED,2,100-500,2026-01-08,phone;email
PCB/BLRU/CTO/2019/00093,KSPCB,Karnataka State Pollution Control Board,ENT-00217,M/S Siddhi Industries,Siddhi Industries,Owner A,"#135, Near Bus Stop, BTM Layout, Bangalore Urban, Karnataka - 560029",BTM Layout,Bengaluru Urban,BLRU,560029,Ward-176,South,Chemical Blending,Manufacturing,2029,Red,PAN_B5A69475EBF0A3B0,GSTIN_A8B56184C955B260,,9001718560,,2019-01-05,2020-02-20,CLOSED,2,100-500,2026-04-14,email
LAB-KA-BLRU-2023-000107,LABOUR,Labour Department,ENT-00217,Siddhi Industries,Siddhi Industries,Partner 1,"No. 135, Near Bus Stop, BTM Layout, Bangalore Urban, K'taka - 560029",BTM Layout,Bengaluru Urban,BLRU,560029,Ward-176,South,Chemical Blending,Manufacturing,2029,Red,,,,9001718560,,2023-05-29,2026-04-29,ACTIVE,,,2026-03-08,pan_hash;gstin_hash;email
UDYAM-KR-BLRU-2017-000107,UDYAM,Udyam / MSME Registry,ENT-00217,Siddhi Industries,Siddhi Industries,,"#135, Near Bus Stop, BTM Layout, B'luru Urban, KA - 560029",BTM Layout,Bengaluru Urban,BLRU,560029,Ward-176,South,Chemical Blending,Manufacturing,2029,Red,PAN_B5A69475EBF0A3B0,GSTIN_A8B56184C955B260,UDYAM_5A29D0A970881B05,,,2017-01-25,2025-10-06,ACTIVE,2,100-500,2026-04-19,phone;email
GST-KA-BLRU-2016-000169,GST,GST Taxpayer Registry,ENT-00218,ANANYA ELECTRONICS CO,Ananya Electronics Co,Owner B,"292, Main Rd, BTM Layout, Bangalore Urban, K'taka - 560029",BTM Layout,Bengaluru Urban,BLRU,560029,Ward-176,South,Electronics Assembly,Manufacturing,2610,Orange,PAN_3639AC227DB5FAF1,GSTIN_83DB68A080A1D4A6,,9001726479,,2016-06-26,2023-01-04,CLOSED,36,10-25,2026-01-05,email
PCB/BLRU/CTO/2015/00094,KSPCB,Karnataka State Pollution Control Board,ENT-00218,Ananya Elec Co,M/S Ananya Electronics Co,Managing Partner,"No 292, Main Rd, BTM Layout, Bengaluru Urban, KA - 560029",BTM Layout,Bengaluru Urban,BLRU,560029,Ward-176,South,Electronics Assembly,Manufacturing,2610,Orange,,,,9001726479,,2015-12-14,2023-10-16,DORMANT,36,,2026-03-04,pan_hash;gstin_hash;email
LAB-KA-BLRU-2023-000108,LABOUR,Labour Department,ENT-00218,Ananya Electronics Co,M/S Ananya Electronics Co,Owner A,"No 292, Mn Rd, BTM Layout, B'luru Urban, KA - 560029",BTM Layout,Bengaluru Urban,BLRU,560029,Ward-176,South,Electronics Assembly,Manufacturing,2610,Orange,PAN_3639AC227DB5FAF1,,,,,2023-10-06,2024-01-05,DORMANT,36,10-25,2025-11-15,gstin_hash;phone;email
KAR-SHOP-BLRU-2017-000143,SHOP,Karnataka Shops and Commercial Establishments,ENT-00218,Anany Electronics Co,M/S Ananya Electronics Co,Managing Partner,"292, Mn Rd, BTM Layout, Bengaluru Urban, KA - 560029",BTM Layout,Bengaluru Urban,BLRU,560029,Ward-176,South,Electronics Assembly,Manufacturing,2610,Orange,,GSTIN_83DB68A080A1D4A6,,,,2017-09-22,2020-12-01,CLOSED,36,10-25,2026-03-29,pan_hash;phone;email
KFBIS-FAC-BLRR-2023-000101,FACTORY,"Factories, Boilers, Industrial Safety and Health",ENT-00219,Navya Precision Traders,Navya Precision Traders,,"No 13, Plot Extension, Bagalur, Bengaluru Rural, K'taka - 562157",Bagalur,Bengaluru Rural,BLRR,562157,Ward-R07,Bengaluru Rural,Machine Tools,Manufacturing,2819,Orange,,,,9001734398,,2023-07-12,2024-05-04,DORMANT,2,500+,2026-04-28,pan_hash;gstin_hash;email
GST-KA-BLRR-2017-000170,GST,GST Taxpayer Registry,ENT-00219,Navya Precision Traders,Navya Precision Traders,Director Masked,"#13, Plot Extension, Bagalur, B'luru Rural, Karnataka - 562157",Bagalur,Bengaluru Rural,BLRR,562157,Ward-R07,Bengaluru Rural,Machine Tools,Manufacturing,2819,Orange,,,,,,2017-02-21,2017-09-05,CLOSED,2,500+,2025-12-27,pan_hash;gstin_hash;phone;email
PCB/BLRR/CTE/2023/00095,KSPCB,Karnataka State Pollution Control Board,ENT-00219,M/S Navya Precision Traders,,Managing Partner,"No 13, Plot Extension, Bagalur, B'luru Rural, KA - 562157",Bagalur,Bengaluru Rural,BLRR,562157,Ward-R07,Bengaluru Rural,Machine Tools,Manufacturing,2819,Orange,,,,9001734398,,2023-06-05,2025-09-03,ACTIVE,,500+,2026-04-08,pan_hash;gstin_hash;email
LAB-KA-BLRR-2023-000109,LABOUR,Labour Department,ENT-00219,Navya Precision Traders,Navya Precision Traders,Managing Partner,"No. 13, Plot Extension, Bagalur, B'luru Rural, Karnataka",Bagalur,Bengaluru Rural,BLRR,562157,Ward-R07,Bengaluru Rural,Machine Tools,Manufacturing,2819,Orange,,,,9001734398,,2023-11-24,2024-05-30,DORMANT,2,,2026-01-02,pan_hash;gstin_hash;email
KAR-SHOP-BLRR-2019-000144,SHOP,Karnataka Shops and Commercial Establishments,ENT-00219,M/S Navya Precision Traders,Navya Precision Traders,Managing Partner,"#13, Plot Extension, Bagalur, Bangalore Rural, KA - 562157",Bagalur,Bengaluru Rural,BLRR,562157,Ward-R07,Bengaluru Rural,Machine Tools,Manufacturing,2819,Orange,,,,9001734398,,2019-01-20,2021-02-09,CLOSED,2,500+,2025-12-08,pan_hash;gstin_hash;email
BBMP-TL-YELA-2020-000085,BBMP,BBMP Trade Licence,ENT-00220,Ananya Associates,Ananya Associates,Partner 1,"#171, Shed Industrial Layout, Hebbal, B'luru Urban, Karnataka - 560024",Hebbal,Bengaluru Urban,BLRU,560024,Ward-021,Yelahanka,Textile / Garments,Manufacturing,1410,Green,,,,,,2020-11-03,2024-07-16,DORMANT,8,10-25,2026-03-04,pan_hash;gstin_hash;phone;email
GST-KA-BLRU-2018-000171,GST,GST Taxpayer Registry,ENT-00220,ANANYA ASSOCIATES,Ananya Associates,Owner A,"#171, Shed Industrial Layout, Hebbal, Bengaluru Urban, KA - 560024",Hebbal,Bengaluru Urban,BLRU,560024,Ward-021,Yelahanka,Textile / Garments,Manufacturing,1410,Green,,,,,contact0220@examplebiz.in,2018-09-06,2023-07-06,DORMANT,8,10-25,2026-02-05,pan_hash;gstin_hash;phone
BBMP-TL-SOUT-2025-000086,BBMP,BBMP Trade Licence,ENT-00221,Lakshmi Works,Lakshmi Works,,"#72, 2nd Main, Banashankari, B'luru Urban, Karnataka - 560085",Banashankari,Bengaluru Urban,BLRU,560085,Ward-182,South,Logistics / Warehouse,Service,5210,Green,,,,,,2025-10-25,2025-12-25,ACTIVE,,10-25,2025-11-20,pan_hash;gstin_hash;phone;email
KFBIS-FAC-BLRU-2018-000102,FACTORY,"Factories, Boilers, Industrial Safety and Health",ENT-00221,Lakshmi Works,Lakshmi Works,Partner 1,"#72, 2nd Main, Banashankari, Bangalore Urban, Karnataka - 560085",Banashankari,Bengaluru Urban,BLRU,560085,Ward-182,South,Logistics / Warehouse,Service,5210,Green,,GSTIN_05CB7EE648B8D6C7,,,,2018-01-20,2023-04-24,CLOSED,2,,2025-12-31,pan_hash;phone;email
GST-KA-BLRU-2024-000172,GST,GST Taxpayer Registry,ENT-00221,Lakshmi Works,,Owner B,"No. 72, 2nd Main, Banashankari, Bengaluru Urban, KA - 560085",Banashankari,Bengaluru Urban,BLRU,560085,Ward-182,South,Logistics / Warehouse,Service,5210,Green,PAN_B8D224DC7798B19F,GSTIN_05CB7EE648B8D6C7,,,contact0221@examplebiz.in,2024-03-05,2025-03-15,DORMANT,2,,2026-02-10,phone
LAB-KA-BLRU-2016-000110,LABOUR,Labour Department,ENT-00221,M/S Lakshmi Works,Lakshmi Works,Managing Partner,"No. 72, 2nd Main, Banashankari, B'luru Urban, KA - 560085",Banashankari,Bengaluru Urban,BLRU,560085,Ward-182,South,Logistics / Warehouse,Service,5210,Green,,,,,,2016-05-01,2024-01-21,CLOSED,2,10-25,2025-12-01,pan_hash;gstin_hash;phone;email
KAR-SHOP-BLRU-2021-000145,SHOP,Karnataka Shops and Commercial Establishments,ENT-00221,M/S Lakshmi Works,M/S Lakshmi Works,Director Masked,"No. 72, 2nd Main, Banashankari, Bangalore Urban, K'taka - 560085",Banashankari,Bengaluru Urban,BLRU,560085,Ward-182,South,Logistics / Warehouse,Service,5210,Green,,,,,,2021-03-19,2022-01-13,CLOSED,2,10-25,2026-02-28,pan_hash;gstin_hash;phone;email
UDYAM-KR-BLRU-2020-000108,UDYAM,Udyam / MSME Registry,ENT-00221,Lakshmi Works,Lakshmi Works,Owner B,"No 72, 2nd Main, Banashankari, B'luru Urban, KA - 560085",Banashankari,Bengaluru Urban,BLRU,560085,Ward-182,South,Logistics / Warehouse,Service,5210,Green,PAN_B8D224DC7798B19F,GSTIN_05CB7EE648B8D6C7,,,contact0221@examplebiz.in,2020-04-29,2022-10-28,CLOSED,,,2026-01-20,phone
GST-KA-BLRU-2015-000173,GST,GST Taxpayer Registry,ENT-00222,Ganesh Cafe Company,Ganesh Cafe Company,Owner A,"No 104, Extension, Hebbal, Bengaluru Urban, K'taka - 560024",Hebbal,Bengaluru Urban,BLRU,560024,Ward-021,Yelahanka,Restaurant / Cafe,Service,5610,Green,PAN_7984CE75DDD7FA9D,GSTIN_D424C60A9290718F,,9001758155,contact0222@examplebiz.in,2015-08-23,2016-02-06,CLOSED,25,,2026-01-03,
KAR-SHOP-BLRU-2023-000146,SHOP,Karnataka Shops and Commercial Establishments,ENT-00222,Ganesh Cafe Company,Ganesh Cafe Company,Director Masked,"#104, Extension, Hebbal, Bangalore Urban, KA - 560024",Hebbal,Bengaluru Urban,BLRU,560024,Ward-021,Yelahanka,Restaurant / Cafe,Service,5610,Green,,,,,,2023-08-14,2023-10-20,DORMANT,25,,2025-11-26,pan_hash;gstin_hash;phone;email
KFBIS-FAC-MYS-2015-000103,FACTORY,"Factories, Boilers, Industrial Safety and Health",ENT-00223,Varun Mold LLP,M/S Varu Mold,Partner 1,"No. 19, B Industrial Layout, Hebbal Industrial Estate, Mysuru, Karnataka - 570016",Hebbal Industrial Area,Mysuru,MYS,570016,Ward-M21,North,Plastic Moulding,Manufacturing,2220,Red,,,UDYAM_1B2FD750D63666AA,,,2015-05-06,2025-01-14,DORMANT,180,0-10,2026-04-03,pan_hash;gstin_hash;phone;email
PCB/MYS/CTE/2023/00096,KSPCB,Karnataka State Pollution Control Board,ENT-00223,Varun Mold LLP,Varun Mold,Director Masked,"No. 19, B Industrial Layout, Hebbal Industrial Estate, Mysuru, Karnataka - 570016",Hebbal Industrial Area,Mysuru,MYS,570016,Ward-M21,North,Plastic Moulding,Manufacturing,2220,Red,,,,,,2023-02-06,2025-06-13,ACTIVE,,0-10,2026-02-27,pan_hash;gstin_hash;phone;email
LAB-KA-MYS-2019-000111,LABOUR,Labour Department,ENT-00223,Varun Mold LLP,,Owner B,"#19, B Industrial Layout, Hebbal Industrial Area, Mysuru, K'taka - 570016",Hebbal Industrial Area,Mysuru,MYS,570016,Ward-M21,North,Plastic Moulding,Manufacturing,2220,Red,,,,,contact0223@examplebiz.in,2019-01-30,2021-01-28,CLOSED,180,,2026-03-30,pan_hash;gstin_hash;phone
KAR-SHOP-MYS-2018-000147,SHOP,Karnataka Shops and Commercial Establishments,ENT-00223,Varun Mold LLP,Varun Mold,Partner 1,"19, B Industrial Layout, Hebbal Industrial Estate, Mysuru, KA - 570016",Hebbal Industrial Area,Mysuru,MYS,570016,Ward-M21,North,Plastic Moulding,Manufacturing,2220,Red,,,,,,2018-12-05,2022-10-14,CLOSED,180,,2026-03-03,pan_hash;gstin_hash;phone;email
UDYAM-KR-MYS-2015-000109,UDYAM,Udyam / MSME Registry,ENT-00223,Varun Mold LLP,Varun Mold,Partner 1,"#19, B Industrial Layout, Hebbal Indl Area, Mysuru, KA - 570016",Hebbal Industrial Area,Mysuru,MYS,570016,Ward-M21,North,Plastic Moulding,Manufacturing,2220,Red,,,UDYAM_1B2FD750D63666AA,,,2015-07-15,2024-03-06,DORMANT,180,,2026-04-06,pan_hash;gstin_hash;phone;email
GST-KA-BLRU-2024-000174,GST,GST Taxpayer Registry,ENT-00224,M/S Ravi Logistics Solutions,RAVI LOGISTICS SOLUTIONS,,"228, C Industrial Layout, Bannerghatta Road, Bengaluru Urban, KA - 560076",Bannerghatta Road,Bengaluru Urban,BLRU,560076,Ward-177,South,Logistics / Warehouse,Service,5210,Green,,,,9001773993,contact0224@examplebiz.in,2024-08-05,2025-10-05,ACTIVE,85,10-25,2026-04-20,pan_hash;gstin_hash
LAB-KA-BLRU-2022-000112,LABOUR,Labour Department,ENT-00224,Ravi Logistics Solutions,M/S Ravi Logistics Solutions,Owner A,"#228, C Industrial Layout, Bannerghatta Road, Bangalore Urban, Karnataka - 560076",Bannerghatta Road,Bengaluru Urban,BLRU,560076,Ward-177,South,Logistics / Warehouse,Service,5210,Green,,,,9001773993,contact0224@examplebiz.in,2022-08-15,2023-11-05,DORMANT,,10-25,2026-04-06,pan_hash;gstin_hash
KAR-SHOP-BLRU-2025-000148,SHOP,Karnataka Shops and Commercial Establishments,ENT-00224,M/S Ravi Logistics Solutions,Ravi Logistics Solutions,Managing Partner,"No. 228, C Industrial Layout, Bannerghatta Road, B'luru Urban, KA - 560076",Bannerghatta Road,Bengaluru Urban,BLRU,560076,Ward-177,South,Logistics / Warehouse,Service,5210,Green,,,,9001773993,,2025-12-31,2026-03-22,ACTIVE,85,,2026-01-03,pan_hash;gstin_hash;email
GST-KA-BLRU-2017-000175,GST,GST Taxpayer Registry,ENT-00225,M/S Asha Enterprises,Asha Enterprises,Managing Partner,"No 274, B 2nd Main, Whitefield, Bangalore Urban, K'taka - 560037",Whitefield,Bengaluru Urban,BLRU,560037,Ward-085,Mahadevapura,Logistics / Warehouse,Service,5210,Green,PAN_32F5D854777CE257,,,,contact0225@examplebiz.in,2017-05-03,2020-03-17,CLOSED,3,25-50,2025-12-12,gstin_hash;phone
LAB-KA-BLRU-2017-000113,LABOUR,Labour Department,ENT-00225,Asha Enterprises,M/S Asha Enterprises,Owner A,"#274, B 2nd Main, Whitefield, Bangalore Urban, K'taka - 560037",Whitefield,Bengaluru Urban,BLRU,560037,Ward-085,Mahadevapura,Logistics / Warehouse,Service,5210,Green,,,,,contact0225@examplebiz.in,2017-05-13,2019-06-29,CLOSED,,,2026-04-17,pan_hash;gstin_hash;phone
KAR-SHOP-BLRU-2018-000149,SHOP,Karnataka Shops and Commercial Establishments,ENT-00225,Asha Enterprises,Asha Entp,Director Masked,"No 274, B 2nd Main, Whitefield, B'luru Urban, KA - 560037",Whitefield,Bengaluru Urban,BLRU,560037,Ward-085,Mahadevapura,Logistics / Warehouse,Service,5210,Green,,,,,contact0225@examplebiz.in,2018-04-03,2021-07-28,CLOSED,3,,2026-03-23,pan_hash;gstin_hash;phone
GST-KA-BLRU-2016-000176,GST,GST Taxpayer Registry,ENT-00226,Sree Toos LLP,SREE TOOLS,Owner B,"No 245, Mn Rd, Whitefield Mn Rd, B'luru Urban, K'taka - 560066",Whitefield Main Road,Bengaluru Urban,BLRU,560064,Ward-083,Mahadevapura,Machine Tools,Manufacturing,2819,Orange,PAN_2D9B0A600CB57046,GSTIN_47A4BB2AE7580D53,,,,2016-11-22,2017-09-05,CLOSED,,0-10,2026-02-20,phone;email;pin_drift
PCB/BLRU/CTE/2016/00097,KSPCB,Karnataka State Pollution Control Board,ENT-00226,M/S Sree Tools LLP,Sree Tools,Owner B,"No. 245, Main Rd, Whitefield Main Rd, B'luru Urban, Karnataka - 560066",Whitefield Main Road,Bengaluru Urban,BLRU,560066,Ward-083,Mahadevapura,Machine Tools,Manufacturing,2819,Orange,,,,9001789831,,2016-08-05,2025-07-17,ACTIVE,120,,2026-04-16,pan_hash;gstin_hash;email
LAB-KA-BLRU-2019-000114,LABOUR,Labour Department,ENT-00226,Sree Tools LLP,,,"245, Mn Rd, Whitefield Mn Rd, Bangalore Urban, K'taka - 560066",Whitefield Main Road,Bengaluru Urban,BLRU,560066,Ward-083,Mahadevapura,Machine Tools,Manufacturing,2819,Orange,PAN_2D9B0A600CB57046,,,,contact0226@examplebiz.in,2019-08-29,2021-04-14,CLOSED,120,0-10,2026-04-10,gstin_hash;phone
UDYAM-KR-BLRU-2015-000110,UDYAM,Udyam / MSME Registry,ENT-00226,Sree Tools LLP,SREE TOOLS,Managing Partner,"#245, Main Road, Whitefield Main Road, Bengaluru Urban, KA - 560066",Whitefield Main Road,Bengaluru Urban,BLRU,560066,Ward-083,Mahadevapura,Machine Tools,Manufacturing,2819,Orange,PAN_2D9B0A600CB57046,,,9001789831,contact0226@examplebiz.in,2015-12-07,2022-08-29,CLOSED,,0-10,2026-02-23,gstin_hash
GST-KA-BLRU-2023-000177,GST,GST Taxpayer Registry,ENT-00227,Harsha LLP,,Partner 1,"No 77, Shed Industrial Layout, Koramangala, B'luru Urban, KA - 560034",Koramangala,Bengaluru Urban,BLRU,560034,Ward-151,South-East,Textile / Garments,Manufacturing,1410,Green,PAN_33D024FFE853BC47,,,9001797750,,2023-03-10,2025-06-26,ACTIVE,18,500+,2025-12-10,gstin_hash;email
PCB/BLRU/CTO/2017/00098,KSPCB,Karnataka State Pollution Control Board,ENT-00227,Harsha LLP,M/S Harsha,Owner B,"77, Shed Industrial Layout, Koramangala, Bangalore Urban, KA - 560034",Koramangala,Bengaluru Urban,BLRU,560034,Ward-151,South-East,Textile / Garments,Manufacturing,1410,Green,PAN_33D024FFE853BC47,,,,,2017-04-01,2022-02-17,CLOSED,,500+,2025-11-14,gstin_hash;phone;email
LAB-KA-BLRU-2016-000115,LABOUR,Labour Department,ENT-00227,Harsha LLP,,Managing Partner,"#77, Shed Industrial Layout, Koramangala, B'luru Urban, KA - 560034",Koramangala,Bengaluru Urban,BLRU,560034,Ward-151,South-East,Textile / Garments,Manufacturing,1410,Green,,,,9001797750,,2016-10-13,2023-04-29,CLOSED,18,,2026-03-18,pan_hash;gstin_hash;email
KFBIS-FAC-BLRU-2025-000104,FACTORY,"Factories, Boilers, Industrial Safety and Health",ENT-00228,Kaveri Print Company,Kaveri Print Co,Owner B,"No. 254, 1st Cr, Rajajinagar Industrial Suburb, B'luru Urban, KA - 560059",Rajajinagar Industrial Suburb,Bengaluru Urban,BLRU,560059,Ward-067,West,Printing / Packaging,Manufacturing,1811,Orange,PAN_60A912FAABF10F02,,,,,2025-03-20,2026-04-05,ACTIVE,2,,2026-02-19,gstin_hash;phone;email
GST-KA-BLRU-2020-000178,GST,GST Taxpayer Registry,ENT-00228,Kaveri Print Company,Kaveri Prin Company,Partner 1,"No 254, 1st Cr, Rajajinagar Industrial Suburb, Bangalore Urban, K'taka - 560059",Rajajinagar Industrial Suburb,Bengaluru Urban,BLRU,560059,Ward-067,West,Printing / Packaging,Manufacturing,1811,Orange,PAN_60A912FAABF10F02,,,,,2020-06-06,2022-05-24,CLOSED,,0-10,2026-01-28,gstin_hash;phone;email
KAR-SHOP-BLRU-2015-000150,SHOP,Karnataka Shops and Commercial Establishments,ENT-00228,Kaveri Print Company,,Managing Partner,"254, 1st Crs, Rajajinagar Industrial Suburb, Bengaluru Urban, Karnataka - 560059",Rajajinagar Industrial Suburb,Bengaluru Urban,BLRU,560059,Ward-067,West,Printing / Packaging,Manufacturing,1811,Orange,,,,,,2015-05-10,2022-11-30,CLOSED,2,,2026-05-04,pan_hash;gstin_hash;phone;email
UDYAM-KR-BLRU-2023-000111,UDYAM,Udyam / MSME Registry,ENT-00228,Kaveri Print Company,KAVERI PRINT COMPANY,Owner A,"254, 1st Crs, Rajajinagar Industrial Suburb, Bengaluru Urban, KA - 560059",Rajajinagar Industrial Suburb,Bengaluru Urban,BLRU,560059,Ward-067,West,Printing / Packaging,Manufacturing,1811,Orange,PAN_60A912FAABF10F02,,UDYAM_EC40EEEEFCE34A59,,,2023-03-12,2026-04-22,ACTIVE,2,0-10,2026-02-16,gstin_hash;phone;email
BBMP-TL-TUMA-2023-000087,BBMP,BBMP Trade Licence,ENT-00229,Lakshmi Medical LLP,,,"257, A Near Bus Stop, BH Road, Tumakuru, Karnataka - 572101",BH Road,Tumakuru,TUM,572101,Ward-T01,Tumakuru,Pharmacy / Medical Retail,Retail,4772,Green,PAN_6050C8E371DDADD8,,,,,2023-02-14,2024-01-23,DORMANT,8,100-500,2026-03-24,gstin_hash;phone;email
LAB-KA-TUM-2024-000116,LABOUR,Labour Department,ENT-00229,Lakshmi Medical LLP,Lakshmi Medical,Owner B,"No 257, A Near Bus Stop, BH Road, Tumakuru, KA - 572101",BH Road,Tumakuru,TUM,572101,Ward-T01,Tumakuru,Pharmacy / Medical Retail,Retail,4772,Green,,,,9001813588,,2024-09-22,2025-08-28,CLOSED,8,,2026-03-08,pan_hash;gstin_hash;email
UDYAM-KR-TUM-2021-000112,UDYAM,Udyam / MSME Registry,ENT-00229,Lakshmi Medical LLP,M/S Lakshmi Medical,Director Masked,"#257, A Near Bus Stop, BH Road, Tumakuru, Karnataka - 572101",BH Road,Tumakuru,TUM,572101,Ward-T01,Tumakuru,Pharmacy / Medical Retail,Retail,4772,Green,PAN_6050C8E371DDADD8,,UDYAM_AD2F73D143F4FE1F,9001813588,,2021-03-31,2024-11-24,DORMANT,8,,2025-11-15,gstin_hash;email
BBMP-TL-BENG-2019-000088,BBMP,BBMP Trade Licence,ENT-00230,Kaveri Meds Pvt Ltd,Kaveri Meds,Owner B,"No 8, Plot Behind Metro, Bagalur, Bengaluru Rural, KA",Bagalur,Bengaluru Rural,BLRR,562157,Ward-R07,Bengaluru Rural,Pharmacy / Medical Retail,Retail,4772,Green,,GSTIN_C5634421BA171F7C,,,,2019-08-13,2021-03-14,CLOSED,,10-25,2026-03-21,pan_hash;phone;email
KAR-SHOP-BLRR-2018-000151,SHOP,Karnataka Shops and Commercial Establishments,ENT-00230,Kaveri Meds Pv Ltd,Kaveri Meds,,"No. 8, Plot Behind Metro, Bagalur, Bangalore Rural, Karnataka - 562157",Bagalur,Bengaluru Rural,BLRR,562157,Ward-R07,Bengaluru Rural,Pharmacy / Medical Retail,Retail,4772,Green,PAN_816459A08C7ADBAE,,,,,2018-06-15,2022-04-13,CLOSED,,,2026-02-26,gstin_hash;phone;email
GST-KA-TUM-2017-000179,GST,GST Taxpayer Registry,ENT-00231,Veda LLP,,Director Masked,"No 243, Plot 3rd Phase, BH Road, Tumakuru, KA - 572101",BH Road,Tumakuru,TUM,572101,Ward-T01,Tumakuru,Restaurant / Cafe,Service,5610,Green,PAN_683001A870C92F4E,GSTIN_F61B7698CC768FAA,,,,2017-09-23,2018-10-19,CLOSED,120,,2026-03-27,phone;email
LAB-KA-TUM-2019-000117,LABOUR,Labour Department,ENT-00231,Veda LLP,Veda,Partner 1,"#243, Plot 3rd Phase, BH Road, Tumakuru, K'taka - 572101",BH Road,Tumakuru,TUM,572106,Ward-T01,Tumakuru,Restaurant / Cafe,Service,5610,Green,PAN_683001A870C92F4E,GSTIN_F61B7698CC768FAA,,,,2019-02-12,2022-12-26,CLOSED,120,,2025-12-31,phone;email;pin_drift
KAR-SHOP-TUM-2025-000152,SHOP,Karnataka Shops and Commercial Establishments,ENT-00231,M/S Veda LLP,Veda,Director Masked,"No. 243, Plot 3rd Phase, BH Road, Tumakuru, KA - 572101",BH Road,Tumakuru,TUM,572101,Ward-T01,Tumakuru,Restaurant / Cafe,Service,5610,Green,PAN_683001A870C92F4E,,,,,2025-10-29,2026-04-25,ACTIVE,120,,2025-11-11,gstin_hash;phone;email
KFBIS-FAC-BLRR-2024-000105,FACTORY,"Factories, Boilers, Industrial Safety and Health",ENT-00232,Aditya Tech Enterprises,Aditya Tech Enterprises,Director Masked,"No 150, C 1st Cross, Bagalur, Bangalore Rural, Karnataka",Bagalur,Bengaluru Rural,BLRR,562157,Ward-R07,Bengaluru Rural,Electronics Assembly,Manufacturing,2610,Orange,,,UDYAM_A8E406437C54A231,,,2024-09-13,2025-06-05,ACTIVE,4,,2026-03-08,pan_hash;gstin_hash;phone;email
GST-KA-BLRR-2021-000180,GST,GST Taxpayer Registry,ENT-00232,M/S Aditya Tech Enterprises,Aditya Tech Entp,Partner 1,"No 150, C 1st Cr, Bagalur, B'luru Rural, KA - 562157",Bagalur,Bengaluru Rural,BLRR,562157,Ward-R07,Bengaluru Rural,Electronics Assembly,Manufacturing,2610,Orange,,,UDYAM_A8E406437C54A231,,,2021-12-02,2022-09-26,CLOSED,4,25-50,2025-11-16,pan_hash;gstin_hash;phone;email
PCB/BLRR/CTE/2018/00099,KSPCB,Karnataka State Pollution Control Board,ENT-00232,Aditya Tech Enterprises,Aditya Tech Enterprises,Owner B,"No 150, C 1st Crs, Bagalur, B'luru Rural, KA - 562157",Bagalur,Bengaluru Rural,BLRR,562157,Ward-R07,Bengaluru Rural,Electronics Assembly,Manufacturing,2610,Orange,,,,,,2018-06-18,2021-01-24,CLOSED,4,25-50,2026-02-04,pan_hash;gstin_hash;phone;email
LAB-KA-BLRR-2023-000118,LABOUR,Labour Department,ENT-00232,Aditya Tech Enterprises,Aditya Tech Enterprises,Owner B,"No 150, C 1st Cr, Bagalur, B'luru Rural, K'taka - 562157",Bagalur,Bengaluru Rural,BLRR,562157,Ward-R07,Bengaluru Rural,Electronics Assembly,Manufacturing,2610,Orange,,,,,,2023-09-14,2024-01-04,DORMANT,4,25-50,2026-02-16,pan_hash;gstin_hash;phone;email
GST-KA-MYS-2023-000181,GST,GST Taxpayer Registry,ENT-00233,Srinidhi Traders,Srinidh Traders,Owner A,"#268, Shed Extension, Hebbal Industrial Area, Mysuru, K'taka - 570016",Hebbal Industrial Area,Mysuru,MYS,570016,Ward-M21,North,Machine Tools,Manufacturing,2819,Orange,PAN_144B2AE572B63DB3,GSTIN_14252400B96E6E4F,,9001845264,,2023-01-07,2023-10-26,DORMANT,3,10-25,2025-12-20,email
PCB/MYS/CTE/2020/00100,KSPCB,Karnataka State Pollution Control Board,ENT-00233,Srinidhi Traders,,,"#268, Shed Extension, Hebbal Industrial Area, Mysuru, Karnataka - 570016",Hebbal Industrial Area,Mysuru,MYS,570016,Ward-M21,North,Machine Tools,Manufacturing,2819,Orange,PAN_144B2AE572B63DB3,GSTIN_14252400B96E6E4F,,9001845264,,2020-12-03,2023-06-22,DORMANT,,,2026-01-29,email
UDYAM-KR-MYS-2020-000113,UDYAM,Udyam / MSME Registry,ENT-00233,M/S Srinidhi Traders,SRNIDHI TRADERS,,"#268, Shed Extension, Hebbal Industrial Area, Mysuru, KA - 570016",Hebbal Industrial Area,Mysuru,MYS,570016,Ward-M21,North,Machine Tools,Manufacturing,2819,Orange,PAN_144B2AE572B63DB3,GSTIN_14252400B96E6E4F,,9001845264,,2020-04-07,2023-02-23,CLOSED,3,,2025-12-31,email
BBMP-TL-YELA-2022-000089,BBMP,BBMP Trade Licence,ENT-00234,M/S Prakruthi Biryani Solutions,Prakruthi Biryani Solutions,Managing Partner,"No. 202, B Behind Metro, Yelahanka, Bangalore Urban, Karnataka - 560064",Yelahanka,Bengaluru Urban,BLRU,560064,Ward-004,Yelahanka,Restaurant / Cafe,Service,5610,Green,PAN_E4DEE4B385129038,GSTIN_5E35136DA83447D1,,9001853183,contact0234@examplebiz.in,2022-07-20,2023-12-30,DORMANT,3,,2026-03-10,
GST-KA-BLRU-2025-000182,GST,GST Taxpayer Registry,ENT-00234,M/S Prakruthi Biryani Solutions,Prakruthi Biryani Solutions,Managing Partner,"No. 202, B Behind Metro, Yelahanka, Bangalore Urban, KA - 560064",Yelahanka,Bengaluru Urban,BLRU,560064,Ward-004,Yelahanka,Restaurant / Cafe,Service,5610,Green,PAN_E4DEE4B385129038,GSTIN_5E35136DA83447D1,,,,2025-08-20,2025-12-12,ACTIVE,3,,2026-03-12,phone;email
KAR-SHOP-BLRU-2021-000153,SHOP,Karnataka Shops and Commercial Establishments,ENT-00234,M/S Prakrthi Biryani Solutions,M/S Prakruthi Biryani Solutions,Partner 1,"#202, B Behind Metro, Yelahanka, B'luru Urban, KA - 560064",Yelahanka,Bengaluru Urban,BLRU,560001,Ward-004,Yelahanka,Restaurant / Cafe,Service,5610,Green,,GSTIN_5E35136DA83447D1,,,,2021-03-03,2026-01-24,ACTIVE,,10-25,2026-04-10,pan_hash;phone;email;pin_drift
UDYAM-KR-BLRU-2019-000114,UDYAM,Udyam / MSME Registry,ENT-00234,Prakruthi Biryani Solutions,Prakruthi Biryani Solutions,Managing Partner,"No 202, B Behind Metro, Yelahanka, B'luru Urban, Karnataka - 560064",Yelahanka,Bengaluru Urban,BLRU,560064,Ward-004,Yelahanka,Restaurant / Cafe,Service,5610,Green,PAN_E4DEE4B385129038,GSTIN_5E35136DA83447D1,UDYAM_74C214B26994B598,,contact0234@examplebiz.in,2019-02-11,2022-07-04,CLOSED,3,10-25,2026-03-19,phone
GST-KA-BLRU-2024-000183,GST,GST Taxpayer Registry,ENT-00235,Sahana Industries,Sahana Industries,Partner 1,"#149, B Main Rd, Bannerghatta Road, Bengaluru Urban, K'taka - 560076",Bannerghatta Road,Bengaluru Urban,BLRU,560076,Ward-177,South,Printing / Packaging,Manufacturing,1811,Orange,PAN_8714F7C507582EA6,GSTIN_18133BB07F6F59F4,,,contact0235@examplebiz.in,2024-04-22,2025-04-25,DORMANT,12,,2025-12-07,phone
LAB-KA-BLRU-2024-000119,LABOUR,Labour Department,ENT-00235,Sahana Industries,Sahana Inds,Owner B,"149, B Main Road, Bannerghatta Road, Bengaluru Urban, KA - 560076",Bannerghatta Road,Bengaluru Urban,BLRU,560076,Ward-177,South,Printing / Packaging,Manufacturing,1811,Orange,,GSTIN_18133BB07F6F59F4,,,contact0235@examplebiz.in,2024-02-09,2026-02-05,ACTIVE,12,25-50,2026-02-07,pan_hash;phone
KAR-SHOP-BLRU-2023-000154,SHOP,Karnataka Shops and Commercial Establishments,ENT-00235,Sahana Industries,,,"149, B Main Road, Bannerghatta Road, Bangalore Urban, KA - 560076",Bannerghatta Road,Bengaluru Urban,BLRU,560076,Ward-177,South,Printing / Packaging,Manufacturing,1811,Orange,,,,,,2023-11-21,2025-08-31,ACTIVE,12,25-50,2025-12-01,pan_hash;gstin_hash;phone;email
UDYAM-KR-BLRU-2024-000115,UDYAM,Udyam / MSME Registry,ENT-00235,Sahana Industries,,Owner A,"No 149, B Main Rd, Bannerghatta Road, Bangalore Urban, K'taka - 560076",Bannerghatta Road,Bengaluru Urban,BLRU,560076,Ward-177,South,Printing / Packaging,Manufacturing,1811,Orange,PAN_8714F7C507582EA6,,,,,2024-04-30,2025-10-13,ACTIVE,12,25-50,2025-12-14,gstin_hash;phone;email
BBMP-TL-SOUT-2017-000090,BBMP,BBMP Trade Licence,ENT-00236,M/S Bharath Cargo Pvt Ltd,,Director Masked,"#196, B Service Road, Koramangala, Bengaluru Urban, KA - 560034",Koramangala,Bengaluru Urban,BLRU,560034,Ward-151,South-East,Logistics / Warehouse,Service,5210,Green,,,,9001869021,contact0236@examplebiz.in,2017-03-20,2023-07-06,DORMANT,,25-50,2026-04-13,pan_hash;gstin_hash
GST-KA-BLRU-2022-000184,GST,GST Taxpayer Registry,ENT-00236,BHARATH CARGO PVT LTD,Bharath Cargo,Owner A,"No 196, B Service Road, Koramangala, Bangalore Urban, Karnataka - 560034",Koramangala,Bengaluru Urban,BLRU,560034,Ward-151,South-East,Logistics / Warehouse,Service,5210,Green,,,,9001869021,,2022-08-16,2023-09-02,DORMANT,12,,2025-12-31,pan_hash;gstin_hash;email
KAR-SHOP-BLRU-2023-000155,SHOP,Karnataka Shops and Commercial Establishments,ENT-00236,M/S Bharath Cargo Pvt Ltd,,Owner B,"#196, B Service Road, Koramangala, B'luru Urban, K'taka - 560034",Koramangala,Bengaluru Urban,BLRU,560034,Ward-151,South-East,Logistics / Warehouse,Service,5210,Green,,,,9001869021,,2023-08-05,2023-11-19,DORMANT,12,25-50,2025-12-20,pan_hash;gstin_hash;email
GST-KA-BLRU-2024-000185,GST,GST Taxpayer Registry,ENT-00237,SHARMA PRINT ENTERPRISES,Sharma Print Enterprises,Partner 1,"No. 221, B Near Bus Stop, Banashankari, B'luru Urban, Karnataka - 560085",Banashankari,Bengaluru Urban,BLRU,560085,Ward-182,South,Printing / Packaging,Manufacturing,1811,Orange,,,UDYAM_AE0426F66F2C2879,9001876940,,2024-05-12,2026-01-28,ACTIVE,4,10-25,2026-04-09,pan_hash;gstin_hash;email
PCB/BLRU/CTE/2016/00101,KSPCB,Karnataka State Pollution Control Board,ENT-00237,M/S Sharma Print Enterprises,,Managing Partner,"No 221, B Near Bus Stop, Banashankari, Bengaluru Urban, Karnataka - 560085",Banashankari,Bengaluru Urban,BLRU,560085,Ward-182,South,Printing / Packaging,Manufacturing,1811,Orange,,,,9001876940,,2016-06-23,2020-10-26,CLOSED,4,,2026-03-27,pan_hash;gstin_hash;email
KAR-SHOP-BLRU-2015-000156,SHOP,Karnataka Shops and Commercial Establishments,ENT-00237,Sharma Print Enterprises,Sharma Print Enterprises,,"#221, B Near Bus Stop, Banashankari, B'luru Urban, K'taka - 560085",Banashankari,Bengaluru Urban,BLRU,560085,Ward-182,South,Printing / Packaging,Manufacturing,1811,Orange,,,,9001876940,,2015-03-11,2018-10-08,CLOSED,4,,2025-11-25,pan_hash;gstin_hash;email
UDYAM-KR-BLRU-2018-000116,UDYAM,Udyam / MSME Registry,ENT-00237,Sharma Print Enterprises,,Partner 1,"221, B Near Bus Stop, Banashankari, B'luru Urban, Karnataka - 560085",Banashankari,Bengaluru Urban,BLRU,560085,Ward-182,South,Printing / Packaging,Manufacturing,1811,Orange,,,UDYAM_AE0426F66F2C2879,,contact0237@examplebiz.in,2018-03-11,2026-02-10,ACTIVE,4,,2025-11-24,pan_hash;gstin_hash;phone
GST-KA-BLRU-2021-000186,GST,GST Taxpayer Registry,ENT-00238,Kaveri Components Entp,KAVERI COMPONENTS ENTP,Managing Partner,"#221, B Extension, Jayanagar, Bengaluru Urban, KA - 560078",Jayanagar,Bengaluru Urban,BLRU,560078,Ward-168,South,Electronics Assembly,Manufacturing,2610,Orange,,,,9001884859,,2021-06-28,2022-10-24,CLOSED,,50-100,2026-01-30,pan_hash;gstin_hash;email
PCB/BLRU/CTO/2017/00102,KSPCB,Karnataka State Pollution Control Board,ENT-00238,M/S Kaveri Components Enterprises,Kaveri Components Enterprises,Managing Partner,"#221, B Extension, Jayanagar, B'luru Urban, K'taka - 560078",Jayanagar,Bengaluru Urban,BLRU,560078,Ward-168,South,Electronics Assembly,Manufacturing,2610,Orange,,,,9001884859,contact0238@examplebiz.in,2017-05-22,2018-10-19,CLOSED,5,50-100,2026-03-26,pan_hash;gstin_hash
KAR-SHOP-BLRU-2019-000157,SHOP,Karnataka Shops and Commercial Establishments,ENT-00238,Kaveri Components Enterprises,Kaveri Components Enterprises,Director Masked,"No. 221, B Extension, Jayanagar, B'luru Urban, K'taka - 560078",Jayanagar,Bengaluru Urban,BLRU,560078,Ward-168,South,Electronics Assembly,Manufacturing,2610,Orange,,,,9001884859,,2019-03-20,2021-10-17,CLOSED,5,,2025-12-02,pan_hash;gstin_hash;email
UDYAM-KR-BLRU-2024-000117,UDYAM,Udyam / MSME Registry,ENT-00238,M/S KAVERI COMPONENTS ENTP,Kaveri Components Entp,Managing Partner,"No. 221, B Extension, Jayanagar, Bangalore Urban, K'taka",Jayanagar,Bengaluru Urban,BLRU,560078,Ward-168,South,Electronics Assembly,Manufacturing,2610,Orange,,,UDYAM_0BBE73D7246221A3,,,2024-03-07,2026-01-17,ACTIVE,5,,2026-03-10,pan_hash;gstin_hash;phone;email
BBMP-TL-TUMA-2018-000091,BBMP,BBMP Trade Licence,ENT-00239,M/S Aditya Labels Enterprises,Aditya Labels Enterprises,Managing Partner,"No 296, Shed Behind Metro, BH Road, Tumakuru, Karnataka - 572101",BH Road,Tumakuru,TUM,572106,Ward-T01,Tumakuru,Printing / Packaging,Manufacturing,1811,Orange,,,,9001892778,,2018-12-19,2019-09-09,CLOSED,180,,2026-02-23,pan_hash;gstin_hash;email;pin_drift
KFBIS-FAC-TUM-2018-000106,FACTORY,"Factories, Boilers, Industrial Safety and Health",ENT-00239,M/S Aditya Labels Enterprises,Aditya Labels Enterprises,Director Masked,"#296, Shed Behind Metro, BH Road, Tumakuru, K'taka - 572101",BH Road,Tumakuru,TUM,572101,Ward-T01,Tumakuru,Printing / Packaging,Manufacturing,1811,Orange,,,,,,2018-05-03,2020-06-04,CLOSED,180,,2026-04-29,pan_hash;gstin_hash;phone;email
GST-KA-TUM-2022-000187,GST,GST Taxpayer Registry,ENT-00239,Aditya Labels Entp,ADITYA LABELS ENTERPRISES,Owner A,"#296, Shed Behind Metro, BH Road, Tumakuru, Karnataka - 572101",BH Road,Tumakuru,TUM,572101,Ward-T01,Tumakuru,Printing / Packaging,Manufacturing,1811,Orange,,,,9001892778,,2022-04-05,2024-08-11,DORMANT,180,50-100,2025-12-29,pan_hash;gstin_hash;email
KAR-SHOP-TUM-2019-000158,SHOP,Karnataka Shops and Commercial Establishments,ENT-00239,Aditya Labels nterprises,M/S Aditya Labels Entp,,"296, Shed Behind Metro, BH Road, Tumakuru, KA - 572101",BH Road,Tumakuru,TUM,572101,Ward-T01,Tumakuru,Printing / Packaging,Manufacturing,1811,Orange,,,,9001892778,,2019-11-22,2021-04-30,CLOSED,180,,2026-01-02,pan_hash;gstin_hash;email
UDYAM-KR-TUM-2021-000118,UDYAM,Udyam / MSME Registry,ENT-00239,Aditya Labels Enterprises,M/S ADITYA LABELS ENTERPRISES,Owner B,"296, Shed Behind Metro, BH Road, Tumakuru, K'taka - 572101",BH Road,Tumakuru,TUM,572101,Ward-T01,Tumakuru,Printing / Packaging,Manufacturing,1811,Orange,,,,,,2021-07-31,2022-03-21,CLOSED,,50-100,2026-04-14,pan_hash;gstin_hash;phone;email
BBMP-TL-SOUT-2023-000092,BBMP,BBMP Trade Licence,ENT-00240,Sahana Industries Co,,Partner 1,"299, Main Rd, Nanjangud Road, Mysuru, KA - 570018",Nanjangud Road,Mysuru,MYS,570018,Ward-M32,South,Machine Tools,Manufacturing,2819,Orange,,,,9001900697,,2023-05-02,2026-01-30,ACTIVE,8,0-10,2026-04-16,pan_hash;gstin_hash;email
KFBIS-FAC-MYS-2022-000107,FACTORY,"Factories, Boilers, Industrial Safety and Health",ENT-00240,Sahana Industries Co,Sahana Industries Co,Owner A,"299, Main Rd, Nanjangud Road, Mysuru, K'taka - 570018",Nanjangud Road,Mysuru,MYS,570018,Ward-M32,South,Machine Tools,Manufacturing,2819,Orange,,,,,contact0240@examplebiz.in,2022-01-13,2025-10-17,ACTIVE,8,0-10,2026-02-24,pan_hash;gstin_hash;phone
GST-KA-MYS-2015-000188,GST,GST Taxpayer Registry,ENT-00240,M/S Sahana Industries Co,M/S Sahana Industries Co,Owner A,"299, Main Road, Nanjangud Road, Mysuru, Karnataka - 570018",Nanjangud Road,Mysuru,MYS,570018,Ward-M32,South,Machine Tools,Manufacturing,2819,Orange,,GSTIN_0CF374A1AB8DE340,,,contact0240@examplebiz.in,2015-03-07,2025-12-04,ACTIVE,8,,2026-01-30,pan_hash;phone
PCB/MYS/CTO/2021/00103,KSPCB,Karnataka State Pollution Control Board,ENT-00240,Sahana Industries Co,Sahana Inds Co,Owner A,"299, Main Rd, Nanjangud Road, Mysuru, KA",Nanjangud Road,Mysuru,MYS,570018,Ward-M32,South,Machine Tools,Manufacturing,2819,Orange,,GSTIN_0CF374A1AB8DE340,,,contact0240@examplebiz.in,2021-07-09,2022-09-22,CLOSED,,0-10,2025-12-02,pan_hash;phone
KAR-SHOP-MYS-2021-000159,SHOP,Karnataka Shops and Commercial Establishments,ENT-00240,M/S Sahana Industries Co,Sahana Industries Co,,"299, Mn Rd, Nanjangud Road, Mysuru, K'taka - 570018",Nanjangud Road,Mysuru,MYS,570018,Ward-M32,South,Machine Tools,Manufacturing,2819,Orange,,,,9001900697,contact0240@examplebiz.in,2021-07-21,2024-02-23,DORMANT,8,,2026-01-19,pan_hash;gstin_hash
GST-KA-BLRU-2025-000189,GST,GST Taxpayer Registry,ENT-00241,M/S Mysore Biryani Associates,,Owner B,"No. 96, D 2nd Main, Whitefield Main Rd, Bangalore Urban, K'taka - 560066",Whitefield Main Road,Bengaluru Urban,BLRU,560066,Ward-083,Mahadevapura,Restaurant / Cafe,Service,5610,Green,PAN_16C15F0E7DD2714D,GSTIN_B7D0C5B514E96A62,,,,2025-04-04,2026-01-20,ACTIVE,85,25-50,2025-12-21,phone;email
PCB/BLRU/CTO/2021/00104,KSPCB,Karnataka State Pollution Control Board,ENT-00241,M/S Mysore Biryan Associates,Mysore Biryani Associates,Partner 1,"96, D 2nd Main, Whitefield Main Road, Bangalore Urban, K'taka - 560066",Whitefield Main Road,Bengaluru Urban,BLRU,560066,Ward-083,Mahadevapura,Restaurant / Cafe,Service,5610,Green,,,,,,2021-10-31,2022-06-25,CLOSED,85,25-50,2025-11-18,pan_hash;gstin_hash;phone;email
LAB-KA-BLRU-2021-000120,LABOUR,Labour Department,ENT-00241,Mysore Biryani Associates,Mysore Biryani Associates,Owner A,"No 96, D 2nd Main, Whitefield Main Road, B'luru Urban, K'taka - 560066",Whitefield Main Road,Bengaluru Urban,BLRU,560066,Ward-083,Mahadevapura,Restaurant / Cafe,Service,5610,Green,PAN_16C15F0E7DD2714D,,,,,2021-12-05,2022-11-06,CLOSED,85,25-50,2026-03-25,gstin_hash;phone;email
KAR-SHOP-BLRU-2023-000160,SHOP,Karnataka Shops and Commercial Establishments,ENT-00241,Mysore Biryani Associates,Mysore Biryani Associates,Owner B,"No. 96, D 2nd Main, Whitefield Main Road, Bangalore Urban, K'taka",Whitefield Main Road,Bengaluru Urban,BLRU,560066,Ward-083,Mahadevapura,Restaurant / Cafe,Service,5610,Green,,GSTIN_B7D0C5B514E96A62,,,,2023-09-24,2024-02-24,DORMANT,85,,2025-12-12,pan_hash;phone;email
BBMP-TL-SOUT-2018-000093,BBMP,BBMP Trade Licence,ENT-00242,M/S Nisarga Clinic Solutions,,Director Masked,"No. 136, A Main Road, BTM Layout, Bengaluru Urban, K'taka",BTM Layout,Bengaluru Urban,BLRU,560029,Ward-176,South,Pharmacy / Medical Retail,Retail,4772,Green,,,,9001916535,,2018-05-09,2019-10-01,CLOSED,180,500+,2026-03-13,pan_hash;gstin_hash;email
GST-KA-BLRU-2020-000190,GST,GST Taxpayer Registry,ENT-00242,Nisarga Clinic Solutions,Nisarga Clinic Solutions,Owner B,"No 136, A Main Road, BTM Layout, Bangalore Urban, KA - 560029",BTM Layout,Bengaluru Urban,BLRU,560029,Ward-176,South,Pharmacy / Medical Retail,Retail,4772,Green,,,,,,2020-03-16,2021-10-23,CLOSED,180,,2026-01-26,pan_hash;gstin_hash;phone;email
KFBIS-FAC-BLRU-2024-000108,FACTORY,"Factories, Boilers, Industrial Safety and Health",ENT-00243,Sharma Moulding ndustries,Sharma Moulding Inds,Owner A,"No 106, C Extension, MG Road, Bangalore Urban, K'taka - 560001",MG Road,Bengaluru Urban,BLRU,560001,Ward-111,East,Plastic Moulding,Manufacturing,2220,Red,PAN_204F0D5092A8347D,,,,,2024-09-10,2024-12-10,DORMANT,3,10-25,2026-05-04,gstin_hash;phone;email
GST-KA-BLRU-2017-000191,GST,GST Taxpayer Registry,ENT-00243,SHARMA MOULDING INDUSTRIES,Sharma Moulding Industries,Owner B,"#106, C Extension, MG Road, Bangalore Urban, KA - 560001",MG Road,Bengaluru Urban,BLRU,560029,Ward-111,East,Plastic Moulding,Manufacturing,2220,Red,PAN_204F0D5092A8347D,GSTIN_57E7E5251FF179EF,UDYAM_93E1987A519F722C,,,2017-12-29,2020-04-28,CLOSED,,,2025-12-25,phone;email;pin_drift
PCB/BLRU/CTE/2025/00105,KSPCB,Karnataka State Pollution Control Board,ENT-00243,Sharma Moulding Inds,Sharma Moulding Industries,Director Masked,"No. 106, C Extension, MG Road, Bangalore Urban, KA - 560001",MG Road,Bengaluru Urban,BLRU,560001,Ward-111,East,Plastic Moulding,Manufacturing,2220,Red,,GSTIN_57E7E5251FF179EF,,,,2025-06-21,2025-12-14,ACTIVE,3,,2026-03-29,pan_hash;phone;email
UDYAM-KR-BLRU-2017-000119,UDYAM,Udyam / MSME Registry,ENT-00243,Sharma Moulding Industries,SHARMA MOULDING INDUSTRIES,Managing Partner,"No 106, C Extension, MG Road, Bangalore Urban, K'taka - 560001",MG Road,Bengaluru Urban,BLRU,560001,Ward-111,East,Plastic Moulding,Manufacturing,2220,Red,PAN_204F0D5092A8347D,GSTIN_57E7E5251FF179EF,UDYAM_93E1987A519F722C,,,2017-09-23,2025-03-08,DORMANT,,10-25,2025-12-16,phone;email
BBMP-TL-WEST-2019-000094,BBMP,BBMP Trade Licence,ENT-00244,Naveen LLP,Naveen,Partner 1,"#214, Plot 3rd Phase, Rajajinagar Industrial Suburb, B'luru Urban, KA - 560059",Rajajinagar Industrial Suburb,Bengaluru Urban,BLRU,560059,Ward-067,West,Textile / Garments,Manufacturing,1410,Green,,,,,,2019-08-26,2020-10-31,CLOSED,8,500+,2026-02-07,pan_hash;gstin_hash;phone;email
GST-KA-BLRU-2020-000192,GST,GST Taxpayer Registry,ENT-00244,NAVEEN LLP,Naveen,,"#214, Plot 3rd Phase, Rajajinagar Industrial Suburb, Bengaluru Urban, K'taka - 560059",Rajajinagar Industrial Suburb,Bengaluru Urban,BLRU,560059,Ward-067,West,Textile / Garments,Manufacturing,1410,Green,,,,9001932373,,2020-08-08,2023-02-27,CLOSED,8,,2026-02-20,pan_hash;gstin_hash;email
KAR-SHOP-BLRU-2018-000161,SHOP,Karnataka Shops and Commercial Establishments,ENT-00244,Naveen LLP,,Managing Partner,"No. 214, Plot 3rd Phase, Rajajinagar Industrial Suburb, B'luru Urban, K'taka - 560059",Rajajinagar Industrial Suburb,Bengaluru Urban,BLRU,560059,Ward-067,West,Textile / Garments,Manufacturing,1410,Green,,,,9001932373,,2018-03-04,2024-02-29,DORMANT,8,500+,2026-01-07,pan_hash;gstin_hash;email
KFBIS-FAC-BLRR-2023-000109,FACTORY,"Factories, Boilers, Industrial Safety and Health",ENT-00245,Sharma Coatings Pvt Ltd,Sharma Coatings,,"No 200, D Behind Metro, Bagalur, Bengaluru Rural, Karnataka - 562157",Bagalur,Bengaluru Rural,BLRR,562157,Ward-R07,Bengaluru Rural,Chemical Blending,Manufacturing,2029,Red,,,,,,2023-08-31,2024-07-23,CLOSED,12,,2026-02-13,pan_hash;gstin_hash;phone;email
GST-KA-BLRR-2022-000193,GST,GST Taxpayer Registry,ENT-00245,Sharma Coatings Pvt Ltd,SHARMA COATINGS,Managing Partner,"No. 200, D Behind Metro, Bagalur, B'luru Rural, Karnataka - 562157",Bagalur,Bengaluru Rural,BLRR,562157,Ward-R07,Bengaluru Rural,Chemical Blending,Manufacturing,2029,Red,,,,9001940292,,2022-11-28,2025-10-08,CLOSED,12,10-25,2026-04-02,pan_hash;gstin_hash;email
PCB/BLRR/CTO/2015/00106,KSPCB,Karnataka State Pollution Control Board,ENT-00245,Sharma Coatings Pvt Ltd,M/S Sharma Coatings,,"No 200, D Behind Metro, Bagalur, B'luru Rural, KA - 562157",Bagalur,Bengaluru Rural,BLRR,562157,Ward-R07,Bengaluru Rural,Chemical Blending,Manufacturing,2029,Red,,,,,,2015-07-27,2019-09-08,CLOSED,12,,2026-03-18,pan_hash;gstin_hash;phone;email
UDYAM-KR-BLRR-2021-000120,UDYAM,Udyam / MSME Registry,ENT-00245,Sharma Coaings Pvt Ltd,SHARMA COATINGS,,"No. 200, D Behind Metro, Bagalur, B'luru Rural, KA - 562157",Bagalur,Bengaluru Rural,BLRR,562157,Ward-R07,Bengaluru Rural,Chemical Blending,Manufacturing,2029,Red,,,,9001940292,,2021-11-06,2024-09-14,DORMANT,12,,2025-11-05,pan_hash;gstin_hash;email
KFBIS-FAC-BLRU-2021-000110,FACTORY,"Factories, Boilers, Industrial Safety and Health",ENT-00246,Ananya Labs Entp,Ananya Labs Enterprises,Owner B,"11, C Near Bus Stop, Banashankari, B'luru Urban, KA - 560085",Banashankari,Bengaluru Urban,BLRU,560085,Ward-182,South,Machine Tools,Manufacturing,2819,Orange,,GSTIN_0ACDED13D63CA460,,,contact0246@examplebiz.in,2021-02-19,2023-09-25,DORMANT,180,0-10,2025-12-31,pan_hash;phone
GST-KA-BLRU-2025-000194,GST,GST Taxpayer Registry,ENT-00246,M/S Ananya Labs Enterprises,,Director Masked,"11, C Near Bus Stop, Banashankari, B'luru Urban, K'taka - 560085",Banashankari,Bengaluru Urban,BLRU,560085,Ward-182,South,Machine Tools,Manufacturing,2819,Orange,PAN_007EEE6A7361AC72,GSTIN_0ACDED13D63CA460,,9001948211,contact0246@examplebiz.in,2025-07-22,2025-11-05,CLOSED,180,0-10,2026-01-12,
PCB/BLRU/CTE/2025/00107,KSPCB,Karnataka State Pollution Control Board,ENT-00246,Ananya Labs Enterprises,Ananya Labs Enterprises,Director Masked,"No 11, C Near Bus Stop, Banashankari, Bengaluru Urban, Karnataka - 560085",Banashankari,Bengaluru Urban,BLRU,560085,Ward-182,South,Machine Tools,Manufacturing,2819,Orange,,,,9001948211,,2025-12-03,2026-04-10,ACTIVE,180,,2026-01-14,pan_hash;gstin_hash;email
GST-KA-BLRR-2025-000195,GST,GST Taxpayer Registry,ENT-00247,Kaveri Associates,Kaveri Associates,Director Masked,"No 12, B Sector, Devanahalli, B'luru Rural, K'taka - 562110",Devanahalli,Bengaluru Rural,BLRR,562110,Ward-R01,Bengaluru Rural,Printing / Packaging,Manufacturing,1811,Orange,PAN_ECAA29CD4AF7D75C,GSTIN_FA7564FF5CAF8A2C,,9001956130,,2025-03-28,2025-07-12,ACTIVE,,,2025-11-08,email
PCB/BLRR/CTE/2019/00108,KSPCB,Karnataka State Pollution Control Board,ENT-00247,Kaveri Associaes,,Director Masked,"#12, B Sector, Devanahalli, Bangalore Rural, Karnataka - 562110",Devanahalli,Bengaluru Rural,BLRR,562110,Ward-R01,Bengaluru Rural,Printing / Packaging,Manufacturing,1811,Orange,,,,,,2019-02-19,2021-06-26,CLOSED,10,500+,2026-01-21,pan_hash;gstin_hash;phone;email
KAR-SHOP-BLRR-2022-000162,SHOP,Karnataka Shops and Commercial Establishments,ENT-00247,M/S Kaveri Associates,,Owner B,"12, B Sector, Devanahalli, B'luru Rural, Karnataka - 562110",Devanahalli,Bengaluru Rural,BLRR,562110,Ward-R01,Bengaluru Rural,Printing / Packaging,Manufacturing,1811,Orange,,GSTIN_FA7564FF5CAF8A2C,,9001956130,,2022-04-13,2022-07-07,CLOSED,10,,2026-01-14,pan_hash;email
UDYAM-KR-BLRR-2017-000121,UDYAM,Udyam / MSME Registry,ENT-00247,M/S Kaveri Associates,Kaveri Associates,,"No. 12, B Sector, Devanahalli, Bangalore Rural, Karnataka - 562110",Devanahalli,Bengaluru Rural,BLRR,562110,Ward-R01,Bengaluru Rural,Printing / Packaging,Manufacturing,1811,Orange,PAN_ECAA29CD4AF7D75C,,,,,2017-12-03,2024-12-29,DORMANT,,500+,2025-11-22,gstin_hash;phone;email
KFBIS-FAC-BLRU-2017-000111,FACTORY,"Factories, Boilers, Industrial Safety and Health",ENT-00248,M/S Veda Precision Company,Veda Precision Company,Owner A,"No 268, D 1st Cross, Peenya Industrial Area, B'luru Urban, Karnataka - 560058",Peenya Industrial Area,Bengaluru Urban,BLRU,560058,Ward-038,Dasarahalli,Machine Tools,Manufacturing,2819,Orange,,GSTIN_FB130C3561A751D6,,,,2017-10-11,2019-11-14,CLOSED,3,50-100,2026-04-17,pan_hash;phone;email
GST-KA-BLRU-2020-000196,GST,GST Taxpayer Registry,ENT-00248,Veda Precision Company,VEDA PRECISION COMPANY,Director Masked,"#268, D 1st Cross, Peenya Industrial Area, Bangalore Urban, KA - 560058",Peenya Industrial Area,Bengaluru Urban,BLRU,560058,Ward-038,Dasarahalli,Machine Tools,Manufacturing,2819,Orange,PAN_B74F2C0A5BD8CC00,GSTIN_FB130C3561A751D6,,,,2020-09-29,2022-01-17,CLOSED,,50-100,2026-04-29,phone;email
PCB/BLRU/CTE/2020/00109,KSPCB,Karnataka State Pollution Control Board,ENT-00248,M/S Veda Precision Company,Veda Precision Company,Owner B,"No 268, D 1st Cross, Peenya Industrial Estate, Bengaluru Urban, K'taka - 560058",Peenya Industrial Area,Bengaluru Urban,BLRU,560058,Ward-038,Dasarahalli,Machine Tools,Manufacturing,2819,Orange,PAN_B74F2C0A5BD8CC00,,,,,2020-09-07,2021-07-22,CLOSED,3,50-100,2025-11-12,gstin_hash;phone;email
LAB-KA-BLRU-2019-000121,LABOUR,Labour Department,ENT-00248,Veda Precision Company,Veda Precision Company,Partner 1,"No. 268, D 1st Crs, Peenya Indl Area, B'luru Urban, Karnataka - 560058",Peenya Industrial Area,Bengaluru Urban,BLRU,560058,Ward-038,Dasarahalli,Machine Tools,Manufacturing,2819,Orange,,,,,,2019-12-15,2020-08-25,CLOSED,3,,2026-02-04,pan_hash;gstin_hash;phone;email
UDYAM-KR-BLRU-2015-000122,UDYAM,Udyam / MSME Registry,ENT-00248,Veda Precision Company,Veda Precision Co,Owner A,"268, D 1st Cr, Peenya Indl Area, Bengaluru Urban, K'taka - 560058",Peenya Industrial Area,Bengaluru Urban,BLRU,560058,Ward-038,Dasarahalli,Machine Tools,Manufacturing,2819,Orange,PAN_B74F2C0A5BD8CC00,GSTIN_FB130C3561A751D6,UDYAM_2B512E9001FE41C7,,,2015-12-13,2025-12-19,ACTIVE,3,50-100,2026-02-06,phone;email
BBMP-TL-MAHA-2022-000095,BBMP,BBMP Trade Licence,ENT-00249,M/S Deccan Precision Co,Deccan Precision Co,,"#182, C Service Road, Whitefield Main Rd, B'luru Urban, K'taka - 560066",Whitefield Main Road,Bengaluru Urban,BLRU,560066,Ward-083,Mahadevapura,Machine Tools,Manufacturing,2819,Orange,,,,,,2022-09-26,2023-07-15,DORMANT,,0-10,2025-12-08,pan_hash;gstin_hash;phone;email
KFBIS-FAC-BLRU-2016-000112,FACTORY,"Factories, Boilers, Industrial Safety and Health",ENT-00249,Deccan Precision Co,,Managing Partner,"182, C Service Road, Whitefield Main Rd, Bangalore Urban, Karnataka - 560066",Whitefield Main Road,Bengaluru Urban,BLRU,560066,Ward-083,Mahadevapura,Machine Tools,Manufacturing,2819,Orange,,,,9001971968,contact0249@examplebiz.in,2016-06-06,2020-11-29,CLOSED,36,,2026-03-31,pan_hash;gstin_hash
GST-KA-BLRU-2016-000197,GST,GST Taxpayer Registry,ENT-00249,DECCAN PRECISION CO,Deccan Precision Co,Managing Partner,"No 182, C Service Road, Whitefield Main Road, Bangalore Urban, Karnataka - 560066",Whitefield Main Road,Bengaluru Urban,BLRU,560066,Ward-083,Mahadevapura,Machine Tools,Manufacturing,2819,Orange,,,,,contact0249@examplebiz.in,2016-01-23,2026-03-13,ACTIVE,36,0-10,2026-03-20,pan_hash;gstin_hash;phone
PCB/BLRU/CTO/2025/00110,KSPCB,Karnataka State Pollution Control Board,ENT-00249,Deccan Precision Co,Deccan Precision Co,Managing Partner,"No 182, C Service Road, Whitefield Mn Rd, B'luru Urban, Karnataka - 560066",Whitefield Main Road,Bengaluru Urban,BLRU,560066,Ward-083,Mahadevapura,Machine Tools,Manufacturing,2819,Orange,,,,9001971968,,2025-07-21,2026-03-10,ACTIVE,,,2026-01-11,pan_hash;gstin_hash;email
KAR-SHOP-BLRU-2022-000163,SHOP,Karnataka Shops and Commercial Establishments,ENT-00249,M/S Deccan Precision Co,Deccan Precision Co,Partner 1,"No. 182, C Service Road, Whitefield Mn Rd, Bangalore Urban, K'taka - 560066",Whitefield Main Road,Bengaluru Urban,BLRU,560066,Ward-083,Mahadevapura,Machine Tools,Manufacturing,2819,Orange,,,,,,2022-11-17,2024-07-04,DORMANT,36,,2026-03-18,pan_hash;gstin_hash;phone;email
UDYAM-KR-BLRU-2021-000123,UDYAM,Udyam / MSME Registry,ENT-00249,DECCAN PRECISION CO,DECCAN PRECISION CO,Director Masked,"No 182, C Service Road, Whitefield Mn Rd, Bangalore Urban, K'taka - 560066",Whitefield Main Road,Bengaluru Urban,BLRU,560066,Ward-083,Mahadevapura,Machine Tools,Manufacturing,2819,Orange,,,UDYAM_0201CBE1D2B69192,9001971968,contact0249@examplebiz.in,2021-07-10,2023-12-23,DORMANT,36,,2026-02-20,pan_hash;gstin_hash
GST-KA-BLRU-2019-000198,GST,GST Taxpayer Registry,ENT-00250,Aarohi Graphics Solutions,,Partner 1,"No. 103, C 3rd Phase, Yelahanka, Bengaluru Urban, K'taka - 560064",Yelahanka,Bengaluru Urban,BLRU,560064,Ward-004,Yelahanka,Printing / Packaging,Manufacturing,1811,Orange,PAN_D8F6EEA1263F3207,GSTIN_1D367BAFA59215BC,,9001979887,,2019-10-28,2022-04-04,CLOSED,120,,2026-01-22,email
LAB-KA-BLRU-2020-000122,LABOUR,Labour Department,ENT-00250,M/S Aarohi Graphics Solutions,M/S Aarohi Graphics Solutions,Director Masked,"No. 103, C 3rd Phase, Yelahanka, Bengaluru Urban, KA - 560064",Yelahanka,Bengaluru Urban,BLRU,560064,Ward-004,Yelahanka,Printing / Packaging,Manufacturing,1811,Orange,PAN_D8F6EEA1263F3207,,,9001979887,,2020-09-16,2025-02-19,DORMANT,120,,2026-04-15,gstin_hash;email
KAR-SHOP-BLRU-2019-000164,SHOP,Karnataka Shops and Commercial Establishments,ENT-00250,Aarohi Graphics Solutions,Aarohi Graphics Solutions,Owner A,"#103, C 3rd Phase, Yelahanka, Bengaluru Urban, K'taka - 560064",Yelahanka,Bengaluru Urban,BLRU,560064,Ward-004,Yelahanka,Printing / Packaging,Manufacturing,1811,Orange,PAN_D8F6EEA1263F3207,,,,,2019-01-28,2020-06-04,CLOSED,,,2025-11-12,gstin_hash;phone;email
BBMP-TL-BOMM-2015-000096,BBMP,BBMP Trade Licence,ENT-00251,Prakruthi Clinic Pvt Ltd,Prakruthi Clinic,Owner B,"125, B Behind Metro, HSR Layout, B'luru Urban, KA - 560102",HSR Layout,Bengaluru Urban,BLRU,560102,Ward-174,Bommanahalli,Pharmacy / Medical Retail,Retail,4772,Green,,,,,,2015-04-19,2026-04-16,ACTIVE,,10-25,2026-04-27,pan_hash;gstin_hash;phone;email
GST-KA-BLRU-2018-000199,GST,GST Taxpayer Registry,ENT-00251,M/S Prakruthi Clinic Pvt Ltd,M/S PRAKRUTHI CLINIC,Managing Partner,"No. 125, B Behind Metro, HSR Layout, B'luru Urban, K'taka - 560102",HSR Layout,Bengaluru Urban,BLRU,560102,Ward-174,Bommanahalli,Pharmacy / Medical Retail,Retail,4772,Green,PAN_DAC57B21120137A3,,UDYAM_BA45A1C7D5F84077,,,2018-12-01,2019-03-01,CLOSED,,,2025-11-11,gstin_hash;phone;email
LAB-KA-BLRU-2025-000123,LABOUR,Labour Department,ENT-00251,Prakruthi Clinic Pvt. Ltd.,,Managing Partner,"#125, B Behind Metro, HSR Layout, B'luru Urban, K'taka - 560102",HSR Layout,Bengaluru Urban,BLRU,560102,Ward-174,Bommanahalli,Pharmacy / Medical Retail,Retail,4772,Green,,,,,contact0251@examplebiz.in,2025-02-09,2025-05-28,ACTIVE,120,10-25,2026-03-26,pan_hash;gstin_hash;phone
KAR-SHOP-BLRU-2015-000165,SHOP,Karnataka Shops and Commercial Establishments,ENT-00251,Prakruthi Clinic Pvt Ltd,Prakruthi Clinic,,"#125, B Behind Metro, HSR Layout, Bangalore Urban, K'taka - 560102",HSR Layout,Bengaluru Urban,BLRU,560102,Ward-174,Bommanahalli,Pharmacy / Medical Retail,Retail,4772,Green,,,,,,2015-04-25,2023-07-24,DORMANT,,,2026-04-07,pan_hash;gstin_hash;phone;email
BBMP-TL-SOUT-2021-000097,BBMP,BBMP Trade Licence,ENT-00252,M/S Sree Pharma Pv Ltd,Sree Pharma,Managing Partner,"#275, B 3rd Phase, Bommanahalli, B'luru Urban, KA - 560068",Bommanahalli,Bengaluru Urban,BLRU,560068,Ward-175,South,Pharmacy / Medical Retail,Retail,4772,Green,PAN_A12F2782E8476B91,,,,,2021-06-27,2025-03-08,DORMANT,10,,2026-02-01,gstin_hash;phone;email
GST-KA-BLRU-2025-000200,GST,GST Taxpayer Registry,ENT-00252,M/S Sree Pharma Pvt Ltd,Sree Pharma,,"No 275, B 3rd Phase, Bommanahalli, B'luru Urban, KA - 560068",Bommanahalli,Bengaluru Urban,BLRU,560068,Ward-175,South,Pharmacy / Medical Retail,Retail,4772,Green,PAN_A12F2782E8476B91,,,9001995725,,2025-06-25,2025-09-17,ACTIVE,10,,2025-11-17,gstin_hash;email
KAR-SHOP-BLRU-2023-000166,SHOP,Karnataka Shops and Commercial Establishments,ENT-00252,Sree Pharma Pvt. Ltd.,M/S Sree Pharma,Director Masked,"No 275, B 3rd Phase, Bommanahalli, Bangalore Urban, Karnataka - 560068",Bommanahalli,Bengaluru Urban,BLRU,560068,Ward-175,South,Pharmacy / Medical Retail,Retail,4772,Green,PAN_A12F2782E8476B91,,,9001995725,,2023-09-25,2025-11-19,ACTIVE,,50-100,2026-04-16,gstin_hash;email
UDYAM-KR-BLRU-2019-000124,UDYAM,Udyam / MSME Registry,ENT-00252,Sree Pharma Pvt Ltd,SREE PHARMA,Director Masked,"275, B 3rd Phase, Bommanahalli, Bengaluru Urban, KA - 560068",Bommanahalli,Bengaluru Urban,BLRU,560068,Ward-175,South,Pharmacy / Medical Retail,Retail,4772,Green,PAN_A12F2782E8476B91,,,9001995725,contact0252@examplebiz.in,2019-05-21,2020-01-24,CLOSED,10,,2026-01-04,gstin_hash
BBMP-TL-BENG-2021-000098,BBMP,BBMP Trade Licence,ENT-00253,Bangalore LLP,Bangalore,,"227, A Service Road, Doddaballapura, B'luru Rural, KA - 561203",Doddaballapura,Bengaluru Rural,BLRR,562157,Ward-R09,Bengaluru Rural,Pharmacy / Medical Retail,Retail,4772,Green,PAN_6B9DF9DD3956D061,,,,,2021-02-13,2022-09-09,CLOSED,18,,2026-02-25,gstin_hash;phone;email;pin_drift
GST-KA-BLRR-2025-000201,GST,GST Taxpayer Registry,ENT-00253,Bangalore LLP,Bangalore,Managing Partner,"#227, A Service Road, Doddaballapura, Bengaluru Rural, Karnataka - 561203",Doddaballapura,Bengaluru Rural,BLRR,561203,Ward-R09,Bengaluru Rural,Pharmacy / Medical Retail,Retail,4772,Green,PAN_6B9DF9DD3956D061,,UDYAM_8D481BE7A9B1545F,,,2025-01-16,2025-10-02,ACTIVE,18,,2026-01-14,gstin_hash;phone;email
KAR-SHOP-BLRR-2020-000167,SHOP,Karnataka Shops and Commercial Establishments,ENT-00253,Bangalore LLP,Bangalore,Director Masked,"227, A Service Road, Doddaballapura, Bengaluru Rural, K'taka - 561203",Doddaballapura,Bengaluru Rural,BLRR,561203,Ward-R09,Bengaluru Rural,Pharmacy / Medical Retail,Retail,4772,Green,,,,,,2020-12-29,2021-11-13,CLOSED,,,2026-03-17,pan_hash;gstin_hash;phone;email
BBMP-TL-NORT-2023-000099,BBMP,BBMP Trade Licence,ENT-00254,Sinidhi LLP,Srinidhi,,"#267, Shed Near Bus Stop, Hebbal Industrial Area, Mysuru, K'taka - 570016",Hebbal Industrial Area,Mysuru,MYS,570016,Ward-M21,North,Restaurant / Cafe,Service,5610,Green,,,,,,2023-01-06,2024-11-18,DORMANT,25,,2026-05-04,pan_hash;gstin_hash;phone;email
GST-KA-MYS-2019-000202,GST,GST Taxpayer Registry,ENT-00254,M/S Srinidhi LLP,Srinidhi,Owner A,"267, Shed Near Bus Stop, Hebbal Industrial Estate, Mysuru, KA - 570016",Hebbal Industrial Area,Mysuru,MYS,570016,Ward-M21,North,Restaurant / Cafe,Service,5610,Green,,,,9002011563,,2019-04-29,2024-09-12,DORMANT,25,,2026-02-19,pan_hash;gstin_hash;email
KAR-SHOP-MYS-2021-000168,SHOP,Karnataka Shops and Commercial Establishments,ENT-00254,M/S Srinidhi LLP,Srinidhi,Director Masked,"No 267, Shed Near Bus Stop, Hebbal Industrial Estate, Mysuru, KA - 570016",Hebbal Industrial Area,Mysuru,MYS,570016,Ward-M21,North,Restaurant / Cafe,Service,5610,Green,,,,9002011563,,2021-05-31,2022-06-16,CLOSED,25,,2026-04-20,pan_hash;gstin_hash;email
UDYAM-KR-MYS-2019-000125,UDYAM,Udyam / MSME Registry,ENT-00254,SRINIDHI LLP,SRINIDHI,Managing Partner,"No. 267, Shed Near Bus Stop, Hebbal Industrial Estate, Mysuru, KA - 570016",Hebbal Industrial Area,Mysuru,MYS,570016,Ward-M21,North,Restaurant / Cafe,Service,5610,Green,,,,9002011563,,2019-04-13,2019-08-21,CLOSED,25,,2026-01-23,pan_hash;gstin_hash;email
BBMP-TL-DASA-2018-000100,BBMP,BBMP Trade Licence,ENT-00255,M/S Sharma LLP,Sharma,Managing Partner,"No 190, Plot Industrial Layout, Peenya Industrial Area, B'luru Urban, K'taka - 560058",Peenya Industrial Area,Bengaluru Urban,BLRU,560058,Ward-038,Dasarahalli,Food Processing,Manufacturing,1030,Orange,,,,,,2018-10-16,2020-09-25,CLOSED,3,,2026-03-24,pan_hash;gstin_hash;phone;email
KFBIS-FAC-BLRU-2021-000113,FACTORY,"Factories, Boilers, Industrial Safety and Health",ENT-00255,M/S Sharma LLP,Sharma,Owner A,"190, Plot Industrial Layout, Peenya Indl Area, Bangalore Urban, K'taka - 560058",Peenya Industrial Area,Bengaluru Urban,BLRU,560058,Ward-038,Dasarahalli,Food Processing,Manufacturing,1030,Orange,,,,,,2021-09-22,2024-12-25,DORMANT,,50-100,2025-12-19,pan_hash;gstin_hash;phone;email
GST-KA-BLRU-2024-000203,GST,GST Taxpayer Registry,ENT-00255,Sharma LLP,Sharma,Owner B,"No. 190, Plot Industrial Layout, Peenya Indl Area, B'luru Urban, KA - 560058",Peenya Industrial Area,Bengaluru Urban,BLRU,560058,Ward-038,Dasarahalli,Food Processing,Manufacturing,1030,Orange,PAN_116522B408A1CA95,GSTIN_5FA703E466891DB8,,,,2024-05-14,2025-02-23,DORMANT,3,50-100,2025-12-15,phone;email
PCB/BLRU/CTE/2024/00111,KSPCB,Karnataka State Pollution Control Board,ENT-00255,Sharma LLP,,Partner 1,"No 190, Plot Industrial Layout, Peenya Indl Area, Bangalore Urban, KA - 560058",Peenya Industrial Area,Bengaluru Urban,BLRU,560058,Ward-038,Dasarahalli,Food Processing,Manufacturing,1030,Orange,PAN_116522B408A1CA95,,,,,2024-08-16,2025-07-03,ACTIVE,3,,2026-04-01,gstin_hash;phone;email
LAB-KA-BLRU-2025-000124,LABOUR,Labour Department,ENT-00255,Sharma LLP,Sharma,Managing Partner,"#190, Plot Industrial Layout, Peenya Indl Area, Bengaluru Urban, Karnataka - 560058",Peenya Industrial Area,Bengaluru Urban,BLRU,560058,Ward-038,Dasarahalli,Food Processing,Manufacturing,1030,Orange,,,,,,2025-02-20,2025-08-24,ACTIVE,3,,2026-04-18,pan_hash;gstin_hash;phone;email
KFBIS-FAC-BLRR-2021-000114,FACTORY,"Factories, Boilers, Industrial Safety and Health",ENT-00256,Navya Mold LLP,Navya Mold,Managing Partner,"No. 234, B 1st Cross, Hoskote, Bangalore Rural, Karnataka - 562114",Hoskote,Bengaluru Rural,BLRR,562114,Ward-R04,Bengaluru Rural,Plastic Moulding,Manufacturing,2220,Red,,,,9002027401,,2021-03-26,2021-09-04,CLOSED,,,2025-12-31,pan_hash;gstin_hash;email
PCB/BLRR/CTO/2021/00112,KSPCB,Karnataka State Pollution Control Board,ENT-00256,Navya Mold LLP,M/S Navya Mold,,"#234, B 1st Cross, Hoskote, B'luru Rural, K'taka - 562114",Hoskote,Bengaluru Rural,BLRR,562114,Ward-R04,Bengaluru Rural,Plastic Moulding,Manufacturing,2220,Red,PAN_D6113C83B5A9C187,,,,,2021-05-11,2026-01-05,ACTIVE,18,,2026-03-10,gstin_hash;phone;email
LAB-KA-BLRR-2024-000125,LABOUR,Labour Department,ENT-00256,Navya Mold LLP,,,"234, B 1st Cross, Hoskote, Bangalore Rural, KA - 562114",Hoskote,Bengaluru Rural,BLRR,562114,Ward-R04,Bengaluru Rural,Plastic Moulding,Manufacturing,2220,Red,PAN_D6113C83B5A9C187,,UDYAM_CCD5A8FBA27AE260,9002027401,,2024-09-10,2024-10-13,DORMANT,,50-100,2025-12-30,gstin_hash;email
KAR-SHOP-BLRR-2017-000169,SHOP,Karnataka Shops and Commercial Establishments,ENT-00256,Navya Mold LLP,,Owner A,"No. 234, B 1st Crs, Hoskote, Bangalore Rural, Karnataka - 562114",Hoskote,Bengaluru Rural,BLRR,562114,Ward-R04,Bengaluru Rural,Plastic Moulding,Manufacturing,2220,Red,,GSTIN_12CF1990531B95DB,,9002027401,,2017-03-14,2022-08-06,CLOSED,18,,2026-01-05,pan_hash;email
UDYAM-KR-BLRR-2020-000126,UDYAM,Udyam / MSME Registry,ENT-00256,Navya Mol LLP,Navya Mold,Partner 1,"234, B 1st Crs, Hoskote, Bengaluru Rural, Karnataka - 562114",Hoskote,Bengaluru Rural,BLRR,562114,Ward-R04,Bengaluru Rural,Plastic Moulding,Manufacturing,2220,Red,PAN_D6113C83B5A9C187,,UDYAM_CCD5A8FBA27AE260,9002027401,,2020-09-07,2025-02-18,CLOSED,18,,2026-04-06,gstin_hash;email
BBMP-TL-YELA-2022-000101,BBMP,BBMP Trade Licence,ENT-00257,Siddhi Enterprises,Siddhi Enterprises,,"No. 73, Plot Sector, Yelahanka, Bengaluru Urban, KA - 560064",Yelahanka,Bengaluru Urban,BLRU,560064,Ward-004,Yelahanka,Logistics / Warehouse,Service,5210,Green,,GSTIN_1389FA7B5268E156,,9002035320,,2022-10-25,2024-11-30,DORMANT,25,,2026-02-07,pan_hash;email
KFBIS-FAC-BLRU-2019-000115,FACTORY,"Factories, Boilers, Industrial Safety and Health",ENT-00257,M/S Sidhi Entp,Siddhi Entp,Managing Partner,"No 73, Plot Sector, Yelahanka, Bengaluru Urban, Karnataka - 560064",Yelahanka,Bengaluru Urban,BLRU,560064,Ward-004,Yelahanka,Logistics / Warehouse,Service,5210,Green,,,,9002035320,,2019-12-21,2025-07-25,ACTIVE,25,100-500,2026-04-24,pan_hash;gstin_hash;email
KAR-SHOP-BLRU-2020-000170,SHOP,Karnataka Shops and Commercial Establishments,ENT-00257,Siddhi Enteprises,Siddhi Entp,,"No 73, Plot Sector, Yelahanka, Bangalore Urban, Karnataka - 560064",Yelahanka,Bengaluru Urban,BLRU,560064,Ward-004,Yelahanka,Logistics / Warehouse,Service,5210,Green,,GSTIN_1389FA7B5268E156,,9002035320,,2020-03-13,2023-09-19,DORMANT,25,,2026-01-31,pan_hash;email
KFBIS-FAC-BLRU-2020-000116,FACTORY,"Factories, Boilers, Industrial Safety and Health",ENT-00258,Vijaya Industries Works,Vijaya Industries Works,Owner B,"#15, Shed 3rd Phase, Jayanagar, Bengaluru Urban, Karnataka - 560078",Jayanagar,Bengaluru Urban,BLRU,560078,Ward-168,South,Machine Tools,Manufacturing,2819,Orange,PAN_C7CA821D673ADC5F,,,,,2020-02-17,2024-06-01,DORMANT,36,0-10,2025-12-07,gstin_hash;phone;email
GST-KA-BLRU-2024-000204,GST,GST Taxpayer Registry,ENT-00258,Vijaya Industries Works,VIJAYA INDUSTRIES WORKS,Managing Partner,"#15, Shed 3rd Phase, Jayanagar, Bangalore Urban, Karnataka - 560078",Jayanagar,Bengaluru Urban,BLRU,560078,Ward-168,South,Machine Tools,Manufacturing,2819,Orange,PAN_C7CA821D673ADC5F,,,,contact0258@examplebiz.in,2024-03-09,2024-06-30,DORMANT,,,2026-04-09,gstin_hash;phone
PCB/BLRU/CTE/2025/00113,KSPCB,Karnataka State Pollution Control Board,ENT-00258,Vijaya Industries Works,Vijaya Inds Works,Owner A,"15, Shed 3rd Phase, Jayanagar, Bengaluru Urban, Karnataka - 560078",Jayanagar,Bengaluru Urban,BLRU,560078,Ward-168,South,Machine Tools,Manufacturing,2819,Orange,,,,,,2025-08-19,2025-09-23,ACTIVE,36,,2026-03-18,pan_hash;gstin_hash;phone;email
LAB-KA-BLRU-2015-000126,LABOUR,Labour Department,ENT-00258,Vijaya Industries Works,Vijaya Industries Works,Director Masked,"No. 15, Shed 3rd Phase, Jayanagar, B'luru Urban, K'taka - 560078",Jayanagar,Bengaluru Urban,BLRU,560078,Ward-168,South,Machine Tools,Manufacturing,2819,Orange,PAN_C7CA821D673ADC5F,,,,,2015-12-18,2022-07-23,CLOSED,36,0-10,2026-01-07,gstin_hash;phone;email
UDYAM-KR-BLRU-2017-000127,UDYAM,Udyam / MSME Registry,ENT-00258,VIJAYA INDUSTRIES WORKS,M/S Vijaya Industries Works,Partner 1,"No. 15, Shed 3rd Phase, Jayanagar, Bengaluru Urban, K'taka - 560078",Jayanagar,Bengaluru Urban,BLRU,560078,Ward-168,South,Machine Tools,Manufacturing,2819,Orange,PAN_C7CA821D673ADC5F,,UDYAM_115E9296ECE60CE4,,contact0258@examplebiz.in,2017-12-12,2021-03-07,CLOSED,36,0-10,2026-03-28,gstin_hash;phone
BBMP-TL-SOUT-2015-000102,BBMP,BBMP Trade Licence,ENT-00259,Veda Logistics Works,Veda Logistics Works,Director Masked,"No 252, B 3rd Phase, Bannerghatta Road, Bangalore Urban, Karnataka - 560076",Bannerghatta Road,Bengaluru Urban,BLRU,560076,Ward-177,South,Logistics / Warehouse,Service,5210,Green,PAN_9DE8A6D3DE135251,,,,contact0259@examplebiz.in,2015-08-08,2025-12-12,ACTIVE,,25-50,2026-02-24,gstin_hash;phone
LAB-KA-BLRU-2018-000127,LABOUR,Labour Department,ENT-00259,Veda Logistics Works,Veda Logistcs Works,Director Masked,"#252, B 3rd Phase, Bannerghatta Road, B'luru Urban, KA - 560076",Bannerghatta Road,Bengaluru Urban,BLRU,560076,Ward-177,South,Logistics / Warehouse,Service,5210,Green,,,,,contact0259@examplebiz.in,2018-01-09,2020-07-28,CLOSED,10,25-50,2025-11-30,pan_hash;gstin_hash;phone
KAR-SHOP-BLRU-2016-000171,SHOP,Karnataka Shops and Commercial Establishments,ENT-00259,Veda Logistics Works,Veda Logistics Works,,"No. 252, B 3rd Phase, Bannerghatta Road, B'luru Urban, Karnataka - 560076",Bannerghatta Road,Bengaluru Urban,BLRU,560076,Ward-177,South,Logistics / Warehouse,Service,5210,Green,,GSTIN_DCBB50607CDF747B,,,contact0259@examplebiz.in,2016-03-03,2024-09-11,DORMANT,10,25-50,2025-12-09,pan_hash;phone
GST-KA-BLRU-2019-000205,GST,GST Taxpayer Registry,ENT-00260,Siddhi Packaging Enterprises,Siddhi Packaging Entp,Director Masked,"No 180, Plot Main Rd, Whitefield Main Rd, B'luru Urban, KA - 560066",Whitefield Main Road,Bengaluru Urban,BLRU,560066,Ward-083,Mahadevapura,Printing / Packaging,Manufacturing,1811,Orange,,,,,,2019-08-20,2022-05-07,CLOSED,4,0-10,2025-12-22,pan_hash;gstin_hash;phone;email
PCB/BLRU/CTE/2025/00114,KSPCB,Karnataka State Pollution Control Board,ENT-00260,Siddhi Packaging Entp,Siddhi Packaging Enterprises,Partner 1,"No 180, Plot Main Rd, Whitefield Main Rd, Bangalore Urban, Karnataka - 560066",Whitefield Main Road,Bengaluru Urban,BLRU,560066,Ward-083,Mahadevapura,Printing / Packaging,Manufacturing,1811,Orange,,,,,,2025-09-08,2026-01-21,ACTIVE,4,0-10,2026-04-18,pan_hash;gstin_hash;phone;email
KAR-SHOP-BLRU-2018-000172,SHOP,Karnataka Shops and Commercial Establishments,ENT-00260,M/S Siddhi Packaging Enterprises,M/S Siddhi Packagig Entp,,"#180, Plot Main Rd, Whitefield Main Rd, Bengaluru Urban, KA - 560066",Whitefield Main Road,Bengaluru Urban,BLRU,560066,Ward-083,Mahadevapura,Printing / Packaging,Manufacturing,1811,Orange,,,,9002059077,,2018-01-27,2022-09-13,CLOSED,4,,2026-01-17,pan_hash;gstin_hash;email
KFBIS-FAC-BLRU-2024-000117,FACTORY,"Factories, Boilers, Industrial Safety and Health",ENT-00261,Veda Print Enterprises,,,"4, B Near Bus Stop, BTM Layout, Bengaluru Urban, K'taka - 560029",BTM Layout,Bengaluru Urban,BLRU,560029,Ward-176,South,Printing / Packaging,Manufacturing,1811,Orange,,GSTIN_2E301C8AE1604718,,,,2024-07-01,2025-07-13,ACTIVE,,,2026-01-25,pan_hash;phone;email
GST-KA-BLRU-2018-000206,GST,GST Taxpayer Registry,ENT-00261,M/S Veda Print Enterprises,VEDA PRINT ENTERPRISES,Owner A,"No 4, B Near Bus Stop, BTM Layout, Bengaluru Urban, Karnataka - 560029",BTM Layout,Bengaluru Urban,BLRU,560029,Ward-176,South,Printing / Packaging,Manufacturing,1811,Orange,PAN_886A4A6F0D259404,GSTIN_2E301C8AE1604718,,,contact0261@examplebiz.in,2018-10-03,2021-07-03,CLOSED,25,,2026-02-18,phone
PCB/BLRU/CTO/2021/00115,KSPCB,Karnataka State Pollution Control Board,ENT-00261,M/S Veda Print Entp,,Director Masked,"No 4, B Near Bus Stop, BTM Layout, Bangalore Urban, KA - 560029",BTM Layout,Bengaluru Urban,BLRU,560029,Ward-176,South,Printing / Packaging,Manufacturing,1811,Orange,,GSTIN_2E301C8AE1604718,,,contact0261@examplebiz.in,2021-09-03,2026-01-25,ACTIVE,25,25-50,2026-02-04,pan_hash;phone
KAR-SHOP-BLRU-2023-000173,SHOP,Karnataka Shops and Commercial Establishments,ENT-00261,Veda Print Enterprises,,Managing Partner,"No. 4, B Near Bus Stop, BTM Layout, B'luru Urban, K'taka - 560029",BTM Layout,Bengaluru Urban,BLRU,560001,Ward-176,South,Printing / Packaging,Manufacturing,1811,Orange,,,,,,2023-09-25,2024-03-30,DORMANT,25,,2026-04-01,pan_hash;gstin_hash;phone;email;pin_drift
UDYAM-KR-BLRU-2015-000128,UDYAM,Udyam / MSME Registry,ENT-00261,Veda Print Enterprises,VEDA PRNT ENTERPRISES,Director Masked,"4, B Near Bus Stop, BTM Layout, Bengaluru Urban, Karnataka - 560029",BTM Layout,Bengaluru Urban,BLRU,560029,Ward-176,South,Printing / Packaging,Manufacturing,1811,Orange,PAN_886A4A6F0D259404,GSTIN_2E301C8AE1604718,,,,2015-03-31,2017-06-26,CLOSED,,,2026-03-06,phone;email
BBMP-TL-BENG-2020-000103,BBMP,BBMP Trade Licence,ENT-00262,Meghana Spices LLP,M/S Meghana Spices,Managing Partner,"#102, Industrial Layout, Hoskote, Bangalore Rural, Karnataka - 562114",Hoskote,Bengaluru Rural,BLRR,562114,Ward-R04,Bengaluru Rural,Food Processing,Manufacturing,1030,Orange,,,,9002074915,contact0262@examplebiz.in,2020-10-26,2023-12-31,DORMANT,52,25-50,2025-12-06,pan_hash;gstin_hash
PCB/BLRR/CTE/2019/00116,KSPCB,Karnataka State Pollution Control Board,ENT-00262,Meghana Spices LLP,M/S Meghana Spices,,"No. 102, Industrial Layout, Hoskote, Bangalore Rural, Karnataka - 562114",Hoskote,Bengaluru Rural,BLRR,562114,Ward-R04,Bengaluru Rural,Food Processing,Manufacturing,1030,Orange,,,,9002074915,,2019-03-10,2026-02-02,CLOSED,52,,2026-01-16,pan_hash;gstin_hash;email
KAR-SHOP-BLRR-2019-000174,SHOP,Karnataka Shops and Commercial Establishments,ENT-00262,Meghana Spices LLP,Meghana Spices,,"No 102, Industrial Layout, Hoskote, Bangalore Rural, KA",Hoskote,Bengaluru Rural,BLRR,562114,Ward-R04,Bengaluru Rural,Food Processing,Manufacturing,1030,Orange,,,,9002074915,contact0262@examplebiz.in,2019-10-06,2023-11-15,DORMANT,,,2026-04-04,pan_hash;gstin_hash
UDYAM-KR-BLRR-2015-000129,UDYAM,Udyam / MSME Registry,ENT-00262,M/S Meghana Spices LLP,,Managing Partner,"#102, Industrial Layout, Hoskote, Bangalore Rural, KA - 562114",Hoskote,Bengaluru Rural,BLRR,562114,Ward-R04,Bengaluru Rural,Food Processing,Manufacturing,1030,Orange,,,UDYAM_3547276AD26D2047,9002074915,contact0262@examplebiz.in,2015-02-27,2026-02-25,ACTIVE,52,,2026-02-08,pan_hash;gstin_hash
KFBIS-FAC-MYS-2017-000118,FACTORY,"Factories, Boilers, Industrial Safety and Health",ENT-00263,M/S Aditya Polymers Associates,,Partner 1,"#95, Plot Main Rd, Devaraja Mohalla, Mysuru, Karnataka - 570001",Devaraja Mohalla,Mysuru,MYS,570001,Ward-M01,Central,Plastic Moulding,Manufacturing,2220,Red,,GSTIN_1AB7459A556312B2,UDYAM_3D7C0BB047FD13BF,9002082834,,2017-07-03,2022-06-25,CLOSED,36,,2026-02-07,pan_hash;email
GST-KA-MYS-2021-000207,GST,GST Taxpayer Registry,ENT-00263,Aditya Polymers Associates,Aditya Polymers Associates,Director Masked,"No 95, Plot Main Road, Devaraja Mohalla, Mysuru, K'taka - 570001",Devaraja Mohalla,Mysuru,MYS,570001,Ward-M01,Central,Plastic Moulding,Manufacturing,2220,Red,PAN_C84986319AF8A1A5,GSTIN_1AB7459A556312B2,,9002082834,contact0263@examplebiz.in,2021-12-04,2026-02-28,ACTIVE,,,2025-12-07,
PCB/MYS/CTE/2018/00117,KSPCB,Karnataka State Pollution Control Board,ENT-00263,M/S Aditya Polymers Associates,Aditya Polymers Associates,Owner A,"95, Plot Main Road, Devaraja Mohalla, Mysuru, KA - 570001",Devaraja Mohalla,Mysuru,MYS,570001,Ward-M01,Central,Plastic Moulding,Manufacturing,2220,Red,,,,,,2018-11-05,2019-02-19,CLOSED,,500+,2026-02-08,pan_hash;gstin_hash;phone;email
LAB-KA-MYS-2020-000128,LABOUR,Labour Department,ENT-00263,Aditya Polymers Associates,,Owner A,"#95, Plot Main Road, Devaraja Mohalla, Mysuru, KA - 570001",Devaraja Mohalla,Mysuru,MYS,570001,Ward-M01,Central,Plastic Moulding,Manufacturing,2220,Red,PAN_C84986319AF8A1A5,GSTIN_1AB7459A556312B2,,,contact0263@examplebiz.in,2020-06-28,2024-03-15,DORMANT,36,500+,2026-01-12,phone
KAR-SHOP-MYS-2023-000175,SHOP,Karnataka Shops and Commercial Establishments,ENT-00263,Aditya Polymers Associates,,Owner A,"95, Plot Main Road, Devaraja Mohalla, Mysuru, KA - 570001",Devaraja Mohalla,Mysuru,MYS,570001,Ward-M01,Central,Plastic Moulding,Manufacturing,2220,Red,PAN_C84986319AF8A1A5,,UDYAM_3D7C0BB047FD13BF,9002082834,contact0263@examplebiz.in,2023-07-26,2024-12-03,DORMANT,36,,2026-01-26,gstin_hash
KFBIS-FAC-BLRU-2016-000119,FACTORY,"Factories, Boilers, Industrial Safety and Health",ENT-00264,M/S Veda Coatings Solutions,M/S Veda Coatings Solutions,Owner A,"22, D 2nd Main, Whitefield Main Road, Bangalore Urban, KA - 560066",Whitefield Main Road,Bengaluru Urban,BLRU,560066,Ward-083,Mahadevapura,Chemical Blending,Manufacturing,2029,Red,,,,9002090753,contact0264@examplebiz.in,2016-09-08,2017-03-12,CLOSED,,,2026-04-06,pan_hash;gstin_hash
GST-KA-BLRU-2017-000208,GST,GST Taxpayer Registry,ENT-00264,Veda Coatings Solutions,Veda Coatings Solutions,Managing Partner,"22, D 2nd Main, Whitefield Main Road, Bengaluru Urban, Karnataka - 560066",Whitefield Main Road,Bengaluru Urban,BLRU,560066,Ward-083,Mahadevapura,Chemical Blending,Manufacturing,2029,Red,PAN_01C507A5A7DC2335,,,,,2017-10-12,2026-03-16,ACTIVE,8,,2026-01-31,gstin_hash;phone;email
PCB/BLRU/CTO/2022/00118,KSPCB,Karnataka State Pollution Control Board,ENT-00264,Veda Coatings Solutions,,,"No. 22, D 2nd Main, Whitefield Mn Rd, B'luru Urban, KA - 560066",Whitefield Main Road,Bengaluru Urban,BLRU,560066,Ward-083,Mahadevapura,Chemical Blending,Manufacturing,2029,Red,PAN_01C507A5A7DC2335,,,9002090753,contact0264@examplebiz.in,2022-01-05,2023-08-03,DORMANT,8,,2026-04-18,gstin_hash
UDYAM-KR-BLRU-2018-000130,UDYAM,Udyam / MSME Registry,ENT-00264,M/S Veda Coatings Solutions,Veda Coatings Solutions,Owner B,"#22, D 2nd Main, Whitefield Main Rd, B'luru Urban, KA - 560066",Whitefield Main Road,Bengaluru Urban,BLRU,560066,Ward-083,Mahadevapura,Chemical Blending,Manufacturing,2029,Red,,,,,,2018-04-08,2021-12-02,CLOSED,8,,2025-11-21,pan_hash;gstin_hash;phone;email
BBMP-TL-BENG-2016-000104,BBMP,BBMP Trade Licence,ENT-00265,M/S Sharma Textiles Pvt Ltd,Sharma Textiles,Managing Partner,"No 67, D Industrial Layout, Hoskote, Bengaluru Rural, KA - 562114",Hoskote,Bengaluru Rural,BLRR,562114,Ward-R04,Bengaluru Rural,Textile / Garments,Manufacturing,1410,Green,,,,,contact0265@examplebiz.in,2016-12-08,2023-04-03,CLOSED,120,50-100,2026-01-16,pan_hash;gstin_hash;phone
LAB-KA-BLRR-2019-000129,LABOUR,Labour Department,ENT-00265,Sharma Textiles Pvt Ltd,,,"#67, D Industrial Layout, Hoskote, Bengaluru Rural, K'taka - 562114",Hoskote,Bengaluru Rural,BLRR,562114,Ward-R04,Bengaluru Rural,Textile / Garments,Manufacturing,1410,Green,,,UDYAM_F08F274DAD9CD59B,,,2019-08-27,2022-08-27,CLOSED,120,50-100,2026-01-30,pan_hash;gstin_hash;phone;email
BBMP-TL-BOMM-2022-000105,BBMP,BBMP Trade Licence,ENT-00266,Sree Print Co,Sree Print Co,,"No. 106, A Behind Metro, HSR Layout, Bengaluru Urban, Karnataka - 560102",HSR Layout,Bengaluru Urban,BLRU,560102,Ward-174,Bommanahalli,Printing / Packaging,Manufacturing,1811,Orange,PAN_B5DFDAA871F5A94D,,,9002106591,,2022-09-08,2025-07-05,ACTIVE,18,,2026-04-01,gstin_hash;email
KFBIS-FAC-BLRU-2021-000120,FACTORY,"Factories, Boilers, Industrial Safety and Health",ENT-00266,Sree Prin Co,,Director Masked,"#106, A Behind Metro, HSR Layout, Bangalore Urban, Karnataka - 560102",HSR Layout,Bengaluru Urban,BLRU,560102,Ward-174,Bommanahalli,Printing / Packaging,Manufacturing,1811,Orange,PAN_B5DFDAA871F5A94D,,UDYAM_32D55966AF9EB52A,,,2021-08-21,2021-10-20,CLOSED,18,25-50,2026-03-18,gstin_hash;phone;email
GST-KA-BLRU-2015-000209,GST,GST Taxpayer Registry,ENT-00266,M/S Sree Print Co,Sree Print Co,Managing Partner,"No. 106, A Behind Metro, HSR Layout, Bengaluru Urban, Karnataka - 560102",HSR Layout,Bengaluru Urban,BLRU,560102,Ward-174,Bommanahalli,Printing / Packaging,Manufacturing,1811,Orange,PAN_B5DFDAA871F5A94D,,,9002106591,,2015-02-22,2016-12-19,CLOSED,,,2026-03-14,gstin_hash;email
PCB/BLRU/CTE/2022/00119,KSPCB,Karnataka State Pollution Control Board,ENT-00266,M/S Sree Print Co,Sree Print Co,Partner 1,"No 106, A Behind Metro, HSR Layout, Bengaluru Urban, KA - 560102",HSR Layout,Bengaluru Urban,BLRU,560102,Ward-174,Bommanahalli,Printing / Packaging,Manufacturing,1811,Orange,PAN_B5DFDAA871F5A94D,,,9002106591,,2022-08-11,2023-11-25,DORMANT,18,,2026-04-11,gstin_hash;email
KAR-SHOP-BLRU-2016-000176,SHOP,Karnataka Shops and Commercial Establishments,ENT-00266,Sree Print Co,M/S Sree Print Co,Owner B,"#106, A Behind Metro, HSR Layout, Bengaluru Urban, Karnataka - 560102",HSR Layout,Bengaluru Urban,BLRU,560102,Ward-174,Bommanahalli,Printing / Packaging,Manufacturing,1811,Orange,,,,9002106591,,2016-05-14,2024-11-19,DORMANT,18,,2025-12-04,pan_hash;gstin_hash;email
UDYAM-KR-BLRU-2021-000131,UDYAM,Udyam / MSME Registry,ENT-00266,M/S Sree Print Co,Sree Print Co,,"106, A Behind Metro, HSR Layout, Bangalore Urban, K'taka - 560102",HSR Layout,Bengaluru Urban,BLRU,560102,Ward-174,Bommanahalli,Printing / Packaging,Manufacturing,1811,Orange,PAN_B5DFDAA871F5A94D,,UDYAM_32D55966AF9EB52A,9002106591,,2021-09-12,2022-12-02,CLOSED,18,,2026-04-14,gstin_hash;email
BBMP-TL-BENG-2024-000106,BBMP,BBMP Trade Licence,ENT-00267,Harsha Meals Industries,,Partner 1,"No 284, B Industrial Layout, Bagalur, Bangalore Rural, Karnataka - 562157",Bagalur,Bengaluru Rural,BLRR,562157,Ward-R07,Bengaluru Rural,Restaurant / Cafe,Service,5610,Green,,,,,,2024-09-20,2026-03-02,ACTIVE,12,,2025-12-12,pan_hash;gstin_hash;phone;email
GST-KA-BLRR-2025-000210,GST,GST Taxpayer Registry,ENT-00267,M/S Harsha Meals Industries,M/S Harsha Meals Industries,Managing Partner,"284, B Industrial Layout, Bagalur, Bengaluru Rural, KA - 562157",Bagalur,Bengaluru Rural,BLRR,562157,Ward-R07,Bengaluru Rural,Restaurant / Cafe,Service,5610,Green,PAN_EE09313F3919CA88,GSTIN_A1B934FF0EF1D183,,9002114510,,2025-07-26,2026-03-30,ACTIVE,12,50-100,2026-01-22,email
LAB-KA-BLRR-2025-000130,LABOUR,Labour Department,ENT-00267,Harsha Meals Industries,Harsha Meals Industries,Owner B,"No. 284, B Industrial Layout, Bagalur, Bangalore Rural, K'taka - 562157",Bagalur,Bengaluru Rural,BLRR,562157,Ward-R07,Bengaluru Rural,Restaurant / Cafe,Service,5610,Green,PAN_EE09313F3919CA88,,,,,2025-08-31,2025-11-14,ACTIVE,,50-100,2026-03-29,gstin_hash;phone;email
KFBIS-FAC-BLRU-2015-000121,FACTORY,"Factories, Boilers, Industrial Safety and Health",ENT-00268,Vijaya Moulding Solutions,M/S Vijaya Moulding Solutions,Partner 1,"No. 117, Sector, Whitefield Main Road, Bangalore Urban, KA - 560066",Whitefield Main Road,Bengaluru Urban,BLRU,560066,Ward-083,Mahadevapura,Plastic Moulding,Manufacturing,2220,Red,,,,9002122429,,2015-01-30,2026-02-27,ACTIVE,4,,2025-11-26,pan_hash;gstin_hash;email
GST-KA-BLRU-2017-000211,GST,GST Taxpayer Registry,ENT-00268,VIJAYA MOULDING SOLUTIONS,VIJAYA MOULDING SOLUTIONS,Partner 1,"No 117, Sector, Whitefield Main Road, B'luru Urban, Karnataka - 560066",Whitefield Main Road,Bengaluru Urban,BLRU,560066,Ward-083,Mahadevapura,Plastic Moulding,Manufacturing,2220,Red,PAN_8902244CF4335CBA,,,,,2017-12-28,2021-02-01,CLOSED,4,,2026-01-01,gstin_hash;phone;email
PCB/BLRU/CTE/2022/00120,KSPCB,Karnataka State Pollution Control Board,ENT-00268,Vijaya Mouding Solutions,M/S Vijaya Moulding Solutions,Managing Partner,"#117, Sector, Whitefield Main Road, B'luru Urban, KA - 560066",Whitefield Main Road,Bengaluru Urban,BLRU,560066,Ward-083,Mahadevapura,Plastic Moulding,Manufacturing,2220,Red,PAN_8902244CF4335CBA,,,9002122429,,2022-11-27,2025-02-03,DORMANT,,50-100,2025-12-16,gstin_hash;email
LAB-KA-BLRU-2020-000131,LABOUR,Labour Department,ENT-00268,M/S Vijaya Moulding Solutions,M/S Vijaya Moulding Solutions,Owner A,"No. 117, Sector, Whitefield Main Rd, Bengaluru Urban, KA - 560066",Whitefield Main Road,Bengaluru Urban,BLRU,560066,Ward-083,Mahadevapura,Plastic Moulding,Manufacturing,2220,Red,,,,9002122429,,2020-09-22,2021-10-05,CLOSED,,50-100,2026-03-25,pan_hash;gstin_hash;email
KAR-SHOP-BLRU-2019-000177,SHOP,Karnataka Shops and Commercial Establishments,ENT-00268,Vijaya Moulding Solutions,,Director Masked,"No 117, Sector, Whitefield Main Rd, Bangalore Urban, K'taka - 560066",Whitefield Main Road,Bengaluru Urban,BLRU,560066,Ward-083,Mahadevapura,Plastic Moulding,Manufacturing,2220,Red,,,,9002122429,,2019-06-09,2023-12-18,DORMANT,4,,2026-03-30,pan_hash;gstin_hash;email
UDYAM-KR-BLRU-2023-000132,UDYAM,Udyam / MSME Registry,ENT-00268,M/S Vijaya Moulding Solutions,Vijaya Moulding Solutions,Partner 1,"#117, Sector, Whitefield Main Rd, Bangalore Urban, KA - 560066",Whitefield Main Road,Bengaluru Urban,BLRU,560066,Ward-083,Mahadevapura,Plastic Moulding,Manufacturing,2220,Red,PAN_8902244CF4335CBA,,,,contact0268@examplebiz.in,2023-01-05,2024-04-03,DORMANT,4,50-100,2025-11-26,gstin_hash;phone
BBMP-TL-MAHA-2018-000107,BBMP,BBMP Trade Licence,ENT-00269,Nisarga Printers Pvt Ltd,Nisarga Printers,,"209, B 1st Crs, Whitefield Main Road, Bangalore Urban, Karnataka",Whitefield Main Road,Bengaluru Urban,BLRU,560066,Ward-083,Mahadevapura,Printing / Packaging,Manufacturing,1811,Orange,PAN_BD3CC4878CF1AE19,,,,,2018-11-24,2023-03-16,CLOSED,5,500+,2026-02-27,gstin_hash;phone;email
GST-KA-BLRU-2020-000212,GST,GST Taxpayer Registry,ENT-00269,Nisarga Printers Pvt. Ltd.,Nisarga Printers,Partner 1,"No. 209, B 1st Cr, Whitefield Main Road, Bengaluru Urban, KA - 560066",Whitefield Main Road,Bengaluru Urban,BLRU,560066,Ward-083,Mahadevapura,Printing / Packaging,Manufacturing,1811,Orange,PAN_BD3CC4878CF1AE19,,,,contact0269@examplebiz.in,2020-10-18,2022-02-14,CLOSED,5,,2026-01-06,gstin_hash;phone
LAB-KA-BLRU-2018-000132,LABOUR,Labour Department,ENT-00269,Nisarga Printers Pvt Ltd,Nisarga Printers,Director Masked,"209, B 1st Cross, Whitefield Mn Rd, B'luru Urban, KA - 560066",Whitefield Main Road,Bengaluru Urban,BLRU,560066,Ward-083,Mahadevapura,Printing / Packaging,Manufacturing,1811,Orange,,,,,,2018-10-13,2020-01-17,CLOSED,,500+,2025-11-25,pan_hash;gstin_hash;phone;email
KAR-SHOP-BLRU-2018-000178,SHOP,Karnataka Shops and Commercial Establishments,ENT-00269,Nisarga Printers Pvt Ltd,Nisarga Printers,Director Masked,"No. 209, B 1st Cross, Whitefield Main Rd, B'luru Urban, KA - 560066",Whitefield Main Road,Bengaluru Urban,BLRU,560066,Ward-083,Mahadevapura,Printing / Packaging,Manufacturing,1811,Orange,PAN_BD3CC4878CF1AE19,,,,contact0269@examplebiz.in,2018-10-07,2024-12-07,DORMANT,5,,2025-11-29,gstin_hash;phone
BBMP-TL-DASA-2016-000108,BBMP,BBMP Trade Licence,ENT-00270,M/S Ananya Cafe Enterprises,Ananya Cafe Enterprises,Managing Partner,"No. 244, Shed 3rd Phase, Peenya Indl Area, B'luru Urban, KA - 560058",Peenya Industrial Area,Bengaluru Urban,BLRU,560058,Ward-038,Dasarahalli,Restaurant / Cafe,Service,5610,Green,,,,,,2016-12-23,2018-05-17,CLOSED,5,,2026-02-17,pan_hash;gstin_hash;phone;email
GST-KA-BLRU-2021-000213,GST,GST Taxpayer Registry,ENT-00270,M/S Ananya Cafe Entp,M/S Ananya Cafe Enterprises,Managing Partner,"#244, Shed 3rd Phase, Peenya Indl Area, Bangalore Urban, K'taka - 560058",Peenya Industrial Area,Bengaluru Urban,BLRU,560058,Ward-038,Dasarahalli,Restaurant / Cafe,Service,5610,Green,PAN_5EA36CE8DC166754,GSTIN_732F51C60619B150,,9002138267,contact0270@examplebiz.in,2021-08-05,2024-10-01,DORMANT,5,,2026-02-20,
LAB-KA-BLRU-2020-000133,LABOUR,Labour Department,ENT-00270,Ananya Cafe Enterprises,,,"No. 244, Shed 3rd Phase, Peenya Industrial Area, Bengaluru Urban, Karnataka - 560058",Peenya Industrial Area,Bengaluru Urban,BLRU,560058,Ward-038,Dasarahalli,Restaurant / Cafe,Service,5610,Green,,,,9002138267,,2020-07-06,2022-09-20,CLOSED,5,,2025-12-09,pan_hash;gstin_hash;email
KAR-SHOP-BLRU-2023-000179,SHOP,Karnataka Shops and Commercial Establishments,ENT-00270,Ananya Cafe Enterprises,Ananya Cafe Entp,Owner A,"#244, Shed 3rd Phase, Peenya Industrial Estate, Bengaluru Urban, Karnataka - 560058",Peenya Industrial Area,Bengaluru Urban,BLRU,560058,Ward-038,Dasarahalli,Restaurant / Cafe,Service,5610,Green,,GSTIN_732F51C60619B150,,9002138267,contact0270@examplebiz.in,2023-09-29,2024-12-28,DORMANT,5,,2026-03-26,pan_hash
BBMP-TL-MAHA-2017-000109,BBMP,BBMP Trade Licence,ENT-00271,Bangalore Traders,Bangalore Traders,Owner B,"No. 249, A Industrial Layout, Whitefield Main Road, B'luru Urban, K'taka",Whitefield Main Road,Bengaluru Urban,BLRU,560066,Ward-083,Mahadevapura,Pharmacy / Medical Retail,Retail,4772,Green,,,,9002146186,,2017-03-18,2017-11-17,CLOSED,5,,2026-04-06,pan_hash;gstin_hash;email
GST-KA-BLRU-2018-000214,GST,GST Taxpayer Registry,ENT-00271,Bangalore Traders,,Director Masked,"No. 249, A Industrial Layout, Whitefield Mn Rd, Bangalore Urban, KA - 560066",Whitefield Main Road,Bengaluru Urban,BLRU,560066,Ward-083,Mahadevapura,Pharmacy / Medical Retail,Retail,4772,Green,PAN_60CD925D0E1297DD,,,9002146186,,2018-06-05,2022-06-14,CLOSED,5,10-25,2026-03-16,gstin_hash;email
KAR-SHOP-BLRU-2017-000180,SHOP,Karnataka Shops and Commercial Establishments,ENT-00271,M/S Bangalore Traders,Bangalore Traders,Owner B,"#249, A Industrial Layout, Whitefield Main Road, Bangalore Urban, KA - 560066",Whitefield Main Road,Bengaluru Urban,BLRU,560034,Ward-083,Mahadevapura,Pharmacy / Medical Retail,Retail,4772,Green,PAN_60CD925D0E1297DD,,,,,2017-06-21,2024-01-24,DORMANT,5,10-25,2026-01-18,gstin_hash;phone;email;pin_drift
UDYAM-KR-BLRU-2020-000133,UDYAM,Udyam / MSME Registry,ENT-00271,BANGALORE TRADERS,M/S Bangalore Traders,Managing Partner,"249, A Industrial Layout, Whitefield Main Road, B'luru Urban, Karnataka - 560066",Whitefield Main Road,Bengaluru Urban,BLRU,560066,Ward-083,Mahadevapura,Pharmacy / Medical Retail,Retail,4772,Green,,,,9002146186,,2020-03-19,2023-04-27,CLOSED,5,,2025-12-24,pan_hash;gstin_hash;email
BBMP-TL-SOUT-2018-000110,BBMP,BBMP Trade Licence,ENT-00272,Ganesh Care Company,Ganesh Care Co,,"290, B 3rd Phase, Koramangala, Bangalore Urban, KA - 560034",Koramangala,Bengaluru Urban,BLRU,560034,Ward-151,South-East,Pharmacy / Medical Retail,Retail,4772,Green,,,,,,2018-04-10,2026-04-01,ACTIVE,,50-100,2025-12-07,pan_hash;gstin_hash;phone;email
GST-KA-BLRU-2019-000215,GST,GST Taxpayer Registry,ENT-00272,M/S Ganesh Care Company,Ganesh Care Company,Partner 1,"#290, B 3rd Phase, Koramangala, Bengaluru Urban, Karnataka - 560034",Koramangala,Bengaluru Urban,BLRU,560034,Ward-151,South-East,Pharmacy / Medical Retail,Retail,4772,Green,PAN_02557CD3CA75CE75,GSTIN_89EF8077A26C36F1,,,,2019-01-30,2020-05-25,CLOSED,3,50-100,2026-01-10,phone;email
KAR-SHOP-BLRU-2018-000181,SHOP,Karnataka Shops and Commercial Establishments,ENT-00272,Ganesh Care Company,,Owner B,"No. 290, B 3rd Phase, Koramangala, Bangalore Urban, Karnataka - 560034",Koramangala,Bengaluru Urban,BLRU,560034,Ward-151,South-East,Pharmacy / Medical Retail,Retail,4772,Green,,GSTIN_89EF8077A26C36F1,,9002154105,,2018-06-28,2018-10-31,CLOSED,3,50-100,2026-01-25,pan_hash;email
UDYAM-KR-BLRU-2017-000134,UDYAM,Udyam / MSME Registry,ENT-00272,Ganesh Care Co,Ganesh Care Company,,"No. 290, B 3rd Phase, Koramangala, Bangalore Urban, KA - 560034",Koramangala,Bengaluru Urban,BLRU,560034,Ward-151,South-East,Pharmacy / Medical Retail,Retail,4772,Green,,,UDYAM_FD40DDF052808A1F,9002154105,,2017-09-13,2020-09-28,CLOSED,3,,2026-04-22,pan_hash;gstin_hash;email
GST-KA-BLRU-2019-000216,GST,GST Taxpayer Registry,ENT-00273,MYSORE INDUSTRIES,Mysore Industries,Director Masked,"No. 8, Plot Near Bus Stop, Kalyan Nagar, Bengaluru Urban, K'taka - 560043",Kalyan Nagar,Bengaluru Urban,BLRU,560059,Ward-025,East,Food Processing,Manufacturing,1030,Orange,PAN_B4C355BCADC69F3F,GSTIN_530AE8B3856C3455,,9002162024,contact0273@examplebiz.in,2019-12-29,2022-01-02,CLOSED,52,,2026-02-04,pin_drift
PCB/BLRU/CTE/2015/00121,KSPCB,Karnataka State Pollution Control Board,ENT-00273,Mysore Industries,Mysore Inds,Director Masked,"8, Plot Near Bus Stop, Kalyan Nagar, B'luru Urban, KA - 560043",Kalyan Nagar,Bengaluru Urban,BLRU,560043,Ward-025,East,Food Processing,Manufacturing,1030,Orange,,,,,,2015-10-04,2020-07-01,CLOSED,,,2026-05-01,pan_hash;gstin_hash;phone;email
KAR-SHOP-BLRU-2019-000182,SHOP,Karnataka Shops and Commercial Establishments,ENT-00273,Mysore Industries,,Partner 1,"No 8, Plot Near Bus Stop, Kalyan Nagar, Bangalore Urban, K'taka - 560043",Kalyan Nagar,Bengaluru Urban,BLRU,560043,Ward-025,East,Food Processing,Manufacturing,1030,Orange,,,,,contact0273@examplebiz.in,2019-05-18,2023-12-09,DORMANT,52,10-25,2026-02-09,pan_hash;gstin_hash;phone
UDYAM-KR-BLRU-2020-000135,UDYAM,Udyam / MSME Registry,ENT-00273,M/S MYSORE INDUSTRIES,M/S Mysore Inds,Director Masked,"8, Plot Near Bus Stop, Kalyan Nagar, Bangalore Urban, Karnataka - 560043",Kalyan Nagar,Bengaluru Urban,BLRU,560043,Ward-025,East,Food Processing,Manufacturing,1030,Orange,,GSTIN_530AE8B3856C3455,UDYAM_C2E80B30253CFC25,,,2020-05-03,2022-01-30,CLOSED,52,,2026-04-20,pan_hash;phone;email
BBMP-TL-BENG-2024-000111,BBMP,BBMP Trade Licence,ENT-00274,Omkar Cafe Indstries,Omkar Cafe Industries,Managing Partner,"#289, B 3rd Phase, Hoskote, Bengaluru Rural, Karnataka - 562114",Hoskote,Bengaluru Rural,BLRR,562114,Ward-R04,Bengaluru Rural,Restaurant / Cafe,Service,5610,Green,,,,,,2024-06-27,2025-08-26,ACTIVE,,,2026-03-03,pan_hash;gstin_hash;phone;email
GST-KA-BLRR-2017-000217,GST,GST Taxpayer Registry,ENT-00274,M/SOmkar Cafe Industries,,Partner 1,"289, B 3rd Phase, Hoskote, Bangalore Rural, KA - 562114",Hoskote,Bengaluru Rural,BLRR,562114,Ward-R04,Bengaluru Rural,Restaurant / Cafe,Service,5610,Green,PAN_320A87318B8E6992,GSTIN_28F383ECD483D17A,,,,2017-04-29,2024-11-17,DORMANT,,100-500,2026-02-10,phone;email
KAR-SHOP-BLRR-2016-000183,SHOP,Karnataka Shops and Commercial Establishments,ENT-00274,M/S Omkar Cafe Industries,Omkar Cafe Industries,Managing Partner,"#289, B 3rd Phase, Hoskote, Bengaluru Rural, Karnataka - 562114",Hoskote,Bengaluru Rural,BLRR,562114,Ward-R04,Bengaluru Rural,Restaurant / Cafe,Service,5610,Green,,,,,,2016-05-22,2021-07-05,CLOSED,120,100-500,2026-02-21,pan_hash;gstin_hash;phone;email
KFBIS-FAC-TUM-2017-000122,FACTORY,"Factories, Boilers, Industrial Safety and Health",ENT-00275,Harsha Works,Harsha Works,Owner A,"282, D Extension, Antharasanahalli Industrial Estate, Tumakuru, KA - 572106",Antharasanahalli Industrial Area,Tumakuru,TUM,572106,Ward-T12,Tumakuru,Food Processing,Manufacturing,1030,Orange,,,,,contact0275@examplebiz.in,2017-02-26,2020-03-25,CLOSED,,50-100,2026-03-10,pan_hash;gstin_hash;phone
GST-KA-TUM-2018-000218,GST,GST Taxpayer Registry,ENT-00275,Harsa Works,Harsha Works,Partner 1,"No 282, D Extension, Antharasanahalli Industrial Estate, Tumakuru, KA - 572106",Antharasanahalli Industrial Area,Tumakuru,TUM,572106,Ward-T12,Tumakuru,Food Processing,Manufacturing,1030,Orange,,,,9002177862,contact0275@examplebiz.in,2018-12-05,2023-10-03,DORMANT,,,2026-02-08,pan_hash;gstin_hash
PCB/TUM/CTE/2022/00122,KSPCB,Karnataka State Pollution Control Board,ENT-00275,Harsha Works,,Managing Partner,"282, D Extension, Antharasanahalli Industrial Estate, Tumakuru, KA - 572106",Antharasanahalli Industrial Area,Tumakuru,TUM,572106,Ward-T12,Tumakuru,Food Processing,Manufacturing,1030,Orange,,,,9002177862,contact0275@examplebiz.in,2022-04-04,2025-02-03,CLOSED,,,2026-03-26,pan_hash;gstin_hash
KAR-SHOP-TUM-2025-000184,SHOP,Karnataka Shops and Commercial Establishments,ENT-00275,Harsha Works,Harsha Works,Owner A,"No. 282, D Extension, Antharasanahalli Industrial Area, Tumakuru, Karnataka - 572106",Antharasanahalli Industrial Area,Tumakuru,TUM,572106,Ward-T12,Tumakuru,Food Processing,Manufacturing,1030,Orange,,,,,contact0275@examplebiz.in,2025-04-13,2025-07-09,ACTIVE,5,50-100,2026-02-17,pan_hash;gstin_hash;phone
KFBIS-FAC-BLRU-2022-000123,FACTORY,"Factories, Boilers, Industrial Safety and Health",ENT-00276,M/S Omkar Mold Traders,Omkar Mold Traders,Managing Partner,"60, A 1st Cr, BTM Layout, Bangalore Urban, K'taka - 560029",BTM Layout,Bengaluru Urban,BLRU,560029,Ward-176,South,Plastic Moulding,Manufacturing,2220,Red,,,,,contact0276@examplebiz.in,2022-01-07,2023-07-02,DORMANT,12,,2026-03-18,pan_hash;gstin_hash;phone
GST-KA-BLRU-2017-000219,GST,GST Taxpayer Registry,ENT-00276,Omkar Mold Traders,M/S Omkar Mold Traders,Managing Partner,"No 60, A 1st Cross, BTM Layout, Bangalore Urban, KA - 560029",BTM Layout,Bengaluru Urban,BLRU,560029,Ward-176,South,Plastic Moulding,Manufacturing,2220,Red,PAN_3C7D032D6079014B,,,,contact0276@examplebiz.in,2017-09-11,2023-11-03,DORMANT,12,,2026-02-27,gstin_hash;phone
PCB/BLRU/CTE/2022/00123,KSPCB,Karnataka State Pollution Control Board,ENT-00276,Omkar Mold Traders,M/S Omkar Mold Traders,Partner 1,"60, A 1st Cr, BTM Layout, Bengaluru Urban, Karnataka - 560029",BTM Layout,Bengaluru Urban,BLRU,560029,Ward-176,South,Plastic Moulding,Manufacturing,2220,Red,PAN_3C7D032D6079014B,,,,contact0276@examplebiz.in,2022-03-06,2022-04-05,CLOSED,12,50-100,2025-12-19,gstin_hash;phone
LAB-KA-BLRU-2024-000134,LABOUR,Labour Department,ENT-00276,Omkar Mold Traders,M/S Omkar Mold Traders,Managing Partner,"60, A 1st Crs, BTM Layout, Bengaluru Urban, KA",BTM Layout,Bengaluru Urban,BLRU,560029,Ward-176,South,Plastic Moulding,Manufacturing,2220,Red,,,,,contact0276@examplebiz.in,2024-07-28,2025-07-08,ACTIVE,,50-100,2026-01-19,pan_hash;gstin_hash;phone
KAR-SHOP-BLRU-2025-000185,SHOP,Karnataka Shops and Commercial Establishments,ENT-00276,Omkar Mold Taders,,Managing Partner,"#60, A 1st Cross, BTM Layout, Bengaluru Urban, K'taka - 560029",BTM Layout,Bengaluru Urban,BLRU,560029,Ward-176,South,Plastic Moulding,Manufacturing,2220,Red,PAN_3C7D032D6079014B,,,,,2025-12-26,2026-04-18,ACTIVE,12,,2026-03-22,gstin_hash;phone;email
UDYAM-KR-BLRU-2023-000136,UDYAM,Udyam / MSME Registry,ENT-00276,Omkar Mold Traders,Omkar Mold Trades,Managing Partner,"No. 60, A 1st Cross, BTM Layout, Bengaluru Urban, Karnataka - 560029",BTM Layout,Bengaluru Urban,BLRU,560029,Ward-176,South,Plastic Moulding,Manufacturing,2220,Red,PAN_3C7D032D6079014B,GSTIN_7033E30ADB27B2E9,UDYAM_419A17B62A1990C7,,,2023-05-22,2024-11-17,DORMANT,,,2026-03-18,phone;email
BBMP-TL-MAHA-2017-000112,BBMP,BBMP Trade Licence,ENT-00277,Bharath Clinic Associates,BharathClinic Associates,Director Masked,"152, Shed 3rd Phase, Whitefield, B'luru Urban, Karnataka - 560037",Whitefield,Bengaluru Urban,BLRU,560037,Ward-085,Mahadevapura,Pharmacy / Medical Retail,Retail,4772,Green,,GSTIN_B84409F57141E58D,,,,2017-08-12,2020-10-23,CLOSED,,,2025-11-17,pan_hash;phone;email
KAR-SHOP-BLRU-2017-000186,SHOP,Karnataka Shops and Commercial Establishments,ENT-00277,Bharath Clinic Associates,,Owner B,"No. 152, Shed 3rd Phase, Whitefield, Bengaluru Urban, Karnataka - 560037",Whitefield,Bengaluru Urban,BLRU,560037,Ward-085,Mahadevapura,Pharmacy / Medical Retail,Retail,4772,Green,,GSTIN_B84409F57141E58D,,,,2017-01-10,2025-06-10,ACTIVE,10,,2026-01-20,pan_hash;phone;email
KFBIS-FAC-BLRU-2021-000124,FACTORY,"Factories, Boilers, Industrial Safety and Health",ENT-00278,M/S Asha CNC LLP,,Owner B,"#90, A Industrial Layout, Kalyan Nagar, B'luru Urban, K'taka - 560043",Kalyan Nagar,Bengaluru Urban,BLRU,560043,Ward-025,East,Machine Tools,Manufacturing,2819,Orange,,,,,,2021-10-28,2022-05-24,CLOSED,36,,2026-03-06,pan_hash;gstin_hash;phone;email
GST-KA-BLRU-2022-000220,GST,GST Taxpayer Registry,ENT-00278,ASHA CNC LLP,,,"No 90, A Industrial Layout, Kalyan Nagar, Bangalore Urban, K'taka - 560043",Kalyan Nagar,Bengaluru Urban,BLRU,560043,Ward-025,East,Machine Tools,Manufacturing,2819,Orange,PAN_E35F91CF1E8B0DBF,GSTIN_8B4FB06493C0F325,,,,2022-10-19,2023-09-06,CLOSED,36,,2026-03-27,phone;email
PCB/BLRU/CTO/2020/00124,KSPCB,Karnataka State Pollution Control Board,ENT-00278,Asha CNC LLP,,Managing Partner,"No. 90, A Industrial Layout, Kalyan Nagar, Bangalore Urban, KA - 560043",Kalyan Nagar,Bengaluru Urban,BLRU,560043,Ward-025,East,Machine Tools,Manufacturing,2819,Orange,PAN_E35F91CF1E8B0DBF,,,9002201619,contact0278@examplebiz.in,2020-03-08,2025-07-14,ACTIVE,36,0-10,2026-01-08,gstin_hash
KAR-SHOP-BLRU-2023-000187,SHOP,Karnataka Shops and Commercial Establishments,ENT-00278,Asha CNC LLP,Asha CNC,Partner 1,"No. 90, A Industrial Layout, Kalyan Nagar, Bangalore Urban, K'taka - 560043",Kalyan Nagar,Bengaluru Urban,BLRU,560043,Ward-025,East,Machine Tools,Manufacturing,2819,Orange,,,,,contact0278@examplebiz.in,2023-03-01,2023-10-22,DORMANT,,0-10,2026-03-28,pan_hash;gstin_hash;phone
UDYAM-KR-BLRU-2019-000137,UDYAM,Udyam / MSME Registry,ENT-00278,ASHA CNC LLP,ASHA CNC,Managing Partner,"90, A Industrial Layout, Kalyan Nagar, Bengaluru Urban, KA - 560043",Kalyan Nagar,Bengaluru Urban,BLRU,560001,Ward-025,East,Machine Tools,Manufacturing,2819,Orange,PAN_E35F91CF1E8B0DBF,,,9002201619,,2019-06-01,2024-10-19,DORMANT,36,,2026-04-05,gstin_hash;email;pin_drift
GST-KA-BLRU-2020-000221,GST,GST Taxpayer Registry,ENT-00279,Varun Traders,,,"No. 9, B 3rd Phase, Bannerghatta Road, Bengaluru Urban, K'taka",Bannerghatta Road,Bengaluru Urban,BLRU,560076,Ward-177,South,Pharmacy / Medical Retail,Retail,4772,Green,PAN_77A9C3A3A627552E,,,9002209538,contact0279@examplebiz.in,2020-08-15,2021-05-01,CLOSED,25,100-500,2026-01-06,gstin_hash
KAR-SHOP-BLRU-2021-000188,SHOP,Karnataka Shops and Commercial Establishments,ENT-00279,Varun Traders,Varun Traders,Managing Partner,"No 9, B 3rd Phase, Bannerghatta Road, Bangalore Urban, Karnataka - 560076",Bannerghatta Road,Bengaluru Urban,BLRU,560076,Ward-177,South,Pharmacy / Medical Retail,Retail,4772,Green,,,,,,2021-12-06,2024-08-07,DORMANT,,,2025-12-11,pan_hash;gstin_hash;phone;email
BBMP-TL-NORT-2024-000113,BBMP,BBMP Trade Licence,ENT-00280,M/S Nandi Meals Enterprises,Nandi Meals Enterprises,,"No 47, C 3rd Phase, Hebbal Indl Area, Mysuru, Karnataka - 570016",Hebbal Industrial Area,Mysuru,MYS,570016,Ward-M21,North,Restaurant / Cafe,Service,5610,Green,,,,,,2024-01-06,2025-08-20,ACTIVE,,0-10,2026-02-06,pan_hash;gstin_hash;phone;email
GST-KA-MYS-2022-000222,GST,GST Taxpayer Registry,ENT-00280,Nandi Meals Enterprses,NNDI MEALS ENTP,,"47, C 3rd Phase, Hebbal Industrial Area, Mysuru, Karnataka - 570016",Hebbal Industrial Area,Mysuru,MYS,570016,Ward-M21,North,Restaurant / Cafe,Service,5610,Green,PAN_D8632AFDE0961CC9,GSTIN_8FCA6BBB333F9870,,,contact0280@examplebiz.in,2022-01-24,2023-06-11,DORMANT,4,,2026-05-03,phone
KAR-SHOP-MYS-2023-000189,SHOP,Karnataka Shops and Commercial Establishments,ENT-00280,M/S Nandi Meals Enterprises,Nandi Meals Enterprises,Director Masked,"#47, C 3rd Phase, Hebbal Indl Area, Mysuru, Karnataka - 570016",Hebbal Industrial Area,Mysuru,MYS,570016,Ward-M21,North,Restaurant / Cafe,Service,5610,Green,PAN_D8632AFDE0961CC9,,,,,2023-10-25,2024-01-10,DORMANT,4,0-10,2026-03-31,gstin_hash;phone;email
BBMP-TL-BENG-2020-000114,BBMP,BBMP Trade Licence,ENT-00281,Navya Garments Works,Navya Garments Works,Partner 1,"71, A Sector, Bagalur, B'luru Rural, KA - 562157",Bagalur,Bengaluru Rural,BLRR,562157,Ward-R07,Bengaluru Rural,Textile / Garments,Manufacturing,1410,Green,,,,9002225376,contact0281@examplebiz.in,2020-07-15,2023-02-14,CLOSED,,,2026-02-25,pan_hash;gstin_hash
GST-KA-BLRR-2025-000223,GST,GST Taxpayer Registry,ENT-00281,NAVYA GARMENTS WORKS,,,"No. 71, A Sector, Bagalur, B'luru Rural, K'taka - 562157",Bagalur,Bengaluru Rural,BLRR,562157,Ward-R07,Bengaluru Rural,Textile / Garments,Manufacturing,1410,Green,PAN_1ECC745C95ED9A63,,,,,2025-11-09,2026-01-31,ACTIVE,120,50-100,2026-01-14,gstin_hash;phone;email
UDYAM-KR-BLRR-2016-000138,UDYAM,Udyam / MSME Registry,ENT-00281,M/S Navya Garments Works,M/S Navya Garments Works,,"No. 71, A Sector, Bagalur, Bengaluru Rural, Karnataka - 562157",Bagalur,Bengaluru Rural,BLRR,562157,Ward-R07,Bengaluru Rural,Textile / Garments,Manufacturing,1410,Green,PAN_1ECC745C95ED9A63,,,,contact0281@examplebiz.in,2016-11-23,2019-02-09,CLOSED,,,2026-01-25,gstin_hash;phone
GST-KA-MYS-2019-000224,GST,GST Taxpayer Registry,ENT-00282,M/S Omkar Coatings Pvt Ltd,,Partner 1,"#22, D Main Rd, Hebbal Indl Area, Mysuru, K'taka",Hebbal Industrial Area,Mysuru,MYS,570016,Ward-M21,North,Chemical Blending,Manufacturing,2029,Red,PAN_AF43DCE1AC1387A9,GSTIN_FD7E0A15512E04DA,,9002233295,,2019-01-22,2025-04-08,DORMANT,180,,2026-03-20,email
PCB/MYS/CTE/2023/00125,KSPCB,Karnataka State Pollution Control Board,ENT-00282,Omkar Coatings Pvt Ltd,,Owner B,"22, D Mn Rd, Hebbal Industrial Area, Mysuru, KA - 570016",Hebbal Industrial Area,Mysuru,MYS,570016,Ward-M21,North,Chemical Blending,Manufacturing,2029,Red,PAN_AF43DCE1AC1387A9,,,,,2023-11-01,2024-10-29,DORMANT,180,25-50,2026-01-17,gstin_hash;phone;email
LAB-KA-MYS-2023-000135,LABOUR,Labour Department,ENT-00282,Omkar Coatings Pvt. Ltd.,Omkar Coatings,Owner B,"No 22, D Main Rd, Hebbal Industrial Estate, Mysuru, Karnataka",Hebbal Industrial Area,Mysuru,MYS,570016,Ward-M21,North,Chemical Blending,Manufacturing,2029,Red,PAN_AF43DCE1AC1387A9,,,,,2023-08-14,2025-05-06,ACTIVE,180,25-50,2025-11-17,gstin_hash;phone;email
UDYAM-KR-MYS-2018-000139,UDYAM,Udyam / MSME Registry,ENT-00282,Omkar Coatings Pvt Ltd,OMKAR COATINGS,Owner B,"No. 22, D Main Road, Hebbal Indl Area, Mysuru, Karnataka - 570016",Hebbal Industrial Area,Mysuru,MYS,570016,Ward-M21,North,Chemical Blending,Manufacturing,2029,Red,PAN_AF43DCE1AC1387A9,,UDYAM_5DDFBE29C6BC54A8,9002233295,,2018-09-30,2020-06-04,CLOSED,,,2026-02-11,gstin_hash;email
BBMP-TL-YELA-2025-000115,BBMP,BBMP Trade Licence,ENT-00283,M/S Aditya Meds Co,,Managing Partner,"No 110, C Behind Metro, Hebbal, Bengaluru Urban, Karnataka - 560024",Hebbal,Bengaluru Urban,BLRU,560024,Ward-021,Yelahanka,Pharmacy / Medical Retail,Retail,4772,Green,PAN_1BFB605BF7BD8035,,,9002241214,contact0283@examplebiz.in,2025-11-29,2026-03-23,ACTIVE,10,,2026-04-03,gstin_hash
GST-KA-BLRU-2025-000225,GST,GST Taxpayer Registry,ENT-00283,ADITYA MEDS CO,M/S Aditya Meds Co,Owner B,"No. 110, C Behind Metro, Hebbal, Bangalore Urban, Karnataka - 560024",Hebbal,Bengaluru Urban,BLRU,560024,Ward-021,Yelahanka,Pharmacy / Medical Retail,Retail,4772,Green,PAN_1BFB605BF7BD8035,,,9002241214,,2025-11-28,2026-04-22,ACTIVE,10,500+,2026-03-27,gstin_hash;email
LAB-KA-BLRU-2022-000136,LABOUR,Labour Department,ENT-00283,M/S Aditya Meds Co,M/S Aditya Meds Co,Managing Partner,"No. 110, C Behind Metro, Hebbal, B'luru Urban, K'taka - 560024",Hebbal,Bengaluru Urban,BLRU,560024,Ward-021,Yelahanka,Pharmacy / Medical Retail,Retail,4772,Green,PAN_1BFB605BF7BD8035,,,9002241214,,2022-05-13,2023-02-15,CLOSED,,,2026-02-07,gstin_hash;email
KAR-SHOP-BLRU-2015-000190,SHOP,Karnataka Shops and Commercial Establishments,ENT-00283,Aditya Meds Co,,Partner 1,"110, C Behind Metro, Hebbal, B'luru Urban, Karnataka - 560024",Hebbal,Bengaluru Urban,BLRU,560064,Ward-021,Yelahanka,Pharmacy / Medical Retail,Retail,4772,Green,PAN_1BFB605BF7BD8035,,,9002241214,,2015-05-07,2020-02-07,CLOSED,10,,2026-02-09,gstin_hash;email;pin_drift
BBMP-TL-CENT-2023-000116,BBMP,BBMP Trade Licence,ENT-00284,Praruthi Packaging Entp,Prakruthi Packaging Enterprises,Owner B,"#45, Plot Extension, Devaraja Mohalla, Mysuru, K'taka - 570001",Devaraja Mohalla,Mysuru,MYS,570001,Ward-M01,Central,Printing / Packaging,Manufacturing,1811,Orange,,,,,,2023-10-30,2023-12-11,DORMANT,25,,2026-03-23,pan_hash;gstin_hash;phone;email
KFBIS-FAC-MYS-2018-000125,FACTORY,"Factories, Boilers, Industrial Safety and Health",ENT-00284,Prakruthi Packaging Eterprises,M/S Prakruthi Packaging Entp,Director Masked,"No 45, Plot Extension, Devaraja Mohalla, Mysuru, KA - 570001",Devaraja Mohalla,Mysuru,MYS,570001,Ward-M01,Central,Printing / Packaging,Manufacturing,1811,Orange,,GSTIN_BD587EE3AB59DBDB,,,,2018-05-25,2019-06-17,CLOSED,25,500+,2026-03-24,pan_hash;phone;email
GST-KA-MYS-2020-000226,GST,GST Taxpayer Registry,ENT-00284,Prakruthi Packaging Enterprises,Prakruthi Packaging Enterprises,Partner 1,"No. 45, Plot Extension, Devaraja Mohalla, Mysuru, Karnataka - 570001",Devaraja Mohalla,Mysuru,MYS,570001,Ward-M01,Central,Printing / Packaging,Manufacturing,1811,Orange,,GSTIN_BD587EE3AB59DBDB,,,,2020-11-07,2022-12-18,CLOSED,,,2025-12-14,pan_hash;phone;email
PCB/MYS/CTO/2019/00126,KSPCB,Karnataka State Pollution Control Board,ENT-00284,Prakruthi Packaging Enterprises,Prakruthi Packaging Enterprises,,"45, Plot Extension, Devaraja Mohalla, Mysuru, KA - 570001",Devaraja Mohalla,Mysuru,MYS,570001,Ward-M01,Central,Printing / Packaging,Manufacturing,1811,Orange,,,,,,2019-05-25,2022-04-11,CLOSED,,,2025-12-12,pan_hash;gstin_hash;phone;email
LAB-KA-MYS-2021-000137,LABOUR,Labour Department,ENT-00284,M/S Prakruthi Packaging Enterprises,M/S Prakruthi Packaging Enterprises,Owner A,"45, Plot Extension, Devaraja Mohalla, Mysuru, K'taka - 570001",Devaraja Mohalla,Mysuru,MYS,570001,Ward-M01,Central,Printing / Packaging,Manufacturing,1811,Orange,PAN_738A4D73B7A3D9C6,,,,,2021-12-04,2024-09-21,DORMANT,,,2026-03-30,gstin_hash;phone;email
KAR-SHOP-MYS-2024-000191,SHOP,Karnataka Shops and Commercial Establishments,ENT-00284,M/S Prakruthi Packaging Enterprises,M/S Prakruthi Packaging Entp,Director Masked,"No. 45, Plot Extension, Devaraja Mohalla, Mysuru, K'taka - 570001",Devaraja Mohalla,Mysuru,MYS,570001,Ward-M01,Central,Printing / Packaging,Manufacturing,1811,Orange,PAN_738A4D73B7A3D9C6,,,,,2024-02-19,2025-09-21,CLOSED,25,500+,2026-04-11,gstin_hash;phone;email
GST-KA-BLRU-2018-000227,GST,GST Taxpayer Registry,ENT-00285,Ananya Chem Industries,Ananya Chem Inds,Owner A,"No 221, B 3rd Phase, Rajajinagar Industrial Suburb, Bengaluru Urban, K'taka - 560059",Rajajinagar Industrial Suburb,Bengaluru Urban,BLRU,560059,Ward-067,West,Chemical Blending,Manufacturing,2029,Red,,GSTIN_C0DEC8E9E783AE32,,9002257052,,2018-04-16,2018-07-19,CLOSED,85,,2026-04-18,pan_hash;email
PCB/BLRU/CTO/2015/00127,KSPCB,Karnataka State Pollution Control Board,ENT-00285,Ananya Chem Industries,,Owner A,"No 221, B 3rd Phase, Rajajinagar Industrial Suburb, B'luru Urban, K'taka - 560059",Rajajinagar Industrial Suburb,Bengaluru Urban,BLRU,560059,Ward-067,West,Chemical Blending,Manufacturing,2029,Red,,GSTIN_C0DEC8E9E783AE32,,9002257052,,2015-10-12,2023-07-10,CLOSED,,,2025-11-20,pan_hash;email
LAB-KA-BLRU-2025-000138,LABOUR,Labour Department,ENT-00285,M/S Ananya Chem Industries,M/S Ananya Chem Inds,Managing Partner,"221, B 3rd Phase, Rajajinagar Industrial Suburb, B'luru Urban, K'taka - 560059",Rajajinagar Industrial Suburb,Bengaluru Urban,BLRU,560059,Ward-067,West,Chemical Blending,Manufacturing,2029,Red,PAN_38445CC051FC66AE,,,9002257052,,2025-10-16,2026-01-04,ACTIVE,85,,2025-12-22,gstin_hash;email
UDYAM-KR-BLRU-2015-000140,UDYAM,Udyam / MSME Registry,ENT-00285,Ananya Chem Inds,ANANYA HEM INDUSTRIES,Managing Partner,"#221, B 3rd Phase, Rajajinagar Industrial Suburb, Bangalore Urban, Karnataka - 560059",Rajajinagar Industrial Suburb,Bengaluru Urban,BLRU,560059,Ward-067,West,Chemical Blending,Manufacturing,2029,Red,,GSTIN_C0DEC8E9E783AE32,UDYAM_4137F8987B301E04,9002257052,,2015-05-17,2016-07-08,CLOSED,,0-10,2026-01-02,pan_hash;email
KFBIS-FAC-BLRU-2022-000126,FACTORY,"Factories, Boilers, Industrial Safety and Health",ENT-00286,Harsha Works,Harsha Works,Owner A,"No. 274, Plot Sector, Yelahanka, Bengaluru Urban, K'taka - 560064",Yelahanka,Bengaluru Urban,BLRU,560064,Ward-004,Yelahanka,Food Processing,Manufacturing,1030,Orange,,,UDYAM_F6D6B22CF51BB837,,,2022-04-06,2025-09-10,ACTIVE,5,10-25,2026-03-22,pan_hash;gstin_hash;phone;email
GST-KA-BLRU-2023-000228,GST,GST Taxpayer Registry,ENT-00286,Harsha Works,M/S HARSH WORKS,Managing Partner,"274, Plot Sector, Yelahanka, B'luru Urban, Karnataka - 560064",Yelahanka,Bengaluru Urban,BLRU,560064,Ward-004,Yelahanka,Food Processing,Manufacturing,1030,Orange,PAN_5084A28A7216F336,,,,,2023-07-11,2025-11-20,ACTIVE,5,,2025-12-04,gstin_hash;phone;email
PCB/BLRU/CTO/2025/00128,KSPCB,Karnataka State Pollution Control Board,ENT-00286,Harsha Works,,Managing Partner,"#274, Plot Sector, Yelahanka, Bengaluru Urban, K'taka - 560064",Yelahanka,Bengaluru Urban,BLRU,560064,Ward-004,Yelahanka,Food Processing,Manufacturing,1030,Orange,,,,9002264971,,2025-09-26,2025-11-19,ACTIVE,5,10-25,2025-12-18,pan_hash;gstin_hash;email
LAB-KA-BLRU-2022-000139,LABOUR,Labour Department,ENT-00286,M/S Harsha Works,Harsha Works,Owner B,"#274, Plot Sector, Yelahanka, Bengaluru Urban, K'taka - 560064",Yelahanka,Bengaluru Urban,BLRU,560064,Ward-004,Yelahanka,Food Processing,Manufacturing,1030,Orange,,,,9002264971,,2022-10-14,2023-11-18,DORMANT,,10-25,2025-11-09,pan_hash;gstin_hash;email
KAR-SHOP-BLRU-2023-000192,SHOP,Karnataka Shops and Commercial Establishments,ENT-00286,Harsha Works,M/S Harsha Works,Managing Partner,"#274, Plot Sector, Yelahanka, Bangalore Urban, KA - 560064",Yelahanka,Bengaluru Urban,BLRU,560064,Ward-004,Yelahanka,Food Processing,Manufacturing,1030,Orange,PAN_5084A28A7216F336,,,9002264971,,2023-06-19,2025-01-19,DORMANT,5,,2026-01-15,gstin_hash;email
UDYAM-KR-BLRU-2023-000141,UDYAM,Udyam / MSME Registry,ENT-00286,Harsha Works,M/S arsha Works,Director Masked,"274, Plot Sector, Yelahanka, Bangalore Urban, K'taka - 560064",Yelahanka,Bengaluru Urban,BLRU,560064,Ward-004,Yelahanka,Food Processing,Manufacturing,1030,Orange,,,UDYAM_F6D6B22CF51BB837,,,2023-04-07,2026-04-08,ACTIVE,,,2026-04-19,pan_hash;gstin_hash;phone;email
BBMP-TL-EAST-2024-000117,BBMP,BBMP Trade Licence,ENT-00287,M/S Prakruthi Packaging Works,Prakruthi Packaging Works,Director Masked,"107, D 3rd Phase, Kalyan Nagar, Bangalore Urban, Karnataka - 560043",Kalyan Nagar,Bengaluru Urban,BLRU,560043,Ward-025,East,Restaurant / Cafe,Service,5610,Green,,,,9002272890,,2024-02-12,2024-07-02,DORMANT,85,,2026-03-25,pan_hash;gstin_hash;email
GST-KA-BLRU-2021-000229,GST,GST Taxpayer Registry,ENT-00287,Prakruthi Packaging Works,M/S PRAKRUTHI PACKAGING WORKS,Director Masked,"No. 107, D 3rd Phase, Kalyan Nagar, Bangalore Urban, KA",Kalyan Nagar,Bengaluru Urban,BLRU,560100,Ward-025,East,Restaurant / Cafe,Service,5610,Green,,,,9002272890,,2021-03-22,2022-04-22,CLOSED,85,0-10,2026-03-10,pan_hash;gstin_hash;email;pin_drift
LAB-KA-BLRU-2025-000140,LABOUR,Labour Department,ENT-00287,Prakruthi Packaging Works,Prakruthi Packaging Works,,"107, D 3rd Phase, Kalyan Nagar, B'luru Urban, KA - 560043",Kalyan Nagar,Bengaluru Urban,BLRU,560043,Ward-025,East,Restaurant / Cafe,Service,5610,Green,,,,9002272890,,2025-12-20,2026-02-24,ACTIVE,,,2025-12-14,pan_hash;gstin_hash;email
KAR-SHOP-BLRU-2016-000193,SHOP,Karnataka Shops and Commercial Establishments,ENT-00287,M/S Prakruthi Packaging Works,,Partner 1,"No. 107, D 3rd Phase, Kalyan Nagar, Bengaluru Urban, KA - 560043",Kalyan Nagar,Bengaluru Urban,BLRU,560043,Ward-025,East,Restaurant / Cafe,Service,5610,Green,,,,,,2016-12-11,2021-10-08,CLOSED,85,,2025-12-06,pan_hash;gstin_hash;phone;email
UDYAM-KR-BLRU-2024-000142,UDYAM,Udyam / MSME Registry,ENT-00287,M/S Prakruthi Packaging Works,Prakruthi Packaging Works,Partner 1,"No 107, D 3rd Phase, Kalyan Nagar, B'luru Urban, KA - 560043",Kalyan Nagar,Bengaluru Urban,BLRU,560043,Ward-025,East,Restaurant / Cafe,Service,5610,Green,,,,,,2024-01-08,2024-08-21,DORMANT,,0-10,2026-03-18,pan_hash;gstin_hash;phone;email
KFBIS-FAC-BLRU-2020-000127,FACTORY,"Factories, Boilers, Industrial Safety and Health",ENT-00288,Nandi Moulding Company,M/S Nandi Moulding Company,Director Masked,"No 200, Shed Industrial Layout, Bannerghatta Road, Bengaluru Urban, Karnataka - 560076",Bannerghatta Road,Bengaluru Urban,BLRU,560076,Ward-177,South,Plastic Moulding,Manufacturing,2220,Red,,,,,,2020-01-16,2022-04-09,CLOSED,,100-500,2025-11-22,pan_hash;gstin_hash;phone;email
GST-KA-BLRU-2015-000230,GST,GST Taxpayer Registry,ENT-00288,Nandi Moulding Company,M/S Nandi Moulding Co,Owner B,"#200, Shed Industrial Layout, Bannerghatta Road, B'luru Urban, K'taka - 560076",Bannerghatta Road,Bengaluru Urban,BLRU,560076,Ward-177,South,Plastic Moulding,Manufacturing,2220,Red,,,,,,2015-02-15,2022-09-21,CLOSED,8,,2026-01-21,pan_hash;gstin_hash;phone;email
PCB/BLRU/CTO/2023/00129,KSPCB,Karnataka State Pollution Control Board,ENT-00288,Nandi Moulding Company,,Owner A,"No. 200, Shed Industrial Layout, Bannerghatta Road, Bangalore Urban, K'taka - 560076",Bannerghatta Road,Bengaluru Urban,BLRU,560076,Ward-177,South,Plastic Moulding,Manufacturing,2220,Red,,,,,,2023-05-22,2024-06-03,DORMANT,8,,2026-02-21,pan_hash;gstin_hash;phone;email
KAR-SHOP-BLRU-2024-000194,SHOP,Karnataka Shops and Commercial Establishments,ENT-00288,Nandi Moulding Company,M/S Nandi Moulding Company,Managing Partner,"No. 200, Shed Industrial Layout, Bannerghatta Road, Bengaluru Urban, KA - 560076",Bannerghatta Road,Bengaluru Urban,BLRU,560076,Ward-177,South,Plastic Moulding,Manufacturing,2220,Red,,,,,,2024-10-12,2025-08-23,ACTIVE,8,,2025-12-07,pan_hash;gstin_hash;phone;email
UDYAM-KR-BLRU-2020-000143,UDYAM,Udyam / MSME Registry,ENT-00288,M/S Nandi Moulding Company,M/S Nandi Moulding Co,Director Masked,"No. 200, Shed Industrial Layout, Bannerghatta Road, Bengaluru Urban, KA - 560076",Bannerghatta Road,Bengaluru Urban,BLRU,560076,Ward-177,South,Plastic Moulding,Manufacturing,2220,Red,,,,,,2020-04-16,2023-03-13,CLOSED,8,,2026-04-06,pan_hash;gstin_hash;phone;email
BBMP-TL-SOUT-2022-000118,BBMP,BBMP Trade Licence,ENT-00289,Aarohi Bakery Associates,Aarohi Baker Associates,Owner B,"#14, Shed Behind Metro, Bannerghatta Road, Bangalore Urban, K'taka",Bannerghatta Road,Bengaluru Urban,BLRU,560076,Ward-177,South,Food Processing,Manufacturing,1030,Orange,,,,,,2022-12-26,2023-05-30,DORMANT,,500+,2026-03-18,pan_hash;gstin_hash;phone;email
GST-KA-BLRU-2021-000231,GST,GST Taxpayer Registry,ENT-00289,Aarohi Bakery Associates,Aarohi Bakery Associates,Owner B,"14, Shed Behind Metro, Bannerghatta Road, Bengaluru Urban, KA - 560076",Bannerghatta Road,Bengaluru Urban,BLRU,560076,Ward-177,South,Food Processing,Manufacturing,1030,Orange,,,,9002288728,contact0289@examplebiz.in,2021-12-18,2024-08-08,CLOSED,,,2026-01-31,pan_hash;gstin_hash
LAB-KA-BLRU-2022-000141,LABOUR,Labour Department,ENT-00289,Aarohi Bakery Associates,Aarohi Bakery Associates,Owner A,"#14, Shed Behind Metro, Bannerghatta Road, Bangalore Urban, Karnataka - 560076",Bannerghatta Road,Bengaluru Urban,BLRU,560076,Ward-177,South,Food Processing,Manufacturing,1030,Orange,,,,9002288728,,2022-07-31,2025-05-17,ACTIVE,5,,2026-04-06,pan_hash;gstin_hash;email
KAR-SHOP-BLRU-2022-000195,SHOP,Karnataka Shops and Commercial Establishments,ENT-00289,Aarohi Bakery Associates,Aarohi Bakery Associates,Owner A,"14, Shed Behind Metro, Bannerghatta Road, Bengaluru Urban, K'taka - 560076",Bannerghatta Road,Bengaluru Urban,BLRU,560076,Ward-177,South,Food Processing,Manufacturing,1030,Orange,,,,9002288728,contact0289@examplebiz.in,2022-09-08,2023-06-03,DORMANT,,500+,2025-11-26,pan_hash;gstin_hash
UDYAM-KR-BLRU-2022-000144,UDYAM,Udyam / MSME Registry,ENT-00289,Aarohi Bakery Associates,Aarohi Bakery Associates,Partner 1,"No. 14, Shed Behind Metro, Bannerghatta Road, Bangalore Urban, Karnataka - 560076",Bannerghatta Road,Bengaluru Urban,BLRU,560076,Ward-177,South,Food Processing,Manufacturing,1030,Orange,,,,9002288728,,2022-04-23,2022-09-15,CLOSED,,500+,2026-01-16,pan_hash;gstin_hash;email
KFBIS-FAC-BLRU-2022-000128,FACTORY,"Factories, Boilers, Industrial Safety and Health",ENT-00290,Deccan Tools Traders,Deccan Tools Traders,Owner B,"#214, B 2nd Main, Bommanahalli, Bengaluru Urban, KA - 560068",Bommanahalli,Bengaluru Urban,BLRU,560068,Ward-175,South,Machine Tools,Manufacturing,2819,Orange,,,,9002296647,contact0290@examplebiz.in,2022-09-11,2025-12-04,ACTIVE,3,,2026-04-26,pan_hash;gstin_hash
GST-KA-BLRU-2023-000232,GST,GST Taxpayer Registry,ENT-00290,M/S DECCAN TOOLS TRADERS,Deccan Tools Traders,Owner B,"#214, B 2nd Main, Bommanahalli, Bengaluru Urban, Karnataka - 560068",Bommanahalli,Bengaluru Urban,BLRU,560068,Ward-175,South,Machine Tools,Manufacturing,2819,Orange,,,,,contact0290@examplebiz.in,2023-08-14,2025-08-02,CLOSED,3,,2025-12-26,pan_hash;gstin_hash;phone
PCB/BLRU/CTO/2020/00130,KSPCB,Karnataka State Pollution Control Board,ENT-00290,M/S Deccan Tools Traders,Deccan Tools Traders,,"#214, B 2nd Main, Bommanahalli, Bengaluru Urban, Karnataka - 560068",Bommanahalli,Bengaluru Urban,BLRU,560068,Ward-175,South,Machine Tools,Manufacturing,2819,Orange,,,,,contact0290@examplebiz.in,2020-04-08,2023-05-24,DORMANT,3,10-25,2026-03-02,pan_hash;gstin_hash;phone
KAR-SHOP-BLRU-2015-000196,SHOP,Karnataka Shops and Commercial Establishments,ENT-00290,Deccan Tools Traders,Deccan Tools Traders,Director Masked,"214, B 2nd Main, Bommanahalli, Bengaluru Urban, Karnataka - 560068",Bommanahalli,Bengaluru Urban,BLRU,560068,Ward-175,South,Machine Tools,Manufacturing,2819,Orange,,,,,contact0290@examplebiz.in,2015-09-19,2020-12-21,CLOSED,3,10-25,2025-12-24,pan_hash;gstin_hash;phone
UDYAM-KR-BLRU-2025-000145,UDYAM,Udyam / MSME Registry,ENT-00290,Deccan Tools Traders,Deccan Tools Traders,Director Masked,"#214, B 2nd Main, Bommanahalli, B'luru Urban, K'taka - 560068",Bommanahalli,Bengaluru Urban,BLRU,560068,Ward-175,South,Machine Tools,Manufacturing,2819,Orange,,,UDYAM_5927580713AC3E60,9002296647,,2025-07-17,2026-01-11,ACTIVE,3,,2026-04-28,pan_hash;gstin_hash;email
GST-KA-BLRR-2019-000233,GST,GST Taxpayer Registry,ENT-00291,Lakshmi Meds Pvt. Ltd.,M/S LAKSHMI MEDS,Partner 1,"No 279, Shed 1st Cr, Devanahalli, Bangalore Rural, KA - 562110",Devanahalli,Bengaluru Rural,BLRR,562110,Ward-R01,Bengaluru Rural,Pharmacy / Medical Retail,Retail,4772,Green,PAN_5D3E13DDB0BCBB69,GSTIN_0AAADD79C4584D25,UDYAM_B37BD2B7F9ADAB25,,,2019-01-13,2022-03-24,CLOSED,36,,2026-02-28,phone;email
KAR-SHOP-BLRR-2020-000197,SHOP,Karnataka Shops and Commercial Establishments,ENT-00291,Lakshmi Meds Pvt Ltd,Lkshmi Meds,Owner B,"#279, Shed 1st Cross, Devanahalli, Bengaluru Rural, K'taka - 562110",Devanahalli,Bengaluru Rural,BLRR,562110,Ward-R01,Bengaluru Rural,Pharmacy / Medical Retail,Retail,4772,Green,PAN_5D3E13DDB0BCBB69,GSTIN_0AAADD79C4584D25,,,,2020-04-07,2025-03-29,DORMANT,,,2026-03-07,phone;email
UDYAM-KR-BLRR-2020-000146,UDYAM,Udyam / MSME Registry,ENT-00291,M/S LAKSHMI MEDS PVT LTD,,Partner 1,"No. 279, Shed 1st Crs, Devanahalli, Bangalore Rural, KA - 562110",Devanahalli,Bengaluru Rural,BLRR,562110,Ward-R01,Bengaluru Rural,Pharmacy / Medical Retail,Retail,4772,Green,PAN_5D3E13DDB0BCBB69,,UDYAM_B37BD2B7F9ADAB25,,,2020-05-01,2022-07-31,CLOSED,,,2026-02-18,gstin_hash;phone;email
BBMP-TL-BOMM-2019-000119,BBMP,BBMP Trade Licence,ENT-00292,M/S Udupi Health Works,M/S Udupi Health Works,Owner B,"#16, C Service Road, Electronic City, B'luru Urban, Karnataka - 560100",Electronic City,Bengaluru Urban,BLRU,560100,Ward-192,Bommanahalli,Pharmacy / Medical Retail,Retail,4772,Green,,,,,,2019-10-17,2024-02-08,DORMANT,,10-25,2026-03-03,pan_hash;gstin_hash;phone;email
GST-KA-BLRU-2016-000234,GST,GST Taxpayer Registry,ENT-00292,Udupi Health Works,Udupi Health Works,Partner 1,"No. 16, C Service Road, Electronic City, Bengaluru Urban, Karnataka - 560100",Electronic City,Bengaluru Urban,BLRU,560100,Ward-192,Bommanahalli,Pharmacy / Medical Retail,Retail,4772,Green,,,,,,2016-01-23,2024-04-16,CLOSED,25,10-25,2025-11-30,pan_hash;gstin_hash;phone;email
KAR-SHOP-BLRU-2020-000198,SHOP,Karnataka Shops and Commercial Establishments,ENT-00292,Udupi Health Works,Udupi Health Works,Managing Partner,"16, C Service Road, Electronic City, B'luru Urban, Karnataka - 560100",Electronic City,Bengaluru Urban,BLRU,560100,Ward-192,Bommanahalli,Pharmacy / Medical Retail,Retail,4772,Green,,,,9002312485,,2020-04-26,2020-07-16,CLOSED,,10-25,2026-04-06,pan_hash;gstin_hash;email
KFBIS-FAC-BLRU-2021-000129,FACTORY,"Factories, Boilers, Industrial Safety and Health",ENT-00293,Siddhi Works Enterprises,Siddhi Works Entp,,"No 7, C Mn Rd, Bannerghatta Road, B'luru Urban, K'taka - 560076",Bannerghatta Road,Bengaluru Urban,BLRU,560076,Ward-177,South,Machine Tools,Manufacturing,2819,Orange,PAN_340F784F33AB8AE7,,,,,2021-08-04,2023-05-04,DORMANT,18,,2026-03-12,gstin_hash;phone;email
GST-KA-BLRU-2016-000235,GST,GST Taxpayer Registry,ENT-00293,Siddhi Works Enterprises,Siddhi Works Enterprises,Partner 1,"No 7, C Main Rd, Bannerghatta Road, Bangalore Urban, KA - 560076",Bannerghatta Road,Bengaluru Urban,BLRU,560076,Ward-177,South,Machine Tools,Manufacturing,2819,Orange,PAN_340F784F33AB8AE7,GSTIN_03C304D422D93C74,,9002320404,,2016-03-06,2020-07-28,CLOSED,,,2025-12-17,email
PCB/BLRU/CTO/2020/00131,KSPCB,Karnataka State Pollution Control Board,ENT-00293,Siddhi Works Enterprises,M/S Siddhi Works Enterprises,Partner 1,"No 7, C Mn Rd, Bannerghatta Road, B'luru Urban, Karnataka - 560076",Bannerghatta Road,Bengaluru Urban,BLRU,560076,Ward-177,South,Machine Tools,Manufacturing,2819,Orange,,GSTIN_03C304D422D93C74,,9002320404,,2020-12-25,2025-09-08,ACTIVE,,100-500,2025-12-16,pan_hash;email
LAB-KA-BLRU-2018-000142,LABOUR,Labour Department,ENT-00293,Siddhi WorksEnterprises,,Managing Partner,"#7, C Mn Rd, Bannerghatta Road, B'luru Urban, K'taka - 560076",Bannerghatta Road,Bengaluru Urban,BLRU,560076,Ward-177,South,Machine Tools,Manufacturing,2819,Orange,,,,,,2018-02-13,2018-07-03,CLOSED,18,,2025-11-11,pan_hash;gstin_hash;phone;email
KAR-SHOP-BLRU-2015-000199,SHOP,Karnataka Shops and Commercial Establishments,ENT-00293,Siddhi Works Enterprises,Siddhi Works Enterprises,Owner B,"#7, C Main Road, Bannerghatta Road, B'luru Urban, Karnataka",Bannerghatta Road,Bengaluru Urban,BLRU,560076,Ward-177,South,Machine Tools,Manufacturing,2819,Orange,,,,9002320404,,2015-10-28,2025-03-12,DORMANT,18,100-500,2026-05-01,pan_hash;gstin_hash;email
UDYAM-KR-BLRU-2024-000147,UDYAM,Udyam / MSME Registry,ENT-00293,Siddhi Works Entp,M/S Siddhi Works Entp,Owner A,"7, C Main Road, Bannerghatta Road, Bengaluru Urban, K'taka - 560076",Bannerghatta Road,Bengaluru Urban,BLRU,560076,Ward-177,South,Machine Tools,Manufacturing,2819,Orange,PAN_340F784F33AB8AE7,GSTIN_03C304D422D93C74,,9002320404,,2024-04-27,2025-12-05,ACTIVE,18,100-500,2026-03-13,email
BBMP-TL-BENG-2015-000120,BBMP,BBMP Trade Licence,ENT-00294,Nandi Tools Co,Nandi Tools Co,Managing Partner,"158, Industrial Layout, Doddaballapura, B'luru Rural, K'taka - 561203",Doddaballapura,Bengaluru Rural,BLRR,561203,Ward-R09,Bengaluru Rural,Machine Tools,Manufacturing,2819,Orange,,,,,,2015-11-27,2025-08-26,CLOSED,,500+,2025-12-10,pan_hash;gstin_hash;phone;email
KFBIS-FAC-BLRR-2020-000130,FACTORY,"Factories, Boilers, Industrial Safety and Health",ENT-00294,Nandi Tools Co,Nandi Tools Co,Director Masked,"No 158, Industrial Layout, Doddaballapura, B'luru Rural, Karnataka - 561203",Doddaballapura,Bengaluru Rural,BLRR,562114,Ward-R09,Bengaluru Rural,Machine Tools,Manufacturing,2819,Orange,,GSTIN_73676B4AA06E0B6F,,,,2020-06-30,2025-09-21,ACTIVE,25,500+,2026-05-02,pan_hash;phone;email;pin_drift
LAB-KA-BLRR-2016-000143,LABOUR,Labour Department,ENT-00294,M/S Nandi Tools Co,M/S Nandi Tools Co,Partner 1,"#158, Industrial Layout, Doddaballapura, B'luru Rural, Karnataka - 561203",Doddaballapura,Bengaluru Rural,BLRR,561203,Ward-R09,Bengaluru Rural,Machine Tools,Manufacturing,2819,Orange,,,,9002328323,,2016-06-15,2016-12-16,CLOSED,25,500+,2026-04-01,pan_hash;gstin_hash;email
UDYAM-KR-BLRR-2016-000148,UDYAM,Udyam / MSME Registry,ENT-00294,Nandi Tools Co,Nandi Tools Co,Partner 1,"#158, Industrial Layout, Doddaballapura, Bengaluru Rural, K'taka - 561203",Doddaballapura,Bengaluru Rural,BLRR,561203,Ward-R09,Bengaluru Rural,Machine Tools,Manufacturing,2819,Orange,PAN_F52B82BD8F6FBADF,GSTIN_73676B4AA06E0B6F,,,,2016-06-03,2020-01-09,CLOSED,25,500+,2026-04-27,phone;email
BBMP-TL-YELA-2022-000121,BBMP,BBMP Trade Licence,ENT-00295,Lakshmi Kitchen Pvt Ltd,M/S Lakshmi Kitchen,Managing Partner,"No 91, A 1st Cr, Hebbal, Bengaluru Urban, Karnataka - 560024",Hebbal,Bengaluru Urban,BLRU,560024,Ward-021,Yelahanka,Restaurant / Cafe,Service,5610,Green,,GSTIN_D99EB2967262E860,,9002336242,,2022-03-14,2025-11-21,ACTIVE,8,,2026-04-23,pan_hash;email
GST-KA-BLRU-2025-000236,GST,GST Taxpayer Registry,ENT-00295,Lakshmi Kitchen Pvt Ltd,Lakshmi Kitchen,Owner B,"No 91, A 1st Cr, Hebbal, B'luru Urban, K'taka - 560024",Hebbal,Bengaluru Urban,BLRU,560058,Ward-021,Yelahanka,Restaurant / Cafe,Service,5610,Green,,GSTIN_D99EB2967262E860,,,contact0295@examplebiz.in,2025-10-21,2026-03-09,ACTIVE,8,,2026-04-16,pan_hash;phone;pin_drift
KAR-SHOP-BLRU-2015-000200,SHOP,Karnataka Shops and Commercial Establishments,ENT-00295,Lakshmi Kitchen Pvt Ltd,Lakshmi Kitchen,Managing Partner,"No. 91, A 1st Cross, Hebbal, Bengaluru Urban, KA - 560024",Hebbal,Bengaluru Urban,BLRU,560024,Ward-021,Yelahanka,Restaurant / Cafe,Service,5610,Green,,GSTIN_D99EB2967262E860,,9002336242,contact0295@examplebiz.in,2015-10-27,2022-10-16,CLOSED,8,,2025-12-24,pan_hash
UDYAM-KR-BLRU-2023-000149,UDYAM,Udyam / MSME Registry,ENT-00295,M/S Lakshmi Kitche Pvt Ltd,Lakshmi Kitchen,,"91, A 1st Cross, Hebbal, Bangalore Urban, KA - 560024",Hebbal,Bengaluru Urban,BLRU,560024,Ward-021,Yelahanka,Restaurant / Cafe,Service,5610,Green,PAN_AE7BA4C831F4ECAE,,UDYAM_49D76E771FF4D5F4,,contact0295@examplebiz.in,2023-04-03,2024-06-20,DORMANT,,100-500,2026-05-01,gstin_hash;phone
BBMP-TL-DASA-2022-000122,BBMP,BBMP Trade Licence,ENT-00296,Veda Apparels Company,Veda Apparels Company,Owner A,"235, Behind Metro, Peenya Industrial Estate, B'luru Urban, K'taka - 560058",Peenya Industrial Area,Bengaluru Urban,BLRU,560058,Ward-038,Dasarahalli,Textile / Garments,Manufacturing,1410,Green,,,,,,2022-06-22,2025-09-26,CLOSED,85,,2025-11-30,pan_hash;gstin_hash;phone;email
PCB/BLRU/CTO/2020/00132,KSPCB,Karnataka State Pollution Control Board,ENT-00296,Veda Appaels Company,Veda Apparels Company,Owner A,"#235, Behind Metro, Peenya Industrial Area, Bangalore Urban, KA - 560058",Peenya Industrial Area,Bengaluru Urban,BLRU,560058,Ward-038,Dasarahalli,Textile / Garments,Manufacturing,1410,Green,,,,,,2020-03-01,2020-09-24,CLOSED,85,,2026-01-07,pan_hash;gstin_hash;phone;email
LAB-KA-BLRU-2018-000144,LABOUR,Labour Department,ENT-00296,Veda Apparels Company,,Owner A,"No 235, Behind Metro, Peenya Indl Area, B'luru Urban, KA - 560058",Peenya Industrial Area,Bengaluru Urban,BLRU,560058,Ward-038,Dasarahalli,Textile / Garments,Manufacturing,1410,Green,,,,,,2018-06-28,2024-03-01,DORMANT,85,50-100,2026-01-18,pan_hash;gstin_hash;phone;email
GST-KA-BLRU-2019-000237,GST,GST Taxpayer Registry,ENT-00297,M/S MYSORE HEALTH INDUSTRIES,,Owner A,"No. 234, Shed Near Bus Stop, Bommanahalli, Bangalore Urban, K'taka - 560068",Bommanahalli,Bengaluru Urban,BLRU,560068,Ward-175,South,Pharmacy / Medical Retail,Retail,4772,Green,PAN_308BE40192FDD51E,GSTIN_03941D2CB49CD7A4,,9002352080,,2019-01-14,2023-05-25,DORMANT,,0-10,2025-11-14,email
LAB-KA-BLRU-2023-000145,LABOUR,Labour Department,ENT-00297,Mysore Health Industries,Mysore Health Industries,Owner A,"No 234, Shed Near Bus Stop, Bommanahalli, Bengaluru Urban, Karnataka - 560068",Bommanahalli,Bengaluru Urban,BLRU,560068,Ward-175,South,Pharmacy / Medical Retail,Retail,4772,Green,PAN_308BE40192FDD51E,,,,contact0297@examplebiz.in,2023-01-19,2024-02-19,DORMANT,,,2025-12-07,gstin_hash;phone
KAR-SHOP-BLRU-2019-000201,SHOP,Karnataka Shops and Commercial Establishments,ENT-00297,Mysore Health Industries,M/S Mysore Health Inds,Managing Partner,"#234, Shed Near Bus Stop, Bommanahalli, B'luru Urban, Karnataka - 560068",Bommanahalli,Bengaluru Urban,BLRU,560068,Ward-175,South,Pharmacy / Medical Retail,Retail,4772,Green,,GSTIN_03941D2CB49CD7A4,,9002352080,,2019-04-22,2020-07-16,CLOSED,12,,2025-12-30,pan_hash;email
UDYAM-KR-BLRU-2018-000150,UDYAM,Udyam / MSME Registry,ENT-00297,Mysore Health Industries,Mysore Health Industries,,"234, Shed Near Bus Stop, Bommanahalli, Bangalore Urban, KA - 560068",Bommanahalli,Bengaluru Urban,BLRU,560064,Ward-175,South,Pharmacy / Medical Retail,Retail,4772,Green,,GSTIN_03941D2CB49CD7A4,UDYAM_1AD536C50C701BCA,9002352080,,2018-12-19,2025-12-27,ACTIVE,12,,2026-03-04,pan_hash;email;pin_drift
GST-KA-TUM-2019-000238,GST,GST Taxpayer Registry,ENT-00298,M/S Aditya Wors,ADITYA WORKS,Managing Partner,"211, A 1st Cross, Antharasanahalli Indl Area, Tumakuru, KA - 572106",Antharasanahalli Industrial Area,Tumakuru,TUM,572106,Ward-T12,Tumakuru,Restaurant / Cafe,Service,5610,Green,,,,9002359999,,2019-08-31,2022-12-28,CLOSED,,,2025-12-04,pan_hash;gstin_hash;email
KAR-SHOP-TUM-2020-000202,SHOP,Karnataka Shops and Commercial Establishments,ENT-00298,Aditya Works,Aditya Works,Director Masked,"No. 211, A 1st Crs, Antharasanahalli Industrial Area, Tumakuru, K'taka - 572106",Antharasanahalli Industrial Area,Tumakuru,TUM,572106,Ward-T12,Tumakuru,Restaurant / Cafe,Service,5610,Green,,,,9002359999,,2020-05-22,2025-05-17,CLOSED,36,10-25,2026-04-25,pan_hash;gstin_hash;email
KFBIS-FAC-BLRU-2016-000131,FACTORY,"Factories, Boilers, Industrial Safety and Health",ENT-00299,M/S Srinidhi Press Works,Srinidhi Press Works,Owner A,"#262, Industrial Layout, Jayanagar, Bangalore Urban, Karnataka - 560078",Jayanagar,Bengaluru Urban,BLRU,560078,Ward-168,South,Printing / Packaging,Manufacturing,1811,Orange,,GSTIN_7FC3774240BCFAB7,,9002367918,contact0299@examplebiz.in,2016-03-09,2021-05-05,CLOSED,12,,2026-02-19,pan_hash
GST-KA-BLRU-2020-000239,GST,GST Taxpayer Registry,ENT-00299,Srinidhi Press Works,Srinidhi Press Works,,"#262, Industrial Layout, Jayanagar, Bengaluru Urban, Karnataka - 560078",Jayanagar,Bengaluru Urban,BLRU,560078,Ward-168,South,Printing / Packaging,Manufacturing,1811,Orange,PAN_0695D41947A6DA78,GSTIN_7FC3774240BCFAB7,,,contact0299@examplebiz.in,2020-02-04,2020-07-01,CLOSED,,50-100,2026-01-05,phone
PCB/BLRU/CTE/2015/00133,KSPCB,Karnataka State Pollution Control Board,ENT-00299,Srinidhi Press Works,M/S Srinidhi Press Works,,"262, Industrial Layout, Jayanagar, B'luru Urban, K'taka - 560078",Jayanagar,Bengaluru Urban,BLRU,560078,Ward-168,South,Printing / Packaging,Manufacturing,1811,Orange,,,,9002367918,,2015-08-03,2017-05-23,CLOSED,12,50-100,2025-12-27,pan_hash;gstin_hash;email
KAR-SHOP-BLRU-2015-000203,SHOP,Karnataka Shops and Commercial Establishments,ENT-00299,Srinidhi Press Works,Srinidhi Press Works,,"No 262, Industrial Layout, Jayanagar, Bangalore Urban, KA - 560078",Jayanagar,Bengaluru Urban,BLRU,560078,Ward-168,South,Printing / Packaging,Manufacturing,1811,Orange,PAN_0695D41947A6DA78,,,9002367918,,2015-08-07,2023-10-12,DORMANT,,,2026-02-14,gstin_hash;email
KFBIS-FAC-BLRU-2021-000132,FACTORY,"Factories, Boilers, Industrial Safety and Health",ENT-00300,M/S Varun Systems Solutions,,,"#165, D Near Bus Stop, Electronic City, Bangalore Urban, Karnataka - 560100",Electronic City,Bengaluru Urban,BLRU,560100,Ward-192,Bommanahalli,Electronics Assembly,Manufacturing,2610,Orange,,,,9002375837,,2021-04-15,2021-12-28,CLOSED,,500+,2025-11-05,pan_hash;gstin_hash;email
GST-KA-BLRU-2025-000240,GST,GST Taxpayer Registry,ENT-00300,Varun Systems Solutions,M/S Varun Systems Solutions,,"No. 165, D Near Bus Stop, Electronic City, Bangalore Urban, KA - 560100",Electronic City,Bengaluru Urban,BLRU,560100,Ward-192,Bommanahalli,Electronics Assembly,Manufacturing,2610,Orange,,,,9002375837,,2025-07-14,2025-09-03,ACTIVE,2,500+,2026-01-31,pan_hash;gstin_hash;email
PCB/BLRU/CTO/2017/00134,KSPCB,Karnataka State Pollution Control Board,ENT-00300,Varun Systems Solutions,Varun Systems Solutions,Partner 1,"No 165, D Near Bus Stop, Electronic City, Bengaluru Urban, K'taka",Electronic City,Bengaluru Urban,BLRU,560100,Ward-192,Bommanahalli,Electronics Assembly,Manufacturing,2610,Orange,,,UDYAM_13561B92E2E26B1D,,,2017-01-12,2025-10-09,ACTIVE,2,,2026-02-06,pan_hash;gstin_hash;phone;email
KAR-SHOP-BLRU-2016-000204,SHOP,Karnataka Shops and Commercial Establishments,ENT-00300,Varun Systems Solutions,Varun Systems Solutions,Managing Partner,"No 165, D Near Bus Stop, Electronic City, Bengaluru Urban, KA - 560100",Electronic City,Bengaluru Urban,BLRU,560100,Ward-192,Bommanahalli,Electronics Assembly,Manufacturing,2610,Orange,,,,9002375837,,2016-05-16,2024-02-22,DORMANT,2,500+,2025-12-21,pan_hash;gstin_hash;email
UDYAM-KR-BLRU-2017-000151,UDYAM,Udyam / MSME Registry,ENT-00300,Varun Systems Solutions,,,"No 165, D Near Bus Stop, Electronic City, Bangalore Urban, KA - 560100",Electronic City,Bengaluru Urban,BLRU,560100,Ward-192,Bommanahalli,Electronics Assembly,Manufacturing,2610,Orange,,,UDYAM_13561B92E2E26B1D,9002375837,,2017-12-06,2023-09-06,DORMANT,2,500+,2026-03-29,pan_hash;gstin_hash;email
BBMP-TL-YELA-2022-000123,BBMP,BBMP Trade Licence,ENT-00301,Vijaya Fashions Pvt Ltd,Vijaya Fashions,Owner A,"No. 216, C Mn Rd, Yelahanka, Bengaluru Urban, K'taka - 560064",Yelahanka,Bengaluru Urban,BLRU,560064,Ward-004,Yelahanka,Textile / Garments,Manufacturing,1410,Green,,,,,,2022-02-18,2024-01-08,DORMANT,,,2026-04-26,pan_hash;gstin_hash;phone;email
GST-KA-BLRU-2021-000241,GST,GST Taxpayer Registry,ENT-00301,Vijaya Fashions Pvt Ltd,Vijaya Fashios,Owner A,"No 216, C Main Road, Yelahanka, Bengaluru Urban, K'taka - 560064",Yelahanka,Bengaluru Urban,BLRU,560064,Ward-004,Yelahanka,Textile / Garments,Manufacturing,1410,Green,PAN_0C5D219EF79CC50A,GSTIN_F0D344EE6AD05725,,,,2021-11-17,2023-07-22,DORMANT,10,10-25,2026-01-21,phone;email
LAB-KA-BLRU-2022-000146,LABOUR,Labour Department,ENT-00301,Vijaya Fashions Pvt Ltd,Vijaya Fshions,Owner B,"No 216, C Mn Rd, Yelahanka, Bangalore Urban, K'taka - 560064",Yelahanka,Bengaluru Urban,BLRU,560064,Ward-004,Yelahanka,Textile / Garments,Manufacturing,1410,Green,,,,,,2022-10-21,2024-10-24,CLOSED,,,2026-03-03,pan_hash;gstin_hash;phone;email
KAR-SHOP-BLRU-2020-000205,SHOP,Karnataka Shops and Commercial Establishments,ENT-00301,Vijaya Fashions Pvt Ltd,Vijaya Fashions,Director Masked,"No 216, C Main Rd, Yelahanka, Bangalore Urban, KA - 560064",Yelahanka,Bengaluru Urban,BLRU,560064,Ward-004,Yelahanka,Textile / Garments,Manufacturing,1410,Green,PAN_0C5D219EF79CC50A,,,,,2020-12-20,2021-05-01,CLOSED,,,2026-03-29,gstin_hash;phone;email
GST-KA-BLRU-2016-000242,GST,GST Taxpayer Registry,ENT-00302,M/S Kaveri Wear Works,Kaveri Wear Works,,"No. 12, A Sector, Rajajinagar Industrial Suburb, Bengaluru Urban, KA - 560059",Rajajinagar Industrial Suburb,Bengaluru Urban,BLRU,560059,Ward-067,West,Textile / Garments,Manufacturing,1410,Green,PAN_A130EDFFBA2977DA,GSTIN_9C5C1B045D4754EC,,,,2016-06-26,2019-07-26,CLOSED,25,,2025-11-21,phone;email
PCB/BLRU/CTO/2020/00135,KSPCB,Karnataka State Pollution Control Board,ENT-00302,Kaveri Wear Works,Kaveri Wer Works,Owner B,"No 12, A Sector, Rajajinagar Industrial Suburb, Bengaluru Urban, K'taka - 560059",Rajajinagar Industrial Suburb,Bengaluru Urban,BLRU,560059,Ward-067,West,Textile / Garments,Manufacturing,1410,Green,,,,,contact0302@examplebiz.in,2020-05-11,2026-04-28,ACTIVE,25,0-10,2026-04-13,pan_hash;gstin_hash;phone
LAB-KA-BLRU-2019-000147,LABOUR,Labour Department,ENT-00302,M/S Kaveri Wear Works,Kavri Wear Works,Director Masked,"No. 12, A Sector, Rajajinagar Industrial Suburb, Bangalore Urban, Karnataka - 560059",Rajajinagar Industrial Suburb,Bengaluru Urban,BLRU,560059,Ward-067,West,Textile / Garments,Manufacturing,1410,Green,PAN_A130EDFFBA2977DA,,,,,2019-04-19,2022-11-17,CLOSED,,0-10,2025-11-17,gstin_hash;phone;email
UDYAM-KR-BLRU-2022-000152,UDYAM,Udyam / MSME Registry,ENT-00302,Kaveri Wear Works,Kaveri Wear Works,Managing Partner,"#12, A Sector, Rajajinagar Industrial Suburb, Bengaluru Urban, KA - 560059",Rajajinagar Industrial Suburb,Bengaluru Urban,BLRU,560059,Ward-067,West,Textile / Garments,Manufacturing,1410,Green,PAN_A130EDFFBA2977DA,,,9002391675,contact0302@examplebiz.in,2022-08-15,2024-06-01,DORMANT,25,,2025-11-28,gstin_hash
LAB-KA-MYS-2022-000148,LABOUR,Labour Department,ENT-00303,M/S Prakruthi Stores LLP,M/S Prakruthi Stores,,"#202, Plot 2nd Main, Hebbal Indl Area, Mysuru, KA - 570016",Hebbal Industrial Area,Mysuru,MYS,570016,Ward-M21,North,Logistics / Warehouse,Service,5210,Green,,GSTIN_AF6DD81B25849C26,,,,2022-08-24,2024-10-13,DORMANT,12,50-100,2026-04-30,pan_hash;phone;email
UDYAM-KR-MYS-2022-000153,UDYAM,Udyam / MSME Registry,ENT-00303,Prakruthi Stores LLP,PRAKRUTHI STORES,Managing Partner,"#202, Plot 2nd Main, Hebbal Indl Area, Mysuru, K'taka - 570016",Hebbal Industrial Area,Mysuru,MYS,570016,Ward-M21,North,Logistics / Warehouse,Service,5210,Green,PAN_5E69DCA2AC8BFFAE,,,,,2022-05-15,2023-05-24,DORMANT,12,,2026-04-06,gstin_hash;phone;email
BBMP-TL-SOUT-2019-000124,BBMP,BBMP Trade Licence,ENT-00304,Naveen Kitchen Pvt Ltd,,,"#268, D Industrial Layout, Jayanagar, Bangalore Urban, KA - 560078",Jayanagar,Bengaluru Urban,BLRU,560078,Ward-168,South,Restaurant / Cafe,Service,5610,Green,,,,,,2019-11-08,2025-01-20,DORMANT,2,0-10,2025-11-30,pan_hash;gstin_hash;phone;email
KAR-SHOP-BLRU-2025-000206,SHOP,Karnataka Shops and Commercial Establishments,ENT-00304,Naveen Kitchen Pvt Ltd,Naveen Kitchen,Partner 1,"#268, D Industrial Layout, Jayanagar, B'luru Urban, Karnataka",Jayanagar,Bengaluru Urban,BLRU,560078,Ward-168,South,Restaurant / Cafe,Service,5610,Green,,,,,,2025-01-04,2026-02-28,ACTIVE,2,0-10,2025-12-24,pan_hash;gstin_hash;phone;email
BBMP-TL-YELA-2015-000125,BBMP,BBMP Trade Licence,ENT-00305,Omkar Health Entp,Omkar Health Enterprises,Owner A,"149, D Service Road, Yelahanka, B'luru Urban, Karnataka - 560064",Yelahanka,Bengaluru Urban,BLRU,560064,Ward-004,Yelahanka,Pharmacy / Medical Retail,Retail,4772,Green,,,,9002415432,,2015-12-01,2020-02-07,CLOSED,52,,2026-03-13,pan_hash;gstin_hash;email
GST-KA-BLRU-2024-000243,GST,GST Taxpayer Registry,ENT-00305,M/S Omkar Healt Entp,OMKAR HEALTH ENTERPRISES,,"#149, D Service Road, Yelahanka, Bengaluru Urban, KA - 560064",Yelahanka,Bengaluru Urban,BLRU,560064,Ward-004,Yelahanka,Pharmacy / Medical Retail,Retail,4772,Green,PAN_4A10532E4A0D9594,,,9002415432,,2024-01-16,2024-04-17,DORMANT,52,,2025-11-28,gstin_hash;email
KAR-SHOP-BLRU-2021-000207,SHOP,Karnataka Shops and Commercial Establishments,ENT-00305,M/S Omkar Health Enterprises,Omkar Health Enterprises,Owner A,"No 149, D Service Road, Yelahanka, B'luru Urban, Karnataka - 560064",Yelahanka,Bengaluru Urban,BLRU,560064,Ward-004,Yelahanka,Pharmacy / Medical Retail,Retail,4772,Green,PAN_4A10532E4A0D9594,,UDYAM_1EC1CAF1813016C9,9002415432,,2021-10-09,2023-03-16,CLOSED,,100-500,2026-03-08,gstin_hash;email
UDYAM-KR-BLRU-2017-000154,UDYAM,Udyam / MSME Registry,ENT-00305,Omkar Health Enterprises,,Managing Partner,"#149, D Service Road, Yelahanka, Bangalore Urban, Karnataka - 560064",Yelahanka,Bengaluru Urban,BLRU,560064,Ward-004,Yelahanka,Pharmacy / Medical Retail,Retail,4772,Green,PAN_4A10532E4A0D9594,,UDYAM_1EC1CAF1813016C9,9002415432,,2017-04-18,2020-02-06,CLOSED,,,2025-11-11,gstin_hash;email
KFBIS-FAC-BLRU-2020-000133,FACTORY,"Factories, Boilers, Industrial Safety and Health",ENT-00306,Nandi Moulding Company,Nandi Moulding Company,Owner A,"#170, B Near Bus Stop, MG Road, Bangalore Urban, K'taka - 560001",MG Road,Bengaluru Urban,BLRU,560001,Ward-111,East,Plastic Moulding,Manufacturing,2220,Red,,GSTIN_4921394781DD0620,,,,2020-03-31,2024-11-25,DORMANT,36,100-500,2026-01-24,pan_hash;phone;email
GST-KA-BLRU-2021-000244,GST,GST Taxpayer Registry,ENT-00306,Nandi Moulding Company,Nandi Moulding Compny,Partner 1,"170, B Near Bus Stop, MG Road, Bangalore Urban, Karnataka - 560001",MG Road,Bengaluru Urban,BLRU,560001,Ward-111,East,Plastic Moulding,Manufacturing,2220,Red,PAN_B9DDF2E289A879D8,GSTIN_4921394781DD0620,,,,2021-01-25,2023-03-29,CLOSED,36,100-500,2025-12-14,phone;email
PCB/BLRU/CTO/2021/00136,KSPCB,Karnataka State Pollution Control Board,ENT-00306,Nandi Moulding Company,Nandi Mouldig Company,Owner A,"No. 170, B Near Bus Stop, MG Road, Bengaluru Urban, K'taka - 560001",MG Road,Bengaluru Urban,BLRU,560001,Ward-111,East,Plastic Moulding,Manufacturing,2220,Red,,,,,,2021-08-05,2023-08-18,DORMANT,36,100-500,2026-03-13,pan_hash;gstin_hash;phone;email
LAB-KA-BLRU-2019-000149,LABOUR,Labour Department,ENT-00306,Nandi MouldingCo,M/S Nandi Moulding Company,Owner B,"No. 170, B Near Bus Stop, MG Road, Bangalore Urban, Karnataka - 560001",MG Road,Bengaluru Urban,BLRU,560001,Ward-111,East,Plastic Moulding,Manufacturing,2220,Red,,GSTIN_4921394781DD0620,,,,2019-09-04,2023-06-18,DORMANT,36,,2026-01-27,pan_hash;phone;email
UDYAM-KR-BLRU-2023-000155,UDYAM,Udyam / MSME Registry,ENT-00306,Nandi Moulding Company,,Director Masked,"No 170, B Near Bus Stop, MG Road, Bengaluru Urban, KA - 560001",MG Road,Bengaluru Urban,BLRU,560085,Ward-111,East,Plastic Moulding,Manufacturing,2220,Red,PAN_B9DDF2E289A879D8,,,,,2023-06-05,2023-08-24,DORMANT,36,,2026-04-08,gstin_hash;phone;email;pin_drift
GST-KA-BLRU-2025-000245,GST,GST Taxpayer Registry,ENT-00307,M/S Udupi Cafe Pvt Ltd,UDUPI CAFE,Owner B,"#172, B Sector, HSR Layout, B'luru Urban, KA - 560102",HSR Layout,Bengaluru Urban,BLRU,560102,Ward-174,Bommanahalli,Restaurant / Cafe,Service,5610,Green,PAN_2E782F96A8964532,GSTIN_72EF44158266CEBF,,9002431270,,2025-04-01,2025-10-09,ACTIVE,,100-500,2025-11-30,email
PCB/BLRU/CTE/2019/00137,KSPCB,Karnataka State Pollution Control Board,ENT-00307,Udupi Cafe Pvt Ltd,M/S Udupi Cafe,Owner A,"172, B Sector, HSR Layout, B'luru Urban, Karnataka - 560102",HSR Layout,Bengaluru Urban,BLRU,560085,Ward-174,Bommanahalli,Restaurant / Cafe,Service,5610,Green,PAN_2E782F96A8964532,GSTIN_72EF44158266CEBF,,,,2019-04-14,2021-10-20,CLOSED,3,,2026-03-26,phone;email;pin_drift
LAB-KA-BLRU-2020-000150,LABOUR,Labour Department,ENT-00307,Udupi Cafe Pvt Ltd,Udupi Cafe,Owner A,"#172, B Sector, HSR Layout, Bengaluru Urban, KA - 560102",HSR Layout,Bengaluru Urban,BLRU,560102,Ward-174,Bommanahalli,Restaurant / Cafe,Service,5610,Green,PAN_2E782F96A8964532,GSTIN_72EF44158266CEBF,,9002431270,,2020-08-06,2025-09-14,ACTIVE,3,100-500,2025-12-16,email
KAR-SHOP-BLRU-2025-000208,SHOP,Karnataka Shops and Commercial Establishments,ENT-00307,M/S Udupi Cafe Pvt Ltd,Udupi Cafe,Partner 1,"No. 172, B Sector, HSR Layout, B'luru Urban, Karnataka - 560102",HSR Layout,Bengaluru Urban,BLRU,560102,Ward-174,Bommanahalli,Restaurant / Cafe,Service,5610,Green,PAN_2E782F96A8964532,,,,,2025-02-04,2026-04-14,ACTIVE,3,100-500,2026-04-05,gstin_hash;phone;email
UDYAM-KR-BLRU-2016-000156,UDYAM,Udyam / MSME Registry,ENT-00307,Udupi Cafe Pvt Ltd,Udupi Cafe,,"#172, B Sector, HSR Layout, B'luru Urban, Karnataka",HSR Layout,Bengaluru Urban,BLRU,560102,Ward-174,Bommanahalli,Restaurant / Cafe,Service,5610,Green,PAN_2E782F96A8964532,,,9002431270,,2016-05-08,2026-03-19,ACTIVE,,100-500,2026-01-17,gstin_hash;email
GST-KA-BLRU-2020-000246,GST,GST Taxpayer Registry,ENT-00308,Sree Mold Traders,Sree Mold Traders,,"No 17, 1st Crs, Peenya Industrial Estate, B'luru Urban, K'taka - 560058",Peenya Industrial Area,Bengaluru Urban,BLRU,560058,Ward-038,Dasarahalli,Plastic Moulding,Manufacturing,2220,Red,PAN_153B70075AA2AC57,,UDYAM_B221B6FE7D58102E,,contact0308@examplebiz.in,2020-08-03,2023-07-13,DORMANT,2,50-100,2026-01-16,gstin_hash;phone
KAR-SHOP-BLRU-2024-000209,SHOP,Karnataka Shops and Commercial Establishments,ENT-00308,M/S Sree Mold Traders,Sree Mold Traders,,"#17, 1st Cross, Peenya Industrial Area, Bengaluru Urban, KA - 560058",Peenya Industrial Area,Bengaluru Urban,BLRU,560001,Ward-038,Dasarahalli,Plastic Moulding,Manufacturing,2220,Red,,,,9002439189,,2024-08-04,2025-05-08,ACTIVE,2,50-100,2026-01-22,pan_hash;gstin_hash;email;pin_drift
KFBIS-FAC-MYS-2016-000134,FACTORY,"Factories, Boilers, Industrial Safety and Health",ENT-00309,Harsha Pvt. Ltd.,Harsha,Managing Partner,"#220, Extension, Hebbal Industrial Estate, Mysuru, K'taka - 570016",Hebbal Industrial Area,Mysuru,MYS,570016,Ward-M21,North,Chemical Blending,Manufacturing,2029,Red,,,UDYAM_6996CA02A3BC8B36,,,2016-10-09,2023-07-15,DORMANT,,,2025-11-16,pan_hash;gstin_hash;phone;email
GST-KA-MYS-2023-000247,GST,GST Taxpayer Registry,ENT-00309,HARSHA PVT LTD,HARSHA,Director Masked,"220, Extension, Hebbal Industrial Area, Mysuru, KA - 570016",Hebbal Industrial Area,Mysuru,MYS,570016,Ward-M21,North,Chemical Blending,Manufacturing,2029,Red,,,,,,2023-07-01,2025-12-06,ACTIVE,18,,2025-11-11,pan_hash;gstin_hash;phone;email
PCB/MYS/CTE/2017/00138,KSPCB,Karnataka State Pollution Control Board,ENT-00309,Harsha Pvt Ltd,Harsha,Owner B,"No. 220, Extension, Hebbal Industrial Area, Mysuru, KA",Hebbal Industrial Area,Mysuru,MYS,570016,Ward-M21,North,Chemical Blending,Manufacturing,2029,Red,,,,9002447108,,2017-02-06,2017-10-11,CLOSED,18,,2026-04-15,pan_hash;gstin_hash;email
KFBIS-FAC-TUM-2021-000135,FACTORY,"Factories, Boilers, Industrial Safety and Health",ENT-00310,M/S Sree Tech Associates,M/S Sree Tech Associates,,"No. 285, B Industrial Layout, Antharasanahalli Industrial Estate, Tumakuru, K'taka - 572106",Antharasanahalli Industrial Area,Tumakuru,TUM,572106,Ward-T12,Tumakuru,Electronics Assembly,Manufacturing,2610,Orange,PAN_D6C3B96359D24C06,,,,,2021-12-30,2026-04-05,ACTIVE,,,2026-04-28,gstin_hash;phone;email
GST-KA-TUM-2024-000248,GST,GST Taxpayer Registry,ENT-00310,Sree Tech Associates,Sree Tech Associates,Partner 1,"#285, B Industrial Layout, Antharasanahalli Industrial Area, Tumakuru, K'taka - 572106",Antharasanahalli Industrial Area,Tumakuru,TUM,572106,Ward-T12,Tumakuru,Electronics Assembly,Manufacturing,2610,Orange,PAN_D6C3B96359D24C06,GSTIN_1834EBFC01E359A0,,,,2024-03-19,2024-05-11,DORMANT,10,,2026-02-05,phone;email
PCB/TUM/CTO/2021/00139,KSPCB,Karnataka State Pollution Control Board,ENT-00310,M/S Sree Tech Associates,,Owner A,"No. 285, B Industrial Layout, Antharasanahalli Indl Area, Tumakuru, K'taka - 572106",Antharasanahalli Industrial Area,Tumakuru,TUM,572106,Ward-T12,Tumakuru,Electronics Assembly,Manufacturing,2610,Orange,,,,,,2021-12-15,2024-01-06,DORMANT,,,2026-04-07,pan_hash;gstin_hash;phone;email
LAB-KA-TUM-2021-000151,LABOUR,Labour Department,ENT-00310,Sree Tech Associates,,Owner A,"#285, B Industrial Layout, Antharasanahalli Indl Area, Tumakuru, K'taka - 572106",Antharasanahalli Industrial Area,Tumakuru,TUM,572106,Ward-T12,Tumakuru,Electronics Assembly,Manufacturing,2610,Orange,,,,,,2021-03-02,2021-12-06,CLOSED,10,,2025-11-06,pan_hash;gstin_hash;phone;email
BBMP-TL-MAHA-2018-000126,BBMP,BBMP Trade Licence,ENT-00311,Bangalore Industries LLP,,Managing Partner,"104, D Extension, Whitefield Main Road, B'luru Urban, Karnataka - 560066",Whitefield Main Road,Bengaluru Urban,BLRU,560066,Ward-083,Mahadevapura,Machine Tools,Manufacturing,2819,Orange,PAN_776AB1C211DDC571,GSTIN_707D68C23B8283C4,,9002462946,,2018-09-25,2021-11-05,CLOSED,36,10-25,2026-01-24,email
KFBIS-FAC-BLRU-2015-000136,FACTORY,"Factories, Boilers, Industrial Safety and Health",ENT-00311,Bangalore Industries LLP,Bangalore Inds,Owner A,"No. 104, D Extension, Whitefield Main Rd, Bangalore Urban, KA - 560066",Whitefield Main Road,Bengaluru Urban,BLRU,560066,Ward-083,Mahadevapura,Machine Tools,Manufacturing,2819,Orange,PAN_776AB1C211DDC571,,,,contact0311@examplebiz.in,2015-04-01,2025-11-07,ACTIVE,,10-25,2026-01-25,gstin_hash;phone
GST-KA-BLRU-2017-000249,GST,GST Taxpayer Registry,ENT-00311,BANGALORE INDUSTRIES LLP,BANGALORE INDS,,"No. 104, D Extension, Whitefield Mn Rd, B'luru Urban, K'taka - 560066",Whitefield Main Road,Bengaluru Urban,BLRU,560066,Ward-083,Mahadevapura,Machine Tools,Manufacturing,2819,Orange,PAN_776AB1C211DDC571,GSTIN_707D68C23B8283C4,,9002462946,,2017-12-16,2019-03-22,CLOSED,36,10-25,2026-03-31,email
PCB/BLRU/CTE/2023/00140,KSPCB,Karnataka State Pollution Control Board,ENT-00311,M/S Bangalore Industries LLP,Bangalore Industries,Partner 1,"#104, D Extension, Whitefield Mn Rd, Bengaluru Urban, Karnataka - 560066",Whitefield Main Road,Bengaluru Urban,BLRU,560066,Ward-083,Mahadevapura,Machine Tools,Manufacturing,2819,Orange,,,,9002462946,,2023-12-07,2024-05-03,DORMANT,36,,2026-03-13,pan_hash;gstin_hash;email
UDYAM-KR-BLRU-2018-000157,UDYAM,Udyam / MSME Registry,ENT-00311,Bangalore Inds LLP,Bangalore Industries,Director Masked,"No 104, D Extension, Whitefield Main Road, Bengaluru Urban, KA",Whitefield Main Road,Bengaluru Urban,BLRU,560066,Ward-083,Mahadevapura,Machine Tools,Manufacturing,2819,Orange,,GSTIN_707D68C23B8283C4,,,,2018-10-08,2024-05-04,DORMANT,36,,2026-01-24,pan_hash;phone;email
BBMP-TL-WEST-2017-000127,BBMP,BBMP Trade Licence,ENT-00312,Naveen Printers Solutions,Naveen Printers Solutions,Owner B,"No 69, Extension, Rajajinagar Industrial Suburb, Bengaluru Urban, KA - 560059",Rajajinagar Industrial Suburb,Bengaluru Urban,BLRU,560059,Ward-067,West,Printing / Packaging,Manufacturing,1811,Orange,,,,9002470865,,2017-01-19,2019-07-16,CLOSED,,25-50,2026-01-30,pan_hash;gstin_hash;email
PCB/BLRU/CTE/2017/00141,KSPCB,Karnataka State Pollution Control Board,ENT-00312,Naveen Printers Solutions,,,"No. 69, Extension, Rajajinagar Industrial Suburb, Bangalore Urban, KA - 560059",Rajajinagar Industrial Suburb,Bengaluru Urban,BLRU,560059,Ward-067,West,Printing / Packaging,Manufacturing,1811,Orange,,,,9002470865,,2017-07-15,2024-01-13,DORMANT,52,25-50,2026-04-30,pan_hash;gstin_hash;email
LAB-KA-BLRU-2023-000152,LABOUR,Labour Department,ENT-00312,Naveen Printers Solutions,Naveen rinters Solutions,Owner A,"69, Extension, Rajajinagar Industrial Suburb, Bengaluru Urban, K'taka - 560059",Rajajinagar Industrial Suburb,Bengaluru Urban,BLRU,560059,Ward-067,West,Printing / Packaging,Manufacturing,1811,Orange,,,,9002470865,,2023-02-23,2023-08-25,DORMANT,52,,2026-02-05,pan_hash;gstin_hash;email
KAR-SHOP-BLRU-2016-000210,SHOP,Karnataka Shops and Commercial Establishments,ENT-00312,Naveen Printers Solutions,Naveen Printers Solutions,Director Masked,"69, Extension, Rajajinagar Industrial Suburb, B'luru Urban, K'taka",Rajajinagar Industrial Suburb,Bengaluru Urban,BLRU,560059,Ward-067,West,Printing / Packaging,Manufacturing,1811,Orange,,,,9002470865,,2016-03-20,2017-02-07,CLOSED,52,25-50,2026-01-14,pan_hash;gstin_hash;email
BBMP-TL-SOUT-2024-000128,BBMP,BBMP Trade Licence,ENT-00313,M/S Nandi Foods Industries,M/S Nandi Foods Industries,Partner 1,"#60, C Sector, Nanjangud Road, Mysuru, Karnataka - 570018",Nanjangud Road,Mysuru,MYS,570018,Ward-M32,South,Food Processing,Manufacturing,1030,Orange,,,,9002478784,contact0313@examplebiz.in,2024-11-24,2025-04-24,DORMANT,12,100-500,2025-11-10,pan_hash;gstin_hash
KFBIS-FAC-MYS-2015-000137,FACTORY,"Factories, Boilers, Industrial Safety and Health",ENT-00313,Nandi Foods Inustries,,,"No. 60, C Sector, Nanjangud Road, Mysuru, K'taka - 570018",Nanjangud Road,Mysuru,MYS,570018,Ward-M32,South,Food Processing,Manufacturing,1030,Orange,,,,,contact0313@examplebiz.in,2015-06-08,2023-03-31,CLOSED,12,,2025-11-25,pan_hash;gstin_hash;phone
LAB-KA-BLRU-2025-000153,LABOUR,Labour Department,ENT-00314,Srinidhi Labels Company,Srinidhi Labels Company,Director Masked,"#72, C 2nd Main, Koramangala, Bangalore Urban, K'taka - 560034",Koramangala,Bengaluru Urban,BLRU,560034,Ward-151,South-East,Printing / Packaging,Manufacturing,1811,Orange,,,,,,2025-05-26,2026-01-17,ACTIVE,52,,2025-11-28,pan_hash;gstin_hash;phone;email
KAR-SHOP-BLRU-2023-000211,SHOP,Karnataka Shops and Commercial Establishments,ENT-00314,M/S Srinidhi Labels Company,M/S Srinidhi Labels Company,Owner A,"No. 72, C 2nd Main, Koramangala, B'luru Urban, Karnataka",Koramangala,Bengaluru Urban,BLRU,560034,Ward-151,South-East,Printing / Packaging,Manufacturing,1811,Orange,,,,,,2023-06-14,2025-11-04,ACTIVE,52,,2025-12-02,pan_hash;gstin_hash;phone;email
UDYAM-KR-BLRU-2019-000158,UDYAM,Udyam / MSME Registry,ENT-00314,M/S Srinidhi Labels Company,SRINIDHI LABELS CO,Director Masked,"#72, C 2nd Main, Koramangala, Bangalore Urban, Karnataka - 560034",Koramangala,Bengaluru Urban,BLRU,560034,Ward-151,South-East,Printing / Packaging,Manufacturing,1811,Orange,,,UDYAM_D0DAF0B98B0FF983,,,2019-04-22,2024-10-21,DORMANT,52,500+,2026-02-21,pan_hash;gstin_hash;phone;email
KFBIS-FAC-BLRU-2025-000138,FACTORY,"Factories, Boilers, Industrial Safety and Health",ENT-00315,Kaveri Coatings Solutions,,Director Masked,"No 257, A Main Rd, Yelahanka, Bangalore Urban, KA - 560064",Yelahanka,Bengaluru Urban,BLRU,560064,Ward-004,Yelahanka,Chemical Blending,Manufacturing,2029,Red,,,,9002494622,,2025-04-23,2026-01-17,ACTIVE,,,2026-01-27,pan_hash;gstin_hash;email
GST-KA-BLRU-2019-000250,GST,GST Taxpayer Registry,ENT-00315,Kaveri Coatings Solutions,Kaveri Coatings Solutions,,"257, A Mn Rd, Yelahanka, Bangalore Urban, KA - 560064",Yelahanka,Bengaluru Urban,BLRU,560064,Ward-004,Yelahanka,Chemical Blending,Manufacturing,2029,Red,PAN_C652EA3CE99C21E7,,,9002494622,,2019-08-03,2022-01-23,CLOSED,4,,2026-03-14,gstin_hash;email
PCB/BLRU/CTE/2020/00142,KSPCB,Karnataka State Pollution Control Board,ENT-00315,Kaveri Coatings Solutions,M/S Kaveri Coatings Solutions,Partner 1,"No. 257, A Main Rd, Yelahanka, Bangalore Urban, Karnataka - 560064",Yelahanka,Bengaluru Urban,BLRU,560064,Ward-004,Yelahanka,Chemical Blending,Manufacturing,2029,Red,PAN_C652EA3CE99C21E7,,,9002494622,,2020-01-08,2025-01-18,DORMANT,4,,2025-11-07,gstin_hash;email
LAB-KA-BLRU-2018-000154,LABOUR,Labour Department,ENT-00315,Kaveri Coatings Solutions,,Owner A,"No. 257, A Main Road, Yelahanka, Bengaluru Urban, KA - 560064",Yelahanka,Bengaluru Urban,BLRU,560064,Ward-004,Yelahanka,Chemical Blending,Manufacturing,2029,Red,,,,,,2018-04-25,2022-07-26,CLOSED,4,10-25,2026-04-18,pan_hash;gstin_hash;phone;email
UDYAM-KR-BLRU-2021-000159,UDYAM,Udyam / MSME Registry,ENT-00315,Kaveri Catings Solutions,Kaveri Coatings Solutions,Partner 1,"No 257, A Main Rd, Yelahanka, Bengaluru Urban, KA - 560064",Yelahanka,Bengaluru Urban,BLRU,560064,Ward-004,Yelahanka,Chemical Blending,Manufacturing,2029,Red,PAN_C652EA3CE99C21E7,,,,,2021-06-10,2024-08-22,DORMANT,,,2025-12-08,gstin_hash;phone;email
KFBIS-FAC-BLRU-2017-000139,FACTORY,"Factories, Boilers, Industrial Safety and Health",ENT-00316,Ganesh Coatings LLP,Ganesh Coatings,Director Masked,"159, Behind Metro, Koramangala, B'luru Urban, Karnataka - 560034",Koramangala,Bengaluru Urban,BLRU,560034,Ward-151,South-East,Chemical Blending,Manufacturing,2029,Red,,,,,,2017-11-26,2018-05-14,CLOSED,85,50-100,2025-11-26,pan_hash;gstin_hash;phone;email
PCB/BLRU/CTO/2023/00143,KSPCB,Karnataka State Pollution Control Board,ENT-00316,M/S Ganesh Coatings LLP,,Owner B,"No. 159, Behind Metro, Koramangala, B'luru Urban, KA - 560034",Koramangala,Bengaluru Urban,BLRU,560034,Ward-151,South-East,Chemical Blending,Manufacturing,2029,Red,,GSTIN_6F5F5BAF440289E8,,,contact0316@examplebiz.in,2023-06-01,2025-02-12,DORMANT,,,2025-11-27,pan_hash;phone
LAB-KA-BLRU-2023-000155,LABOUR,Labour Department,ENT-00316,Ganesh Coatings LLP,Ganesh Coatings,Owner A,"#159, Behind Metro, Koramangala, Bengaluru Urban, KA - 560034",Koramangala,Bengaluru Urban,BLRU,560034,Ward-151,South-East,Chemical Blending,Manufacturing,2029,Red,,,,,,2023-06-26,2026-02-21,ACTIVE,85,,2025-12-27,pan_hash;gstin_hash;phone;email
PCB/BLRU/CTO/2016/00144,KSPCB,Karnataka State Pollution Control Board,ENT-00317,Nisarga Labels Pvt Ltd,,Owner B,"#288, Plot Main Road, Whitefield, B'luru Urban, K'taka - 560037",Whitefield,Bengaluru Urban,BLRU,560037,Ward-085,Mahadevapura,Printing / Packaging,Manufacturing,1811,Orange,,,,,,2016-08-11,2024-08-03,DORMANT,10,500+,2026-02-02,pan_hash;gstin_hash;phone;email
LAB-KA-BLRU-2021-000156,LABOUR,Labour Department,ENT-00317,Nisarga Labels Pvt Ltd,,Managing Partner,"No. 288, Plot Main Road, Whitefield, Bengaluru Urban, KA - 560037",Whitefield,Bengaluru Urban,BLRU,560037,Ward-085,Mahadevapura,Printing / Packaging,Manufacturing,1811,Orange,,,,9002510460,contact0317@examplebiz.in,2021-09-22,2023-10-09,DORMANT,10,500+,2026-02-21,pan_hash;gstin_hash
KAR-SHOP-BLRU-2022-000212,SHOP,Karnataka Shops and Commercial Establishments,ENT-00317,Nisarga Labels Pvt. Ltd.,M/S Nisarga Labels,Owner A,"#288, Plot Mn Rd, Whitefield, B'luru Urban, KA - 560037",Whitefield,Bengaluru Urban,BLRU,560037,Ward-085,Mahadevapura,Printing / Packaging,Manufacturing,1811,Orange,,,,9002510460,,2022-05-18,2024-08-10,DORMANT,,500+,2026-04-04,pan_hash;gstin_hash;email
UDYAM-KR-BLRU-2020-000160,UDYAM,Udyam / MSME Registry,ENT-00317,M/S Nisarga Labels Pvt Ltd,Nisarga Labels,Owner B,"No. 288, Plot Main Rd, Whitefield, Bengaluru Urban, Karnataka - 560037",Whitefield,Bengaluru Urban,BLRU,560037,Ward-085,Mahadevapura,Printing / Packaging,Manufacturing,1811,Orange,,,UDYAM_BBCE0D85DF593C6D,9002510460,,2020-06-17,2022-12-12,CLOSED,10,,2026-01-18,pan_hash;gstin_hash;email
GST-KA-MYS-2024-000251,GST,GST Taxpayer Registry,ENT-00318,Lakshm LLP,M/S Lakshmi,Managing Partner,"No 177, C Service Road, Hebbal Indl Area, Mysuru, K'taka - 570016",Hebbal Industrial Area,Mysuru,MYS,570016,Ward-M21,North,Logistics / Warehouse,Service,5210,Green,PAN_92FF94FCE953FC3F,GSTIN_F7F9AE04985405E5,,,contact0318@examplebiz.in,2024-06-21,2025-11-09,ACTIVE,52,25-50,2026-01-31,phone
KAR-SHOP-MYS-2024-000213,SHOP,Karnataka Shops and Commercial Establishments,ENT-00318,Lakshmi LLP,Lakshmi,Managing Partner,"177, C Service Road, Hebbal Indl Area, Mysuru, Karnataka - 570016",Hebbal Industrial Area,Mysuru,MYS,570016,Ward-M21,North,Logistics / Warehouse,Service,5210,Green,PAN_92FF94FCE953FC3F,,,9002518379,,2024-03-21,2025-11-14,ACTIVE,52,25-50,2025-11-25,gstin_hash;email
UDYAM-KR-MYS-2018-000161,UDYAM,Udyam / MSME Registry,ENT-00318,Lakshmi LLP,,Owner A,"#177, C Service Road, Hebbal Industrial Estate, Mysuru, K'taka - 570016",Hebbal Industrial Area,Mysuru,MYS,570016,Ward-M21,North,Logistics / Warehouse,Service,5210,Green,PAN_92FF94FCE953FC3F,,,9002518379,contact0318@examplebiz.in,2018-08-11,2020-04-29,CLOSED,52,,2026-04-22,gstin_hash
BBMP-TL-SOUT-2018-000129,BBMP,BBMP Trade Licence,ENT-00319,Ganesh Medical Solutions,M/S Ganesh Medical Solutions,Owner A,"#213, Plot 1st Cr, Banashankari, Bengaluru Urban, K'taka - 560085",Banashankari,Bengaluru Urban,BLRU,560085,Ward-182,South,Pharmacy / Medical Retail,Retail,4772,Green,,,,,,2018-03-27,2022-10-09,CLOSED,180,10-25,2026-03-22,pan_hash;gstin_hash;phone;email
GST-KA-BLRU-2024-000252,GST,GST Taxpayer Registry,ENT-00319,Ganesh Medical Solutions,,Director Masked,"No 213, Plot 1st Cross, Banashankari, B'luru Urban, KA - 560085",Banashankari,Bengaluru Urban,BLRU,560085,Ward-182,South,Pharmacy / Medical Retail,Retail,4772,Green,PAN_1BA552F563543DB2,GSTIN_931C9DE43042105B,,,,2024-08-03,2024-09-02,DORMANT,180,,2025-11-07,phone;email
LAB-KA-BLRU-2024-000157,LABOUR,Labour Department,ENT-00319,M/S Ganesh Medical Solutions,Ganesh Medical Solutions,Owner B,"No 213, Plot 1st Cr, Banashankari, Bangalore Urban, KA - 560085",Banashankari,Bengaluru Urban,BLRU,560085,Ward-182,South,Pharmacy / Medical Retail,Retail,4772,Green,,,,,,2024-06-06,2026-02-25,ACTIVE,180,,2026-04-22,pan_hash;gstin_hash;phone;email
KAR-SHOP-BLRU-2017-000214,SHOP,Karnataka Shops and Commercial Establishments,ENT-00319,Ganesh Medical Solutions,Ganesh Medical Solutions,Owner B,"No. 213, Plot 1st Cross, Banashankari, Bangalore Urban, KA - 560085",Banashankari,Bengaluru Urban,BLRU,560085,Ward-182,South,Pharmacy / Medical Retail,Retail,4772,Green,PAN_1BA552F563543DB2,,,,,2017-09-04,2024-04-18,DORMANT,,,2026-04-29,gstin_hash;phone;email
UDYAM-KR-BLRU-2022-000162,UDYAM,Udyam / MSME Registry,ENT-00319,Ganesh Medical Solutions,Ganesh Medical Solutions,,"213, Plot 1st Cross, Banashankari, Bengaluru Urban, KA - 560085",Banashankari,Bengaluru Urban,BLRU,560085,Ward-182,South,Pharmacy / Medical Retail,Retail,4772,Green,PAN_1BA552F563543DB2,,UDYAM_BC66A53478DD6592,,,2022-10-20,2026-03-22,ACTIVE,180,,2026-03-24,gstin_hash;phone;email
KFBIS-FAC-BLRR-2017-000140,FACTORY,"Factories, Boilers, Industrial Safety and Health",ENT-00320,Navya Industrial Co,Navya Industrial Co,Managing Partner,"No 203, D Extension, Devanahalli, Bengaluru Rural, KA - 562110",Devanahalli,Bengaluru Rural,BLRR,562110,Ward-R01,Bengaluru Rural,Chemical Blending,Manufacturing,2029,Red,,,,,,2017-07-09,2022-09-30,CLOSED,,,2026-01-04,pan_hash;gstin_hash;phone;email
GST-KA-BLRR-2018-000253,GST,GST Taxpayer Registry,ENT-00320,Navya Industrial Co,,Owner A,"203, D Extension, Devanahalli, Bengaluru Rural, K'taka - 562110",Devanahalli,Bengaluru Rural,BLRR,562110,Ward-R01,Bengaluru Rural,Chemical Blending,Manufacturing,2029,Red,,,,,,2018-08-30,2022-05-16,CLOSED,180,,2026-03-19,pan_hash;gstin_hash;phone;email
PCB/BLRR/CTE/2017/00145,KSPCB,Karnataka State Pollution Control Board,ENT-00320,M/S Navya Industrial Co,,Owner B,"#203, D Extension, Devanahalli, Bangalore Rural, Karnataka - 562110",Devanahalli,Bengaluru Rural,BLRR,562110,Ward-R01,Bengaluru Rural,Chemical Blending,Manufacturing,2029,Red,,,UDYAM_D9024ED95FBDC7DD,,,2017-04-21,2025-10-26,ACTIVE,180,,2026-03-19,pan_hash;gstin_hash;phone;email
LAB-KA-BLRR-2025-000158,LABOUR,Labour Department,ENT-00320,Navya Industrial Co,M/S Navya Industrial Co,,"No. 203, D Extension, Devanahalli, B'luru Rural, Karnataka - 562110",Devanahalli,Bengaluru Rural,BLRR,562110,Ward-R01,Bengaluru Rural,Chemical Blending,Manufacturing,2029,Red,,,,,,2025-01-23,2025-12-25,ACTIVE,180,25-50,2026-03-18,pan_hash;gstin_hash;phone;email
KFBIS-FAC-BLRU-2018-000141,FACTORY,"Factories, Boilers, Industrial Safety and Health",ENT-00321,M/S Asha Packaging Enterprises,M/S Asha Packaging Enterprises,Partner 1,"No 150, A Sector, Whitefield Mn Rd, Bengaluru Urban, Karnataka - 560066",Whitefield Main Road,Bengaluru Urban,BLRU,560066,Ward-083,Mahadevapura,Printing / Packaging,Manufacturing,1811,Orange,PAN_14CB0D17B8284526,GSTIN_3143A7FEA3B2960E,,,,2018-01-31,2021-02-16,CLOSED,3,,2026-01-27,phone;email
GST-KA-BLRU-2025-000254,GST,GST Taxpayer Registry,ENT-00321,Asha Packaging Entp,Asha Packaging Enterprises,Partner 1,"150, A Sector, Whitefield Main Rd, Bengaluru Urban, KA - 560066",Whitefield Main Road,Bengaluru Urban,BLRU,560066,Ward-083,Mahadevapura,Printing / Packaging,Manufacturing,1811,Orange,PAN_14CB0D17B8284526,GSTIN_3143A7FEA3B2960E,,9002542136,,2025-04-15,2025-09-28,ACTIVE,,,2026-03-29,email
KAR-SHOP-BLRU-2016-000215,SHOP,Karnataka Shops and Commercial Establishments,ENT-00321,Asha Packaging Enterprises,M/S Asha Packaging Entp,Partner 1,"150, A Sector, Whitefield Main Road, Bengaluru Urban, Karnataka - 560066",Whitefield Main Road,Bengaluru Urban,BLRU,560066,Ward-083,Mahadevapura,Printing / Packaging,Manufacturing,1811,Orange,,GSTIN_3143A7FEA3B2960E,,9002542136,,2016-10-10,2018-05-25,CLOSED,,0-10,2026-02-21,pan_hash;email
KFBIS-FAC-MYS-2017-000142,FACTORY,"Factories, Boilers, Industrial Safety and Health",ENT-00322,Nisarga Circuits Enterprises,,Director Masked,"#239, C Extension, Nanjangud Road, Mysuru, Karnataka - 570018",Nanjangud Road,Mysuru,MYS,570018,Ward-M32,South,Electronics Assembly,Manufacturing,2610,Orange,,,,9002550055,,2017-05-11,2022-03-11,CLOSED,36,,2026-03-26,pan_hash;gstin_hash;email
GST-KA-MYS-2025-000255,GST,GST Taxpayer Registry,ENT-00322,M/S Nisarga Circuits Enterprises,,Partner 1,"239, C Extension, Nanjangud Road, Mysuru, KA - 570018",Nanjangud Road,Mysuru,MYS,570018,Ward-M32,South,Electronics Assembly,Manufacturing,2610,Orange,,,,,,2025-05-16,2025-07-21,ACTIVE,36,,2025-12-15,pan_hash;gstin_hash;phone;email
PCB/MYS/CTO/2022/00146,KSPCB,Karnataka State Pollution Control Board,ENT-00322,Nisarga Circuits Enterprises,Nisarga Circuits Enterprises,Owner B,"239, C Extension, Nanjangud Road, Mysuru, K'taka - 570018",Nanjangud Road,Mysuru,MYS,570018,Ward-M32,South,Electronics Assembly,Manufacturing,2610,Orange,,,UDYAM_31F235AFBC4BF314,9002550055,,2022-08-09,2023-02-16,CLOSED,36,25-50,2026-02-23,pan_hash;gstin_hash;email
KAR-SHOP-MYS-2018-000216,SHOP,Karnataka Shops and Commercial Establishments,ENT-00322,Nisarga Circuits Entp,Nisarga Circuits Entp,Owner B,"239, C Extension, Nanjangud Road, Mysuru, KA - 570018",Nanjangud Road,Mysuru,MYS,570018,Ward-M32,South,Electronics Assembly,Manufacturing,2610,Orange,,,,,,2018-05-08,2023-01-31,CLOSED,,,2026-01-25,pan_hash;gstin_hash;phone;email
UDYAM-KR-MYS-2024-000163,UDYAM,Udyam / MSME Registry,ENT-00322,M/S Nisarga Circuits Enterprises,,Owner A,"239, C Extension, Nanjangud Road, Mysuru, KA - 570018",Nanjangud Road,Mysuru,MYS,570018,Ward-M32,South,Electronics Assembly,Manufacturing,2610,Orange,,,UDYAM_31F235AFBC4BF314,,,2024-02-04,2024-12-02,DORMANT,,,2025-11-08,pan_hash;gstin_hash;phone;email
BBMP-TL-BOMM-2020-000130,BBMP,BBMP Trade Licence,ENT-00323,Sree Enterprises,M/S Sree Entp,Owner B,"No. 132, B Service Road, Electronic City, Bengaluru Urban, Karnataka - 560100",Electronic City,Bengaluru Urban,BLRU,560100,Ward-192,Bommanahalli,Chemical Blending,Manufacturing,2029,Red,,,,9002557974,contact0323@examplebiz.in,2020-02-20,2024-03-11,DORMANT,,10-25,2026-02-07,pan_hash;gstin_hash
KFBIS-FAC-BLRU-2024-000143,FACTORY,"Factories, Boilers, Industrial Safety and Health",ENT-00323,Sree Enterprises,Sree Enterprises,Owner A,"No. 132, B Service Road, Electronic City, Bengaluru Urban, K'taka - 560100",Electronic City,Bengaluru Urban,BLRU,560100,Ward-192,Bommanahalli,Chemical Blending,Manufacturing,2029,Red,,,,9002557974,,2024-08-11,2026-04-04,ACTIVE,8,,2026-02-15,pan_hash;gstin_hash;email
GST-KA-BLRU-2023-000256,GST,GST Taxpayer Registry,ENT-00323,SREE ENTERPRISES,SreeEnterprises,Owner A,"132, B Service Road, Electronic City, Bangalore Urban, Karnataka",Electronic City,Bengaluru Urban,BLRU,560100,Ward-192,Bommanahalli,Chemical Blending,Manufacturing,2029,Red,,,,,,2023-04-06,2026-02-19,ACTIVE,8,,2026-01-28,pan_hash;gstin_hash;phone;email
PCB/BLRU/CTE/2023/00147,KSPCB,Karnataka State Pollution Control Board,ENT-00323,Sree Enterprises,Sree Enterprises,Owner A,"#132, B Service Road, Electronic City, Bangalore Urban, KA - 560100",Electronic City,Bengaluru Urban,BLRU,560100,Ward-192,Bommanahalli,Chemical Blending,Manufacturing,2029,Red,,,,9002557974,contact0323@examplebiz.in,2023-12-05,2025-06-17,ACTIVE,8,10-25,2026-01-24,pan_hash;gstin_hash
LAB-KA-BLRU-2018-000159,LABOUR,Labour Department,ENT-00323,Sree Enterprises,M/S Sree Enterprises,Owner A,"No 132, B Service Road, Electronic City, Bangalore Urban, Karnataka - 560100",Electronic City,Bengaluru Urban,BLRU,560100,Ward-192,Bommanahalli,Chemical Blending,Manufacturing,2029,Red,,,,,,2018-01-19,2019-08-16,CLOSED,8,10-25,2025-11-29,pan_hash;gstin_hash;phone;email
KFBIS-FAC-BLRU-2023-000144,FACTORY,"Factories, Boilers, Industrial Safety and Health",ENT-00324,M/S Varun Industries,,Owner A,"No. 206, C Industrial Layout, Jayanagar, Bengaluru Urban, K'taka - 560078",Jayanagar,Bengaluru Urban,BLRU,560078,Ward-168,South,Food Processing,Manufacturing,1030,Orange,,,,,,2023-02-24,2025-06-12,ACTIVE,12,100-500,2026-04-20,pan_hash;gstin_hash;phone;email
GST-KA-BLRU-2024-000257,GST,GST Taxpayer Registry,ENT-00324,Varun Inds,Varun Industries,Director Masked,"No. 206, C Industrial Layout, Jayanagar, B'luru Urban, KA - 560078",Jayanagar,Bengaluru Urban,BLRU,560078,Ward-168,South,Food Processing,Manufacturing,1030,Orange,,,,9002565893,,2024-03-22,2025-06-25,ACTIVE,,,2026-02-03,pan_hash;gstin_hash;email
PCB/BLRU/CTE/2021/00148,KSPCB,Karnataka State Pollution Control Board,ENT-00324,Varun Industries,,Owner B,"No 206, C Industrial Layout, Jayanagar, B'luru Urban, KA - 560078",Jayanagar,Bengaluru Urban,BLRU,560078,Ward-168,South,Food Processing,Manufacturing,1030,Orange,,,,9002565893,,2021-02-16,2024-06-09,DORMANT,12,,2026-03-24,pan_hash;gstin_hash;email
KAR-SHOP-BLRU-2021-000217,SHOP,Karnataka Shops and Commercial Establishments,ENT-00324,Varun Industries,M/S Varun Inds,Owner A,"No. 206, C Industrial Layout, Jayanagar, Bengaluru Urban, KA - 560078",Jayanagar,Bengaluru Urban,BLRU,560078,Ward-168,South,Food Processing,Manufacturing,1030,Orange,,,,9002565893,,2021-02-28,2026-04-02,ACTIVE,12,,2026-02-18,pan_hash;gstin_hash;email
BBMP-TL-BOMM-2017-000131,BBMP,BBMP Trade Licence,ENT-00325,Naveen Medical Solutions,,Owner B,"#158, Extension, HSR Layout, Bengaluru Urban, KA - 560102",HSR Layout,Bengaluru Urban,BLRU,560102,Ward-174,Bommanahalli,Pharmacy / Medical Retail,Retail,4772,Green,,,,9002573812,,2017-06-24,2023-04-29,CLOSED,52,,2026-02-03,pan_hash;gstin_hash;email
GST-KA-BLRU-2019-000258,GST,GST Taxpayer Registry,ENT-00325,Naveen Medical Solutions,,Owner B,"No. 158, Extension, HSR Layout, Bengaluru Urban, K'taka - 560102",HSR Layout,Bengaluru Urban,BLRU,560102,Ward-174,Bommanahalli,Pharmacy / Medical Retail,Retail,4772,Green,,,,9002573812,,2019-07-17,2020-02-28,CLOSED,52,,2026-03-22,pan_hash;gstin_hash;email
LAB-KA-BLRU-2018-000160,LABOUR,Labour Department,ENT-00325,M/S Naveen Medical Solutions,Navee Medical Solutions,Owner A,"No 158, Extension, HSR Layout, B'luru Urban, KA - 560102",HSR Layout,Bengaluru Urban,BLRU,560102,Ward-174,Bommanahalli,Pharmacy / Medical Retail,Retail,4772,Green,,,,9002573812,,2018-08-16,2019-07-10,CLOSED,52,,2025-12-04,pan_hash;gstin_hash;email
KAR-SHOP-BLRU-2023-000218,SHOP,Karnataka Shops and Commercial Establishments,ENT-00325,Naveen Medical Solutions,Naveen Medical Solutions,Director Masked,"158, Extension, HSR Layout, Bengaluru Urban, K'taka - 560102",HSR Layout,Bengaluru Urban,BLRU,560102,Ward-174,Bommanahalli,Pharmacy / Medical Retail,Retail,4772,Green,,,,,contact0325@examplebiz.in,2023-04-05,2025-09-09,ACTIVE,,25-50,2026-04-26,pan_hash;gstin_hash;phone
UDYAM-KR-BLRU-2017-000164,UDYAM,Udyam / MSME Registry,ENT-00325,Naveen Medical Solutions,NAVEEN MEDIAL SOLUTIONS,Partner 1,"158, Extension, HSR Layout, B'luru Urban, Karnataka - 560102",HSR Layout,Bengaluru Urban,BLRU,560102,Ward-174,Bommanahalli,Pharmacy / Medical Retail,Retail,4772,Green,,,,9002573812,,2017-09-03,2025-11-08,ACTIVE,52,,2026-03-28,pan_hash;gstin_hash;email
